m,sample_idx,m_norm,db_at_event,local_mean_db,local_std_db,pre_mean_db,post_mean_db,loss_dB,peak_above_bg_dB,pre_slope_dB_per_km,post_slope_dB_per_km,slope_change_dB_per_km,derivative_at_event_dB_per_km,max_pre_derivative,min_post_derivative,pre_std_db,post_std_db,post_to_pre_std_ratio,peak_width_m,local_range_db,file,source,event_no_in_file,gt_m,label
52.008,162,0.260382,-16.017,-15.8958,0.6916,-14.7227,-16.7169,1.9942,1.3185,-211.7335,-99.1636,112.5698,-597.1803,-597.1803,-1225.4603,0.3668,0.2481,0.6764,0.0,2.206,class2_2026_04_27_15_49_00.csv,manual_annotation,0,52.01,bend
127.628,399,0.63898,-8.019,-10.8967,2.8616,-16.0361,-18.7596,2.7235,8.738,1129.9158,-4714.0064,-5843.9222,584.6395,9514.1066,-2719.4357,2.2706,11.6517,5.1315,2.871,8.864,class2_2026_04_27_15_49_00.csv,manual_annotation,1,127.63,connector
131.457,411,0.65815,-18.552,-21.185,10.3823,-12.9442,-34.1072,21.163,3.8055,-1398.8124,-2781.1698,-1382.3573,-2746.0831,-2416.8922,-49134.7994,3.1828,14.1839,4.4565,0.0,35.712,class2_2026_04_27_15_49_00.csv,manual_annotation,2,131.46,break
162.725,509,0.814696,-49.9,-40.4566,13.3754,-34.9221,-38.8671,3.9449,29.975,-1388.5053,-1793.5921,-405.0867,-0.0,4887.1473,-44136.3683,13.4984,13.8775,1.0281,0.0,29.975,class2_2026_04_27_15_49_00.csv,hard_negative,0,,background
174.531,546,0.873804,-26.577,-29.1684,11.3209,-34.7833,-34.1756,-0.6077,6.4,2704.3802,-2291.0133,-4995.3936,37482.7618,37482.7618,-36556.4295,13.5665,12.8787,0.9493,0.0,30.351,class2_2026_04_27_15_49_00.csv,hard_negative,1,,background
154.111,482,0.77157,-49.9,-34.3212,13.9485,-34.3699,-31.6652,-2.7047,2.8085,-307.5562,-3030.014,-2722.4578,41619.8932,41619.8932,-44697.4969,13.9535,13.0105,0.9324,0.0,28.766,class2_2026_04_27_15_49_00.csv,hard_negative,2,,background
158.577,496,0.793929,-49.9,-32.1451,12.7256,-34.2929,-36.1612,1.8683,5.7525,263.5492,-3388.6849,-3652.234,34474.0935,41727.2759,-46663.0125,13.9866,13.8693,0.9916,0.0,29.771,class2_2026_04_27_15_49_00.csv,hard_negative,3,,background
35.736,111,0.178915,-14.427,-14.5879,0.1563,-14.5832,-14.5301,-0.0531,0.1935,-34.9396,-27.3651,7.5745,-59.5611,488.3633,-462.3824,0.1379,0.1487,1.0782,0.638,0.524,class2_2026_04_27_15_49_00.csv,stable_background,4,,background
182.827,572,0.915339,-49.9,-31.0423,13.4265,-34.6856,-34.573,-0.1126,5.953,2382.4092,-765.7463,-3148.1555,8920.0627,46598.1078,-43180.2539,13.6778,13.8553,1.013,0.0,30.162,class2_2026_04_27_15_49_00.csv,stable_background,5,,background
70.833,221,0.354631,-15.46,-15.4249,0.6814,-14.6638,-16.3373,1.6735,0.8735,-79.5138,-130.3055,-50.7917,-255.4859,92.4765,-1899.5678,0.1901,0.3783,1.9899,0.0,2.168,class2_2026_04_27_15_38_41.csv,manual_annotation,0,70.83,bend
131.457,411,0.65815,-17.784,-17.8664,2.4445,-12.7153,-24.7743,12.0589,4.3745,-1420.7132,-1102.4015,318.3118,-3902.8197,-2932.6019,-3902.8197,3.0973,9.0366,2.9176,0.0,7.141,class2_2026_04_27_15_38_41.csv,manual_annotation,1,131.46,break
127.628,399,0.63898,-7.833,-10.693,2.7717,-15.7957,-15.3486,-0.4471,8.699,1186.0781,-2842.6105,-4028.6886,634.7962,9432.6019,-2753.9185,2.2324,4.212,1.8868,2.871,8.516,class2_2026_04_27_15_38_41.csv,manual_annotation,2,127.63,connector
184.422,577,0.923324,-20.911,-36.9063,14.5282,-34.2624,-33.2595,-1.0029,4.378,910.6918,-1245.366,-2156.0578,-0.0,46420.0658,-45437.3088,14.0549,13.3684,0.9512,0.638,29.616,class2_2026_04_27_15_38_41.csv,hard_negative,0,,background
181.231,567,0.907348,-27.068,-34.5839,13.8149,-34.21,-34.1776,-0.0324,3.1285,804.7533,1069.7169,264.9636,-0.0,835.4248,-45576.8041,14.0617,14.101,1.0028,0.0,29.108,class2_2026_04_27_15_38_41.csv,hard_negative,1,,background
141.029,441,0.706073,-49.9,-35.544,13.2623,-31.4398,-36.6988,5.259,4.368,-1791.4636,-4326.5769,-2535.1133,26797.8072,26797.8072,-26797.8072,13.1094,13.4409,1.0253,0.0,29.386,class2_2026_04_27_15_38_41.csv,hard_negative,2,,background
165.916,519,0.830672,-49.9,-35.1423,13.4841,-36.4791,-36.6906,0.2115,20.513,1667.5095,3636.4919,1968.9824,-0.0,31238.2492,-44589.3448,13.5724,13.3685,0.985,0.0,30.371,class2_2026_04_27_15_38_41.csv,hard_negative,3,,background
149.644,468,0.749205,-49.9,-34.5204,13.7993,-42.4474,-27.9306,-14.5168,7.5555,1248.0378,-3191.9417,-4439.9796,42671.6933,42671.6933,-4249.2132,12.0374,10.1712,0.845,0.0,30.092,class2_2026_04_27_15_38_41.csv,stable_background,4,,background
14.677,45,0.073482,-14.419,-14.4589,0.0892,-14.2813,-14.4724,0.1911,0.1535,-72.6279,0.7517,73.3796,56.4263,125.3918,-263.3229,0.1688,0.0763,0.4522,0.0,0.315,class2_2026_04_27_15_38_41.csv,stable_background,5,,background
115.822,362,0.579873,-16.498,-16.2404,0.609,-14.9882,-17.0119,2.0237,1.4125,-236.1367,-114.4877,121.649,-485.895,-485.895,-670.8495,0.4701,0.3394,0.722,0.0,1.986,class2_2026_04_27_15_19_23.csv,manual_annotation,0,115.82,bend
131.457,411,0.65815,-17.596,-17.5957,2.0351,-12.9963,-24.1416,11.1453,3.679,-1352.9369,-2684.2524,-1331.3156,-3362.0705,-2322.0742,-3362.0705,3.1363,9.1565,2.9196,0.0,6.02,class2_2026_04_27_15_19_23.csv,manual_annotation,1,131.46,break
127.628,399,0.63898,-8.128,-11.0392,2.9627,-16.2198,-15.3847,-0.8351,8.814,1152.7761,-2601.778,-3754.5541,653.605,9815.047,-2789.9687,2.2912,4.0444,1.7652,2.871,9.14,class2_2026_04_27_15_19_23.csv,manual_annotation,2,127.63,connector
163.044,510,0.816293,-26.067,-25.9454,8.7045,-36.2893,-36.2944,0.0051,18.358,6335.2218,-313.4574,-6648.6792,-3227.3198,45133.232,-44443.5768,13.6803,13.6598,0.9985,2.872,29.949,class2_2026_04_27_15_19_23.csv,hard_negative,0,,background
184.103,576,0.921727,-24.673,-29.4517,11.1066,-30.3926,-36.1045,5.7119,4.758,1630.1675,-1956.4868,-3586.6542,-33694.3605,33694.3605,-33694.3605,10.7553,13.8253,1.2854,0.0,28.601,class2_2026_04_27_15_19_23.csv,hard_negative,1,,background
150.92,472,0.755594,-18.729,-37.1641,14.3284,-35.1104,-37.1234,2.013,19.2985,-395.3152,1809.9084,2205.2236,156.7367,48857.3699,-48857.3699,13.2872,14.3161,1.0774,1.276,31.171,class2_2026_04_27_15_19_23.csv,hard_negative,2,,background
149.005,466,0.746006,-24.376,-38.7508,12.482,-36.4673,-38.7759,2.3086,26.366,668.7761,-594.9193,-1263.6954,0.0,37217.8699,-40068.8819,13.4717,14.0125,1.0401,0.638,26.366,class2_2026_04_27_15_19_23.csv,hard_negative,3,,background
72.748,227,0.364219,-14.876,-14.6416,0.1151,-14.6552,-14.663,0.0078,0.1505,13.1096,-6.6201,-19.7298,-341.6928,118.378,-341.6928,0.0891,0.1009,1.1325,0.0,0.372,class2_2026_04_27_15_19_23.csv,stable_background,4,,background
100.188,313,0.5016,-14.617,-14.696,0.0764,-14.7189,-14.7978,0.0789,0.1965,-23.3594,-27.2659,-3.9065,95.6113,264.8903,-332.2884,0.1216,0.1038,0.8535,0.638,0.239,class2_2026_04_27_15_19_23.csv,stable_background,5,,background
132.095,413,0.661345,-17.145,-17.2574,2.1374,-10.9243,-35.2124,24.2881,3.212,-2455.773,-5062.0861,-2606.3131,-2620.6881,-2244.5141,-47572.1034,3.3249,14.7158,4.426,0.0,6.105,class1_2026_04_27_14_46_27.csv,manual_annotation,0,132.09,break
127.628,399,0.63898,-5.898,-8.7903,2.8875,-13.9533,-13.4549,-0.4984,8.902,1156.6403,-2634.4269,-3791.0672,609.7179,9626.9592,-2755.4859,2.2671,4.3708,1.9279,2.871,8.918,class1_2026_04_27_14_46_27.csv,manual_annotation,1,127.63,connector
183.465,574,0.918533,-21.399,-37.7012,13.778,-33.3101,-38.8237,5.5136,19.0015,-2431.3839,2388.5428,4819.9267,0.0,9363.6379,-47435.7398,13.3079,13.9061,1.045,0.638,30.264,class1_2026_04_27_14_46_27.csv,hard_negative,0,,background
163.364,511,0.817896,-49.9,-31.9394,12.9318,-31.671,-37.5492,5.8782,6.479,6878.3407,695.6072,-6182.7335,-36893.74,10460.815,-36893.74,13.0375,13.8883,1.0653,0.0,29.614,class1_2026_04_27_14_46_27.csv,hard_negative,1,,background
166.873,522,0.835464,-49.9,-37.8454,13.6068,-33.2979,-33.0043,-0.2936,4.9575,-3169.7605,840.462,4010.2225,3501.5674,42205.3323,-45706.8997,13.4316,13.5682,1.0102,0.0,29.782,class1_2026_04_27_14_46_27.csv,hard_negative,2,,background
193.675,606,0.96965,-49.9,-28.9391,11.5549,-29.9004,-38.0756,8.1752,4.479,2476.7648,-4264.4068,-6741.1715,-47689.6567,31807.2132,-47689.6567,12.6041,13.2507,1.0513,0.0,30.54,class1_2026_04_27_14_46_27.csv,stable_background,3,,background
127.628,399,0.63898,-5.902,-8.8209,2.9396,-13.9658,-13.3902,-0.5757,8.874,1147.1171,-2689.3067,-3836.4238,611.2853,9697.1118,-2761.7555,2.2734,4.2548,1.8716,2.871,9.146,class1_2026_04_27_14_47_13.csv,manual_annotation,0,127.63,connector
132.095,413,0.661345,-17.951,-17.1071,1.9484,-10.9467,-30.048,19.1013,3.407,-2460.0928,-4580.4301,-2120.3373,-2159.8715,-2159.8715,-3131.663,3.3452,13.081,3.9104,0.0,6.094,class1_2026_04_27_14_47_13.csv,manual_annotation,1,132.09,break
152.196,476,0.761982,-49.9,-33.5098,14.6768,-37.4308,-34.0655,-3.3653,20.8555,8952.8057,114.4175,-8838.3882,-739.8119,16540.7508,-45918.4984,14.0821,14.2511,1.012,0.0,31.158,class1_2026_04_27_14_47_13.csv,hard_negative,0,,background
183.146,573,0.916936,-20.936,-34.6934,13.6383,-41.1175,-36.3716,-4.7459,28.964,-638.008,-985.045,-347.037,-3717.8683,45398.1207,-40388.7179,12.5876,13.5813,1.0789,1.595,28.964,class1_2026_04_27_14_47_13.csv,hard_negative,1,,background
169.107,529,0.846648,-49.9,-37.79,13.5537,-34.6502,-40.7943,6.1442,28.469,-2599.6463,-3017.2703,-417.624,-907.5235,41786.837,-43542.3213,13.7364,12.9148,0.9402,0.0,28.469,class1_2026_04_27_14_47_13.csv,hard_negative,2,,background
60.304,188,0.301917,-14.543,-14.6033,0.062,-14.5996,-14.6141,0.0145,0.0765,9.512,8.8568,-0.6551,-122.2571,89.3417,-142.6332,0.1257,0.1034,0.8224,0.638,0.193,class1_2026_04_27_14_47_13.csv,stable_background,3,,background
17.868,55,0.089458,-14.709,-14.9679,0.4815,-14.4788,-17.2936,2.8148,0.6485,-37.9812,-1305.6492,-1267.6679,-1394.9843,4.7022,-1435.7367,0.1051,2.3825,22.6643,0.0,1.243,class2_2026_04_27_16_02_34.csv,manual_annotation,0,17.87,bend
131.457,411,0.65815,-17.382,-17.9319,2.3705,-13.04,-28.5223,15.4823,3.458,-1391.0759,-3958.4905,-2567.4146,-5626.9592,-1884.8425,-5626.9592,3.0448,13.2883,4.3643,0.0,7.543,class2_2026_04_27_16_02_34.csv,manual_annotation,1,131.46,break
127.947,400,0.640577,-8.6,-10.5283,1.9834,-15.5025,-17.8344,2.3319,8.459,1654.6012,-2645.7832,-4300.3843,-1982.7586,9427.8997,-3258.6207,2.7968,8.6145,3.0801,2.871,6.769,class2_2026_04_27_16_02_34.csv,manual_annotation,2,127.95,connector
81.044,253,0.405754,-17.1,-16.6746,0.2397,-16.6745,-16.6581,-0.0164,0.286,26.4481,-26.226,-52.6741,844.826,844.826,-310.3448,0.2526,0.2,0.7916,0.0,0.749,class2_2026_04_27_16_02_34.csv,hard_negative,0,,background
31.907,99,0.159745,-16.894,-16.6038,0.2977,-16.2909,-16.5528,0.2618,0.097,-87.9733,38.5696,126.5429,-694.3558,315.047,-694.3558,0.242,0.2471,1.021,0.0,0.985,class2_2026_04_27_16_02_34.csv,hard_negative,1,,background
190.484,596,0.953674,-49.9,-41.1027,12.5402,-37.9541,-34.7694,-3.1847,18.4935,-3342.0918,-1604.3644,1737.7274,0.0,35347.9655,-44017.2461,13.4534,13.664,1.0157,0.0,28.541,class2_2026_04_27_16_02_34.csv,hard_negative,2,,background
186.975,585,0.936106,-49.9,-31.9878,12.7057,-37.1972,-36.3178,-0.8793,28.764,2007.7245,-720.1094,-2727.834,-45084.6426,44908.3814,-45084.6426,14.2486,13.6544,0.9583,0.0,28.764,class2_2026_04_27_16_02_34.csv,hard_negative,3,,background
102.102,319,0.511182,-16.649,-16.8488,0.3419,-16.6499,-16.8772,0.2273,0.189,-87.6088,37.1642,124.7729,-156.7398,391.8495,-1423.1959,0.2379,0.2723,1.1449,0.0,1.036,class2_2026_04_27_16_02_34.csv,stable_background,4,,background
61.58,192,0.308305,-16.656,-16.5734,0.1762,-16.6816,-16.6883,0.0067,0.435,-6.3375,-78.2924,-71.9549,-36.0486,169.279,-877.7414,0.2593,0.3137,1.2097,0.0,0.56,class2_2026_04_27_16_02_34.csv,stable_background,5,,background
62.857,196,0.314699,-15.605,-15.4453,0.7261,-14.622,-16.4397,1.8177,1.005,-44.3094,-157.4234,-113.114,-815.047,-97.6859,-1021.9436,0.1688,0.3089,1.8302,0.0,1.909,class2_2026_04_27_15_53_51.csv,manual_annotation,0,62.86,bend
127.628,399,0.63898,-7.936,-10.8106,2.8511,-15.9179,-15.6024,-0.3155,8.71,1094.7859,-2695.5862,-3790.3722,595.6113,9920.0627,-2780.5643,2.2408,4.456,1.9885,2.871,8.627,class2_2026_04_27_15_53_51.csv,manual_annotation,1,127.63,connector
131.776,412,0.659748,-19.23,-18.6821,2.2353,-12.9162,-26.4189,13.5027,3.2735,-2116.8413,-2698.427,-581.5857,-3982.7586,-2338.2812,-4658.3072,3.2391,10.5875,3.2687,0.0,6.911,class2_2026_04_27_15_53_51.csv,manual_annotation,2,131.78,break
188.251,589,0.942494,-49.9,-34.6921,13.8159,-35.093,-33.5148,-1.5782,6.6975,-995.8562,1202.6519,2198.5081,-10893.4185,44369.9107,-46810.348,13.3823,13.244,0.9897,0.0,29.865,class2_2026_04_27_15_53_51.csv,hard_negative,0,,background
182.508,571,0.913742,-49.9,-37.6409,13.732,-37.9014,-35.093,-2.8084,18.137,-2416.5437,-2888.5206,-471.977,-0.0,42026.3187,-40769.5956,13.4955,13.3823,0.9916,0.0,29.421,class2_2026_04_27_15_53_51.csv,hard_negative,1,,background
184.741,578,0.924921,-21.317,-32.9091,12.2195,-38.105,-36.7377,-1.3673,29.421,3988.658,2242.7851,-1745.873,-35932.605,44800.9451,-44800.9451,13.2487,13.356,1.0081,0.957,29.421,class2_2026_04_27_15_53_51.csv,hard_negative,2,,background
186.017,582,0.93131,-27.332,-38.3552,13.0629,-38.05,-36.2552,-1.7948,29.342,2393.1618,1053.8403,-1339.3216,9245.9949,36692.7931,-45990.5972,13.3322,13.7845,1.0339,1.277,29.342,class2_2026_04_27_15_53_51.csv,hard_negative,3,,background
106.569,333,0.533547,-16.446,-16.7463,0.2357,-16.7897,-16.7883,-0.0014,0.421,-51.8865,-35.1565,16.73,289.9671,586.2085,-642.6274,0.2956,0.2401,0.8124,0.638,0.782,class2_2026_04_27_15_53_51.csv,stable_background,4,,background
52.646,164,0.263577,-14.639,-14.6331,0.0641,-14.6564,-14.5833,-0.0731,0.093,8.0612,-13.7035,-21.7647,-70.2416,200.627,-70.2416,0.098,0.0829,0.8457,0.0,0.241,class2_2026_04_27_15_53_51.csv,stable_background,5,,background
48.499,151,0.242814,-15.691,-15.4248,0.7276,-14.6458,-16.4941,1.8483,1.017,-14.3081,-175.3053,-160.9972,-1046.1869,285.2665,-1046.1869,0.1482,0.3321,2.2405,0.0,1.843,class2_2026_04_27_15_46_57.csv,manual_annotation,0,48.5,bend
131.457,411,0.65815,-17.519,-17.8316,2.3328,-12.9319,-30.8281,17.8962,3.795,-1435.5409,-2653.2361,-1217.6953,-2982.7586,-1843.3651,-4244.5141,3.1704,13.5723,4.281,0.0,7.615,class2_2026_04_27_15_46_57.csv,manual_annotation,1,131.46,break
127.628,399,0.63898,-7.988,-10.9044,2.9255,-15.9974,-15.4738,-0.5237,8.6705,1147.3412,-2674.3448,-3821.686,584.6395,9717.3248,-2708.4639,2.2661,4.1955,1.8514,2.871,9.187,class2_2026_04_27_15_46_57.csv,manual_annotation,2,127.63,connector
159.216,498,0.797128,-49.9,-40.8944,12.7708,-29.6836,-40.7891,11.1056,3.847,-1630.7822,-1371.8083,258.9739,-43769.5956,44526.6473,-43769.5956,12.584,12.9317,1.0276,0.0,28.408,class2_2026_04_27_15_46_57.csv,hard_negative,0,,background
192.399,602,0.963262,-49.9,-40.5031,13.292,-35.7869,-37.8677,2.0808,28.761,-1508.0845,142.3279,1650.4125,0.0,2263.9334,-2482.7586,14.1348,13.5404,0.9579,0.0,28.761,class2_2026_04_27_15_46_57.csv,hard_negative,1,,background
146.453,458,0.733229,-49.9,-38.261,13.0863,-35.264,-40.4181,5.1541,29.229,-686.8327,2759.1676,3446.0003,-36614.4216,36614.4216,-40858.9357,13.2833,13.438,1.0116,0.0,29.229,class2_2026_04_27_15_46_57.csv,hard_negative,2,,background
22.016,68,0.110225,-15.626,-15.0194,0.3975,-14.6483,-14.4815,-0.1668,-0.0025,-103.7011,110.7613,214.4624,909.0909,909.0909,112.8527,0.307,0.27,0.8795,0.0,1.269,class2_2026_04_27_15_46_57.csv,hard_negative,3,,background
66.685,208,0.333864,-16.591,-16.7873,0.374,-16.7421,-16.8729,0.1309,0.452,-44.8438,-59.0878,-14.244,-453.8208,1299.3746,-1061.1285,0.2853,0.3308,1.1597,0.0,1.155,class2_2026_04_27_15_46_57.csv,stable_background,4,,background
115.503,361,0.578275,-16.651,-16.9659,0.3139,-16.9567,-17.1273,0.1706,0.5165,-24.0116,-4.5706,19.441,25.0768,1597.1771,-749.2179,0.2604,0.2342,0.8991,0.638,1.019,class2_2026_04_27_15_46_57.csv,stable_background,5,,background
109.441,342,0.547926,-16.352,-15.8391,0.7986,-14.7989,-16.9049,2.106,0.9275,-89.9604,-156.9583,-66.9979,-503.1348,-65.1892,-2006.2696,0.2254,0.4131,1.8328,0.0,2.368,class2_2026_04_27_15_22_54.csv,manual_annotation,0,109.44,bend
131.138,410,0.656553,-16.633,-16.7369,1.8905,-12.9927,-35.1169,22.1242,3.9775,-646.435,-8089.1785,-7442.7435,-1784.549,-1784.549,-2847.9655,3.2199,14.8591,4.6147,0.0,5.817,class2_2026_04_27_15_22_54.csv,manual_annotation,1,131.14,break
127.628,399,0.63898,-8.024,-10.9418,2.9327,-16.0554,-15.5485,-0.5069,8.728,1180.813,-2524.1355,-3704.9485,521.9436,9805.6426,-2692.79,2.2833,4.4116,1.9321,2.871,9.07,class2_2026_04_27_15_22_54.csv,manual_annotation,2,127.63,connector
140.071,438,0.701277,-21.986,-37.428,13.969,-40.3913,-39.4721,-0.9192,30.058,-86.4602,-1316.4241,-1229.964,43419.8902,43752.3542,-43818.3066,13.4804,13.1272,0.9738,0.958,30.058,class2_2026_04_27_15_22_54.csv,hard_negative,0,,background
170.383,533,0.853037,-49.9,-34.8754,13.4851,-31.4291,-33.2651,1.836,2.461,4001.3882,-233.6875,-4235.0757,-7084.6411,1595.6113,-41992.1677,13.0956,13.3536,1.0197,0.0,28.939,class2_2026_04_27_15_22_54.csv,hard_negative,1,,background
173.893,544,0.87061,-21.121,-34.6399,13.7336,-33.1209,-36.2666,3.1456,3.9975,-1348.4965,-2095.5719,-747.0754,-1995.2994,45108.1536,-42611.2868,13.4239,13.6912,1.0199,0.957,29.289,class2_2026_04_27_15_22_54.csv,hard_negative,2,,background
149.644,468,0.749205,-20.148,-34.1162,14.1728,-39.5833,-29.5058,-10.0774,4.5155,754.8897,4354.4006,3599.511,1996.2839,46693.0819,-46633.2304,12.9728,12.6909,0.9783,1.277,29.752,class2_2026_04_27_15_22_54.csv,hard_negative,3,,background
67.324,210,0.337063,-14.708,-14.6747,0.0915,-14.6853,-14.6726,-0.0127,0.127,-33.2943,22.1116,55.4059,258.6207,258.6207,-274.2947,0.114,0.1001,0.8786,0.0,0.281,class2_2026_04_27_15_22_54.csv,stable_background,4,,background
14.996,46,0.075079,-14.364,-14.4363,0.0844,-14.2896,-14.4919,0.2024,0.1325,-46.4097,3.7288,50.1386,-404.3887,133.2288,-404.3887,0.1382,0.0775,0.5604,0.0,0.258,class2_2026_04_27_15_22_54.csv,stable_background,5,,background
127.628,399,0.63898,-5.943,-8.8526,2.9263,-13.9783,-13.5824,-0.3959,8.8475,1163.7257,-2702.2292,-3865.9549,573.6677,9640.9008,-2741.3793,2.2686,4.5122,1.989,2.871,9.097,class1_2026_04_27_14_37_39.csv,manual_annotation,0,127.63,connector
132.414,414,0.662942,-19.387,-21.4482,10.2791,-11.0659,-35.6418,24.5759,3.2315,-2562.5442,-4528.6946,-1966.1504,-2606.5831,-2291.5361,-44380.8824,3.4643,14.2941,4.1262,0.0,35.227,class1_2026_04_27_14_37_39.csv,manual_annotation,1,132.41,break
169.426,530,0.848245,-22.287,-30.803,13.534,-32.973,-37.5346,4.5616,5.891,918.7599,-1636.6757,-2555.4356,-43589.3448,47894.9875,-43589.3448,13.5983,13.8494,1.0185,1.276,30.557,class1_2026_04_27_14_37_39.csv,hard_negative,0,,background
163.683,512,0.819493,-49.9,-37.4996,13.9619,-36.6824,-31.4389,-5.2435,5.5235,2005.5416,-183.9137,-2189.4552,-9738.2476,46633.162,-37114.4216,13.4516,13.1524,0.9778,0.0,29.892,class1_2026_04_27_14_37_39.csv,hard_negative,1,,background
158.577,496,0.793929,-49.9,-37.5624,13.8081,-34.5356,-36.9785,2.4429,8.384,2627.9822,2005.5416,-622.4406,-45538.2413,1195.9263,-45538.2413,13.7903,13.1562,0.954,0.0,29.008,class1_2026_04_27_14_37_39.csv,hard_negative,2,,background
145.815,456,0.730035,-49.9,-40.6176,13.147,-36.1907,-42.5394,6.3487,29.39,892.2512,609.7665,-282.4847,41286.837,41286.837,-41286.837,13.7346,11.9438,0.8696,0.0,29.39,class1_2026_04_27_14_37_39.csv,stable_background,3,,background
35.417,110,0.177318,-9.398,-11.4871,2.0165,-14.2605,-14.2608,0.0003,5.4385,387.656,-1801.8583,-2189.5143,2727.2727,6114.4201,-2446.7085,0.8819,2.6161,2.9664,2.233,5.482,class3_2026_04_27_16_17_30.csv,manual_annotation,0,35.42,connector
37.969,118,0.190095,-14.285,-14.0284,1.5744,-12.7373,-16.7335,3.9962,3.431,681.2663,-462.6346,-1143.9009,-1601.8809,-1601.8809,-1893.4169,1.9941,0.7512,0.3767,0.0,4.677,class3_2026_04_27_16_17_30.csv,manual_annotation,1,37.97,bend
130.818,409,0.654951,-17.019,-17.3558,2.6943,-13.7461,-36.9449,23.1988,4.619,16.9643,-4339.0509,-4356.0152,-3132.2462,-2062.6959,-46658.3103,3.1246,14.519,4.6467,0.0,8.638,class3_2026_04_27_16_17_30.csv,manual_annotation,2,130.82,break
127.947,400,0.640577,-9.229,-11.1578,1.9576,-16.0607,-23.4987,7.438,8.274,1561.2761,-6955.8056,-8517.0817,-1993.7304,9289.9687,-3304.0752,2.766,14.5118,5.2465,2.871,6.672,class3_2026_04_27_16_17_30.csv,manual_annotation,3,127.95,connector
171.659,537,0.859425,-49.9,-34.2119,14.0401,-33.1831,-32.6647,-0.5183,2.562,2309.3746,131.1234,-2178.2511,-43811.9154,43811.9154,-44830.8679,13.4547,13.8047,1.026,0.0,29.12,class3_2026_04_27_16_17_30.csv,hard_negative,0,,background
179.317,561,0.897766,-23.371,-28.7923,11.4008,-30.0006,-38.739,8.7384,5.12,3370.6484,660.4462,-2710.2022,-38326.0219,7103.4514,-44827.5909,12.4505,13.9972,1.1242,0.0,30.19,class3_2026_04_27_16_17_30.csv,hard_negative,1,,background
22.016,68,0.110225,-15.292,-14.9606,0.3421,-14.6308,-14.4693,-0.1615,0.146,-109.7027,113.245,222.9477,112.8527,112.8527,112.8527,0.2582,0.2952,1.1436,0.0,1.103,class3_2026_04_27_16_17_30.csv,hard_negative,2,,background
157.301,492,0.787541,-19.454,-31.2274,13.3102,-34.8875,-38.0079,3.1204,18.463,3580.9113,-1686.2194,-5267.1307,37564.2665,37564.2665,-44059.5627,13.4964,13.3364,0.9881,1.276,30.446,class3_2026_04_27_16_17_30.csv,hard_negative,3,,background
178.36,558,0.892974,-23.832,-28.9619,11.2986,-31.3204,-35.8597,4.5393,4.113,1555.4923,-1888.7621,-3444.2544,7103.4514,42273.778,-38326.0219,13.2092,14.0881,1.0665,0.0,30.19,class3_2026_04_27_16_17_30.csv,hard_negative,4,,background
168.15,526,0.841857,-49.9,-35.25,13.291,-36.5361,-31.4997,-5.0364,5.1545,3160.166,-1642.5595,-4802.7255,1838.0549,44670.8495,-46227.2759,13.5425,13.17,0.9725,0.0,29.493,class3_2026_04_27_16_17_30.csv,hard_negative,5,,background
66.047,206,0.33067,-17.391,-17.4063,0.3001,-17.3292,-17.3652,0.036,0.379,-128.5935,25.7111,154.3046,-293.105,978.0533,-771.1614,0.3896,0.2438,0.6257,0.0,1.063,class3_2026_04_27_16_17_30.csv,stable_background,6,,background
78.81,246,0.394569,-17.537,-17.4206,0.4399,-17.4363,-17.5673,0.131,0.7255,12.3302,59.1619,46.8317,-1791.5392,537.6144,-1791.5392,0.3719,0.3304,0.8884,0.0,1.66,class3_2026_04_27_16_17_30.csv,stable_background,7,,background
47.86,149,0.239615,-15.168,-15.4619,0.7685,-14.6401,-16.6352,1.9952,0.941,-64.7754,-193.2085,-128.4331,-805.6426,512.5392,-1748.6842,0.1625,0.3768,2.3183,0.0,2.315,class2_2026_04_27_15_46_27.csv,manual_annotation,0,47.86,bend
131.138,410,0.656553,-16.726,-17.3137,2.8352,-13.1185,-27.4653,14.3468,4.2755,-458.7497,-1161.8784,-703.1287,-2816.4116,-1963.9498,-5730.4075,3.2071,12.0738,3.7648,0.0,8.608,class2_2026_04_27_15_46_27.csv,manual_annotation,1,131.14,break
127.628,399,0.63898,-8.16,-11.2161,3.174,-16.3683,-15.7406,-0.6277,8.7875,1151.8883,-2893.1563,-4045.0446,625.3918,10885.9779,-2753.9185,2.3296,4.4253,1.8996,2.871,9.929,class2_2026_04_27_15_46_27.csv,manual_annotation,2,127.63,connector
164.64,515,0.824284,-24.605,-34.5476,13.7713,-37.8454,-35.1606,-2.6848,18.3535,374.6667,-610.903,-985.5697,-0.0,46560.2159,-43830.7226,13.5434,13.2319,0.977,0.638,29.659,class2_2026_04_27_15_46_27.csv,hard_negative,0,,background
176.445,552,0.883387,-49.9,-34.7523,13.6798,-36.3547,-39.2843,2.9296,29.461,2043.1552,-2355.2995,-4398.4547,-7236.6755,46177.1207,-35299.673,13.5912,13.3876,0.985,0.0,29.461,class2_2026_04_27_15_46_27.csv,hard_negative,1,,background
180.274,564,0.902557,-49.9,-40.3224,13.5628,-34.6852,-39.1636,4.4783,30.306,1093.1906,2985.2738,1892.0832,-42877.7445,44727.2759,-42877.7445,13.7062,13.5675,0.9899,0.0,30.306,class2_2026_04_27_15_46_27.csv,hard_negative,2,,background
168.15,526,0.841857,-21.848,-34.806,13.5082,-34.8524,-38.2642,3.4118,16.276,1834.5388,-10.0623,-1844.6011,1115.858,41156.7429,-43968.6552,13.5132,13.0386,0.9649,1.596,28.052,class2_2026_04_27_15_46_27.csv,hard_negative,3,,background
71.152,222,0.356228,-16.966,-17.083,0.2739,-16.9258,-16.8736,-0.0522,0.1625,-119.6659,27.8417,147.5076,208.1672,208.1672,-205.326,0.2949,0.3106,1.0534,0.0,0.799,class2_2026_04_27_15_46_27.csv,stable_background,4,,background
139.752,437,0.69968,-49.9,-39.0079,12.201,-30.3239,-39.0852,8.7613,1.962,160.73,-565.9909,-726.7209,-36344.8307,-1003.1332,-36344.8307,12.2645,13.5863,1.1078,0.0,26.255,class2_2026_04_27_15_46_27.csv,stable_background,5,,background
100.826,315,0.504794,-17.814,-18.9876,3.4674,-12.9177,-36.1466,23.2289,3.9305,-1662.305,-7306.2616,-5643.9566,-3526.6458,-1036.0486,-10424.7665,2.7238,13.9173,5.1096,0.0,12.624,class3_2026_05_14_14_33_56.csv,manual_annotation,0,100.83,break
96.997,303,0.485624,-8.493,-10.8574,1.9481,-14.0358,-16.3276,2.2918,6.1375,711.0644,-2638.9493,-3350.0138,249.2163,7098.7461,-2789.9687,1.4596,4.6974,3.2183,2.552,5.969,class3_2026_05_14_14_33_56.csv,manual_annotation,1,97.0,connector
156.025,488,0.781152,-49.9,-38.8337,12.4751,-34.7084,-34.9745,0.2661,3.409,-575.9713,-2030.5325,-1454.5612,0.0,42164.5784,-37572.1019,13.6753,13.422,0.9815,0.0,27.319,class3_2026_05_14_14_33_56.csv,hard_negative,0,,background
191.123,598,0.956873,-21.832,-46.7813,8.8209,-38.0266,-32.7986,-5.228,4.609,-4486.3864,7269.0177,11755.4041,-274.9608,43787.6189,-43993.732,13.3094,13.7555,1.0335,0.639,28.068,class3_2026_05_14_14_33_56.csv,hard_negative,1,,background
123.161,385,0.616616,-22.157,-35.0963,13.6163,-38.6432,-35.3183,-3.3249,29.689,-2632.7551,1519.2674,4152.0225,1722.569,46316.4693,-43484.3292,14.1243,13.3876,0.9478,1.276,29.689,class3_2026_05_14_14_33_56.csv,hard_negative,2,,background
54.242,169,0.271567,-14.555,-14.5223,0.0928,-14.5567,-14.5434,-0.0132,0.1955,-12.823,4.9465,17.7695,241.3793,372.6253,-257.0533,0.1238,0.068,0.5497,0.0,0.347,class3_2026_05_14_14_33_56.csv,stable_background,3,,background
46.265,144,0.23163,-15.788,-15.8903,1.1597,-14.6711,-17.5999,2.9288,1.4635,-32.7037,-208.0705,-175.3668,-1572.1003,203.7618,-1764.8887,0.2067,0.5448,2.6351,0.0,3.296,class2_2026_04_27_15_46_14.csv,manual_annotation,0,46.27,bend
127.628,399,0.63898,-9.066,-12.0173,2.9927,-17.2254,-18.0122,0.7868,8.862,1048.9317,-4774.6039,-5823.5357,586.2069,10214.956,-2777.4295,2.3435,8.6982,3.7116,2.871,9.488,class2_2026_04_27_15_46_14.csv,manual_annotation,1,127.63,connector
131.457,411,0.65815,-18.456,-21.6596,10.1594,-14.0338,-32.9808,18.947,3.603,-1370.3453,-4139.6305,-2769.2853,-2231.9749,-1921.3206,-48694.3605,3.226,13.573,4.2073,0.0,34.726,class2_2026_04_27_15_46_14.csv,manual_annotation,2,131.46,break
157.939,494,0.790735,-49.9,-35.4187,13.0311,-31.817,-35.7349,3.9179,3.333,1995.3063,-2191.7625,-4187.0689,-39794.674,37774.2994,-44021.6303,12.8855,14.1799,1.1005,0.0,28.47,class2_2026_04_27_15_46_14.csv,hard_negative,0,,background
167.83,525,0.840255,-49.9,-31.5636,13.0249,-35.9081,-34.2956,-1.6126,4.1215,730.7858,-1877.7699,-2608.5557,-3662.768,44811.9169,-46394.989,14.0013,14.0218,1.0015,0.0,29.6,class2_2026_04_27_15_46_14.csv,hard_negative,1,,background
168.788,528,0.845051,-24.363,-34.6629,13.6851,-32.8464,-35.8124,2.966,3.6945,4592.7943,2288.7926,-2304.0017,-46394.989,46217.6828,-46394.989,13.6314,14.1298,1.0366,0.0,29.6,class2_2026_04_27_15_46_14.csv,hard_negative,2,,background
148.048,463,0.741215,-49.9,-40.307,13.5744,-39.0038,-34.8127,-4.1911,29.911,1974.2654,5009.2452,3034.9797,-0.0,-0.0,-44309.0495,13.6769,13.6341,0.9969,0.0,29.911,class2_2026_04_27_15_46_14.csv,hard_negative,3,,background
22.335,69,0.111822,-15.335,-14.9261,0.3139,-14.6139,-14.3781,-0.2358,-0.102,-156.3063,55.5309,211.8372,1120.6897,1120.6897,275.8621,0.3113,0.1933,0.6208,0.0,0.891,class2_2026_04_27_15_46_14.csv,stable_background,4,,background
33.821,105,0.169328,-14.472,-14.5712,0.1393,-14.5189,-14.5924,0.0735,0.1295,-3.4379,4.6873,8.1252,147.3354,291.5361,-609.4598,0.1123,0.1198,1.067,0.638,0.472,class2_2026_04_27_15_46_14.csv,stable_background,5,,background
131.776,412,0.659748,-17.185,-16.5176,2.1079,-10.882,-24.5271,13.6451,3.0965,-2086.1546,-2169.0347,-82.8801,-2559.5627,-1870.4371,-3688.0862,3.1771,9.3102,2.9304,0.0,6.266,class1_2026_04_27_14_37_34.csv,manual_annotation,0,131.78,break
127.628,399,0.63898,-5.95,-8.8183,2.8346,-13.9234,-13.5765,-0.3469,8.8095,1157.7781,-2659.7206,-3817.4987,597.1787,9498.4326,-2768.0251,2.2475,4.433,1.9724,2.871,8.764,class1_2026_04_27_14_37_34.csv,manual_annotation,1,127.63,connector
182.827,572,0.915339,-22.911,-28.8249,11.3334,-31.8072,-36.4561,4.6488,4.7905,-1000.3577,294.1205,1294.4782,-44974.9263,38078.221,-44974.9263,12.8875,13.5482,1.0513,1.276,28.694,class1_2026_04_27_14_37_34.csv,hard_negative,0,,background
140.71,440,0.704476,-24.873,-35.1609,13.3087,-34.6586,-34.846,0.1874,7.398,-5366.5402,-1949.3586,3417.1816,35192.7915,45189.6583,-35192.7915,13.7576,12.3132,0.895,0.0,28.831,class1_2026_04_27_14_37_34.csv,hard_negative,1,,background
21.697,67,0.108628,-15.367,-14.8141,0.3411,-14.4861,-14.4857,-0.0004,0.03,-41.1822,119.0807,160.2628,-858.9342,-108.3222,-858.9342,0.1493,0.3097,2.0744,0.0,1.027,class1_2026_04_27_14_37_34.csv,hard_negative,2,,background
44.032,137,0.22045,-14.714,-14.5609,0.1057,-14.5908,-14.5457,-0.0451,0.2115,-0.0952,16.1306,16.2258,329.1536,357.3668,-101.8809,0.0933,0.0781,0.8368,0.0,0.368,class1_2026_04_27_14_37_34.csv,stable_background,3,,background
34.14,106,0.170925,-14.724,-14.9187,0.4203,-14.5277,-15.9032,1.3755,0.304,-50.0362,-296.104,-246.0678,-283.6991,172.4138,-943.2135,0.1073,0.4574,4.2616,0.0,1.279,class2_2026_04_27_16_06_47.csv,manual_annotation,0,34.14,bend
127.947,400,0.640577,-8.216,-10.1384,1.9805,-15.2297,-16.2456,1.0159,8.6395,1680.428,-2987.6278,-4668.0558,-2043.8871,9384.0125,-3224.1379,2.8492,4.3929,1.5418,2.871,6.759,class2_2026_04_27_16_06_47.csv,manual_annotation,1,127.95,connector
131.457,411,0.65815,-17.612,-18.0264,2.9788,-12.6674,-29.6304,16.9631,3.41,-1401.0405,-4278.7377,-2877.6972,-2183.384,-2183.384,-7669.2821,3.0727,12.66,4.1201,0.0,8.915,class2_2026_04_27_16_06_47.csv,manual_annotation,2,131.46,break
161.13,504,0.806711,-49.9,-33.0744,11.9562,-38.4398,-35.1523,-3.2876,16.191,3102.7036,-1565.2863,-4667.9899,2192.7868,2590.9091,-41523.5125,12.8556,13.2694,1.0322,0.0,27.685,class2_2026_04_27_16_06_47.csv,hard_negative,0,,background
147.729,462,0.739618,-49.9,-43.8882,11.3046,-34.5871,-34.2206,-0.3665,4.076,-3889.074,5758.7442,9647.8181,0.0,46191.2257,-38614.4232,13.7606,14.0642,1.0221,0.0,29.47,class2_2026_04_27_16_06_47.csv,hard_negative,1,,background
178.36,558,0.892974,-25.734,-35.0468,13.3563,-38.0192,-33.038,-4.9812,8.7125,1431.3747,-1680.3361,-3111.7108,-40443.5768,43674.8281,-46396.5549,13.3674,13.6453,1.0208,0.0,29.601,class2_2026_04_27_16_06_47.csv,hard_negative,2,,background
182.508,571,0.913742,-49.9,-34.8488,13.7533,-33.5648,-40.7518,7.187,30.428,-1727.7011,-4811.2905,-3083.5895,3330.721,13408.244,-42553.2962,13.219,13.0121,0.9843,0.0,30.428,class2_2026_04_27_16_06_47.csv,hard_negative,3,,background
193.356,605,0.968053,-49.9,-31.6522,12.9447,-34.9823,-39.1205,4.1382,29.035,3228.9007,-2363.8539,-5592.7546,-43373.0423,43373.0423,-43373.0423,13.4796,13.5342,1.004,0.0,29.035,class2_2026_04_27_16_06_47.csv,stable_background,4,,background
20.42,63,0.102234,-14.582,-14.7346,0.3723,-14.4593,-14.6804,0.2211,0.1015,-0.395,248.3318,248.7269,4.7585,4.7585,-1434.1693,0.1119,0.5056,4.5182,0.0,1.327,class2_2026_04_27_16_06_47.csv,stable_background,5,,background
19.782,61,0.09904,-14.509,-15.115,0.8654,-14.4861,-18.7546,4.2686,0.38,-6.7302,387.9255,394.6557,-628.5266,405.9561,-2691.1744,0.0975,7.6818,78.7822,1.276,2.317,class2_2026_04_27_16_04_37.csv,manual_annotation,0,19.78,bend
127.628,399,0.63898,-8.356,-11.1856,2.7935,-16.1216,-16.7794,0.6578,8.44,1158.0458,-2985.1692,-4143.215,531.348,9258.6207,-2728.8401,2.1936,5.7235,2.6092,2.871,8.694,class2_2026_04_27_16_04_37.csv,manual_annotation,1,127.63,connector
130.818,409,0.654951,-16.508,-16.522,2.2113,-13.2259,-29.8898,16.6639,4.3515,72.7055,-3529.9934,-3602.6989,-3751.486,-2346.395,-9313.4781,3.0985,12.7324,4.1092,0.0,6.916,class2_2026_04_27_16_04_37.csv,manual_annotation,2,130.82,break
191.761,600,0.960067,-49.9,-40.5978,13.1624,-34.7377,-35.3085,0.5708,6.221,3052.9116,3614.4892,561.5775,0.0,43424.7868,-45321.3182,13.5992,13.2671,0.9756,0.0,28.915,class2_2026_04_27_16_04_37.csv,hard_negative,0,,background
44.67,139,0.223644,-17.082,-17.0581,0.2494,-16.9807,-16.9232,-0.0574,0.127,-34.2068,33.5337,67.7405,-191.2226,777.215,-242.9483,0.2435,0.2673,1.0975,0.0,0.632,class2_2026_04_27_16_04_37.csv,hard_negative,1,,background
187.294,586,0.937703,-49.9,-37.6717,13.6881,-36.9134,-36.2948,-0.6187,18.811,534.642,-1782.4048,-2317.0468,0.0,280.6133,-42253.9232,13.1546,13.6422,1.0371,0.0,28.645,class2_2026_04_27_16_04_37.csv,hard_negative,2,,background
184.741,578,0.924921,-23.777,-32.4611,12.4455,-39.8646,-34.8263,-5.0383,28.645,701.7196,-212.0425,-913.7621,-1125.3887,42399.6881,-41274.2994,12.7475,13.5216,1.0607,1.595,28.645,class2_2026_04_27_16_04_37.csv,hard_negative,3,,background
175.488,549,0.878595,-49.9,-28.3278,11.6003,-34.8856,-31.6886,-3.1969,3.7865,2878.5869,-7309.1773,-10187.7642,747.6473,46004.7053,747.6473,13.5103,12.9591,0.9592,0.0,29.351,class2_2026_04_27_16_04_37.csv,stable_background,4,,background
166.554,521,0.833867,-49.9,-37.9242,13.4276,-39.1621,-37.9384,-1.2236,29.346,3461.7755,1495.8415,-1965.934,-45996.8668,5385.5784,-45996.8668,13.5006,13.4305,0.9948,0.0,29.346,class2_2026_04_27_16_04_37.csv,stable_background,5,,background
131.776,412,0.659748,-16.815,-16.6371,2.2479,-10.8828,-28.8411,17.9583,3.396,-2101.015,-2879.3171,-778.3021,-3025.0784,-2379.9064,-47951.4154,3.2101,13.1365,4.0922,0.0,6.766,class1_2026_04_27_14_39_17.csv,manual_annotation,0,131.78,break
127.628,399,0.63898,-5.933,-8.8182,2.8907,-13.9408,-15.2171,1.2763,8.8895,1141.544,-2715.61,-3857.154,565.8307,9590.117,-2731.9749,2.2685,9.3633,4.1276,2.871,9.028,class1_2026_04_27_14_39_17.csv,manual_annotation,1,127.63,connector
144.219,451,0.722044,-19.898,-33.6836,14.5397,-37.7563,-40.0303,2.2739,30.798,-991.8505,-2084.2953,-1092.4448,-0.0,48272.732,-3765.6707,13.6732,12.4906,0.9135,0.638,30.798,class1_2026_04_27_14_39_17.csv,hard_negative,0,,background
153.472,480,0.76837,-49.9,-31.8857,12.9945,-31.7896,-34.9272,3.1376,5.332,2082.0039,-3857.007,-5939.0109,45423.2006,45423.2006,-3641.0658,12.9773,13.5556,1.0446,0.0,30.056,class1_2026_04_27_14_39_17.csv,hard_negative,1,,background
165.278,517,0.827478,-22.858,-31.4327,13.1197,-34.056,-36.6007,2.5447,7.228,2544.4536,4352.3086,1807.855,-43821.3213,4835.4248,-45222.5737,13.1556,13.4037,1.0189,1.276,29.852,class1_2026_04_27_14_39_17.csv,hard_negative,2,,background
186.656,584,0.934509,-49.9,-35.7436,12.7856,-28.7849,-34.625,5.8401,1.9845,4204.1489,2769.5522,-1434.5967,-40921.6332,-1771.163,-40921.6332,11.4044,13.7591,1.2065,0.0,28.154,class1_2026_04_27_14_39_17.csv,stable_background,3,,background
42.755,133,0.214056,-15.356,-15.5357,0.7845,-14.6909,-16.7994,2.1086,0.835,-53.3059,-181.806,-128.5001,-1548.5893,131.6614,-1548.5893,0.1445,0.3564,2.4669,0.0,2.064,class2_2026_04_27_15_41_42.csv,manual_annotation,0,42.76,bend
131.457,411,0.65815,-18.896,-18.2331,2.4438,-13.1926,-29.9191,16.7266,4.0025,-1342.3846,1046.1869,2388.5714,-5120.6897,-1660.2166,-45178.6865,3.0904,12.6262,4.0856,0.0,7.287,class2_2026_04_27_15_41_42.csv,manual_annotation,1,131.46,break
127.628,399,0.63898,-8.323,-11.247,2.9232,-16.3628,-19.0434,2.6806,8.7455,1121.1246,-2757.6745,-3878.7992,647.3354,9574.6912,-2783.6991,2.2783,11.565,5.0761,2.871,9.109,class2_2026_04_27_15_41_42.csv,manual_annotation,2,127.63,connector
177.722,556,0.88978,-49.9,-37.2193,14.1811,-40.7307,-38.2256,-2.5051,28.822,2010.542,-965.6072,-2976.1492,0.0,45175.5533,-14735.1113,13.0178,13.3582,1.0262,0.0,28.822,class2_2026_04_27_15_41_42.csv,hard_negative,0,,background
184.422,577,0.923324,-49.9,-43.8117,8.6236,-37.1763,-36.8943,-0.2821,10.342,-1794.2206,2612.4296,4406.6502,-0.0,29601.884,-26783.7022,13.1399,13.2354,1.0073,0.0,18.886,class2_2026_04_27_15_41_42.csv,hard_negative,1,,background
160.811,503,0.805114,-19.711,-34.5512,13.8044,-36.6382,-34.53,-2.1082,6.3905,-493.7629,1528.9023,2022.6652,2539.1865,47318.185,-47318.185,13.3487,13.793,1.0333,0.638,30.189,class2_2026_04_27_15_41_42.csv,hard_negative,2,,background
150.282,470,0.752399,-22.716,-40.3248,13.5647,-42.0963,-35.9631,-6.1332,30.525,-2248.1617,-3118.086,-869.9243,47844.8307,47844.8307,-47844.8307,12.592,14.034,1.1145,0.957,30.525,class2_2026_04_27_15_41_42.csv,hard_negative,3,,background
118.694,371,0.594251,-17.099,-17.2404,0.3777,-17.1301,-17.2372,0.1071,0.3275,-26.818,158.6712,185.4891,-673.9812,793.005,-1728.8386,0.3194,0.3672,1.1495,0.0,1.369,class2_2026_04_27_15_41_42.csv,stable_background,4,,background
20.101,62,0.100637,-14.502,-14.5303,0.1296,-14.4721,-14.63,0.1579,0.165,28.5512,145.7173,117.1661,-65.8307,39.185,-927.8997,0.0708,0.341,4.8183,0.0,0.374,class2_2026_04_27_15_41_42.csv,stable_background,5,,background
66.366,207,0.332267,-10.792,-12.6312,1.2837,-14.3198,-21.0744,6.7547,3.9275,434.5106,-4331.5425,-4766.0531,-228.8401,4628.5266,-2954.5455,0.8922,10.7603,12.0609,1.915,3.893,class3_2026_05_14_13_10_59.csv,manual_annotation,0,66.37,connector
68.6,214,0.343452,-16.521,-16.4656,2.1922,-13.7254,-31.9148,18.1893,3.7795,200.0032,-8421.9028,-8621.9059,-3039.185,-2153.605,-3039.185,1.4444,14.4232,9.9853,0.0,6.644,class3_2026_05_14_13_10_59.csv,manual_annotation,1,68.6,break
99.55,311,0.498405,-49.9,-32.1467,12.6429,-38.0149,-39.0886,1.0737,29.815,4696.1548,-5819.9536,-10516.1084,4054.8589,6817.8588,-43727.2743,13.3446,13.5708,1.017,0.0,29.815,class3_2026_05_14_13_10_59.csv,hard_negative,0,,background
181.87,569,0.910547,-22.574,-34.7013,13.629,-32.8784,-38.2583,5.3798,5.3165,-1067.7928,592.415,1660.2078,-267.692,840.1238,-42830.7257,13.653,13.1011,0.9596,0.639,28.643,class3_2026_05_14_13_10_59.csv,hard_negative,1,,background
92.849,290,0.464856,-49.9,-37.4876,13.9074,-34.4576,-37.9668,3.5092,17.2165,-2844.581,-2297.1091,547.4718,45492.1677,45492.1677,-45492.1677,13.8641,13.379,0.965,0.0,29.442,class3_2026_05_14_13_10_59.csv,hard_negative,2,,background
125.713,393,0.629393,-49.9,-39.9438,14.1547,-37.5969,-26.2397,-11.3572,6.0355,-1816.6121,5835.9343,7652.5464,0.0,2056.4263,-0.0,13.7826,14.8258,1.0757,0.0,33.338,class3_2026_05_14_13_10_59.csv,stable_background,3,,background
133.052,416,0.666136,-19.774,-22.025,9.9666,-11.6674,-31.3219,19.6545,2.625,-2539.1521,-1271.1485,1268.0036,-2808.7774,-905.9545,-47974.9248,4.05,13.2554,3.2729,0.0,33.993,class3_2026_05_14_13_47_50.csv,manual_annotation,0,133.05,break
68.919,215,0.345049,-15.707,-15.7782,1.6402,-13.2427,-18.8741,5.6314,3.013,107.2543,-374.3754,-481.6297,-2078.3683,-1421.6301,-2376.1755,1.7044,1.313,0.7704,0.0,4.936,class3_2026_05_14_13_47_50.csv,manual_annotation,1,68.92,bend
35.736,111,0.178915,-10.863,-12.4121,1.1554,-14.1403,-13.8087,-0.3316,3.506,416.1325,-622.2957,-1038.4282,-289.9687,4357.3668,-1873.0408,0.8701,0.9467,1.088,2.233,3.615,class3_2026_05_14_13_47_50.csv,manual_annotation,2,35.74,connector
66.366,207,0.332267,-9.907,-11.9507,1.5224,-14.1114,-16.1071,1.9957,4.669,540.0412,-2005.7648,-2545.806,-115.9875,5625.3918,-2633.2524,1.0913,2.8463,2.6081,2.234,4.589,class3_2026_05_14_13_47_50.csv,manual_annotation,3,66.37,connector
127.628,399,0.63898,-5.733,-9.1213,3.9027,-18.3552,-13.1732,-5.1819,12.0015,2483.202,-2609.093,-5092.295,518.8088,15082.8911,-2783.6991,4.292,4.2203,0.9833,3.509,12.624,class3_2026_05_14_13_47_50.csv,manual_annotation,4,127.63,connector
150.601,471,0.753997,-49.9,-34.5932,13.8421,-40.8238,-34.3611,-6.4627,31.421,-806.9189,-2905.9607,-2099.0418,-44200.6285,44200.6285,-44200.6285,12.87,13.9846,1.0866,0.0,31.421,class3_2026_05_14_13_47_50.csv,hard_negative,0,,background
146.453,458,0.733229,-20.545,-37.7059,13.6801,-36.1112,-39.1838,3.0726,29.355,-4338.3509,2394.427,6732.7779,-5242.9483,46010.9749,-46010.9749,13.8184,13.5279,0.979,1.276,29.355,class3_2026_05_14_13_47_50.csv,hard_negative,1,,background
180.593,565,0.904154,-23.884,-35.6596,12.7429,-33.7671,-36.8554,3.0883,2.727,1359.8536,4175.5487,2815.6951,-39579.9389,39960.8166,-40777.431,12.9514,13.3269,1.029,1.276,26.419,class3_2026_05_14_13_47_50.csv,hard_negative,2,,background
143.262,448,0.717253,-49.9,-37.4838,13.9166,-30.0408,-43.8029,13.7621,29.545,3361.6303,1256.6596,-2104.9706,-41832.2915,4401.2555,-41832.2915,12.3616,11.4345,0.925,0.0,29.545,class3_2026_05_14_13_47_50.csv,hard_negative,3,,background
187.932,588,0.940897,-49.9,-31.3867,13.1307,-33.7473,-38.6848,4.9375,21.607,3396.1872,-3803.8401,-7200.0274,44789.9734,44789.9734,-44789.9734,13.1886,14.0839,1.0679,0.0,29.318,class3_2026_05_14_13_47_50.csv,hard_negative,4,,background
177.403,555,0.888183,-24.353,-31.9477,12.8329,-38.1243,-35.9947,-2.1296,21.348,1131.2472,-3084.0482,-4215.2954,-250.2645,44504.7038,-10434.1677,13.27,12.731,0.9594,0.639,29.059,class3_2026_05_14_13_47_50.csv,hard_negative,5,,background
187.294,586,0.937703,-20.824,-28.161,11.6627,-33.8949,-40.3521,6.4572,29.318,5920.8531,-2530.0864,-8450.9394,-41373.0439,3420.0658,-45573.6724,13.0573,13.5253,1.0358,2.553,29.318,class3_2026_05_14_13_47_50.csv,hard_negative,6,,background
161.449,505,0.808308,-49.9,-37.3424,14.0537,-36.0828,-39.2122,3.1294,29.242,-166.9669,-1918.4098,-1751.4429,-0.0,43940.4436,-0.0,13.8823,13.4737,0.9706,0.0,29.242,class3_2026_05_14_13_47_50.csv,hard_negative,7,,background
101.145,316,0.506391,-22.258,-20.0611,1.2609,-19.3376,-20.2984,0.9608,1.1745,-344.9517,218.3231,563.2748,3031.348,3031.348,-18242.9467,1.0227,3.0271,2.9599,0.0,4.221,class3_2026_05_14_13_47_50.csv,stable_background,8,,background
92.849,290,0.464856,-19.412,-19.7626,0.9187,-19.1816,-19.5217,0.3401,0.648,-48.982,502.7974,551.7795,-805.6426,2851.0972,-3653.6034,0.6288,1.0327,1.6423,0.0,3.093,class3_2026_05_14_13_47_50.csv,stable_background,9,,background
131.776,412,0.659748,-16.75,-16.3762,2.1565,-10.8171,-32.2039,21.3869,3.0835,-2060.0713,-6427.6656,-4367.5943,-2587.7743,-1904.8367,-3721.0,3.1678,14.3298,4.5236,0.0,6.69,class1_2026_04_27_14_47_43.csv,manual_annotation,0,131.78,break
127.628,399,0.63898,-5.899,-8.7711,2.8531,-13.8958,-13.4823,-0.4135,8.799,1165.6704,-2616.7156,-3782.3861,630.094,9496.8652,-2791.5361,2.2483,4.4356,1.9728,2.871,8.823,class1_2026_04_27_14_47_43.csv,manual_annotation,1,127.63,connector
159.216,498,0.797128,-49.9,-43.7597,11.5018,-33.2428,-34.6416,1.3988,3.096,-2404.2976,3053.5939,5457.8915,0.0,41404.3934,-45214.7382,13.3431,13.7578,1.0311,0.0,28.847,class1_2026_04_27_14_47_43.csv,hard_negative,0,,background
166.235,520,0.832269,-25.551,-41.5312,11.8962,-34.9654,-36.2408,1.2754,5.79,-2039.2316,5419.0403,7458.2719,0.0,2084.6395,-38164.5784,13.5004,13.7076,1.0154,0.0,27.951,class1_2026_04_27_14_47_43.csv,hard_negative,1,,background
182.508,571,0.913742,-22.732,-31.4674,13.1248,-33.0002,-36.7332,3.7331,8.375,4008.5766,3461.1968,-547.3798,-37981.1959,871.4718,-42583.0752,12.4344,13.2597,1.0664,0.638,29.875,class1_2026_04_27_14_47_43.csv,hard_negative,2,,background
75.3,235,0.376996,-14.678,-14.6502,0.0755,-14.6438,-14.7218,0.0779,0.1765,41.9482,-26.0918,-68.04,-136.3636,-109.7179,-175.5486,0.1048,0.1088,1.0381,0.0,0.235,class1_2026_04_27_14_47_43.csv,stable_background,3,,background
79.767,249,0.39936,-15.344,-15.5046,0.7848,-14.7531,-16.5317,1.7786,1.029,16.9631,-120.1852,-137.1484,-1501.5674,286.8339,-1501.5674,0.133,0.2465,1.8528,0.0,2.273,class2_2026_04_27_15_36_21.csv,manual_annotation,0,79.77,bend
131.457,411,0.65815,-17.744,-17.792,2.3636,-12.7918,-31.1509,18.3592,3.977,-1392.1969,-2612.5172,-1220.3203,-5600.3135,-2440.4389,-5600.3135,3.1342,13.4468,4.2904,0.0,6.895,class2_2026_04_27_15_36_21.csv,manual_annotation,1,131.46,break
127.628,399,0.63898,-7.897,-10.7837,2.8864,-15.9843,-17.1064,1.1221,8.729,1242.331,-2812.3787,-4054.7097,694.3574,9634.7962,-2816.6144,2.2954,8.9786,3.9115,2.871,8.889,class2_2026_04_27_15_36_21.csv,manual_annotation,2,127.63,connector
117.737,368,0.58946,-17.301,-17.2702,0.3325,-16.8731,-16.9847,0.1117,0.158,-51.3765,129.2582,180.6347,576.8025,778.9969,-504.6991,0.3331,0.4259,1.2786,0.0,1.049,class2_2026_04_27_15_36_21.csv,hard_negative,0,,background
183.465,574,0.918533,-21.81,-40.7032,13.0132,-39.0628,-36.2776,-2.7852,28.132,-371.0247,2382.1373,2753.162,44094.047,44094.047,-44094.047,13.644,13.7149,1.0052,0.957,28.132,class2_2026_04_27_15_36_21.csv,hard_negative,1,,background
181.55,568,0.908945,-49.9,-40.3793,13.4972,-39.0888,-37.5564,-1.5324,30.545,-489.4496,-1599.0844,-1109.6349,2766.6945,44815.0486,-47876.1787,13.5945,13.8484,1.0187,0.0,30.545,class2_2026_04_27_15_36_21.csv,hard_negative,2,,background
177.083,554,0.886581,-49.9,-37.8259,13.5658,-36.1064,-39.0628,2.9563,28.643,-1512.8118,1008.4127,2521.2245,-43927.5757,44894.9875,-44418.4969,13.8453,13.644,0.9855,0.0,28.643,class2_2026_04_27_15_36_21.csv,hard_negative,3,,background
101.145,316,0.506391,-17.259,-16.7467,0.3214,-16.7076,-16.7268,0.0192,0.5525,13.4253,-10.9188,-24.3441,394.9828,902.8213,-1326.0172,0.2009,0.2159,1.0747,0.0,1.048,class2_2026_04_27_15_36_21.csv,stable_background,4,,background
149.644,468,0.749205,-49.9,-40.661,13.0683,-40.4691,-35.7214,-4.7477,28.054,-1443.9532,-1779.8674,-335.9141,0.0,0.0,-1365.2053,13.352,14.1876,1.0626,0.0,28.054,class2_2026_04_27_15_36_21.csv,stable_background,5,,background
13.082,40,0.065496,-19.038,-19.0852,2.1132,-13.1443,-27.9705,14.8262,1.564,-2009.7412,-37.0703,1972.6709,-329.1552,288.4013,-7681.8166,3.6139,11.8537,3.28,0.0,7.289,class3_2026_05_14_14_33_25.csv,manual_annotation,0,13.08,break
4.786,14,0.023962,-1.355,-3.4151,1.9728,-3.9888,-7.9007,3.9119,4.482,-200.9424,-2630.7111,-2429.7687,3139.4984,6905.9561,-2570.5329,2.3602,4.2753,1.8114,1.914,5.52,class3_2026_05_14_14_33_25.csv,manual_annotation,1,4.79,connector
132.095,413,0.661345,-19.547,-37.1208,14.3034,-39.8953,-37.6376,-2.2577,30.353,-3746.2785,-3141.5224,604.7561,0.0,44786.2826,-43199.0611,12.679,13.7224,1.0823,0.638,30.353,class3_2026_05_14_14_33_25.csv,hard_negative,0,,background
129.542,405,0.648563,-49.9,-41.5943,11.8687,-36.1018,-37.5022,1.4004,16.7055,955.5562,4304.4718,3348.9155,-42197.4937,7987.4608,-42197.4937,12.5293,13.8875,1.1084,0.0,27.08,class3_2026_05_14_14_33_25.csv,hard_negative,1,,background
102.102,319,0.511182,-49.9,-41.7847,11.6239,-42.8722,-38.756,-4.1162,28.799,860.9339,4149.3785,3288.4447,9460.8135,33661.4451,-45139.5016,11.4194,13.9826,1.2245,0.0,28.799,class3_2026_05_14_14_33_25.csv,hard_negative,2,,background
164.64,515,0.824284,-22.471,-34.1288,14.1542,-37.2011,-41.0783,3.8772,30.914,6405.4986,-956.7568,-7362.2554,-48454.5486,45040.7555,-48454.5486,14.2248,12.5917,0.8852,1.595,30.914,class3_2026_05_14_14_33_25.csv,stable_background,3,,background
89.339,279,0.447283,-15.906,-15.5868,0.5145,-14.7565,-16.4936,1.7371,0.947,-127.4021,-250.0738,-122.6717,-504.7022,-482.7586,-699.0611,0.2397,0.3784,1.5783,0.0,1.645,class2_2026_04_27_15_31_49.csv,manual_annotation,0,89.34,bend
127.628,399,0.63898,-7.936,-10.8086,2.8392,-15.9568,-15.5886,-0.3682,8.82,1194.8447,-2850.5926,-4045.4373,606.5831,9584.6395,-2793.1034,2.2571,4.4847,1.9869,2.871,8.733,class2_2026_04_27_15_31_49.csv,manual_annotation,1,127.63,connector
131.776,412,0.659748,-18.286,-18.7679,2.5542,-12.8663,-33.1172,20.2509,3.043,-2099.4296,-6429.5204,-4330.0908,-2304.0752,-2098.112,-7407.5235,3.1692,13.5039,4.2609,0.0,7.706,class2_2026_04_27_15_31_49.csv,manual_annotation,2,131.78,break
153.472,480,0.76837,-49.9,-44.0844,10.9322,-42.2432,-36.5684,-5.6748,28.436,1354.407,2571.2049,1216.7978,0.0,44570.5345,-37467.0878,12.3783,13.5106,1.0915,0.0,28.436,class2_2026_04_27_15_31_49.csv,hard_negative,0,,background
165.597,518,0.829075,-21.351,-35.4117,13.1144,-37.7946,-31.2917,-6.5028,5.031,-854.8735,2476.8941,3331.7676,0.0,9318.1818,-44747.652,13.6194,11.6864,0.8581,0.638,28.549,class2_2026_04_27_15_31_49.csv,hard_negative,1,,background
145.177,454,0.726841,-49.9,-31.8489,12.9304,-33.1247,-42.3331,9.2084,30.151,-858.52,-3243.0474,-2384.5275,41560.2372,41560.2372,-41495.2994,13.4971,12.2314,0.9062,0.0,30.151,class2_2026_04_27_15_31_49.csv,hard_negative,2,,background
171.978,538,0.861022,-49.9,-32.7001,12.3725,-29.8536,-39.8134,9.9598,6.057,1977.6791,-1510.1062,-3487.7853,4128.5266,4128.5266,-6788.0723,10.8725,12.7645,1.174,0.0,29.575,class2_2026_04_27_15_31_49.csv,hard_negative,3,,background
19.782,61,0.09904,-14.476,-14.4308,0.1177,-14.4613,-14.6018,0.1404,0.1855,31.6405,35.4741,3.8337,-163.0094,481.1912,-537.5283,0.0883,0.2863,3.242,0.0,0.422,class2_2026_04_27_15_31_49.csv,stable_background,4,,background
75.619,236,0.378593,-14.706,-14.6652,0.1332,-14.6386,-14.6833,0.0447,0.0875,7.7098,8.6879,0.978,69.5167,105.0157,-579.9373,0.099,0.1317,1.3306,0.0,0.479,class2_2026_04_27_15_31_49.csv,stable_background,5,,background
112.951,353,0.565499,-15.737,-15.7638,0.8766,-14.7903,-17.116,2.3257,1.1855,-53.6162,-192.5258,-138.9096,-1389.2137,1.5674,-1498.4342,0.1867,0.3744,2.006,0.0,2.313,class2_2026_04_27_15_20_26.csv,manual_annotation,0,112.95,bend
131.776,412,0.659748,-18.861,-18.6264,1.8678,-13.319,-26.9235,13.6045,2.813,-2103.7641,-4060.9134,-1957.1493,-2573.6677,-2402.4647,-3021.942,3.2128,10.5594,3.2866,0.0,5.828,class2_2026_04_27_15_20_26.csv,manual_annotation,1,131.78,break
127.947,400,0.640577,-8.74,-10.6938,2.0041,-15.8214,-16.5975,0.7761,8.6865,1653.3219,-2562.7285,-4216.0504,-1949.8433,9525.0784,-3189.6552,2.8697,4.169,1.4527,2.871,6.837,class2_2026_04_27_15_20_26.csv,manual_annotation,2,127.95,connector
157.62,493,0.789138,-49.9,-32.915,12.1719,-31.3101,-32.0679,0.7579,2.6605,-253.9435,711.3644,965.308,-1562.6944,44012.5423,-42010.2473,11.7006,12.6599,1.082,0.0,28.08,class2_2026_04_27_15_20_26.csv,hard_negative,0,,background
57.113,178,0.285941,-14.925,-14.7029,0.1143,-14.6532,-14.5803,-0.0729,0.056,-15.7944,22.6242,38.4186,296.2382,296.2382,-45.4545,0.1083,0.073,0.6738,0.0,0.363,class2_2026_04_27_15_20_26.csv,hard_negative,1,,background
172.936,541,0.865819,-21.398,-34.1309,14.1207,-34.4549,-41.5871,7.1322,29.381,-640.4068,-1371.2949,-730.8881,46051.7288,46051.7288,-46051.7288,13.853,11.8946,0.8586,0.957,29.381,class2_2026_04_27_15_20_26.csv,hard_negative,2,,background
150.282,470,0.752399,-49.9,-35.837,12.6281,-31.1021,-30.9852,-0.1169,2.0145,-2748.1563,425.9645,3174.1207,1840.1254,36354.6113,-0.0,11.9793,11.8309,0.9876,0.0,27.434,class2_2026_04_27_15_20_26.csv,hard_negative,3,,background
36.693,114,0.183707,-14.628,-14.5289,0.1028,-14.5005,-14.5883,0.0878,0.244,14.902,6.2923,-8.6097,-219.4357,180.2508,-219.4357,0.0978,0.0705,0.7208,0.0,0.316,class2_2026_04_27_15_20_26.csv,stable_background,4,,background
141.667,443,0.709268,-19.694,-38.0783,13.3309,-35.2598,-30.7051,-4.5547,4.9025,-6043.758,1409.405,7453.163,43490.5987,47344.8307,-43490.5987,13.2498,12.201,0.9208,0.638,30.206,class2_2026_04_27_15_20_26.csv,stable_background,5,,background
132.095,413,0.661345,-18.308,-20.611,10.5186,-10.9225,-26.8303,15.9078,3.1155,-2476.4813,-1610.8685,865.6127,-1572.1003,-1572.1003,-48065.8354,3.3475,10.6209,3.1728,0.0,35.93,class1_2026_04_27_14_48_32.csv,manual_annotation,0,132.09,break
127.628,399,0.63898,-5.873,-8.7701,2.8841,-13.9058,-15.1294,1.2236,8.8875,1139.8956,-2693.4945,-3833.3901,611.2853,9663.0094,-2708.4639,2.2582,9.3685,4.1487,2.871,8.897,class1_2026_04_27_14_48_32.csv,manual_annotation,1,127.63,connector
141.667,443,0.709268,-49.9,-37.529,13.9045,-34.8459,-33.0623,-1.7837,4.991,-2160.3853,3420.1887,5580.574,0.0,38307.2147,-47150.4718,13.5691,13.5146,0.996,0.0,30.082,class1_2026_04_27_14_48_32.csv,hard_negative,0,,background
169.426,530,0.848245,-22.091,-33.0153,12.2241,-38.5209,-38.5774,0.0566,28.912,-544.2466,3405.5211,3949.7678,33122.2602,44077.527,-45316.616,12.8481,12.7679,0.9938,1.276,28.912,class1_2026_04_27_14_48_32.csv,hard_negative,1,,background
192.718,603,0.964859,-49.9,-37.4844,13.8976,-36.762,-34.9254,-1.8366,9.4455,-301.6527,692.1718,993.8245,-0.0,46291.5408,-43672.4154,13.2218,13.6675,1.0337,0.0,29.534,class1_2026_04_27_14_48_32.csv,hard_negative,2,,background
70.195,219,0.351437,-14.468,-14.5911,0.108,-14.6213,-14.6439,0.0226,0.1775,-20.7633,-15.7592,5.0041,21.9436,456.1129,-384.4004,0.0948,0.1123,1.1841,1.915,0.34,class1_2026_04_27_14_48_32.csv,stable_background,3,,background
44.032,137,0.22045,-15.609,-15.6933,0.8808,-14.6367,-16.7654,2.1287,1.3285,-71.3353,-99.2006,-27.8652,-920.0627,-263.3229,-1343.2571,0.2419,0.3055,1.263,0.0,2.574,class2_2026_04_27_15_42_28.csv,manual_annotation,0,44.03,bend
127.309,398,0.637383,-9.001,-11.7736,3.4105,-16.7231,-17.0062,0.2832,8.6935,575.102,-2702.8618,-3277.9638,4661.442,9874.6082,-2556.4263,1.4477,9.3884,6.4852,2.871,8.963,class2_2026_04_27_15_42_28.csv,manual_annotation,1,127.31,connector
131.776,412,0.659748,-19.566,-22.8227,10.2057,-13.1381,-38.2152,25.0772,3.5305,-2065.9853,-5177.9196,-3111.9344,-4081.5047,-1455.7669,-46540.7539,3.1604,13.2064,4.1787,0.0,34.588,class2_2026_04_27_15_42_28.csv,manual_annotation,2,131.78,break
175.169,548,0.876998,-20.851,-31.5987,12.9674,-34.0166,-34.5899,0.5733,2.9445,-1413.2517,2685.2756,4098.5273,-2793.1034,45531.3511,-45531.3511,13.2556,13.7083,1.0341,0.957,29.049,class2_2026_04_27_15_42_28.csv,hard_negative,0,,background
178.36,558,0.892974,-22.208,-31.3508,13.1253,-34.4298,-35.8383,1.4086,2.531,-563.7068,-2176.1527,-1612.446,0.0,44791.4199,-1158.3088,13.8559,14.08,1.0162,0.638,28.707,class2_2026_04_27_15_42_28.csv,hard_negative,1,,background
177.403,555,0.888183,-21.9,-34.504,13.7841,-35.9992,-35.9683,-0.0309,15.641,130.2843,-1820.1647,-1950.449,44791.4199,44791.4199,-43887.1505,13.9188,13.9421,1.0017,0.958,28.707,class2_2026_04_27_15_42_28.csv,hard_negative,2,,background
164.64,515,0.824284,-49.9,-38.508,12.7978,-34.7543,-38.2251,3.4708,5.6485,1431.2203,-159.7259,-1590.9462,-0.0,-0.0,-4876.1755,12.2234,13.104,1.072,0.0,26.964,class2_2026_04_27_15_42_28.csv,hard_negative,3,,background
20.101,62,0.100637,-14.504,-14.5098,0.2391,-14.4844,-14.6812,0.1967,0.3395,47.896,143.4653,95.5693,-152.0376,664.5768,-1037.6176,0.1305,0.3859,2.9569,0.0,0.818,class2_2026_04_27_15_42_28.csv,stable_background,4,,background
83.915,262,0.420127,-16.877,-16.9514,0.2715,-16.9478,-17.0482,0.1004,0.4155,-32.8572,38.7817,71.6389,413.7931,413.7931,-717.9208,0.3139,0.3189,1.0162,0.0,0.9,class2_2026_04_27_15_42_28.csv,stable_background,5,,background
44.67,139,0.223644,-15.711,-15.8637,0.8867,-14.7036,-16.9372,2.2336,1.3025,-82.5522,-63.6601,18.8921,-1774.2947,-283.1438,-1774.2947,0.233,0.2769,1.1887,0.0,2.283,class2_2026_04_27_15_43_11.csv,manual_annotation,0,44.67,bend
131.457,411,0.65815,-17.861,-18.3396,2.4087,-13.3049,-30.5707,17.2658,3.1095,-1400.6236,-2687.1031,-1286.4795,-3087.7727,-1926.3599,-44145.7696,3.1304,13.7317,4.3866,0.0,7.041,class2_2026_04_27_15_43_11.csv,manual_annotation,1,131.46,break
127.628,399,0.63898,-8.4,-11.2556,2.8054,-16.3702,-19.1232,2.7531,8.6895,1146.1387,-2781.3349,-3927.4736,594.0439,10017.2414,-2815.047,2.2465,11.5396,5.1366,2.871,8.394,class2_2026_04_27_15_43_11.csv,manual_annotation,2,127.63,connector
185.379,580,0.928115,-49.9,-37.6162,13.7836,-35.7507,-32.0818,-3.6689,5.506,-4660.521,-2118.2919,2542.2291,40333.8589,47528.2163,-40122.3514,14.2392,12.7843,0.8978,0.0,30.323,class2_2026_04_27_15_43_11.csv,hard_negative,0,,background
156.663,490,0.784346,-49.9,-34.5492,13.7531,-28.6974,-24.1181,-4.5793,1.9185,-1.0841,2276.3276,2277.4117,0.0,3877.7445,-3717.8683,11.4777,6.4524,0.5622,0.0,29.188,class2_2026_04_27_15_43_11.csv,hard_negative,1,,background
146.772,459,0.734826,-23.067,-41.0667,12.4961,-38.1483,-39.4716,1.3233,26.931,-4148.8821,5087.4031,9236.2852,-1873.0408,42211.6019,-42057.9984,13.3111,13.1805,0.9902,1.276,26.931,class2_2026_04_27_15_43_11.csv,hard_negative,2,,background
147.41,461,0.73802,-49.9,-41.0667,12.4961,-36.2865,-37.6408,1.3543,26.931,-1378.0822,5480.9127,6858.9949,-40338.5611,42211.6019,-40338.5611,13.6595,13.823,1.012,0.0,26.931,class2_2026_04_27_15_43_11.csv,hard_negative,3,,background
88.382,276,0.442492,-17.275,-17.259,0.2968,-17.2527,-17.1069,-0.1457,0.398,-18.7693,-22.2192,-3.4499,304.0752,866.7712,-1119.1238,0.3577,0.3432,0.9596,0.0,1.018,class2_2026_04_27_15_43_11.csv,stable_background,4,,background
97.954,306,0.490415,-16.872,-17.0559,0.3881,-17.1493,-17.2796,0.1303,0.6845,126.7546,16.0959,-110.6587,-1898.1207,998.4342,-1898.1207,0.441,0.3074,0.6971,0.0,1.223,class2_2026_04_27_15_43_11.csv,stable_background,5,,background
64.452,201,0.322684,-15.315,-15.3697,0.5457,-14.6202,-16.2677,1.6475,0.911,-88.5535,-95.21,-6.6565,-642.6332,-64.2633,-927.8997,0.1831,0.2629,1.436,0.0,1.524,class2_2026_04_27_15_54_38.csv,manual_annotation,0,64.45,bend
127.628,399,0.63898,-7.698,-10.6198,2.8988,-15.7674,-16.8808,1.1134,8.913,1115.96,-2571.6938,-3687.6538,608.1505,9628.5266,-2764.8903,2.2702,9.0574,3.9898,2.871,8.99,class2_2026_04_27_15_54_38.csv,manual_annotation,1,127.63,connector
131.776,412,0.659748,-18.735,-21.1819,10.263,-12.6695,-30.9752,18.3057,2.6635,-2085.5925,-2640.8962,-555.3036,-1308.7759,-1308.7759,-47615.9906,3.1988,13.4925,4.218,0.0,34.889,class2_2026_04_27_15_54_38.csv,manual_annotation,2,131.78,break
145.496,455,0.728438,-22.419,-27.0949,8.6572,-37.3878,-40.8213,3.4334,28.959,-507.7159,-6963.7371,-6456.0212,-2358.9326,42857.3879,-42830.7257,12.7379,12.8466,1.0085,2.234,28.959,class2_2026_04_27_15_54_38.csv,hard_negative,0,,background
169.426,530,0.848245,-49.9,-36.993,14.4458,-36.6813,-38.9952,2.3139,30.509,4314.8996,1908.3154,-2406.5842,-47819.7508,47819.7508,-47819.7508,13.4067,13.6864,1.0209,0.0,30.509,class2_2026_04_27_15_54_38.csv,hard_negative,1,,background
155.387,486,0.777958,-24.244,-34.2474,14.0346,-34.469,-35.8328,1.3638,3.8715,-733.8156,1403.1801,2136.9957,0.0,45768.0266,-45467.0878,13.8523,14.0969,1.0177,0.0,29.2,class2_2026_04_27_15_54_38.csv,hard_negative,2,,background
168.15,526,0.841857,-21.914,-34.5172,13.8385,-37.1492,-38.8044,1.6553,30.509,-409.8524,-274.0255,135.8268,-274.1575,42862.0705,-47819.7508,12.9171,13.9312,1.0785,0.639,30.509,class2_2026_04_27_15_54_38.csv,hard_negative,3,,background
108.484,339,0.543134,-16.823,-16.6497,0.2882,-16.645,-16.5606,-0.0844,0.3775,15.2595,63.6172,48.3577,-863.6379,238.6893,-863.6379,0.2526,0.2761,1.0931,0.0,0.928,class2_2026_04_27_15_54_38.csv,stable_background,4,,background
191.442,599,0.95847,-21.615,-28.6301,11.4685,-34.613,-34.6691,0.0561,3.7885,787.6725,-2290.5942,-3078.2667,-3799.373,45604.993,-5736.6771,13.6914,13.6697,0.9984,1.277,29.325,class2_2026_04_27_15_54_38.csv,stable_background,5,,background
15.634,48,0.078273,-14.664,-14.8656,0.5708,-14.3012,-16.1492,1.8479,0.29,-48.718,-299.2373,-250.5193,-401.2539,-111.2853,-1491.2409,0.1204,0.5888,4.8911,0.0,1.626,class2_2026_04_27_16_02_47.csv,manual_annotation,0,15.63,bend
127.628,399,0.63898,-8.061,-10.9958,2.9676,-16.0117,-15.4378,-0.5738,8.731,1119.4349,-2675.5059,-3794.9408,556.4263,10028.8172,-2774.2947,2.2509,4.0944,1.819,2.871,9.33,class2_2026_04_27_16_02_47.csv,manual_annotation,1,127.63,connector
131.457,411,0.65815,-18.246,-17.6633,2.0893,-12.9906,-31.8508,18.8603,3.585,-1425.4178,-5942.7884,-4517.3706,-2061.1301,-2061.1301,-4539.1834,3.1614,14.4277,4.5637,0.0,6.969,class2_2026_04_27_16_02_47.csv,manual_annotation,2,131.46,break
157.62,493,0.789138,-49.9,-36.9503,14.5105,-31.4572,-37.6862,6.229,5.2135,2425.0344,1409.3648,-1015.6696,-48253.9216,47329.1567,-48253.9216,13.3401,13.6795,1.0254,0.0,30.786,class2_2026_04_27_16_02_47.csv,hard_negative,0,,background
166.873,522,0.835464,-49.9,-34.567,13.8178,-36.6933,-37.9941,1.3008,30.497,1320.172,-4168.6488,-5488.8208,0.0,37774.2994,-41191.1987,13.3027,13.4222,1.009,0.0,30.497,class2_2026_04_27_16_02_47.csv,hard_negative,1,,background
152.515,477,0.763579,-24.384,-32.3378,12.8996,-36.2164,-35.9751,-0.2414,21.7625,6053.9307,2425.0344,-3628.8963,-46194.3621,46194.3621,-46194.3621,13.836,14.1859,1.0253,1.276,30.564,class2_2026_04_27_16_02_47.csv,hard_negative,2,,background
29.354,91,0.146963,-16.054,-16.1836,0.2495,-16.0364,-16.4397,0.4033,0.6025,-95.5108,-104.869,-9.3582,-615.9875,434.1661,-780.5643,0.2483,0.2947,1.1869,0.0,0.987,class2_2026_04_27_16_02_47.csv,hard_negative,3,,background
100.507,314,0.503197,-16.704,-16.866,0.3311,-16.7739,-16.8201,0.0462,0.451,-12.3796,86.028,98.4076,686.5188,686.5188,-874.6066,0.2372,0.3319,1.3988,0.0,1.03,class2_2026_04_27_16_02_47.csv,stable_background,4,,background
183.146,573,0.916936,-49.9,-43.854,11.311,-31.7258,-39.2226,7.4967,3.548,-1953.0046,-689.9409,1263.0637,42630.0972,42630.0972,-42630.0972,12.9564,13.4388,1.0372,0.0,27.216,class2_2026_04_27_16_02_47.csv,stable_background,5,,background
103.059,322,0.515974,-16.302,-15.942,0.8691,-14.7998,-17.193,2.3932,1.593,-116.1576,-225.4035,-109.246,-263.3229,-263.3229,-1180.2508,0.3227,0.3996,1.2383,0.0,2.781,class2_2026_04_27_15_26_28.csv,manual_annotation,0,103.06,bend
127.628,399,0.63898,-8.324,-11.1832,2.8521,-16.3727,-17.3987,1.026,8.6915,1201.0274,-2925.9748,-4127.0022,710.0313,9967.0846,-2789.9687,2.2811,8.9137,3.9076,2.871,8.579,class2_2026_04_27_15_26_28.csv,manual_annotation,1,127.63,connector
131.138,410,0.656553,-17.247,-17.5436,2.9524,-13.2179,-28.8979,15.68,4.0965,-612.9906,-6256.0226,-5643.032,-2759.1556,-1934.1693,-8485.8918,3.1511,13.119,4.1633,0.0,10.386,class2_2026_04_27_15_26_28.csv,manual_annotation,2,131.14,break
156.663,490,0.784346,-20.447,-34.5703,13.8085,-35.9477,-33.4778,-2.4699,4.974,3722.598,2079.908,-1642.69,-36967.0862,42269.5972,-46164.5784,14.0051,13.1698,0.9404,0.638,29.453,class2_2026_04_27_15_26_28.csv,hard_negative,0,,background
143.581,449,0.71885,-49.9,-40.2742,13.6432,-34.6351,-39.4474,4.8123,30.321,1837.4194,-23.1781,-1860.5975,-41833.8605,46427.9044,-47525.0815,13.7072,13.1901,0.9623,0.0,30.321,class2_2026_04_27_15_26_28.csv,hard_negative,1,,background
171.659,537,0.859425,-27.237,-41.0176,12.6694,-38.3109,-34.7335,-3.5774,18.446,738.8268,-158.9154,-897.7422,-0.0,45775.8652,-43796.9808,13.0986,13.6403,1.0414,0.638,29.205,class2_2026_04_27_15_26_28.csv,hard_negative,2,,background
189.208,592,0.947286,-49.9,-31.0166,13.3857,-34.6571,-37.0368,2.3797,8.5945,1672.4706,-3510.193,-5182.6636,-44758.6238,44758.6238,-44758.6238,13.6958,13.0433,0.9524,0.0,29.804,class2_2026_04_27_15_26_28.csv,hard_negative,3,,background
40.522,126,0.202877,-14.75,-14.6244,0.1153,-14.5903,-14.5773,-0.013,0.0945,-11.2804,6.8817,18.1621,-362.069,442.0063,-362.069,0.1112,0.0906,0.8145,0.0,0.318,class2_2026_04_27_15_26_28.csv,stable_background,4,,background
113.589,355,0.568693,-17.216,-17.4686,0.4458,-17.3799,-17.3484,-0.0315,0.342,18.0109,82.3069,64.296,-2057.9937,1748.0606,-2057.9937,0.3221,0.3565,1.1067,0.0,1.313,class2_2026_04_27_15_26_28.csv,stable_background,5,,background
56.794,177,0.284344,-15.279,-15.3933,0.7404,-14.6336,-16.6686,2.0349,0.817,-9.4963,-183.9166,-174.4203,-1570.5329,86.2069,-1570.5329,0.1285,0.3826,2.9779,0.0,1.915,class2_2026_04_27_15_49_56.csv,manual_annotation,0,56.79,bend
127.628,399,0.63898,-8.115,-11.0293,2.9081,-16.1134,-15.2814,-0.832,8.7455,1186.5836,-2637.2694,-3823.853,636.3636,9564.2633,-2821.3166,2.2626,3.8172,1.6871,2.871,9.042,class2_2026_04_27_15_49_56.csv,manual_annotation,1,127.63,connector
131.138,410,0.656553,-17.01,-17.0158,2.1287,-13.0173,-30.0493,17.0319,3.8485,-619.6259,-5327.7659,-4708.14,-2295.8404,-2054.8589,-3456.1129,3.1138,14.0895,4.5249,0.0,6.155,class2_2026_04_27_15_49_56.csv,manual_annotation,2,131.14,break
142.624,446,0.714059,-27.107,-41.9186,11.3427,-39.5535,-37.6293,-1.9242,26.671,-2357.0791,2755.9384,5113.0175,41804.0784,41804.0784,-41804.0784,13.0811,13.7421,1.0505,0.957,26.671,class2_2026_04_27_15_49_56.csv,hard_negative,0,,background
183.146,573,0.916936,-49.9,-41.119,12.4964,-32.8179,-39.4193,6.6014,17.388,1374.2038,1954.6037,580.3999,-36247.652,45377.7476,-36247.652,13.7272,13.184,0.9604,0.0,28.951,class2_2026_04_27_15_49_56.csv,hard_negative,1,,background
179.955,563,0.90096,-49.9,-33.8942,14.3917,-33.2377,-35.754,2.5163,6.526,-157.5692,-2852.059,-2694.4898,-0.0,39282.1364,-47318.185,13.4252,14.2277,1.0598,0.0,30.62,class2_2026_04_27_15_49_56.csv,hard_negative,2,,background
189.846,594,0.95048,-49.9,-35.2534,13.2063,-37.821,-36.4432,-1.3778,28.863,1237.2911,-4658.6094,-5895.9005,-3553.2915,7086.2069,-4810.3464,13.5552,13.4991,0.9959,0.0,28.863,class2_2026_04_27_15_49_56.csv,hard_negative,3,,background
159.535,499,0.798725,-49.9,-38.4214,12.8697,-37.541,-35.1456,-2.3954,15.894,1104.9568,2779.7357,1674.7789,-0.0,43747.5247,-37564.2665,13.8399,13.2662,0.9585,0.0,27.877,class2_2026_04_27_15_49_56.csv,stable_background,4,,background
42.436,132,0.212459,-14.558,-14.5856,0.0775,-14.5931,-14.6152,0.0221,0.0835,-10.7816,-4.8946,5.887,340.1254,340.1254,-114.4201,0.1237,0.0658,0.5322,0.0,0.271,class2_2026_04_27_15_49_56.csv,stable_background,5,,background
89.02,278,0.445686,-16.448,-16.294,0.9784,-14.8689,-17.6401,2.7711,1.567,-179.0586,-223.4418,-44.3832,-1250.7853,-863.6364,-1886.6067,0.3699,0.5317,1.4375,0.0,3.23,class2_2026_04_27_15_31_02.csv,manual_annotation,0,89.02,bend
131.138,410,0.656553,-17.53,-18.0317,2.8067,-13.6827,-32.5782,18.8955,3.79,-632.1338,-4455.8307,-3823.6968,-2565.7464,-2118.3388,-46090.9138,3.0273,13.8733,4.5827,0.0,9.513,class2_2026_04_27_15_31_02.csv,manual_annotation,1,131.14,break
127.628,399,0.63898,-8.87,-11.7114,2.7563,-16.8146,-18.0048,1.1903,8.4415,1220.6029,-2883.735,-4104.3379,623.8245,9927.8997,-2706.8966,2.2765,8.7969,3.8642,2.871,8.201,class2_2026_04_27_15_31_02.csv,manual_annotation,2,127.63,connector
190.484,596,0.953674,-21.271,-43.9518,11.1627,-36.2321,-39.2705,3.0384,28.629,-2203.8771,5198.2358,7402.1129,0.0,44873.0439,-44943.2677,13.7726,13.3892,0.9722,0.638,28.629,class2_2026_04_27_15_31_02.csv,hard_negative,0,,background
156.982,491,0.785944,-23.512,-40.8249,12.8429,-36.1886,-35.5986,-0.5901,16.4195,-4806.4366,715.9374,5522.3741,42233.5455,42233.5455,-42233.5455,13.7898,14.3362,1.0396,0.957,28.343,class2_2026_04_27_15_31_02.csv,hard_negative,1,,background
109.441,342,0.547926,-17.644,-18.2212,1.1158,-17.8144,-17.9774,0.163,0.1875,-129.7309,173.822,303.5529,-5315.0486,598.7461,-5315.0486,0.2892,0.9068,3.1357,0.638,3.75,class2_2026_04_27_15_31_02.csv,hard_negative,2,,background
152.834,478,0.765176,-19.428,-31.1416,13.3746,-35.1306,-37.9298,2.7992,19.825,1423.6882,-2095.9367,-3519.6249,0.0,44249.2179,-10384.0125,13.3193,13.4235,1.0078,0.638,30.472,class2_2026_04_27_15_31_02.csv,hard_negative,3,,background
53.923,168,0.26997,-14.61,-14.6051,0.1115,-14.6533,-14.6137,-0.0396,0.1925,-13.1779,-43.2346,-30.0568,615.9875,615.9875,-405.9561,0.082,0.1153,1.4059,0.0,0.393,class2_2026_04_27_15_31_02.csv,stable_background,4,,background
69.876,218,0.34984,-14.667,-14.6771,0.0699,-14.6156,-14.6935,0.0779,0.0555,-3.4498,18.4094,21.8592,-18.8088,51.7241,-504.2308,0.1178,0.1189,1.0086,0.0,0.263,class2_2026_04_27_15_31_02.csv,stable_background,5,,background
16.911,52,0.084666,-14.588,-14.5997,0.2286,-14.3984,-15.9988,1.6003,0.228,-31.3396,-605.7691,-574.4295,-203.7618,297.6839,-956.1129,0.1055,1.2795,12.1294,0.0,0.788,class2_2026_04_27_16_02_21.csv,manual_annotation,0,16.91,bend
127.947,400,0.640577,-8.104,-9.9768,1.9333,-15.0532,-19.6195,4.5663,8.5935,1595.2124,-2716.6891,-4311.9016,-1995.2978,9458.083,-3277.4295,2.8328,11.7037,4.1316,2.871,6.627,class2_2026_04_27_16_02_21.csv,manual_annotation,1,127.95,connector
131.776,412,0.659748,-18.797,-21.5433,10.2096,-12.6418,-34.9981,22.3562,3.2525,-2118.2303,-905.5018,1212.7285,-4007.8386,-2452.1538,-48822.8887,3.2152,13.5469,4.2133,0.0,34.999,class2_2026_04_27_16_02_21.csv,manual_annotation,2,131.78,break
185.379,580,0.928115,-22.836,-33.9718,14.2695,-35.8317,-39.1435,3.3118,29.888,1005.0188,-1355.1483,-2360.1672,-46846.3997,46846.3997,-46846.3997,14.0976,13.5126,0.9585,1.276,29.888,class2_2026_04_27_16_02_21.csv,hard_negative,0,,background
162.725,509,0.814696,-49.9,-34.0802,14.1771,-34.1909,-38.911,4.7201,29.678,4695.126,1740.528,-2954.598,-46517.2445,3970.2179,-46517.2445,14.0695,13.7827,0.9796,0.0,29.678,class2_2026_04_27_16_02_21.csv,hard_negative,1,,background
194.632,609,0.974441,-20.716,-37.5804,13.7992,-39.6243,-35.8988,-3.7255,29.184,2957.6936,4031.4469,1073.7533,0.0,4739.8119,-44779.8169,12.9396,14.0521,1.086,0.638,29.184,class2_2026_04_27_16_02_21.csv,hard_negative,2,,background
155.387,486,0.777958,-20.027,-35.2224,13.4558,-36.2233,-37.5578,1.3345,29.873,-2960.7317,-1946.9879,1013.7437,567.4013,44625.3934,-46822.8871,13.8774,13.8142,0.9954,1.595,29.873,class2_2026_04_27_16_02_21.csv,hard_negative,3,,background
91.254,285,0.456871,-15.898,-16.0642,0.1347,-16.1186,-16.0934,-0.0252,0.241,-16.8354,-30.0788,-13.2434,283.6991,885.3984,-446.71,0.1708,0.1826,1.0688,0.957,0.405,class2_2026_04_27_16_02_21.csv,stable_background,4,,background
80.086,250,0.400957,-16.079,-16.0512,0.1963,-16.1069,-15.9637,-0.1432,0.31,12.0212,30.0921,18.0709,553.2915,553.2915,-247.6505,0.2077,0.1676,0.807,0.0,0.693,class2_2026_04_27_16_02_21.csv,stable_background,5,,background
100.188,313,0.5016,-17.614,-20.8728,10.3899,-13.6688,-33.7417,20.0728,2.718,-539.1832,-3530.0401,-2990.8568,-1366.7712,-1366.7712,-48227.2743,2.2051,14.5039,6.5773,0.0,35.161,class3_2026_05_22_11_10_02.csv,manual_annotation,0,100.19,break
35.417,110,0.177318,-7.273,-9.9031,2.841,-14.0697,-12.0605,-2.0092,7.516,609.4514,-1832.5218,-2441.9732,3133.2288,8751.8582,-2412.2257,1.3801,2.6271,1.9035,2.552,7.639,class3_2026_05_22_11_10_02.csv,manual_annotation,1,35.42,connector
66.047,206,0.33067,-8.095,-10.5887,2.8222,-14.6562,-12.4697,-2.1865,7.394,534.3731,-1734.7735,-2269.1466,3733.5423,8109.7179,-2438.8848,1.2326,2.5174,2.0423,2.553,7.548,class3_2026_05_22_11_10_02.csv,manual_annotation,2,66.05,connector
96.678,302,0.484026,-10.212,-12.3082,2.156,-15.0617,-19.3399,4.2782,5.6075,290.3495,-4775.5802,-5065.9296,3551.7241,7010.9718,-2753.9185,0.7716,11.3061,14.6529,2.233,5.741,class3_2026_05_22_11_10_02.csv,manual_annotation,3,96.68,connector
74.024,231,0.370607,-14.942,-15.2107,0.1682,-14.4229,-15.3639,0.9411,0.2445,-303.9113,-17.8524,286.0588,-479.6238,695.9248,-509.4044,0.9899,0.1483,0.1498,0.638,0.526,class3_2026_05_22_11_10_02.csv,manual_annotation,4,74.02,bend
177.403,555,0.888183,-22.312,-35.6916,12.9033,-35.2674,-36.9635,1.6961,8.417,-416.6705,1714.2106,2130.8811,4111.5607,43293.4768,-44869.9075,13.2285,13.0951,0.9899,1.277,28.627,class3_2026_05_22_11_10_02.csv,hard_negative,0,,background
181.231,567,0.907348,-20.489,-30.0621,10.9428,-35.2418,-33.8889,-1.3529,6.1165,941.3762,549.2422,-392.134,35711.6034,40271.1614,-35777.4921,13.2432,12.9479,0.9777,0.638,29.411,class3_2026_05_22_11_10_02.csv,hard_negative,1,,background
115.822,362,0.579873,-23.675,-31.7146,12.9158,-36.2498,-36.2975,0.0477,17.4745,5920.3795,3290.5074,-2629.8722,-44554.8605,39901.2555,-44554.8605,13.7019,13.6461,0.9959,1.914,29.681,class3_2026_05_22_11_10_02.csv,hard_negative,2,,background
124.756,390,0.624601,-49.9,-37.6601,13.71,-38.023,-37.8322,-0.1908,28.834,-1851.4131,-1088.5789,762.8342,0.0,45026.6489,-45194.3605,13.3205,13.5245,1.0153,0.0,28.834,class3_2026_05_22_11_10_02.csv,hard_negative,3,,background
130.18,407,0.651757,-49.9,-37.1434,14.2751,-37.8322,-37.1048,-0.7274,30.083,-3519.8926,794.8075,4314.7002,0.0,0.0,-0.0,13.5245,14.3285,1.0594,0.0,30.083,class3_2026_05_22_11_10_02.csv,hard_negative,4,,background
118.694,371,0.594251,-49.9,-31.7259,12.8832,-31.7304,-38.023,6.2926,3.7825,90.4757,-2728.3903,-2818.866,-43658.3103,42833.8574,-43658.3103,12.9063,13.3205,1.0321,0.0,28.883,class3_2026_05_22_11_10_02.csv,hard_negative,5,,background
168.469,527,0.843454,-49.9,-40.4841,13.3163,-36.0712,-34.5221,-1.5491,3.513,-476.1411,303.1875,779.3286,-44390.2853,44457.1968,-44454.5486,13.8726,13.7925,0.9942,0.0,28.362,class3_2026_05_22_11_10_02.csv,hard_negative,6,,background
126.671,396,0.634189,-24.05,-32.0113,12.7045,-39.3697,-38.8501,-0.5196,28.834,1383.4421,931.8853,-451.5568,-253.2328,45194.3605,-45025.0815,13.2241,13.8904,1.0504,0.639,28.834,class3_2026_05_22_11_10_02.csv,hard_negative,7,,background
51.37,160,0.257188,-14.865,-14.9867,0.0828,-14.9962,-15.115,0.1188,0.1785,3.782,-56.9689,-60.7509,-191.2226,380.8777,-297.8056,0.0834,0.1333,1.5983,0.957,0.255,class3_2026_05_22_11_10_02.csv,stable_background,8,,background
146.772,459,0.734826,-49.9,-37.7014,13.6741,-38.1048,-36.5187,-1.5861,28.742,-2986.6597,-925.9853,2060.6745,-0.0,0.0,-45050.1583,13.2783,13.5,1.0167,0.0,28.742,class3_2026_05_22_11_10_02.csv,stable_background,9,,background
83.915,262,0.420127,-15.76,-15.7269,0.8291,-14.7411,-16.7915,2.0504,1.267,-20.0046,-114.0732,-94.0686,-1316.616,-158.3072,-1468.6536,0.2255,0.3662,1.6241,0.0,2.238,class2_2026_04_27_15_35_21.csv,manual_annotation,0,83.92,bend
127.947,400,0.640577,-8.479,-10.4214,2.0092,-15.5624,-18.1321,2.5697,8.7295,1636.4906,-2598.416,-4234.9067,-2018.8088,9595.6113,-3186.5204,2.8785,8.8582,3.0773,2.871,6.876,class2_2026_04_27_15_35_21.csv,manual_annotation,1,127.95,connector
131.457,411,0.65815,-18.349,-17.8533,2.0268,-12.9704,-29.9224,16.9521,4.053,-1441.3752,-4595.9899,-3154.6147,-3548.5893,-2583.1397,-10443.5752,3.1033,12.6266,4.0688,0.0,6.27,class2_2026_04_27_15_35_21.csv,manual_annotation,2,131.46,break
139.752,437,0.69968,-49.9,-40.3807,13.4905,-33.4584,-42.5733,9.1149,29.672,-1404.9228,528.5453,1933.4681,0.0,0.0,-41418.4984,13.2804,11.8857,0.895,0.0,29.672,class2_2026_04_27_15_35_21.csv,hard_negative,0,,background
192.718,603,0.964859,-19.581,-25.1361,8.9551,-34.9079,-34.6289,-0.279,5.748,4527.3049,-3490.6379,-8017.9427,598.7461,47521.9483,-39786.8354,13.4815,13.7151,1.0173,1.276,30.319,class2_2026_04_27_15_35_21.csv,hard_negative,1,,background
162.725,509,0.814696,-49.9,-31.4599,13.0816,-31.4504,-35.092,3.6416,3.675,332.2156,-433.1615,-765.3771,-0.0,6286.8323,-44465.5204,13.109,13.4495,1.026,0.0,29.436,class2_2026_04_27_15_35_21.csv,hard_negative,2,,background
186.656,584,0.934509,-21.874,-37.2517,14.1473,-35.0283,-34.9079,-0.1203,5.0885,2380.7495,5419.5908,3038.8413,0.0,2194.3558,-43927.9013,13.6214,13.4815,0.9897,0.638,29.53,class2_2026_04_27_15_35_21.csv,hard_negative,3,,background
105.293,329,0.527158,-16.52,-17.0913,0.3644,-17.2207,-17.0091,-0.2116,0.5655,-23.9047,-44.4616,-20.5568,730.4075,1940.4373,-598.7461,0.306,0.3231,1.0558,0.957,1.238,class2_2026_04_27_15_35_21.csv,stable_background,4,,background
29.993,93,0.150162,-14.409,-14.3939,0.086,-14.3244,-14.5097,0.1853,0.129,-10.1995,-62.0062,-51.8066,29.2076,407.5235,-288.4013,0.141,0.1193,0.8466,0.0,0.278,class2_2026_04_27_15_35_21.csv,stable_background,5,,background
34.14,106,0.170925,-14.497,-14.7289,0.2911,-14.4497,-16.1561,1.7064,0.3375,-76.2322,-447.1593,-370.9271,-70.5329,313.4796,-982.2541,0.1648,0.7148,4.3372,2.234,0.721,class2_2026_04_27_16_10_58.csv,manual_annotation,0,34.14,bend
127.628,399,0.63898,-8.12,-11.0284,2.9248,-16.1108,-16.9793,0.8686,8.637,1112.8549,-2504.4182,-3617.2732,551.7241,9746.0815,-2835.4232,2.2699,8.8214,3.8863,2.871,9.051,class2_2026_04_27_16_10_58.csv,manual_annotation,1,127.63,connector
131.776,412,0.659748,-19.203,-21.4058,10.1918,-13.0093,-30.8098,17.8005,3.009,-2039.8843,-3903.3929,-1863.5086,-2031.3464,-1959.7692,-48490.6003,3.1281,13.5685,4.3377,0.0,34.644,class2_2026_04_27_16_10_58.csv,manual_annotation,2,131.78,break
192.08,601,0.961665,-21.413,-31.4446,13.1601,-36.1039,-37.5643,1.4604,29.514,4096.2862,-59.593,-4155.8792,-45454.5486,37113.1903,-45454.5486,13.8775,13.8272,0.9964,1.915,29.514,class2_2026_04_27_16_10_58.csv,hard_negative,0,,background
170.064,532,0.85144,-49.9,-35.2971,13.149,-31.6911,-37.5282,5.8371,3.719,1721.8608,-1249.3487,-2971.2095,36100.3166,36100.3166,-0.0,12.9212,13.911,1.0766,0.0,29.024,class2_2026_04_27_16_10_58.csv,hard_negative,1,,background
172.936,541,0.865819,-23.286,-37.2192,14.2189,-33.3051,-34.1441,0.839,5.454,-3418.3577,3936.2119,7354.5695,253.9201,43867.1833,-44327.5909,13.3406,14.1155,1.0581,0.0,31.113,class2_2026_04_27_16_10_58.csv,hard_negative,2,,background
179.636,562,0.899363,-49.9,-43.7473,11.5516,-35.7153,-35.2076,-0.5077,6.3335,-2497.5406,2825.0872,5322.6278,0.0,0.0,-0.0,14.2075,13.2225,0.9307,0.0,29.751,class2_2026_04_27_16_10_58.csv,hard_negative,3,,background
96.359,301,0.482429,-16.704,-16.7421,0.2034,-16.6808,-16.8003,0.1195,0.159,-22.7871,-5.0328,17.7542,332.2884,1205.3276,-808.7759,0.2593,0.2759,1.0641,0.0,0.675,class2_2026_04_27_16_10_58.csv,stable_background,4,,background
62.219,194,0.311505,-16.217,-16.5344,0.2086,-16.6571,-16.5539,-0.1032,0.398,-25.9682,-43.9297,-17.9615,170.4761,277.2244,-628.5282,0.1903,0.1819,0.9562,0.639,0.701,class2_2026_04_27_16_10_58.csv,stable_background,5,,background
86.468,270,0.432909,-15.492,-15.5907,1.1267,-14.5892,-18.0003,3.4112,1.58,14.6511,-580.2685,-594.9196,-2017.2414,941.1612,-2017.2414,0.199,0.8503,4.2721,0.0,3.26,class2_2026_04_27_15_33_39.csv,manual_annotation,0,86.47,bend
131.138,410,0.656553,-18.301,-19.3641,3.0789,-14.6841,-31.7034,17.0194,4.07,-547.2077,-4470.9989,-3923.7912,-3021.5052,-2114.4201,-6741.3762,3.2549,13.0004,3.994,0.0,8.905,class2_2026_04_27_15_33_39.csv,manual_annotation,1,131.14,break
127.947,400,0.640577,-10.062,-12.0507,2.1346,-17.289,-19.6545,2.3655,8.661,1657.3236,-3024.236,-4681.5596,-2014.1066,10300.942,-3195.9248,2.9678,8.4639,2.8519,2.871,7.389,class2_2026_04_27_15_33_39.csv,manual_annotation,2,127.95,connector
190.484,596,0.953674,-49.9,-28.4553,11.5097,-30.5212,-35.0062,4.485,4.269,3572.5157,-2030.6992,-5603.215,384.0125,4296.2367,-42483.8794,12.0873,13.3732,1.1064,0.0,29.8,class2_2026_04_27_15_33_39.csv,hard_negative,0,,background
178.998,560,0.896168,-49.9,-40.7984,12.881,-35.1449,-36.6137,1.4688,8.1435,-588.7715,3609.6279,4198.3994,1637.931,42797.8103,-44435.7414,13.3144,13.4511,1.0103,0.0,28.35,class2_2026_04_27_15_33_39.csv,hard_negative,1,,background
116.779,365,0.584664,-18.414,-18.8451,0.6896,-18.4883,-18.5396,0.0513,0.2625,-181.5971,220.5179,402.115,536.0486,1753.9201,-744.5141,0.5776,0.5402,0.9353,0.0,1.916,class2_2026_04_27_15_33_39.csv,hard_negative,2,,background
193.037,604,0.966456,-49.9,-32.3089,12.5187,-30.5886,-35.8778,5.2892,1.634,-1548.5737,-1551.8405,-3.2669,0.0,35597.1834,0.0,12.0608,14.0426,1.1643,0.0,27.892,class2_2026_04_27_15_33_39.csv,hard_negative,3,,background
104.974,328,0.525561,-18.719,-18.3492,0.314,-18.3299,-18.52,0.1901,0.567,45.172,18.5738,-26.5982,-843.2602,1104.8968,-1442.0063,0.4471,0.3599,0.8049,0.0,0.92,class2_2026_04_27_15_33_39.csv,stable_background,4,,background
51.689,161,0.258785,-14.551,-14.5699,0.0812,-14.5741,-14.6211,0.047,0.1235,30.758,-5.6512,-36.4093,-76.8025,362.069,-294.6708,0.0905,0.0908,1.0033,0.0,0.271,class2_2026_04_27_15_33_39.csv,stable_background,5,,background
78.172,244,0.391375,-15.456,-15.3319,0.6393,-14.6693,-16.0824,1.4131,0.7835,-27.4055,-43.8813,-16.4758,-860.5016,263.3229,-1264.8903,0.1163,0.2726,2.3452,0.0,1.865,class2_2026_04_27_15_36_45.csv,manual_annotation,0,78.17,bend
127.628,399,0.63898,-7.355,-10.2413,2.8579,-15.4125,-14.882,-0.5305,8.801,1182.0096,-2561.2802,-3743.2899,615.9875,9755.4859,-2738.2445,2.2698,4.3351,1.9099,2.871,8.74,class2_2026_04_27_15_36_45.csv,manual_annotation,1,127.63,connector
131.138,410,0.656553,-15.88,-16.0707,2.0282,-12.2793,-25.8181,13.5388,4.291,-608.7992,-3794.6054,-3185.8062,-3662.4404,-2020.3762,-5145.7665,3.1599,10.9629,3.4693,0.0,5.898,class2_2026_04_27_15_36_45.csv,manual_annotation,2,131.14,break
144.538,452,0.723642,-24.211,-37.7598,13.6099,-40.6027,-39.4493,-1.1534,29.761,1400.4727,-3333.98,-4734.4527,0.0,46647.3386,-40327.9058,13.1975,13.1061,0.9931,0.638,29.761,class2_2026_04_27_15_36_45.csv,hard_negative,0,,background
174.531,546,0.873804,-49.9,-27.6158,11.9497,-34.4106,-35.9996,1.5891,5.9355,3410.2581,-1217.9367,-4628.1948,-46496.8668,41984.3292,-46688.0893,13.8939,13.9888,1.0068,0.0,29.787,class2_2026_04_27_15_36_45.csv,hard_negative,1,,background
145.815,456,0.730035,-23.069,-34.9329,13.3982,-40.908,-36.0401,-4.8679,27.955,-224.1072,1303.7417,1527.8489,418.4969,42356.1517,-42708.4671,12.7578,13.8976,1.0893,1.276,27.955,class2_2026_04_27_15_36_45.csv,hard_negative,2,,background
139.752,437,0.69968,-49.9,-40.2907,13.6004,-31.2951,-40.908,9.6129,17.917,2640.1142,2191.1724,-448.9418,-47239.815,47239.815,-47239.815,13.2302,12.7578,0.9643,0.0,30.139,class2_2026_04_27_15_36_45.csv,hard_negative,3,,background
54.561,170,0.273164,-14.753,-14.6781,0.0635,-14.6529,-14.6686,0.0157,0.0595,-11.1393,-3.5702,7.5691,-18.8088,203.7618,-137.931,0.0893,0.0692,0.7746,0.0,0.166,class2_2026_04_27_15_36_45.csv,stable_background,4,,background
193.037,604,0.966456,-49.9,-39.4008,12.7064,-35.7503,-40.7108,4.9605,29.122,1563.625,-1171.7446,-2735.3696,0.0,17360.5031,-41819.7524,13.205,13.0106,0.9853,0.0,29.122,class2_2026_04_27_15_36_45.csv,stable_background,5,,background
64.133,200,0.321087,-15.316,-15.3241,0.4531,-14.6814,-15.9988,1.3174,0.7415,-92.4493,-135.8746,-43.4254,261.7555,261.7555,-877.7429,0.2197,0.3007,1.3683,0.0,1.298,class2_2026_04_27_15_54_27.csv,manual_annotation,0,64.13,bend
131.457,411,0.65815,-17.654,-20.6609,10.5348,-12.4008,-27.4847,15.0839,3.99,-1406.3064,1196.375,2602.6813,-4761.7555,-2680.1006,-48887.152,3.1156,12.06,3.8708,0.0,36.284,class2_2026_04_27_15_54_27.csv,manual_annotation,1,131.46,break
127.628,399,0.63898,-7.522,-10.4121,2.8839,-15.4601,-18.2669,2.8068,8.702,1150.6219,-2750.0399,-3900.6618,586.2069,9479.6238,-2735.1097,2.238,11.7846,5.2657,2.871,8.98,class2_2026_04_27_15_54_27.csv,manual_annotation,2,127.63,connector
151.239,473,0.757191,-20.469,-25.2653,8.9553,-33.1046,-37.3895,4.2849,5.9765,1738.78,-4758.9124,-6497.6925,-1456.1129,43460.8166,-47492.1661,13.4389,14.0421,1.0449,0.638,30.3,class2_2026_04_27_15_54_27.csv,hard_negative,0,,background
142.943,447,0.715656,-49.9,-31.5482,13.1435,-37.6272,-33.0028,-4.6243,5.96,4279.5457,-1953.364,-6232.9097,-9148.9028,9534.4828,-9148.9028,13.7672,13.5359,0.9832,0.0,30.202,class2_2026_04_27_15_54_27.csv,hard_negative,1,,background
179.317,561,0.897766,-49.9,-40.6244,13.1439,-37.4812,-40.2343,2.7531,29.296,1422.5977,1353.7082,-68.8895,-40556.4295,44371.4765,-40556.4295,13.9066,13.6758,0.9834,0.0,29.296,class2_2026_04_27_15_54_27.csv,hard_negative,2,,background
171.021,535,0.856231,-25.413,-43.9947,11.0916,-33.8262,-40.3859,6.5597,28.661,-3052.8881,1855.1986,4908.0867,-0.0,38380.8809,-38380.8809,12.9425,13.4656,1.0404,0.638,28.661,class2_2026_04_27_15_54_27.csv,hard_negative,3,,background
114.865,359,0.575081,-16.373,-16.3933,0.2785,-16.4037,-16.4949,0.0913,0.445,31.0015,-91.7328,-122.7343,802.5078,1396.5533,-606.5831,0.2715,0.3251,1.1973,0.0,1.049,class2_2026_04_27_15_54_27.csv,stable_background,4,,background
35.098,109,0.175721,-14.621,-14.5004,0.0748,-14.4808,-14.5571,0.0763,0.1615,-17.2956,-60.672,-43.3764,81.5047,94.8376,-255.4859,0.1141,0.1027,0.9001,0.0,0.257,class2_2026_04_27_15_54_27.csv,stable_background,5,,background
66.685,208,0.333864,-9.506,-11.0511,1.5106,-13.7567,-18.4741,4.7174,5.618,1031.3663,-4713.8374,-5745.2038,-2343.4888,6485.8934,-3191.2226,1.7839,8.3588,4.6857,2.234,4.622,class3_2026_05_14_13_21_46.csv,manual_annotation,0,66.68,connector
70.195,219,0.351437,-18.247,-21.682,10.1199,-13.2334,-28.3897,15.1562,3.126,-1680.2276,-1628.4438,51.7838,-1992.1661,-1992.1661,-48241.0175,2.6143,11.7594,4.4981,0.0,34.483,class3_2026_05_14_13_21_46.csv,manual_annotation,1,70.19,break
136.243,426,0.682112,-23.185,-40.925,12.7153,-38.1321,-38.9559,0.8238,28.633,-1501.4982,3214.7678,4716.2659,5025.0784,41689.4855,-44879.3135,13.2522,13.7371,1.0366,1.277,28.633,class3_2026_05_14_13_21_46.csv,hard_negative,0,,background
114.227,357,0.571887,-21.417,-37.4446,13.9524,-37.5912,-40.9249,3.3338,29.659,715.7547,401.9183,-313.8364,0.0,40862.0721,-44644.2038,13.7999,12.7366,0.923,0.638,29.659,class3_2026_05_14_13_21_46.csv,hard_negative,1,,background
171.659,537,0.859425,-28.559,-44.5971,9.9918,-37.7473,-39.2013,1.454,26.385,-2804.108,-222.0622,2582.0458,41355.8041,41355.8041,-41420.5236,13.6811,13.5461,0.9901,0.957,26.385,class3_2026_05_14_13_21_46.csv,hard_negative,2,,background
39.884,124,0.199683,-14.541,-14.5788,0.1184,-14.4116,-14.6412,0.2297,0.157,-91.3143,3.8755,95.1897,-354.232,251.9917,-617.5549,0.153,0.1006,0.6575,0.0,0.394,class3_2026_05_14_13_21_46.csv,stable_background,3,,background
45.308,141,0.226838,-15.728,-15.6333,0.9844,-14.6021,-17.4623,2.8602,1.5865,-39.6933,-271.9944,-232.3011,-1349.5313,363.6364,-1349.5313,0.2374,0.532,2.2406,0.0,2.682,class2_2026_04_27_15_44_43.csv,manual_annotation,0,45.31,bend
127.947,400,0.640577,-9.384,-11.3634,2.0817,-16.7723,-20.1891,3.4167,9.0355,1762.0115,-4755.8851,-6517.8966,-2043.8871,10021.9451,-3061.1285,3.0141,11.1047,3.6843,2.871,7.17,class2_2026_04_27_15_44_43.csv,manual_annotation,1,127.95,connector
131.776,412,0.659748,-18.815,-22.6054,9.8918,-13.9386,-29.4667,15.5282,2.5495,-2045.8931,-2692.1149,-646.2218,-3926.3339,-716.7705,-46343.2633,3.1596,12.7191,4.0255,0.0,33.488,class2_2026_04_27_15_44_43.csv,manual_annotation,2,131.78,break
141.029,441,0.706073,-49.9,-40.6798,13.0644,-35.8405,-35.9592,0.1187,16.4485,-3627.2622,-60.4839,3566.7783,0.0,40775.1547,-46264.895,14.0992,13.9589,0.9901,0.0,29.517,class2_2026_04_27_15_44_43.csv,hard_negative,0,,background
145.815,456,0.730035,-23.117,-34.6713,13.6466,-39.0057,-33.0121,-5.9937,16.757,-256.9476,-270.254,-13.3064,-4126.9592,46470.7328,-42271.163,13.6761,13.5086,0.9878,1.595,29.602,class2_2026_04_27_15_44_43.csv,hard_negative,1,,background
175.807,550,0.880192,-21.307,-38.1164,13.3557,-39.1557,-40.5216,1.3658,28.593,-2117.5086,1939.8868,4057.3954,0.0,11764.8918,-44816.6191,13.5857,13.2872,0.978,0.638,28.593,class2_2026_04_27_15_44_43.csv,hard_negative,2,,background
161.449,505,0.808308,-21.146,-46.7051,9.0365,-43.8116,-38.1554,-5.6561,28.754,-2696.3607,610.2645,3306.6251,-0.0,45068.9687,-45068.9687,11.4455,13.2327,1.1562,0.638,28.754,class2_2026_04_27_15_44_43.csv,hard_negative,3,,background
85.511,267,0.428118,-17.521,-17.9171,0.4211,-17.9782,-18.0439,0.0657,0.7205,-39.6108,-119.8558,-80.245,-858.931,959.7765,-1141.0643,0.3673,0.4415,1.2019,0.638,1.405,class2_2026_04_27_15_44_43.csv,stable_background,4,,background
194.313,608,0.972844,-49.9,-40.5662,13.239,-37.5691,-35.8224,-1.7467,30.433,296.5503,-2324.1082,-2620.6585,-42711.6019,42711.6019,-42711.6019,13.8382,13.4414,0.9713,0.0,30.433,class2_2026_04_27_15_44_43.csv,stable_background,5,,background
25.845,80,0.129395,-14.314,-14.5688,0.3477,-14.6821,-15.6903,1.0082,0.996,241.6752,-308.9481,-550.6233,-227.2727,319.7108,-810.3448,0.4438,0.4902,1.1045,2.872,1.156,class2_2026_04_27_16_06_59.csv,manual_annotation,0,25.84,bend
131.776,412,0.659748,-18.23,-18.3767,2.1424,-12.8372,-33.2188,20.3816,3.158,-2079.9621,-5914.675,-3834.7129,-2746.0831,-2012.5408,-4992.1646,3.1614,13.6022,4.3027,0.0,6.251,class2_2026_04_27_16_06_59.csv,manual_annotation,1,131.78,break
127.309,398,0.637383,-8.689,-11.4456,3.3813,-16.2186,-14.6433,-1.5752,8.53,600.884,-2584.1747,-3185.0587,4623.8245,9556.1861,-2606.5831,1.3867,4.3001,3.101,2.871,9.051,class2_2026_04_27_16_06_59.csv,manual_annotation,2,127.31,connector
148.367,464,0.742812,-49.9,-32.6564,12.3401,-34.7515,-33.472,-1.2795,5.456,3952.9545,-2889.436,-6842.3905,0.0,0.0,0.0,13.6294,13.2629,0.9731,0.0,29.722,class2_2026_04_27_16_06_59.csv,hard_negative,0,,background
182.189,570,0.912144,-21.102,-29.2501,11.2482,-34.6608,-33.2177,-1.4431,6.2735,1708.011,-660.8409,-2368.8518,-1007.837,46322.1922,-41641.069,12.6516,13.3817,1.0577,1.277,29.546,class2_2026_04_27_16_06_59.csv,hard_negative,1,,background
180.593,565,0.904154,-49.9,-34.9902,13.4236,-34.5538,-31.8632,-2.6906,5.128,2827.3695,-843.1355,-3670.505,-0.0,1260.1865,-0.0,12.711,12.8706,1.0126,0.0,29.546,class2_2026_04_27_16_06_59.csv,hard_negative,2,,background
166.873,522,0.835464,-49.9,-37.8429,13.5194,-32.4576,-38.2736,5.816,7.2685,1068.8855,2161.0028,1092.1173,-5807.21,5973.3527,-40498.4357,12.6091,13.0263,1.0331,0.0,29.543,class2_2026_04_27_16_06_59.csv,hard_negative,3,,background
14.039,43,0.070287,-14.461,-14.4271,0.0636,-14.2171,-14.4852,0.2681,0.077,-54.6263,-45.5354,9.0909,177.116,177.116,-263.3229,0.218,0.1104,0.5062,0.0,0.229,class2_2026_04_27_16_06_59.csv,stable_background,4,,background
93.806,293,0.469648,-16.239,-16.5227,0.2209,-16.5255,-16.5202,-0.0053,0.261,-4.776,38.7981,43.5741,578.3683,641.0674,-1038.2177,0.1862,0.2033,1.0917,0.638,0.664,class2_2026_04_27_16_06_59.csv,stable_background,5,,background
131.776,412,0.659748,-16.768,-16.2744,1.9674,-10.8048,-27.848,17.0432,3.421,-2064.7532,-5516.2399,-3451.4867,-3460.815,-2084.8993,-3808.779,3.1717,12.0362,3.7949,0.0,6.036,class1_2026_04_27_14_49_15.csv,manual_annotation,0,131.78,break
127.628,399,0.63898,-5.866,-8.7876,2.9072,-13.9236,-13.3675,-0.5561,8.9005,1175.1221,-2671.8446,-3846.9667,606.5831,9724.1379,-2769.5925,2.2583,4.2712,1.8913,2.871,8.978,class1_2026_04_27_14_49_15.csv,manual_annotation,1,127.63,connector
164.64,515,0.824284,-49.9,-31.763,12.8751,-39.4193,-34.7533,-4.6659,28.876,6735.4132,-2305.815,-9041.2282,-41509.4075,41509.4075,-44142.6364,13.2039,13.632,1.0324,0.0,28.876,class1_2026_04_27_14_49_15.csv,hard_negative,0,,background
152.834,478,0.765176,-21.85,-34.6094,13.9333,-36.0312,-41.4907,5.4595,30.253,2475.5179,138.8948,-2336.623,32203.7649,32203.7649,-43965.5204,14.1236,12.0373,0.8523,0.957,30.253,class1_2026_04_27_14_49_15.csv,hard_negative,1,,background
191.761,600,0.960067,-49.9,-40.8949,12.8181,-34.8836,-36.3838,1.5002,6.203,-1308.8448,2283.9977,3592.8425,0.0,38677.1176,-40521.9451,13.5105,13.5964,1.0064,0.0,30.517,class1_2026_04_27_14_49_15.csv,hard_negative,2,,background
142.305,445,0.712462,-49.9,-32.2643,12.5971,-38.0514,-38.0884,0.0369,29.281,5091.5293,561.2054,-4530.3239,-974.9216,38694.3621,-44920.0674,13.3177,13.3877,1.0053,0.0,29.281,class1_2026_04_27_14_49_15.csv,stable_background,3,,background
20.74,64,0.103837,-14.835,-15.5519,1.4834,-14.4424,-16.7863,2.3439,0.581,3.7126,209.4953,205.7827,-1376.3259,208.4639,-4587.7759,0.0876,1.0603,12.1037,0.0,3.917,class2_2026_04_27_16_05_53.csv,manual_annotation,0,20.74,bend
127.309,398,0.637383,-9.315,-11.9952,3.253,-16.6979,-15.4637,-1.2342,8.399,596.8105,-2577.4077,-3174.2182,4576.8025,9238.2445,-2702.1944,1.3593,4.6622,3.4297,2.871,8.469,class2_2026_04_27_16_05_53.csv,manual_annotation,1,127.31,connector
131.457,411,0.65815,-18.783,-18.7457,3.1396,-13.3923,-31.4022,18.0098,2.73,-1462.0718,-2186.3937,-724.3219,-354.2304,-354.2304,-13137.931,3.0616,13.2297,4.3211,0.0,11.225,class2_2026_04_27_16_05_53.csv,manual_annotation,2,131.46,break
145.815,456,0.730035,-20.268,-34.2864,13.9867,-36.378,-38.7918,2.4138,29.632,2323.6844,4983.2557,2659.5713,-0.0,41437.3088,-43435.7398,13.6808,13.9603,1.0204,0.638,29.632,class2_2026_04_27_16_05_53.csv,hard_negative,0,,background
193.037,604,0.966456,-23.571,-35.8116,12.8868,-38.3364,-38.6311,0.2947,29.178,3638.7418,1747.9649,-1890.7769,-38435.7398,38435.7398,-43791.5392,13.1381,12.7588,0.9711,1.276,29.178,class2_2026_04_27_16_05_53.csv,hard_negative,1,,background
184.422,577,0.923324,-22.149,-28.6986,11.5042,-34.6989,-37.5697,2.8708,18.438,6044.9884,-3077.8108,-9122.7991,-0.0,10855.8009,-2742.9467,13.6819,13.8575,1.0128,0.638,29.826,class2_2026_04_27_16_05_53.csv,hard_negative,2,,background
157.301,492,0.787541,-49.9,-43.4241,12.1249,-34.0688,-36.3259,2.2571,5.8805,-3602.6317,261.3813,3864.013,-3211.6019,47282.1364,-44070.5345,14.2047,13.6258,0.9592,0.0,30.166,class2_2026_04_27_16_05_53.csv,hard_negative,3,,background
81.682,255,0.408948,-17.265,-16.975,0.2507,-17.1638,-16.8817,-0.2822,0.3945,52.4829,0.2656,-52.2172,432.6034,432.6034,-757.0533,0.262,0.1984,0.7571,0.0,0.774,class2_2026_04_27_16_05_53.csv,stable_background,4,,background
174.85,547,0.875401,-20.93,-34.2066,14.0431,-35.6532,-37.292,1.6388,28.97,-2604.1481,-3214.4294,-610.2813,43448.279,43448.279,-45004.7053,14.2629,14.1102,0.9893,1.595,28.97,class2_2026_04_27_16_05_53.csv,stable_background,5,,background
88.063,275,0.440895,-15.603,-15.6508,0.715,-14.7039,-16.7007,1.9968,1.0735,-69.5893,-139.7072,-70.1179,-1205.3307,-336.9906,-1291.5361,0.2115,0.2831,1.3389,0.0,1.798,class2_2026_04_27_15_32_35.csv,manual_annotation,0,88.06,bend
131.138,410,0.656553,-17.259,-16.6986,1.7755,-13.1127,-29.2039,16.0912,3.939,-587.1677,-7620.3258,-7033.1582,-2089.7102,-2089.7102,-3368.3401,3.1559,13.0879,4.1471,0.0,5.268,class2_2026_04_27_15_32_35.csv,manual_annotation,1,131.14,break
127.628,399,0.63898,-8.216,-11.1118,2.9324,-16.1597,-15.5601,-0.5996,8.7185,1076.445,-2430.889,-3507.334,652.0376,9837.9306,-2716.3009,2.2664,4.1733,1.8414,2.871,9.197,class2_2026_04_27_15_32_35.csv,manual_annotation,2,127.63,connector
145.815,456,0.730035,-49.9,-37.9504,13.4827,-33.1201,-33.2944,0.1744,5.88,-1003.5149,-633.4685,370.0465,-6493.7304,42425.2267,-8901.2555,12.5785,13.3961,1.065,0.0,30.569,class2_2026_04_27_15_32_35.csv,hard_negative,0,,background
167.83,525,0.840255,-21.559,-34.1932,14.0598,-35.9941,-39.2347,3.2406,28.87,1180.1548,-2189.3585,-3369.5133,45285.2201,45285.2201,-45219.4404,13.9266,13.4281,0.9642,0.958,28.87,class2_2026_04_27_15_32_35.csv,hard_negative,1,,background
177.403,555,0.888183,-49.9,-40.8778,12.7925,-39.0093,-37.3543,-1.655,28.879,1466.8497,1289.2911,-177.5587,-0.0,0.0,-352.6646,13.677,14.0605,1.028,0.0,28.879,class2_2026_04_27_15_32_35.csv,hard_negative,2,,background
151.877,475,0.760385,-19.795,-27.6149,11.9727,-33.2944,-35.7119,2.4174,6.445,3325.5304,-2128.8179,-5454.3483,-44525.0815,10926.3323,-47186.5235,13.3961,14.2053,1.0604,0.957,30.809,class2_2026_04_27_15_32_35.csv,hard_negative,3,,background
26.164,81,0.130992,-14.268,-14.3806,0.0711,-14.6241,-14.4311,-0.1929,0.183,195.4024,-3.2953,-198.6977,-106.5831,217.8683,-336.9906,0.3422,0.1134,0.3312,0.638,0.215,class2_2026_04_27_15_32_35.csv,stable_background,4,,background
187.932,588,0.940897,-23.681,-28.6873,11.3858,-35.1908,-35.0074,-0.1833,7.118,2974.6568,-1141.3584,-4116.0152,-43130.0987,43307.2132,-43130.0987,13.3556,13.542,1.014,1.595,28.625,class2_2026_04_27_15_32_35.csv,stable_background,5,,background
108.165,338,0.541537,-15.678,-15.5153,0.5548,-14.7961,-16.5136,1.7175,0.9825,-67.8919,-198.017,-130.1251,-618.3474,-114.4201,-618.3474,0.1937,0.3245,1.6749,0.0,1.457,class2_2026_04_27_15_23_51.csv,manual_annotation,0,108.16,bend
131.138,410,0.656553,-16.57,-16.5292,2.224,-12.5914,-30.4352,17.8438,3.6485,-633.4301,-8020.0885,-7386.6584,-1335.6861,-1335.6861,-5605.0157,3.1239,13.9592,4.4686,0.0,7.292,class2_2026_04_27_15_23_51.csv,manual_annotation,1,131.14,break
127.947,400,0.640577,-8.082,-10.0364,2.0369,-15.2442,-15.7036,0.4593,8.8065,1700.3277,-2618.0811,-4318.4088,-1978.0564,9721.0031,-3211.5987,2.9026,3.8818,1.3373,2.871,6.99,class2_2026_04_27_15_23_51.csv,manual_annotation,2,127.95,connector
153.153,479,0.766773,-21.233,-25.3378,8.7917,-37.6436,-36.4278,-1.2158,29.659,4245.0998,-3968.1101,-8213.2099,5039.185,44932.605,-44282.1332,13.7241,13.5466,0.9871,2.234,29.659,class2_2026_04_27_15_23_51.csv,hard_negative,0,,background
177.403,555,0.888183,-49.9,-40.4847,13.3255,-35.9947,-36.7127,0.7179,18.5915,-3.6721,1675.676,1679.348,-0.0,-0.0,-3034.4828,13.9476,13.3087,0.9542,0.0,29.257,class2_2026_04_27_15_23_51.csv,hard_negative,1,,background
178.679,559,0.894571,-49.9,-43.6136,11.7697,-39.2218,-37.0185,-2.2033,29.257,-506.288,2269.3514,2775.6393,-3034.4828,45857.3699,-42822.8871,13.4207,12.9954,0.9683,0.0,29.257,class2_2026_04_27_15_23_51.csv,hard_negative,2,,background
164.959,516,0.825881,-27.252,-36.4543,12.4437,-36.4991,-35.518,-0.9811,8.919,2077.3412,-1128.1722,-3205.5134,-11796.2367,38358.9373,-35498.4342,13.4843,13.0999,0.9715,0.0,28.902,class2_2026_04_27_15_23_51.csv,hard_negative,3,,background
31.907,99,0.159745,-14.579,-14.5453,0.1123,-14.4023,-14.5249,0.1226,0.0765,-52.8802,26.074,78.9542,-388.7147,532.9154,-388.7147,0.1319,0.0907,0.6877,0.0,0.34,class2_2026_04_27_15_23_51.csv,stable_background,4,,background
53.604,167,0.268373,-14.661,-14.6059,0.1014,-14.6349,-14.6166,-0.0183,0.224,5.5708,-3.1008,-8.6715,73.6677,358.9342,-172.4138,0.0816,0.0864,1.0587,0.0,0.364,class2_2026_04_27_15_23_51.csv,stable_background,5,,background
129.542,405,0.648563,-16.917,-19.7596,10.7979,-14.1277,-38.2519,24.1243,3.182,229.5654,-5448.1398,-5677.7053,-3731.9749,-2271.1599,-51382.4483,1.071,14.6539,13.6825,0.0,36.766,class3_2026_05_14_13_18_12.csv,manual_annotation,0,129.54,break
35.417,110,0.177318,-13.246,-13.8929,0.5503,-14.437,-14.2947,-0.1423,1.406,27.9555,-284.1486,-312.1041,1299.373,1902.8213,-1084.6395,0.1766,0.4499,2.5483,1.595,1.734,class3_2026_05_14_13_18_12.csv,manual_annotation,1,35.42,connector
127.628,399,0.63898,-11.464,-13.4254,1.1148,-14.556,-29.6192,15.0632,3.3625,306.8081,-9389.7751,-9696.5832,-123.8245,3752.3511,-2670.8464,0.6193,16.3568,26.4122,1.595,3.198,class3_2026_05_14_13_18_12.csv,manual_annotation,2,127.63,connector
181.55,568,0.908945,-49.9,-37.4661,13.9158,-34.6893,-36.9808,2.2914,8.834,956.7565,-494.0173,-1450.7738,-41382.8456,45054.8605,-41382.8456,13.6359,13.1601,0.9651,0.0,28.745,class3_2026_05_14_13_18_12.csv,hard_negative,0,,background
137.838,431,0.690097,-19.584,-28.2449,11.7438,-37.5359,-35.0905,-2.4454,20.443,4600.1164,-277.8554,-4877.9718,813.4796,45799.3762,-47517.2445,13.8922,13.3882,0.9637,2.233,30.316,class3_2026_05_14_13_18_12.csv,hard_negative,1,,background
157.62,493,0.789138,-20.98,-28.6971,11.4348,-33.6878,-36.1056,2.4178,5.7285,86.2941,-1704.1922,-1790.4863,40869.9075,44962.384,-40869.9075,13.257,13.8667,1.046,1.276,28.92,class3_2026_05_14_13_18_12.csv,hard_negative,2,,background
183.784,575,0.92013,-26.305,-38.8332,12.5903,-36.3359,-39.4282,3.0923,28.286,4369.1876,4126.0552,-243.1323,-30984.3292,43811.9154,-36982.7618,13.6978,13.2535,0.9676,1.595,28.286,class3_2026_05_14_13_18_12.csv,hard_negative,3,,background
88.382,276,0.442492,-14.557,-14.6791,0.1092,-14.6499,-14.7077,0.0578,0.1465,-28.812,-7.534,21.2779,106.5831,280.5643,-393.4169,0.1019,0.0888,0.8717,0.638,0.335,class3_2026_05_14_13_18_12.csv,stable_background,4,,background
65.728,205,0.329073,-14.466,-14.5561,0.0821,-14.6231,-14.6217,-0.0014,0.158,40.9186,16.2024,-24.7163,-43.8871,169.279,-341.6928,0.1467,0.1022,0.6964,1.914,0.249,class3_2026_05_14_13_18_12.csv,stable_background,5,,background
127.628,399,0.63898,-5.894,-8.8039,2.9196,-13.8963,-13.4768,-0.4195,8.7755,1146.3469,-2691.9776,-3838.3245,663.0094,9586.2069,-2752.3511,2.242,4.3987,1.962,2.871,9.064,class1_2026_04_27_14_49_51.csv,manual_annotation,0,127.63,connector
131.776,412,0.659748,-16.481,-16.4566,2.1929,-10.8228,-27.7931,16.9703,3.351,-2064.0923,-981.5738,1082.5185,-3445.1395,-2258.2025,-3445.1395,3.1758,12.0216,3.7853,0.0,6.415,class1_2026_04_27_14_49_51.csv,manual_annotation,1,131.78,break
145.177,454,0.726841,-21.383,-31.0899,13.4058,-42.8038,-37.1414,-5.6623,30.173,1444.0553,-1802.3447,-3246.4,-694.9215,47293.1082,-44697.4969,11.5472,14.3032,1.2387,1.277,30.173,class1_2026_04_27_14_49_51.csv,hard_negative,0,,background
168.469,527,0.843454,-49.9,-40.2358,13.6723,-38.0169,-34.2553,-3.7616,18.232,-190.9303,3444.4292,3635.3595,44203.7649,45463.9545,-1526.6473,13.334,14.0712,1.0553,0.0,29.77,class1_2026_04_27_14_49_51.csv,hard_negative,1,,background
164.002,513,0.82109,-49.9,-38.4858,12.7779,-32.5382,-39.1456,6.6074,6.133,1401.3916,944.8577,-456.5339,-39244.5172,41612.8071,-39244.5172,12.494,13.5341,1.0833,0.0,26.744,class1_2026_04_27_14_49_51.csv,hard_negative,2,,background
188.251,589,0.942494,-22.332,-34.871,13.5383,-34.8037,-36.2107,1.4069,6.894,-405.1999,-1936.7459,-1531.5459,-10449.8433,43210.0329,-43210.0329,13.5664,13.8113,1.0181,0.957,29.838,class1_2026_04_27_14_49_51.csv,stable_background,3,,background
57.752,180,0.28914,-16.119,-15.9294,0.8517,-14.7212,-16.9601,2.2389,0.9245,-126.6682,-128.2488,-1.5807,-1146.348,-269.5925,-2072.0972,0.2442,0.4003,1.6392,0.0,2.612,class2_2026_04_27_15_50_53.csv,manual_annotation,0,57.75,bend
131.138,410,0.656553,-16.999,-17.092,1.9861,-13.3551,-29.6177,16.2626,3.7225,-617.3198,-3616.8791,-2999.5594,-1707.877,-1707.877,-3042.3197,3.1446,12.9136,4.1066,0.0,5.716,class2_2026_04_27_15_50_53.csv,manual_annotation,1,131.14,break
127.947,400,0.640577,-8.811,-10.7862,2.0663,-16.0219,-17.894,1.8721,8.8145,1677.713,-2417.867,-4095.58,-2001.5674,9935.7367,-3311.9122,2.9245,8.521,2.9137,2.871,7.082,class2_2026_04_27_15_50_53.csv,manual_annotation,2,127.95,connector
159.854,500,0.800322,-21.489,-26.0301,8.6992,-39.3549,-34.9949,-4.36,29.96,3603.8073,-5241.0412,-8844.8485,3415.3574,44531.3511,-42786.8386,13.2469,13.4245,1.0134,2.233,29.96,class2_2026_04_27_15_50_53.csv,hard_negative,0,,background
184.422,577,0.923324,-49.9,-45.1479,9.4221,-39.1182,-33.6479,-5.4703,20.6215,-1823.0979,4172.6704,5995.7683,-0.0,0.0,-0.0,13.5799,13.3415,0.9824,0.0,28.004,class2_2026_04_27_15_50_53.csv,hard_negative,1,,background
170.702,534,0.854634,-49.9,-37.9236,13.4942,-39.3667,-36.3299,-3.0368,29.638,1917.9325,-502.5073,-2420.4398,0.0,46454.5502,0.0,13.2741,13.6872,1.0311,0.0,29.638,class2_2026_04_27_15_50_53.csv,hard_negative,2,,background
164.64,515,0.824284,-49.9,-43.6454,11.7114,-31.889,-39.3667,7.4777,6.1895,-4790.8625,102.1662,4893.0287,-0.0,42493.7335,-45736.6818,12.8467,13.2741,1.0333,0.0,29.18,class2_2026_04_27_15_50_53.csv,hard_negative,3,,background
15.953,49,0.07987,-14.439,-14.4973,0.1373,-14.395,-14.6275,0.2325,0.2655,-5.9834,37.0748,43.0582,269.1107,269.5925,-454.5906,0.1519,0.2246,1.4786,0.0,0.498,class2_2026_04_27_15_50_53.csv,stable_background,4,,background
34.459,107,0.172522,-14.487,-14.5947,0.0971,-14.5489,-14.6233,0.0744,0.155,-41.414,-15.2023,26.2117,-85.6683,195.9248,-421.6301,0.1258,0.1032,0.8202,0.639,0.278,class2_2026_04_27_15_50_53.csv,stable_background,5,,background
127.628,399,0.63898,-5.928,-8.8228,2.8793,-13.9548,-13.5408,-0.4139,8.8695,1172.5073,-2657.7555,-3830.2629,579.9373,9697.4922,-2778.9969,2.2612,4.4189,1.9542,2.871,8.873,class1_2026_04_27_14_39_34.csv,manual_annotation,0,127.63,connector
132.095,413,0.661345,-17.441,-17.363,2.2386,-10.9873,-26.1512,15.1638,3.5145,-2489.2226,-3010.9551,-521.7325,-1484.3276,-1484.3276,-4600.3119,3.3628,11.1421,3.3133,0.0,6.923,class1_2026_04_27_14_39_34.csv,manual_annotation,1,132.09,break
167.192,523,0.837061,-21.935,-40.4624,13.3475,-40.3893,-37.2248,-3.1645,28.567,1178.6775,5093.4897,3914.8122,-0.0,252.3495,-43832.2931,13.461,12.7779,0.9493,0.638,28.567,class1_2026_04_27_14_39_34.csv,hard_negative,0,,background
160.811,503,0.805114,-49.9,-49.9,0.0,-40.8728,-40.3893,-0.4834,0.0,-2795.7008,3101.858,5897.5587,-0.0,0.0,-0.0,12.8086,13.461,1.0509,0.0,0.0,class1_2026_04_27_14_39_34.csv,hard_negative,1,,background
75.939,237,0.380195,-14.962,-14.8367,0.0928,-14.7496,-14.7544,0.0048,0.062,-8.012,17.3202,25.3322,338.8037,338.8037,-65.8307,0.095,0.1088,1.1448,0.0,0.325,class1_2026_04_27_14_39_34.csv,hard_negative,2,,background
63.176,197,0.316296,-14.64,-14.6613,0.0407,-14.6727,-14.6516,-0.0212,0.0595,-5.5521,-8.1394,-2.5873,94.0439,158.3394,-29.7806,0.1022,0.0772,0.7562,0.638,0.123,class1_2026_04_27_14_39_34.csv,stable_background,3,,background
132.095,413,0.661345,-16.844,-17.1362,2.0959,-10.9393,-30.6959,19.7567,3.42,-2472.5063,-5387.5232,-2915.0169,-1670.8464,-1670.8464,-2888.7147,3.3475,13.738,4.1039,0.0,6.503,class1_2026_04_27_14_46_41.csv,manual_annotation,0,132.09,break
127.628,399,0.63898,-5.884,-8.7946,2.8987,-13.9274,-13.4038,-0.5236,8.8405,1144.7744,-2613.5386,-3758.3129,606.5831,9661.442,-2742.9467,2.2591,4.3046,1.9055,2.871,8.962,class1_2026_04_27_14_46_41.csv,manual_annotation,1,127.63,connector
179.636,562,0.899363,-49.9,-34.4029,13.9995,-36.1031,-38.0969,1.9938,30.332,6799.6359,1486.7578,-5312.8781,-47542.3213,10659.8715,-47542.3213,13.8872,13.2494,0.9541,0.0,30.332,class1_2026_04_27_14_46_41.csv,hard_negative,0,,background
173.255,542,0.867416,-21.716,-43.6636,11.6675,-40.8895,-37.7882,-3.1013,28.184,-1091.5986,5833.618,6925.2166,0.0,44175.5517,-44175.5517,12.7947,13.6162,1.0642,0.638,28.184,class1_2026_04_27_14_46_41.csv,hard_negative,1,,background
181.55,568,0.908945,-21.242,-35.0784,13.3382,-34.6487,-38.1263,3.4777,17.1545,-2572.4947,-2873.7893,-301.2946,280.7406,41034.4875,-7808.7001,13.7362,13.2356,0.9636,0.639,28.907,class1_2026_04_27_14_46_41.csv,hard_negative,2,,background
93.806,293,0.469648,-14.789,-14.749,0.0558,-14.7109,-14.7481,0.0371,0.0525,-25.7288,-20.9229,4.8059,81.5047,81.5047,-186.5204,0.0866,0.0922,1.0649,0.0,0.157,class1_2026_04_27_14_46_41.csv,stable_background,3,,background
93.806,293,0.469648,-15.919,-15.8459,0.5973,-14.9025,-16.7421,1.8396,1.232,-137.9304,-144.4459,-6.5155,-951.4122,-575.2351,-951.4122,0.2699,0.3797,1.4066,0.0,1.727,class2_2026_04_27_15_29_16.csv,manual_annotation,0,93.81,bend
131.776,412,0.659748,-19.449,-19.4677,2.9979,-12.9413,-29.4503,16.5091,3.861,-2120.8148,-1812.6704,308.1445,-9388.7147,-2314.5017,-9388.7147,3.2225,12.7263,3.9492,0.0,8.868,class2_2026_04_27_15_29_16.csv,manual_annotation,1,131.78,break
127.947,400,0.640577,-8.353,-10.3257,2.0464,-15.5253,-18.2528,2.7274,8.674,1683.4634,-3118.3391,-4801.8025,-1987.4608,9774.2947,-3233.5423,2.9131,8.8856,3.0502,2.871,6.998,class2_2026_04_27_15_29_16.csv,manual_annotation,2,127.95,connector
158.577,496,0.793929,-49.9,-35.242,13.3047,-35.7094,-37.4917,1.7823,23.9465,1491.5672,-3713.6859,-5205.2532,32910.9171,42849.5329,-45263.3276,14.2071,13.035,0.9175,0.0,29.47,class2_2026_04_27_15_29_16.csv,hard_negative,0,,background
160.811,503,0.805114,-26.626,-36.8326,12.6918,-37.3405,-37.4026,0.0621,29.489,-2188.4817,682.1682,2870.65,28905.9592,36479.6285,-36479.6285,13.1527,14.0168,1.0657,0.957,29.489,class2_2026_04_27_15_29_16.csv,hard_negative,1,,background
191.123,598,0.956873,-22.714,-35.0829,13.2707,-40.8027,-39.2214,-1.5813,27.756,6551.4673,4951.3426,-1600.1248,-43567.2055,42421.6348,-43567.2055,12.8904,13.4,1.0395,1.915,27.756,class2_2026_04_27_15_29_16.csv,hard_negative,2,,background
191.761,600,0.960067,-49.9,-37.8691,13.4749,-40.8558,-37.4932,-3.3626,28.25,5339.8271,3088.6079,-2251.2192,0.0,3302.2679,-44279.0,12.8135,13.9077,1.0854,0.0,28.25,class2_2026_04_27_15_29_16.csv,hard_negative,3,,background
14.996,46,0.075079,-14.383,-14.4739,0.0797,-14.2919,-14.5126,0.2207,0.0435,-88.6782,28.1224,116.8006,123.8245,123.8245,-199.2535,0.1587,0.1173,0.7396,0.638,0.262,class2_2026_04_27_15_29_16.csv,stable_background,4,,background
24.568,76,0.123002,-14.281,-14.3138,0.1538,-14.6199,-14.3427,-0.2773,0.4625,51.0832,-17.3361,-68.4193,-603.4483,777.4295,-603.4483,0.3769,0.1011,0.2681,0.0,0.591,class2_2026_04_27_15_29_16.csv,stable_background,5,,background
85.83,268,0.429715,-15.55,-15.7594,0.8816,-14.6708,-16.9526,2.2817,1.258,-85.1179,-54.5102,30.6078,-1357.3668,-120.6897,-1559.5611,0.2045,0.3848,1.8819,0.0,2.584,class2_2026_04_27_15_32_04.csv,manual_annotation,0,85.83,bend
131.138,410,0.656553,-17.359,-17.2681,2.1721,-13.3404,-26.4371,13.0967,4.138,-594.5059,-5912.8707,-5318.3648,-2939.5415,-2020.3762,-3531.348,3.1602,10.7611,3.4052,0.0,7.085,class2_2026_04_27_15_32_04.csv,manual_annotation,1,131.14,break
127.628,399,0.63898,-8.418,-11.3366,2.9435,-16.5216,-15.9447,-0.5769,8.864,1214.873,-2638.2191,-3853.0921,579.9373,9977.4661,-2713.1661,2.3134,4.4241,1.9124,2.871,9.367,class2_2026_04_27_15_32_04.csv,manual_annotation,2,127.63,connector
174.85,547,0.875401,-49.9,-37.6862,13.7072,-36.251,-37.5256,1.2746,29.979,3864.1673,-250.4981,-4114.6654,5913.7931,41075.2382,-46989.0313,13.6978,13.8853,1.0137,0.0,29.979,class2_2026_04_27_15_32_04.csv,hard_negative,0,,background
168.788,528,0.845051,-21.177,-40.925,12.7141,-36.8115,-36.251,-0.5605,17.7135,-2360.947,3727.9414,6088.8883,0.0,40913.9996,-40479.6285,13.1782,13.6978,1.0394,0.638,28.723,class2_2026_04_27_15_32_04.csv,hard_negative,1,,background
186.337,583,0.932912,-49.9,-35.5746,12.8464,-29.99,-40.0432,10.0532,3.739,444.659,1808.881,1364.222,-40474.0657,2126.9608,-40474.0657,12.4348,12.3806,0.9956,0.0,28.028,class2_2026_04_27_15_32_04.csv,hard_negative,2,,background
171.021,535,0.856231,-20.172,-40.7998,12.9079,-41.2009,-36.0682,-5.1328,29.728,-2319.4824,-1638.5967,680.8857,41123.8276,46595.6129,-46595.6129,12.3353,13.8807,1.1253,0.957,29.728,class2_2026_04_27_15_32_04.csv,hard_negative,3,,background
14.039,43,0.070287,-14.558,-14.4851,0.0743,-14.2187,-14.4433,0.2246,0.0195,-100.0879,5.9538,106.0417,231.9749,231.9749,-173.9812,0.2289,0.0547,0.239,0.0,0.27,class2_2026_04_27_15_32_04.csv,stable_background,4,,background
23.93,74,0.119808,-14.418,-14.4581,0.2095,-14.6167,-14.3803,-0.2364,0.3655,-108.0534,-49.6659,58.3876,1075.2351,1075.2351,-460.815,0.2754,0.1152,0.4185,0.0,0.686,class2_2026_04_27_15_32_04.csv,stable_background,5,,background
107.526,336,0.538338,-17.61,-18.2328,0.9746,-14.7651,-29.3494,14.5843,1.234,-1243.9152,-4597.6438,-3353.7286,-299.373,-299.373,-3262.2704,2.3836,12.9882,5.449,0.0,3.073,class3_2026_05_14_12_56_25.csv,manual_annotation,0,107.53,break
97.954,306,0.490415,-0.156,-1.1801,1.5274,-10.2364,-8.0456,-2.1908,10.193,4336.622,-2535.4092,-6872.0311,0.0,1045.4545,-6564.1374,6.577,4.1138,0.6255,4.148,4.194,class3_2026_05_14_12_56_25.csv,manual_annotation,1,97.95,connector
120.927,378,0.605431,-18.219,-19.3091,1.1413,-36.7432,-25.8606,-10.8826,2.3365,8340.9491,-4179.905,-12520.8541,1103.4451,14666.1442,-6017.2382,14.8419,11.5524,0.7784,2.233,3.928,class3_2026_05_14_12_56_25.csv,hard_negative,0,,background
126.99,397,0.635786,-49.9,-37.883,13.635,-25.8606,-38.1991,12.3385,4.6075,-3961.7036,842.3113,4804.0149,0.0,48407.5251,-41092.4781,11.5524,13.1544,1.1387,0.0,30.884,class3_2026_05_14_12_56_25.csv,hard_negative,1,,background
165.278,517,0.827478,-29.143,-36.8794,11.8663,-37.0823,-31.2566,-5.8258,3.23,890.4384,2089.7852,1199.3468,-0.0,42716.3056,-32534.4859,12.8848,11.714,0.9091,0.0,27.253,class3_2026_05_14_12_56_25.csv,hard_negative,2,,background
182.827,572,0.915339,-22.949,-35.6747,13.028,-38.3494,-36.6609,-1.6884,28.504,1004.165,1431.1297,426.9647,-13225.7053,42242.9514,-44677.1191,13.1969,13.4846,1.0218,1.595,28.504,class3_2026_05_14_12_56_25.csv,stable_background,3,,background
61.261,191,0.306708,-14.952,-15.0847,0.5665,-14.6177,-16.3357,1.7181,0.698,28.5775,-238.9466,-267.5241,-1426.3323,336.9906,-1426.3323,0.1243,0.4143,3.3336,0.0,1.542,class2_2026_04_27_15_53_18.csv,manual_annotation,0,61.26,bend
131.776,412,0.659748,-19.438,-18.7322,2.438,-12.7141,-28.5833,15.8692,3.59,-2096.6599,-2248.9777,-152.3178,-4794.6708,-2185.8498,-4794.6708,3.2064,11.5173,3.592,0.0,6.887,class2_2026_04_27_15_53_18.csv,manual_annotation,1,131.78,break
127.947,400,0.640577,-8.168,-10.0967,2.028,-15.3634,-17.8676,2.5042,9.0285,1650.1616,-2832.3211,-4482.4827,-2003.1348,9689.6552,-3181.8182,2.9332,8.8492,3.0169,2.871,6.971,class2_2026_04_27_15_53_18.csv,manual_annotation,2,127.95,connector
161.13,504,0.806711,-22.907,-32.2611,12.5197,-34.6787,-33.4204,-1.2583,3.9065,-1356.0982,-1688.2813,-332.1831,-3260.1912,45371.4781,-39747.652,13.6925,13.1997,0.964,0.0,28.947,class2_2026_04_27_15_53_18.csv,hard_negative,0,,background
151.558,474,0.758788,-49.9,-30.3307,13.862,-35.648,-32.9713,-2.6767,4.9835,4393.4404,1620.3323,-2773.1081,2257.0549,2609.7194,-47045.4577,14.2816,13.5696,0.9501,0.0,30.392,class2_2026_04_27_15_53_18.csv,hard_negative,1,,background
182.189,570,0.912144,-49.9,-44.0501,10.9552,-36.1751,-37.6698,1.4948,27.37,-5438.2405,3898.9471,9337.1876,0.0,42899.6881,-0.0,13.7567,13.7156,0.997,0.0,27.37,class2_2026_04_27_15_53_18.csv,hard_negative,2,,background
148.048,463,0.741215,-49.9,-40.7352,12.977,-36.1748,-34.0529,-2.1219,4.711,1388.098,1226.8911,-161.2069,-0.0,44595.6144,-40639.5016,13.801,14.219,1.0303,0.0,28.452,class2_2026_04_27_15_53_18.csv,hard_negative,3,,background
77.215,241,0.386583,-16.712,-16.5199,0.1885,-16.4737,-16.6201,0.1464,0.473,-11.0369,-44.607,-33.5702,29.7821,455.6569,-247.6505,0.1797,0.2519,1.4015,0.0,0.611,class2_2026_04_27_15_53_18.csv,stable_background,4,,background
92.849,290,0.464856,-17.335,-16.5212,0.3745,-16.5854,-16.5403,-0.0451,0.6105,54.0779,17.2766,-36.8012,68.9655,172.4154,-456.1129,0.3022,0.2025,0.6701,0.0,1.377,class2_2026_04_27_15_53_18.csv,stable_background,5,,background
37.331,116,0.186901,-13.154,-13.1968,2.2764,-12.8827,-27.5815,14.6988,4.97,1161.6427,-7748.3552,-8909.9978,-3028.2132,-2351.0972,-3476.489,2.0456,14.0382,6.8626,0.0,7.216,class3_2026_04_27_16_18_11.csv,manual_annotation,0,37.33,break
35.736,111,0.178915,-9.097,-11.2382,1.713,-13.9601,-23.1674,9.2073,5.4685,751.9961,-4720.6787,-5472.6747,-547.0219,6076.8025,-2710.0313,1.4133,14.6601,10.373,2.233,5.412,class3_2026_04_27_16_18_11.csv,manual_annotation,1,35.74,connector
130.18,407,0.651757,-49.9,-35.0911,13.3716,-34.7018,-42.7974,8.0956,30.15,5942.0629,-1182.24,-7124.3029,-43231.9765,3786.8339,-43231.9765,13.6935,11.5654,0.8446,0.0,30.15,class3_2026_04_27_16_18_11.csv,hard_negative,0,,background
106.569,333,0.533547,-20.374,-34.3901,13.9807,-36.2217,-40.4825,4.2608,30.093,-2245.2646,-4582.6645,-2337.3999,47167.7163,47167.7163,-47167.7163,13.7454,13.3416,0.9706,0.957,30.093,class3_2026_04_27_16_18_11.csv,hard_negative,1,,background
127.947,400,0.640577,-49.9,-34.1262,14.1504,-39.3458,-36.8426,-2.5032,30.15,161.1511,-4667.0937,-4828.2448,-41766.4608,47194.3589,-41766.4608,13.3198,13.2207,0.9926,0.0,30.15,class3_2026_04_27_16_18_11.csv,hard_negative,2,,background
6.062,18,0.03035,-11.051,-10.6298,1.5829,-4.4398,-13.5623,9.1224,2.599,-2425.4196,-595.5112,1829.9083,-2172.4138,-1645.768,-2172.4138,3.3514,0.8921,0.2662,0.0,4.815,class3_2026_04_27_16_18_11.csv,stable_background,3,,background
127.628,399,0.63898,-5.927,-8.782,2.8017,-13.9444,-13.6022,-0.3423,8.8495,1167.2388,-2639.2294,-3806.4682,568.9655,9456.1129,-2703.7618,2.2698,4.5613,2.0096,2.871,8.648,class1_2026_04_27_14_39_22.csv,manual_annotation,0,127.63,connector
131.776,412,0.659748,-16.741,-16.7067,2.7064,-10.8579,-27.2803,16.4224,3.262,-2083.1452,-3973.8748,-1890.7295,-4048.5893,-2113.9918,-8542.3197,3.1727,12.2253,3.8532,0.0,9.665,class1_2026_04_27_14_39_22.csv,manual_annotation,1,131.78,break
102.421,320,0.512779,-15.105,-14.9072,0.1257,-14.8186,-14.8809,0.0623,0.133,-5.4942,38.6708,44.165,-84.6395,283.6991,-249.6357,0.1118,0.0984,0.8799,0.0,0.378,class1_2026_04_27_14_39_22.csv,hard_negative,0,,background
163.044,510,0.816293,-49.9,-37.429,13.9628,-39.4824,-39.4,-0.0824,29.976,726.0174,-518.5849,-1244.6022,42572.3378,42572.3378,-46984.3292,13.0723,13.1912,1.0091,0.0,29.976,class1_2026_04_27_14_39_22.csv,hard_negative,1,,background
80.405,251,0.402554,-14.808,-14.8074,0.11,-14.7507,-14.7457,-0.0049,0.1135,-31.1871,2.2484,33.4355,218.1015,442.0063,-343.2602,0.1147,0.1122,0.9784,0.0,0.319,class1_2026_04_27_14_39_22.csv,hard_negative,2,,background
10.529,32,0.052714,-14.223,-14.1958,0.1119,-12.3729,-14.3728,1.9999,0.19,-782.4115,-46.7802,735.6313,1.5674,199.0596,-217.673,1.8716,0.1079,0.0577,0.0,0.39,class1_2026_04_27_14_39_22.csv,stable_background,3,,background
96.678,302,0.484026,-8.964,-11.1421,2.3429,-14.3101,-15.3161,1.006,6.2095,359.9859,-2595.7338,-2955.7196,3874.6082,7639.4984,-2396.5517,0.8645,4.6018,5.3229,2.552,6.203,class3_2026_05_14_14_34_08.csv,manual_annotation,0,96.68,connector
101.145,316,0.506391,-18.512,-19.1601,2.8872,-12.9376,-35.8979,22.9603,3.034,-2102.6377,-5290.4715,-3187.8338,-4626.9577,-1822.884,-46879.315,2.8442,14.0672,4.9459,0.0,10.091,class3_2026_05_14_14_34_08.csv,manual_annotation,1,101.14,break
174.531,546,0.873804,-49.9,-34.4297,13.8504,-32.2534,-39.661,7.4076,7.384,-805.3429,-3027.8195,-2222.4766,0.0,44794.6755,-42887.1505,12.6619,12.8704,1.0165,0.0,29.041,class3_2026_05_14_14_34_08.csv,hard_negative,0,,background
124.756,390,0.624601,-21.789,-28.6978,11.4835,-34.6376,-36.4155,1.7779,6.0345,4172.117,3637.0499,-535.0671,-2962.3809,6721.0031,-44061.1317,13.7354,13.5275,0.9849,0.957,30.602,class3_2026_05_14_14_34_08.csv,hard_negative,1,,background
126.671,396,0.634189,-49.9,-44.1902,10.6912,-34.8979,-33.3022,-1.5958,1.932,535.5268,3397.0453,2861.5185,-0.0,38800.9436,-41744.5172,13.4884,13.3348,0.9886,0.0,26.633,class3_2026_05_14_14_34_08.csv,hard_negative,2,,background
46.584,145,0.233227,-14.517,-14.6029,0.0902,-14.6401,-14.5197,-0.1204,0.1005,-22.734,7.6215,30.3555,98.7461,242.9467,-15.674,0.0972,0.0821,0.8443,0.638,0.258,class3_2026_05_14_14_34_08.csv,stable_background,3,,background
11.486,35,0.057506,-14.309,-14.7421,0.6736,-13.1652,-16.5166,3.3514,0.561,-429.0558,-383.4249,45.6308,-1362.7678,349.5298,-1620.6897,1.1885,0.7454,0.6272,11.487,1.999,class2_2026_04_27_16_01_24.csv,manual_annotation,0,11.49,bend
127.628,399,0.63898,-8.726,-11.6087,2.9015,-16.4332,-21.1411,4.7079,8.282,1087.3985,-2993.0195,-4080.418,592.4765,9615.3718,-2697.4922,2.169,13.4488,6.2005,2.871,9.042,class2_2026_04_27_16_01_24.csv,manual_annotation,1,127.63,connector
131.776,412,0.659748,-19.336,-26.0051,13.0281,-13.638,-33.3736,19.7356,2.951,-2100.2018,-1492.3574,607.8443,-11108.1505,-2315.0486,-45681.8229,3.1709,13.251,4.1789,0.0,33.628,class2_2026_04_27_16_01_24.csv,manual_annotation,2,131.78,break
143.581,449,0.71885,-49.9,-43.6676,11.6782,-38.9654,-43.9689,5.0036,29.436,-355.7044,-573.2016,-217.4972,-4357.3636,46137.9326,-41780.569,13.7339,11.1109,0.809,0.0,29.436,class2_2026_04_27_16_01_24.csv,hard_negative,0,,background
171.021,535,0.856231,-29.853,-44.7164,9.82,-36.4159,-40.9203,4.5044,26.605,-7062.0072,105.6546,7167.6618,-0.0,31421.6317,-31421.6317,13.6282,12.7054,0.9323,0.638,26.605,class2_2026_04_27_16_01_24.csv,hard_negative,1,,background
156.982,491,0.785944,-21.412,-33.9659,14.2746,-37.4959,-33.4236,-4.0723,8.6675,260.9819,-982.13,-1243.1119,-0.0,46120.6928,-41967.0878,13.9397,13.3248,0.9559,0.638,29.942,class2_2026_04_27_16_01_24.csv,hard_negative,2,,background
76.896,240,0.384986,-17.146,-17.1566,0.2208,-17.2558,-17.2191,-0.0368,0.443,-17.3837,-46.07,-28.6863,-221.0016,656.7414,-221.0016,0.2642,0.323,1.2228,0.0,0.781,class2_2026_04_27_16_01_24.csv,hard_negative,3,,background
29.035,90,0.145366,-16.935,-16.7144,0.209,-16.746,-17.1142,0.3682,0.643,-59.6393,-159.233,-99.5937,318.1834,318.1834,-1797.8072,0.5691,0.5444,0.9566,0.0,0.723,class2_2026_04_27_16_01_24.csv,stable_background,4,,background
106.569,333,0.533547,-17.393,-17.2542,0.2302,-17.2926,-17.4603,0.1677,0.534,30.4093,-47.5187,-77.928,-545.453,1031.3495,-545.453,0.2968,0.4365,1.4707,0.0,0.658,class2_2026_04_27_16_01_24.csv,stable_background,5,,background
105.931,331,0.530451,-15.807,-15.7109,0.6416,-14.8169,-16.4941,1.6771,0.8415,-84.8152,-110.204,-25.3887,-877.7429,177.116,-1750.7837,0.232,0.2977,1.2831,0.0,2.088,class2_2026_04_27_15_25_18.csv,manual_annotation,0,105.93,bend
127.947,400,0.640696,-7.912,-9.8387,1.9705,-15.128,-15.7347,0.6067,8.883,1741.8893,-2748.9093,-4490.7986,-2023.511,9304.0752,-3244.5141,2.9361,4.0553,1.3812,2.871,6.731,class2_2026_04_27_15_25_18.csv,manual_annotation,1,127.95,connector
132.095,413,0.661467,-21.032,-18.8242,1.9523,-12.5501,-32.1599,19.6099,3.5515,-2480.7344,-5170.7733,-2690.0389,-2510.9702,-2337.371,-2510.9702,3.3234,14.1743,4.2651,0.0,5.533,class2_2026_04_27_15_25_18.csv,manual_annotation,2,132.09,break
170.702,534,0.854792,-22.019,-31.4853,13.0761,-38.3511,-35.7059,-2.6452,29.553,-2020.7209,-233.7944,1786.9265,0.0,42777.4326,-45891.8527,13.0947,14.2243,1.0863,0.638,29.553,class2_2026_04_27_15_25_18.csv,hard_negative,0,,background
185.698,581,0.929885,-22.011,-35.4001,13.0981,-38.3235,-36.5646,-1.7589,28.001,2205.4731,-3378.988,-5584.4611,43888.7179,43888.7179,-43683.0968,13.0297,13.4235,1.0302,0.958,28.001,class2_2026_04_27_15_25_18.csv,hard_negative,1,,background
186.337,583,0.933085,-49.9,-32.5503,12.4094,-38.4697,-36.4557,-2.0139,28.001,5052.3208,-2354.2149,-7406.5357,-43683.0968,43888.7179,-43683.0968,12.834,13.5493,1.0557,0.0,28.001,class2_2026_04_27_15_25_18.csv,hard_negative,2,,background
191.761,600,0.960245,-49.9,-34.3261,13.9718,-36.5646,-32.9648,-3.5997,4.8405,-2267.1454,-2403.566,-136.4206,3904.3871,45860.9333,-4065.8292,13.4235,13.5557,1.0098,0.0,29.96,class2_2026_04_27_15_25_18.csv,hard_negative,3,,background
90.297,282,0.452163,-14.575,-14.6981,0.0965,-14.7105,-14.6557,-0.0548,0.1165,-0.4897,-6.6957,-6.2059,117.5549,354.8965,-211.5987,0.1025,0.08,0.7802,0.957,0.304,class2_2026_04_27_15_25_18.csv,stable_background,4,,background
18.825,58,0.094266,-14.362,-14.448,0.1338,-14.4606,-14.5849,0.1244,0.2935,4.0228,-90.3629,-94.3857,210.0313,489.0282,-579.9373,0.1262,0.2837,2.2483,0.0,0.473,class2_2026_04_27_15_25_18.csv,stable_background,5,,background
10.529,32,0.052714,-17.886,-18.1692,1.4064,-12.1729,-24.6118,12.4389,2.022,-2248.6786,-3040.0145,-791.3359,-3152.0408,-1120.6897,-3152.0408,3.7855,9.2891,2.4538,0.0,4.232,class3_2026_05_14_13_18_01.csv,manual_annotation,0,10.53,break
108.165,338,0.541537,-20.509,-32.7428,12.9613,-36.2271,-41.5374,5.3103,29.659,6216.359,-618.4989,-6834.8579,-39765.112,44150.4734,-39765.112,13.7543,12.195,0.8866,1.596,29.659,class3_2026_05_14_13_18_01.csv,hard_negative,0,,background
70.833,221,0.354631,-49.9,-37.1389,14.2746,-35.1254,-36.2472,1.1218,8.983,-1725.536,-917.9974,807.5386,0.0,43343.2633,-9272.7273,13.3554,13.8615,1.0379,0.0,29.558,class3_2026_05_14_13_18_01.csv,hard_negative,1,,background
36.055,112,0.180512,-9.996,-11.13,1.2808,-13.6757,-13.6893,0.0136,5.036,947.043,-847.6039,-1794.6469,-2155.1724,6083.0721,-2155.1724,1.6672,1.2234,0.7338,2.552,4.112,class3_2026_05_14_13_15_32.csv,manual_annotation,0,36.05,connector
127.628,399,0.63898,-11.575,-13.5396,1.2847,-14.6821,-24.9641,10.2821,3.434,256.7207,-5629.7866,-5886.5074,-523.511,5219.4357,-5655.174,0.745,13.6638,18.3414,1.276,3.619,class3_2026_05_14_13_15_32.csv,manual_annotation,1,127.63,connector
129.542,405,0.648563,-17.038,-16.738,2.1889,-14.3427,-33.4426,19.0999,3.6105,179.1393,-6569.6836,-6748.8229,-7.8354,231.9749,-4468.6505,1.3207,14.81,11.2134,0.0,6.464,class3_2026_05_14_13_15_32.csv,manual_annotation,2,129.54,break
159.535,499,0.798725,-49.9,-41.4761,12.127,-35.1224,-36.2137,1.0912,7.647,1024.4719,4218.5106,3194.0386,-44826.0204,44702.6263,-44826.0204,13.4174,13.8013,1.0286,0.0,28.599,class3_2026_05_14_13_15_32.csv,hard_negative,0,,background
179.955,563,0.90096,-49.9,-41.7804,11.593,-33.5008,-39.6032,6.1024,17.295,1556.3122,3858.2835,2301.9713,-34169.2821,34169.2821,-34169.2821,13.2378,12.9175,0.9758,0.0,28.195,class3_2026_05_14_13_15_32.csv,hard_negative,1,,background
152.196,476,0.761982,-21.146,-37.7023,13.6653,-39.3112,-36.2417,-3.0695,28.754,296.244,-385.0096,-681.2536,42851.0987,45068.9687,-45068.9687,13.3076,13.7458,1.0329,0.957,28.754,class3_2026_05_14_13_15_32.csv,hard_negative,2,,background
183.146,573,0.916936,-23.191,-38.0367,13.2805,-38.233,-35.0031,-3.2299,17.083,224.2972,4625.883,4401.5858,-1678.685,43860.5047,-42181.8197,13.1434,13.4187,1.0209,1.595,27.983,class3_2026_05_14_13_15_32.csv,hard_negative,3,,background
14.677,45,0.073482,-14.527,-14.4337,0.0939,-14.2913,-14.4805,0.1892,0.0965,-40.9537,-15.418,25.5357,216.3009,216.3009,-246.0815,0.1527,0.1145,0.7498,0.0,0.281,class3_2026_05_14_13_15_32.csv,stable_background,4,,background
114.865,359,0.575081,-15.065,-14.9494,0.0836,-14.9361,-14.9044,-0.0317,0.047,7.9092,15.1662,7.257,-72.1003,228.8401,-72.1003,0.114,0.1007,0.8833,0.0,0.234,class3_2026_05_14_13_15_32.csv,stable_background,5,,background
10.529,32,0.052714,-18.59,-19.0734,2.8152,-12.0893,-31.2598,19.1705,1.8595,-2327.5251,-3257.367,-929.8419,-4199.0611,-717.8683,-37623.8287,3.8716,13.3767,3.4551,0.0,9.792,class3_2026_05_14_14_33_35.csv,manual_annotation,0,10.53,break
126.032,394,0.63099,-21.73,-31.0039,13.3909,-40.5832,-37.5196,-3.0637,29.68,2786.843,-1450.659,-4237.5021,-0.0,896.5486,-4819.7476,13.1938,13.8635,1.0508,0.638,29.68,class3_2026_05_14_14_33_35.csv,hard_negative,0,,background
73.705,230,0.36901,-49.9,-44.0603,10.9489,-37.9682,-39.2307,1.2626,27.812,-712.0823,36.174,748.2563,0.0,0.0,0.0,13.47,13.4219,0.9964,0.0,27.812,class3_2026_05_14_14_33_35.csv,hard_negative,1,,background
38.607,120,0.193289,-17.35,-17.1852,3.039,-12.901,-32.4755,19.5745,3.229,-177.8643,-5303.2779,-5125.4136,-3172.4138,-1960.815,-8990.5956,2.0962,14.0197,6.6881,0.0,9.77,class3_2026_05_14_13_09_48.csv,manual_annotation,0,38.61,break
35.417,110,0.177318,-9.352,-11.5329,2.0419,-14.2134,-17.9329,3.7195,5.3905,332.895,-2948.0665,-3280.9614,2543.8871,6314.3767,-2545.4545,0.9041,8.904,9.8484,2.233,5.655,class3_2026_05_14_13_09_48.csv,manual_annotation,1,35.42,connector
148.048,463,0.741215,-20.997,-37.7076,13.6843,-35.2927,-35.9289,0.6362,9.2975,-3650.5992,167.7522,3818.3514,1260.1865,45302.511,-45302.511,13.3007,12.7852,0.9612,1.276,28.903,class3_2026_05_14_13_09_48.csv,hard_negative,0,,background
101.783,318,0.509585,-22.501,-34.1072,14.1878,-35.9632,-32.0184,-3.9448,5.645,-554.8285,1005.6733,1560.5017,4341.6944,44094.047,-48435.7414,13.9829,13.0331,0.9321,0.0,30.902,class3_2026_05_14_13_09_48.csv,hard_negative,1,,background
145.177,454,0.726841,-22.254,-32.6036,12.4869,-33.9029,-40.7996,6.8967,28.584,3168.2715,3032.5204,-135.7511,-30922.7846,144.2022,-43332.2915,13.0514,12.9006,0.9884,2.234,28.584,class3_2026_05_14_13_09_48.csv,hard_negative,2,,background
14.677,45,0.073482,-14.364,-14.4323,0.1242,-14.2571,-14.4944,0.2374,0.164,-43.0957,9.0787,52.1744,70.5329,133.2288,-354.232,0.1792,0.0872,0.4867,0.0,0.385,class3_2026_05_14_13_09_48.csv,stable_background,3,,background
37.65,117,0.188498,-16.133,-15.6256,0.9582,-14.5723,-17.1436,2.5712,1.674,-29.0921,-269.4542,-240.3621,-962.3824,-310.3448,-962.3824,0.2838,0.4752,1.6746,0.0,2.879,class2_2026_04_27_15_41_16.csv,manual_annotation,0,37.65,bend
131.138,410,0.656553,-17.836,-17.5969,2.2725,-13.648,-26.2733,12.6253,4.514,-609.2715,-1440.1457,-830.8742,-2621.8496,-2299.373,-4717.8699,3.2519,10.7405,3.3029,0.0,6.775,class2_2026_04_27_15_41_16.csv,manual_annotation,1,131.14,break
127.628,399,0.63898,-8.671,-11.5361,2.828,-16.6933,-17.9444,1.2511,8.789,1084.991,-2676.3898,-3761.3808,631.6614,9648.9028,-2722.5705,2.299,8.9383,3.8879,2.871,8.656,class2_2026_04_27_15_41_16.csv,manual_annotation,2,127.63,connector
194.313,608,0.972844,-49.9,-38.2633,13.0953,-35.3326,-42.0182,6.6856,28.73,-212.116,1768.59,1980.706,-43056.4295,43056.4295,-43056.4295,13.1498,12.2412,0.9309,0.0,28.73,class2_2026_04_27_15_41_16.csv,hard_negative,0,,background
179.317,561,0.897766,-21.501,-30.687,13.6072,-35.6956,-36.6472,0.9517,17.9065,2079.8255,335.4446,-1744.381,-45611.29,42741.3809,-45611.29,14.2282,13.275,0.933,1.914,30.399,class2_2026_04_27_15_41_16.csv,hard_negative,1,,background
151.558,474,0.758788,-20.802,-27.9728,11.7969,-40.6351,-33.1935,-7.4416,30.492,7777.5588,689.7529,-7087.8059,-44097.1803,5794.6724,-44097.1803,13.1229,13.3878,1.0202,2.233,30.492,class2_2026_04_27_15_41_16.csv,hard_negative,2,,background
153.791,481,0.769968,-49.9,-34.5358,13.818,-34.4412,-37.7017,3.2605,18.194,3666.6812,-2690.0809,-6356.762,-38612.057,42931.0376,-42512.5423,13.8847,13.6695,0.9845,0.0,30.492,class2_2026_04_27_15_41_16.csv,hard_negative,3,,background
162.406,508,0.813099,-49.9,-40.2004,13.7265,-41.9776,-35.8007,-6.1769,29.884,8.5919,-1285.0973,-1293.6892,43699.0627,43699.0627,-292.7508,12.8004,14.131,1.104,0.0,29.884,class2_2026_04_27_15_41_16.csv,stable_background,4,,background
68.919,215,0.345049,-18.002,-17.529,0.378,-17.4503,-17.4832,0.0328,0.4495,-32.6861,14.7651,47.4513,-1065.8323,1302.5078,-1543.8887,0.215,0.4149,1.9301,0.0,1.131,class2_2026_04_27_15_41_16.csv,stable_background,5,,background
66.366,207,0.332267,-9.324,-11.4882,1.71,-14.1345,-16.4781,2.3436,5.3235,628.3986,-2336.6563,-2965.0549,-59.5611,6329.1536,-2857.3668,1.2801,3.6857,2.8791,2.234,5.26,class3_2026_05_14_13_16_46.csv,manual_annotation,0,66.37,connector
35.417,110,0.177318,-13.311,-13.8896,0.4309,-14.4569,-14.3383,-0.1186,1.2915,57.3782,-269.1194,-326.4977,1073.6677,1452.9781,-1175.5486,0.1859,0.4097,2.204,1.276,1.261,class3_2026_05_14_13_16_46.csv,manual_annotation,1,35.42,connector
70.195,219,0.351437,-19.51,-18.5534,1.3684,-13.5811,-32.7403,19.1592,3.0035,-1758.6923,-4497.7737,-2739.0814,-509.4028,-509.4028,-2144.9032,2.6889,13.8494,5.1505,0.0,4.858,class3_2026_05_14_13_16_46.csv,manual_annotation,2,70.19,break
113.908,356,0.57029,-49.9,-40.8473,12.8669,-34.4154,-34.9986,0.5831,4.8275,-1910.7554,2701.7296,4612.4849,0.0,0.0,-45998.4373,13.8931,13.4276,0.9665,0.0,29.347,class3_2026_05_14_13_16_46.csv,hard_negative,0,,background
78.491,245,0.392972,-26.465,-32.5654,12.3708,-37.1185,-36.1159,-1.0026,16.7995,1915.1788,-1033.1711,-2948.3499,-1598.7476,44675.5533,-43716.3025,12.8691,13.815,1.0735,1.595,28.503,class3_2026_05_14_13_16_46.csv,hard_negative,1,,background
157.62,493,0.789138,-21.303,-37.5217,13.8571,-34.5973,-39.5981,5.0008,29.126,-2604.2609,2130.0113,4734.2721,-0.0,45652.0408,-44822.8887,13.7219,13.0641,0.9521,0.638,29.126,class3_2026_05_14_13_16_46.csv,hard_negative,2,,background
144.857,453,0.725239,-22.875,-32.6538,12.7472,-40.4893,-35.2884,-5.2009,30.489,-1049.058,-1018.7499,30.3082,264.7434,47788.406,-41266.4592,13.3417,13.3462,1.0003,0.639,30.489,class3_2026_05_14_13_16_46.csv,hard_negative,3,,background
123.48,386,0.618213,-21.485,-33.9261,14.327,-32.6938,-33.2204,0.5266,4.8215,3804.3983,3450.229,-354.1693,5247.6489,47299.3762,-48036.0533,13.7816,13.4045,0.9726,0.957,30.647,class3_2026_05_14_13_16_46.csv,stable_background,4,,background
21.697,67,0.108628,-15.569,-14.8451,0.3618,-14.5662,-14.4628,-0.1034,0.154,-33.7346,143.6529,177.3875,-476.489,25.556,-476.489,0.1334,0.2828,2.1195,0.0,1.204,class3_2026_05_14_13_16_46.csv,stable_background,5,,background
68.919,215,0.345049,-15.279,-15.3467,0.6337,-14.6457,-16.6662,2.0206,0.832,-37.1471,-184.5958,-147.4488,-1432.6019,47.0219,-1432.6019,0.1046,0.4559,4.358,0.0,1.745,class2_2026_04_27_15_39_59.csv,manual_annotation,0,68.92,bend
127.947,400,0.640577,-8.508,-10.4879,2.0509,-15.573,-18.0316,2.4586,8.6105,1583.5346,-2612.353,-4195.8876,-2010.9718,9789.9687,-3247.6489,2.853,8.7701,3.074,2.871,7.038,class2_2026_04_27_15_39_59.csv,manual_annotation,1,127.95,connector
131.138,410,0.656553,-17.335,-17.1164,2.5382,-13.0559,-30.7413,17.6853,4.0715,-589.1353,-6526.1747,-5937.0393,-2429.233,-2084.6395,-7072.1003,3.1496,13.6755,4.3419,0.0,8.841,class2_2026_04_27_15_39_59.csv,manual_annotation,2,131.14,break
145.815,456,0.730035,-49.9,-42.2736,11.0249,-38.3856,-38.485,0.0994,27.018,-2877.0063,4343.6524,7220.6586,-4612.8542,42414.2378,-27500.0031,12.9554,13.0773,1.0094,0.0,27.018,class2_2026_04_27_15_39_59.csv,hard_negative,0,,background
167.192,523,0.837061,-49.9,-37.4011,14.0021,-36.3233,-33.4402,-2.8831,5.912,2254.9888,-1242.0247,-3497.0135,-0.0,44731.9781,-40650.1733,13.6692,13.2195,0.9671,0.0,29.284,class2_2026_04_27_15_39_59.csv,hard_negative,1,,background
189.527,593,0.948883,-49.9,-41.0734,12.5331,-33.4167,-36.7253,3.3086,4.7225,277.4624,-423.1198,-700.5822,-4294.6708,41885.5831,-37590.9122,13.2454,13.2731,1.0021,0.0,28.733,class2_2026_04_27_15_39_59.csv,hard_negative,2,,background
188.889,591,0.945689,-49.9,-34.9861,13.4597,-32.3093,-36.8067,4.4973,6.2665,-1376.7614,1593.0785,2969.84,41885.5831,47456.1176,-37590.9122,12.62,13.185,1.0448,0.0,30.277,class2_2026_04_27_15_39_59.csv,hard_negative,3,,background
86.787,271,0.434506,-16.778,-16.901,0.4033,-16.8184,-16.9399,0.1215,0.811,-32.0975,-53.957,-21.8594,768.0235,1995.2994,-1010.9718,0.3139,0.32,1.0193,0.0,1.364,class2_2026_04_27_15_39_59.csv,stable_background,4,,background
112.312,351,0.562299,-16.513,-17.0584,0.3791,-17.1483,-17.1096,-0.0387,0.553,-8.85,-45.7975,-36.9475,139.4969,1068.9671,-1231.9765,0.3237,0.2787,0.8611,0.638,1.305,class2_2026_04_27_15_39_59.csv,stable_background,5,,background
117.098,366,0.586261,-16.817,-16.5883,0.9471,-14.9126,-17.9359,3.0234,1.9165,-244.2303,-258.1954,-13.9651,-974.1363,-974.1363,-974.1363,0.5141,0.5539,1.0775,0.0,2.762,class2_2026_04_27_15_16_03.csv,manual_annotation,0,117.1,bend
127.628,399,0.63898,-9.09,-11.9499,2.8182,-17.3149,-17.7423,0.4274,8.8595,1131.9753,-2389.3951,-3521.3704,623.8245,9710.0313,-2721.0031,2.3799,8.5663,3.5994,2.871,8.582,class2_2026_04_27_15_16_03.csv,manual_annotation,1,127.63,connector
131.138,410,0.656553,-18.063,-17.5358,1.6947,-14.1029,-27.6429,13.54,4.373,-654.7226,-5243.2638,-4588.5413,-1298.2316,-1298.2316,-4358.9342,3.2778,12.0174,3.6663,0.0,5.468,class2_2026_04_27_15_16_03.csv,manual_annotation,2,131.14,break
164.002,513,0.82109,-24.092,-31.0009,13.4182,-29.8193,-35.9727,6.1533,3.5835,2745.4572,-1653.9306,-4399.3878,-46448.2774,43336.1836,-46448.2774,12.5881,14.0396,1.1153,0.0,30.375,class2_2026_04_27_15_16_03.csv,hard_negative,0,,background
154.43,483,0.773167,-22.976,-38.0767,13.2538,-36.3747,-37.5334,1.1587,28.572,-3563.069,2005.839,5568.908,3437.3056,41393.0387,-44783.7038,13.5813,13.8794,1.0219,1.596,28.572,class2_2026_04_27_15_16_03.csv,hard_negative,1,,background
169.426,530,0.848245,-21.484,-35.4868,13.1982,-36.0936,-31.5883,-4.5052,3.2925,-1175.8322,1527.8637,2703.6959,-418.4953,46189.6583,-45771.163,13.929,13.0555,0.9373,1.276,29.469,class2_2026_04_27_15_16_03.csv,hard_negative,2,,background
168.15,526,0.841857,-49.9,-34.9594,13.5405,-34.2842,-31.8478,-2.4363,2.7675,-4147.985,2848.8116,6996.7966,0.0,0.0,-418.4953,14.0025,12.9525,0.925,0.0,29.469,class2_2026_04_27_15_16_03.csv,hard_negative,3,,background
9.891,30,0.04952,-14.136,-14.1229,0.1345,-11.7144,-14.3438,2.6293,0.252,-1071.7477,-68.1139,1003.6338,-271.1599,-50.1567,-271.1599,2.3321,0.1236,0.053,0.0,0.457,class2_2026_04_27_15_16_03.csv,stable_background,4,,background
62.219,194,0.311505,-14.547,-14.6674,0.0814,-14.6488,-14.5716,-0.0772,0.1045,-5.2218,27.7485,32.9703,-24.8605,413.128,-268.0251,0.1032,0.1106,1.0715,0.639,0.264,class2_2026_04_27_15_16_03.csv,stable_background,5,,background
118.056,369,0.591057,-17.247,-16.8822,0.5843,-15.1251,-17.4825,2.3574,0.905,-400.7778,-45.4543,355.3234,-879.3119,-588.6877,-1268.0251,0.671,0.3994,0.5952,0.0,2.037,class2_2026_04_27_15_18_27.csv,manual_annotation,0,118.06,bend
131.457,411,0.65815,-18.157,-21.3031,10.2675,-13.4978,-32.4673,18.9696,3.805,-1381.1777,-1528.7796,-147.6019,-2992.1646,-1887.7152,-47523.5141,3.2127,13.9818,4.352,0.0,35.243,class2_2026_04_27_15_18_27.csv,manual_annotation,1,131.46,break
127.628,399,0.63898,-8.551,-11.4853,2.9824,-16.6521,-19.1386,2.4865,8.801,1134.8332,-2602.6033,-3737.4364,634.7962,9952.9721,-2721.0031,2.3027,11.502,4.995,2.871,9.309,class2_2026_04_27_15_18_27.csv,manual_annotation,2,127.63,connector
152.515,477,0.763579,-24.398,-31.6499,12.9602,-37.4898,-36.1288,-1.3609,28.927,3987.2174,-38.0772,-4025.2946,-3122.2586,45095.6144,-45411.0833,13.9227,13.8136,0.9922,2.233,28.927,class2_2026_04_27_15_18_27.csv,hard_negative,0,,background
179.955,563,0.90096,-49.9,-37.152,14.3282,-40.2349,-38.0437,-2.1913,30.141,4763.3361,475.985,-4287.3511,-47242.9483,1211.5956,-47242.9483,13.7118,13.3963,0.977,0.0,30.141,class2_2026_04_27_15_18_27.csv,hard_negative,1,,background
171.659,537,0.859425,-26.861,-35.1666,13.2509,-42.2824,-38.7181,-3.5643,28.648,1906.8562,-4572.4898,-6479.346,2626.9561,42275.8668,-36111.2884,12.3016,14.0387,1.1412,1.276,28.648,class2_2026_04_27_15_18_27.csv,hard_negative,2,,background
156.982,491,0.785944,-21.335,-34.774,13.5731,-36.3238,-32.747,-3.5768,3.47,-4357.3448,2850.3255,7207.6703,3014.1082,44772.732,-44772.732,13.6233,13.7869,1.012,0.957,28.613,class2_2026_04_27_15_18_27.csv,hard_negative,3,,background
56.794,177,0.284344,-14.625,-14.6238,0.067,-14.6267,-14.6304,0.0037,0.167,-13.2652,-8.5,4.7652,-40.7524,117.5549,-387.1473,0.0837,0.1368,1.6347,0.0,0.238,class2_2026_04_27_15_18_27.csv,stable_background,4,,background
87.106,272,0.436103,-14.774,-14.776,0.0909,-14.6978,-14.7028,0.005,0.017,-38.2325,-8.0158,30.2167,145.768,300.9404,-152.0376,0.1066,0.102,0.9574,0.0,0.293,class2_2026_04_27_15_18_27.csv,stable_background,5,,background
35.417,110,0.177318,-11.176,-12.6122,1.369,-14.2891,-13.5811,-0.7079,3.4905,128.2036,-794.8344,-923.038,2462.3824,4481.1912,-1775.8621,0.4716,1.1405,2.4184,2.233,3.785,class3_2026_05_14_13_47_38.csv,manual_annotation,0,35.42,connector
96.997,303,0.485624,-7.401,-9.9773,2.337,-13.9388,-16.717,2.7782,7.205,909.2747,-2644.1495,-3553.4241,431.0345,8394.9843,-2731.9749,1.7691,9.1254,5.1582,2.552,7.09,class3_2026_05_14_13_47_38.csv,manual_annotation,1,97.0,connector
101.464,317,0.507988,-18.165,-22.2179,10.0612,-12.3274,-28.2844,15.9569,3.4525,-2510.1194,-2173.215,336.9044,-2778.9937,-663.0094,-45073.6708,3.2828,11.6529,3.5497,0.0,34.436,class3_2026_05_14_13_47_38.csv,manual_annotation,2,101.46,break
125.075,391,0.626198,-20.393,-31.2188,13.3256,-31.3859,-41.151,9.7651,23.728,903.0898,-1619.8559,-2522.9457,9993.7304,37547.0251,-46249.2194,13.1527,12.8372,0.976,1.595,30.331,class3_2026_05_14_13_47_38.csv,hard_negative,0,,background
110.398,345,0.552717,-49.9,-34.6639,13.7598,-33.3117,-38.8893,5.5777,18.557,-310.674,423.5093,734.1832,0.0,47307.2132,-45087.7759,13.3257,13.8245,1.0374,0.0,30.182,class3_2026_05_14_13_47_38.csv,hard_negative,1,,background
112.951,353,0.565499,-49.9,-37.3282,14.0934,-36.0579,-40.4482,4.3903,29.926,-399.0597,-1174.6144,-775.5546,1139.0009,44595.6144,-45454.5486,13.9121,13.402,0.9633,0.0,29.926,class3_2026_05_14_13_47_38.csv,hard_negative,2,,background
182.827,572,0.915339,-49.9,-38.2249,13.1608,-35.4208,-34.2657,-1.1551,5.4475,15.478,4105.3284,4089.8504,6738.2445,39904.3918,-46642.6364,13.0295,14.0397,1.0775,0.0,29.758,class3_2026_05_14_13_47_38.csv,hard_negative,3,,background
136.881,428,0.685306,-21.863,-32.3294,12.6387,-33.7997,-38.483,4.6833,11.7105,2074.3934,1355.9996,-718.3938,37413.7947,37413.7947,-38426.3339,13.0904,13.0308,0.9954,0.638,30.762,class3_2026_05_14_13_47_38.csv,stable_background,4,,background
151.239,473,0.757191,-23.841,-34.8351,13.5301,-36.1062,-35.9149,-0.1913,11.803,1307.0198,-912.2991,-2219.3189,-46456.116,46456.116,-46456.116,13.8311,12.8924,0.9321,0.957,29.639,class3_2026_05_14_13_47_38.csv,stable_background,5,,background
40.522,126,0.202877,-15.516,-15.5916,0.7253,-14.6669,-16.9104,2.2436,0.886,-48.5884,-196.4019,-147.8135,-1857.3683,-163.551,-1857.3683,0.1517,0.3875,2.5542,0.0,1.826,class2_2026_04_27_15_44_16.csv,manual_annotation,0,40.52,bend
127.628,399,0.63898,-8.302,-11.1888,2.8711,-16.4297,-17.3545,0.9248,8.93,1179.0612,-2809.4186,-3988.4798,631.6614,9421.6301,-2749.2163,2.3129,8.8275,3.8167,2.871,8.941,class2_2026_04_27_15_44_16.csv,manual_annotation,1,127.63,connector
131.457,411,0.65815,-18.734,-18.065,2.1921,-13.2194,-32.6872,19.4677,4.1715,-1422.9791,-3185.0348,-1762.0557,-3926.3307,-2592.4765,-3926.3307,3.1621,13.8086,4.3669,0.0,7.229,class2_2026_04_27_15_44_16.csv,manual_annotation,2,131.46,break
182.189,570,0.912144,-49.9,-41.0252,12.6074,-32.9701,-40.7701,7.8,29.533,2833.6677,1690.2928,-1143.3749,-46289.9702,46322.0706,-46289.9702,13.5771,12.9353,0.9527,0.0,29.533,class2_2026_04_27_15_44_16.csv,hard_negative,0,,background
178.36,558,0.892974,-49.9,-36.9932,14.4537,-37.6423,-34.5849,-3.0574,18.1205,81.2766,-3607.9637,-3689.2403,-43510.9765,43790.9987,-43510.9765,13.7133,13.7696,1.0041,0.0,30.583,class2_2026_04_27_15_44_16.csv,hard_negative,1,,background
158.897,497,0.795531,-23.673,-34.683,13.6406,-34.5179,-40.5885,6.0706,29.361,-3994.8614,-1852.0254,2142.836,-256.926,42973.3574,-2257.0533,13.7908,13.2105,0.9579,0.639,29.361,class2_2026_04_27_15_44_16.csv,hard_negative,2,,background
165.916,519,0.830672,-49.9,-43.5038,11.9715,-40.6624,-36.0828,-4.5796,29.535,-4156.1317,3585.3604,7741.4921,-0.0,43935.7414,-0.0,13.1015,13.8697,1.0586,0.0,29.535,class2_2026_04_27_15_44_16.csv,hard_negative,3,,background
67.962,212,0.340257,-16.95,-16.851,0.1679,-17.0524,-16.9845,-0.0679,0.5415,101.1994,-8.9926,-110.192,-774.2978,846.3966,-774.2978,0.2789,0.1924,0.6897,0.0,0.556,class2_2026_04_27_15_44_16.csv,stable_background,4,,background
144.857,453,0.725239,-49.9,-37.1236,14.3048,-35.3872,-35.6802,0.2931,16.844,1831.9231,-1919.4263,-3751.3494,0.0,0.0,-46877.7445,14.5338,14.244,0.9801,0.0,29.908,class2_2026_04_27_15_44_16.csv,stable_background,5,,background
95.083,297,0.476041,-16.585,-16.2991,1.0536,-14.8178,-17.9409,3.1231,1.9025,-169.0231,-348.4276,-179.4044,-1020.3762,-1020.3762,-1630.0925,0.4032,0.5582,1.3844,0.0,3.268,class2_2026_04_27_15_31_19.csv,manual_annotation,0,95.08,bend
127.947,400,0.640577,-9.602,-11.5036,1.9178,-16.6868,-19.7152,3.0284,8.797,1681.3818,-5731.8648,-7413.2466,-1965.5172,9118.5544,-3413.7931,2.9003,8.9452,3.0843,2.871,6.492,class2_2026_04_27_15_31_19.csv,manual_annotation,1,127.95,connector
131.457,411,0.65815,-18.905,-23.7558,10.3478,-14.0987,-33.556,19.4573,3.4205,-1440.7162,-3607.6343,-2166.9181,-3982.7586,-1648.9028,-30405.9608,3.0971,13.2354,4.2735,0.0,33.966,class2_2026_04_27_15_31_19.csv,manual_annotation,2,131.46,break
162.406,508,0.813099,-22.094,-37.4352,13.9656,-38.2996,-34.7793,-3.5203,19.2,4.5299,-1880.9623,-1885.4922,0.0,45308.7806,-43583.0752,13.1153,13.6465,1.0405,0.638,29.527,class2_2026_04_27_15_31_19.csv,hard_negative,0,,background
153.153,479,0.766773,-19.972,-24.9854,9.076,-31.4937,-31.2329,-0.2608,3.695,5590.9906,-1412.6092,-7003.5998,-10780.5658,3691.2226,-46909.094,13.1331,11.8156,0.8997,0.957,30.019,class2_2026_04_27_15_31_19.csv,hard_negative,1,,background
162.087,507,0.811502,-49.9,-40.3178,13.5575,-36.8091,-34.6016,-2.2074,8.5195,-697.5507,-1527.7868,-830.2361,-1725.7053,45308.7806,-43583.0752,13.2363,13.7889,1.0418,0.0,29.527,class2_2026_04_27_15_31_19.csv,hard_negative,2,,background
146.134,457,0.731632,-49.9,-37.5944,13.7797,-32.9464,-34.7747,1.8283,3.6935,2555.9354,6260.2093,3704.2739,-46130.0972,2827.5878,-46130.0972,13.5769,13.6242,1.0035,0.0,29.431,class2_2026_04_27_15_31_19.csv,hard_negative,3,,background
30.95,96,0.154954,-14.548,-14.5168,0.0682,-14.4187,-14.509,0.0903,0.0775,-46.307,31.1817,77.4887,64.2633,191.9137,-126.9592,0.11,0.0977,0.8885,0.0,0.239,class2_2026_04_27_15_31_19.csv,stable_background,4,,background
54.88,171,0.274761,-14.506,-14.6094,0.0856,-14.6226,-14.5863,-0.0363,0.096,-7.6437,12.7219,20.3656,-32.9154,268.0251,-283.6991,0.0754,0.0793,1.0519,0.638,0.225,class2_2026_04_27_15_31_19.csv,stable_background,5,,background
70.514,220,0.353034,-16.014,-15.9794,1.044,-14.7157,-17.653,2.9373,1.5,-125.5749,-315.6509,-190.076,-1454.5455,528.2132,-1700.6285,0.2505,0.5729,2.2869,0.0,3.128,class2_2026_04_27_15_38_53.csv,manual_annotation,0,70.51,bend
127.628,399,0.63898,-8.901,-11.856,3.0104,-16.7538,-17.8461,1.0923,8.6385,1070.2859,-2492.2412,-3562.5271,587.7743,10282.1301,-2819.7492,2.2148,8.6915,3.9243,2.871,9.173,class2_2026_04_27_15_38_53.csv,manual_annotation,1,127.63,connector
130.818,409,0.654951,-18.212,-16.9166,2.0206,-13.7924,-30.6364,16.8441,4.3185,84.0561,-6187.0135,-6271.0696,-1757.5654,-1757.5654,-2683.3856,3.1327,13.7507,4.3894,0.0,5.67,class2_2026_04_27_15_38_53.csv,manual_annotation,2,130.82,break
191.442,599,0.95847,-49.9,-40.6649,13.0701,-37.7119,-40.8991,3.1872,28.878,349.6568,-1459.3153,-1808.9721,-43012.5423,45263.3276,-43012.5423,13.6599,12.7352,0.9323,0.0,28.878,class2_2026_04_27_15_38_53.csv,hard_negative,0,,background
147.091,460,0.736423,-49.9,-49.9,0.0,-38.9071,-39.5636,0.6564,0.0,-3357.1207,4590.415,7947.5358,0.0,0.0,-0.0,13.8026,13.0619,0.9463,0.0,0.0,class2_2026_04_27_15_38_53.csv,hard_negative,1,,background
145.496,455,0.728438,-49.9,-43.6402,11.72,-35.6741,-43.8982,8.2242,29.144,351.5553,3391.4175,3039.8622,-42623.8292,45680.2524,-42623.8292,14.2497,11.2968,0.7928,0.0,29.144,class2_2026_04_27_15_38_53.csv,hard_negative,2,,background
181.231,567,0.907348,-22.72,-32.0249,12.8207,-31.9017,-34.7779,2.8762,5.254,5246.8061,426.2131,-4820.5931,-38642.6364,3868.3401,-42668.5552,12.846,13.6023,1.0589,0.0,29.969,class2_2026_04_27_15_38_53.csv,hard_negative,3,,background
82.32,257,0.412142,-17.57,-17.6954,0.3188,-17.7357,-17.6739,-0.0618,0.3565,-10.8672,-50.0087,-39.1416,1418.4969,1418.4969,-1394.9875,0.3138,0.3006,0.9578,0.0,1.076,class2_2026_04_27_15_38_53.csv,stable_background,4,,background
37.012,115,0.185304,-14.604,-14.5502,0.1323,-14.5344,-14.6144,0.08,0.246,-7.6599,-39.1744,-31.5145,-241.3793,277.4295,-492.163,0.068,0.1291,1.8993,0.0,0.471,class2_2026_04_27_15_38_53.csv,stable_background,5,,background
38.926,121,0.194886,-18.115,-17.7559,2.7385,-12.9792,-29.8662,16.887,3.2645,-648.6302,-5628.8642,-4980.234,-2854.3736,-2200.627,-7653.6034,2.1927,12.6115,5.7515,0.0,9.057,class3_2026_05_14_13_11_57.csv,manual_annotation,0,38.93,break
35.736,111,0.178915,-9.09,-11.2328,1.692,-13.9573,-18.8754,4.9182,5.4525,669.003,-2726.516,-3395.519,-471.7868,6211.5987,-3003.1348,1.3868,8.9322,6.4407,2.233,5.287,class3_2026_05_14_13_11_57.csv,manual_annotation,1,35.74,connector
143.262,448,0.717253,-21.276,-36.9789,14.4891,-37.4494,-39.4144,1.965,30.665,1806.1787,86.6169,-1719.5618,-305.6411,48064.2649,-47758.6238,13.9728,13.3551,0.9558,1.276,30.665,class3_2026_05_14_13_11_57.csv,hard_negative,0,,background
153.472,480,0.76837,-49.9,-38.3317,13.0088,-32.4126,-39.4889,7.0763,10.8785,212.2747,-488.9044,-701.1791,0.0,44250.7884,-40236.6803,12.9305,13.0996,1.0131,0.0,28.232,class3_2026_05_14_13_11_57.csv,hard_negative,1,,background
122.523,383,0.613422,-25.329,-35.1794,13.1992,-31.0188,-36.0462,5.0274,3.928,852.1463,1627.602,775.4557,-0.0,424.7649,-42652.0408,11.8787,13.9087,1.1709,0.0,28.329,class3_2026_05_14_13_11_57.csv,hard_negative,2,,background
67.962,212,0.340257,-26.381,-28.09,11.8379,-35.9551,-33.9448,-2.0103,5.5705,-299.9373,350.7428,650.6801,42688.0893,42688.0893,-46163.0125,14.0082,14.3068,1.0213,0.0,30.545,class3_2026_05_14_13_11_57.csv,stable_background,3,,background
127.628,399,0.63898,-5.867,-8.7792,2.9289,-13.8852,-13.5374,-0.3477,8.817,1128.6245,-2725.7661,-3854.3906,609.7179,9623.3484,-2719.4357,2.2556,4.5332,2.0098,2.871,9.115,class1_2026_04_27_14_48_26.csv,manual_annotation,0,127.63,connector
132.095,413,0.661345,-17.713,-17.4502,2.4008,-10.9156,-30.7247,19.8092,3.696,-2475.2549,-4970.5435,-2495.2886,-2924.7665,-2594.8584,-5412.2241,3.3596,13.646,4.0618,0.0,8.1,class1_2026_04_27_14_48_26.csv,manual_annotation,1,132.09,break
140.71,440,0.704476,-49.9,-28.0321,11.8234,-34.2798,-34.7989,0.5191,5.655,3863.826,-2800.9462,-6664.7722,-44504.7038,3634.7962,-44504.7038,14.0208,13.577,0.9683,0.0,29.776,class1_2026_04_27_14_48_26.csv,hard_negative,0,,background
175.169,548,0.876998,-21.321,-37.3583,14.0407,-33.4866,-33.2311,-0.2555,3.408,-6039.9808,-1153.2046,4886.7762,45937.3088,45937.3088,-44794.6755,13.3256,13.3798,1.0041,0.957,29.308,class1_2026_04_27_14_48_26.csv,hard_negative,1,,background
171.021,535,0.856231,-21.432,-29.6183,11.3017,-41.0846,-36.4294,-4.6552,28.468,5527.8188,-2210.3528,-7738.1716,1252.3542,43368.3401,-44620.6944,12.4869,13.7044,1.0975,1.595,28.468,class1_2026_04_27_14_48_26.csv,hard_negative,2,,background
186.656,584,0.934509,-25.945,-28.7803,11.4221,-40.8733,-38.6246,-2.2487,29.246,3088.4089,-3728.5937,-6817.0026,904.3918,42318.1865,-45840.1301,12.0883,12.9235,1.0691,1.596,29.246,class1_2026_04_27_14_48_26.csv,stable_background,3,,background
60.623,189,0.303514,-15.579,-15.4361,0.6407,-14.6611,-16.2633,1.6022,0.9855,-32.8029,-21.2995,11.5034,-1123.8245,166.1442,-1123.8245,0.1487,0.2373,1.5958,0.0,1.691,class2_2026_04_27_15_52_49.csv,manual_annotation,0,60.62,bend
131.138,410,0.656553,-16.696,-16.8599,2.411,-12.7004,-32.2141,19.5137,4.5015,-654.0913,-6658.8081,-6004.7168,-2995.0226,-2169.279,-3880.8777,3.1585,14.1786,4.4891,0.0,7.663,class2_2026_04_27_15_52_49.csv,manual_annotation,1,131.14,break
127.628,399,0.63898,-7.795,-10.6207,2.7714,-15.7794,-15.6582,-0.1212,8.6925,1155.7894,-2778.3461,-3934.1355,644.2006,9721.0031,-2802.5078,2.2597,4.751,2.1025,2.871,8.355,class2_2026_04_27_15_52_49.csv,manual_annotation,2,127.63,connector
188.889,591,0.945689,-49.9,-38.3083,13.1489,-35.6999,-42.4009,6.7011,29.175,1689.3281,1332.148,-357.18,-41186.5251,45728.8433,-41186.5251,12.8766,12.1204,0.9413,0.0,29.175,class2_2026_04_27_15_52_49.csv,hard_negative,0,,background
181.55,568,0.908945,-21.492,-31.3439,13.1416,-42.569,-35.3085,-7.2605,28.992,1341.3431,-4575.9359,-5917.279,278.2915,3898.1176,-318.1803,11.8632,13.1629,1.1096,0.639,28.992,class2_2026_04_27_15_52_49.csv,hard_negative,1,,background
22.016,68,0.110225,-15.679,-15.001,0.4605,-14.6053,-14.4448,-0.1605,0.0505,-143.801,123.2475,267.0486,178.6834,178.6834,178.6834,0.2922,0.3221,1.1024,0.0,1.234,class2_2026_04_27_15_52_49.csv,hard_negative,2,,background
170.702,534,0.854634,-23.022,-29.6122,10.9985,-34.4895,-42.0463,7.5568,28.147,6754.3835,-1042.852,-7797.2355,-43858.9389,10481.1912,-43858.9389,12.5311,12.6864,1.0124,2.233,28.147,class2_2026_04_27_15_52_49.csv,hard_negative,3,,background
49.137,153,0.246009,-14.712,-14.655,0.0999,-14.6368,-14.6033,-0.0336,0.113,0.8483,9.8166,8.9683,111.2853,111.2853,-269.5925,0.0953,0.1202,1.2609,0.0,0.362,class2_2026_04_27_15_52_49.csv,stable_background,4,,background
70.195,219,0.351437,-16.998,-16.5131,0.3081,-16.4153,-16.4488,0.0334,0.5345,-60.3177,-70.5314,-10.2137,1404.3887,1404.3887,-440.4389,0.2009,0.2773,1.3804,0.0,1.057,class2_2026_04_27_15_52_49.csv,stable_background,5,,background
127.628,399,0.63898,-5.877,-8.7798,2.895,-13.8629,-13.4779,-0.385,8.832,1138.8594,-2766.5388,-3905.3982,625.3918,9648.9028,-2719.4357,2.2374,4.3897,1.9619,2.871,8.945,class1_2026_04_27_14_49_08.csv,manual_annotation,0,127.63,connector
132.095,413,0.661345,-17.719,-17.2988,2.1204,-10.9402,-30.5874,19.6472,3.3655,-2485.3605,-4722.1583,-2236.7978,-3929.4671,-2509.8024,-48721.0063,3.3603,13.718,4.0824,0.0,7.087,class1_2026_04_27_14_49_08.csv,manual_annotation,1,132.09,break
142.305,445,0.712462,-49.9,-37.9817,13.3871,-35.8124,-39.3284,3.516,29.243,-2617.0151,-1890.6285,726.3866,0.0,44092.4812,-38493.7335,14.0985,13.2988,0.9433,0.0,29.243,class1_2026_04_27_14_49_08.csv,hard_negative,0,,background
161.449,505,0.808308,-23.186,-41.2082,12.2961,-38.8767,-37.5892,-1.2875,26.714,-1306.3213,5012.2069,6318.5282,-40963.9545,41871.4749,-41871.4749,13.8679,13.7968,0.9949,0.957,26.714,class1_2026_04_27_14_49_08.csv,hard_negative,1,,background
146.134,457,0.731632,-22.899,-40.5584,13.2345,-40.9299,-42.2047,1.2748,29.956,-696.3633,3110.6837,3807.047,46952.9812,46952.9812,-46952.9812,12.7185,12.4909,0.9821,0.957,29.956,class1_2026_04_27_14_49_08.csv,hard_negative,2,,background
183.784,575,0.92013,-49.9,-34.9792,13.3903,-34.4661,-32.1454,-2.3207,3.477,1019.1366,3519.9958,2500.8592,-4460.8166,45418.4984,-40307.2132,13.8509,12.6431,0.9128,0.0,28.977,class1_2026_04_27_14_49_08.csv,stable_background,3,,background
37.969,118,0.190095,-14.816,-15.0028,2.317,-12.8447,-26.8729,14.0282,3.8155,605.091,-2725.2858,-3330.3768,-2689.6552,-2228.8401,-4104.9416,1.9679,12.4831,6.3435,0.0,7.124,class3_2026_05_14_13_11_39.csv,manual_annotation,0,37.97,break
35.736,111,0.178915,-9.171,-11.3471,1.7658,-13.9654,-18.7566,4.7911,5.351,663.3473,-3095.1474,-3758.4947,-648.9028,6373.0408,-2896.5517,1.375,8.7071,6.3324,2.233,5.584,class3_2026_05_14_13_11_39.csv,manual_annotation,1,35.74,connector
64.133,200,0.321087,-49.9,-32.4322,12.5869,-38.4748,-38.1031,-0.3718,30.361,1287.2945,-5416.9695,-6704.264,38081.5078,43387.1505,-32902.8229,12.7995,13.3126,1.0401,0.0,30.361,class3_2026_05_14_13_11_39.csv,hard_negative,0,,background
133.69,418,0.66933,-49.9,-34.6158,13.7284,-36.0524,-37.6188,1.5664,30.796,3676.0287,629.4791,-3046.5496,-42277.4326,42540.7539,-42277.4326,13.8897,13.8043,0.9938,0.0,30.796,class3_2026_05_14_13_11_39.csv,hard_negative,1,,background
100.507,314,0.503197,-19.532,-40.1329,13.8249,-35.0911,-33.8341,-1.2571,7.301,-4181.2249,-547.53,3633.6949,46355.8009,47598.7492,-47598.7492,13.3477,12.9979,0.9738,0.957,30.368,class3_2026_05_14_13_11_39.csv,hard_negative,2,,background
165.916,519,0.830672,-49.9,-34.4446,13.8528,-33.1809,-35.0404,1.8595,3.5165,5740.3062,1626.3882,-4113.918,-43611.2884,3592.4796,-45652.0408,13.375,13.4229,1.0036,0.0,29.152,class3_2026_05_14_13_11_39.csv,stable_background,3,,background
10.848,33,0.054311,-14.287,-14.2549,0.1868,-12.6023,-15.4879,2.8856,0.2005,-666.6083,-475.6714,190.9369,-108.1505,42.3197,-668.928,1.6894,0.6891,0.4079,0.0,0.59,class2_2026_04_27_16_00_17.csv,manual_annotation,0,10.85,bend
131.457,411,0.65815,-17.107,-17.1319,1.9015,-12.5893,-27.7548,15.1656,3.319,-1435.1557,-5242.0225,-3806.8668,-673.9812,-673.9812,-3493.732,3.1047,12.0491,3.8809,0.0,5.763,class2_2026_04_27_16_00_17.csv,manual_annotation,1,131.46,break
127.628,399,0.63898,-7.707,-10.5809,2.8231,-15.4292,-14.9447,-0.4845,8.4985,1076.3784,-2575.0141,-3651.3924,600.3135,9551.7241,-2702.1944,2.1392,3.933,1.8386,2.871,8.693,class2_2026_04_27_16_00_17.csv,manual_annotation,2,127.63,connector
143.9,450,0.720447,-49.9,-34.8367,13.5072,-31.3702,-39.5218,8.1516,3.263,3251.7465,-3434.2385,-6685.985,-4731.9734,44586.21,-4731.9734,13.1375,13.0264,0.9915,0.0,28.838,class2_2026_04_27_16_00_17.csv,hard_negative,0,,background
24.568,76,0.123002,-15.36,-15.6968,0.31,-16.4873,-15.7472,-0.7401,0.61,-3.6003,-42.6169,-39.0166,-291.5361,1437.3025,-643.0046,1.0574,0.1509,0.1427,1.276,0.917,class2_2026_04_27_16_00_17.csv,hard_negative,1,,background
181.231,567,0.907348,-49.9,-43.8619,11.3008,-36.5223,-40.4756,3.9533,27.847,-76.9978,4195.5186,4272.5164,-0.0,41529.7853,-43647.3401,13.4841,13.3331,0.9888,0.0,27.847,class2_2026_04_27_16_00_17.csv,hard_negative,2,,background
40.841,127,0.204474,-16.336,-16.1353,0.2757,-16.0603,-16.0616,0.0013,0.2675,-86.1086,-115.8218,-29.7132,1156.7382,1156.7382,-482.7586,0.2114,0.2542,1.2027,0.0,0.886,class2_2026_04_27_16_00_17.csv,hard_negative,3,,background
99.231,310,0.496808,-16.453,-16.3524,0.1909,-16.2419,-16.2794,0.0374,0.233,-22.1262,13.2789,35.405,-156.7367,632.4712,-691.2226,0.2045,0.1661,0.8123,0.0,0.615,class2_2026_04_27_16_00_17.csv,stable_background,4,,background
190.165,595,0.952077,-22.532,-34.7293,13.6205,-37.8672,-39.272,1.4048,28.922,-114.6132,-4142.2705,-4027.6573,7061.127,42896.5549,-45403.2325,13.5049,13.4025,0.9924,1.276,28.922,class2_2026_04_27_16_00_17.csv,stable_background,5,,background
123.161,385,0.616616,-16.751,-16.4753,1.1551,-14.8809,-14.8253,-0.0557,0.207,-167.2873,1925.8725,2093.1599,-2073.6677,-942.8682,-2073.6677,0.4029,3.4819,8.6411,0.0,3.354,class2_2026_04_27_15_13_52.csv,manual_annotation,0,123.16,bend
127.947,400,0.640577,-9.477,-11.4501,2.0482,-15.9643,-20.2932,4.3289,8.2355,1474.6233,-6344.3315,-7818.9548,-1998.4326,9841.6928,-3097.1787,2.6972,11.0752,4.1062,2.871,7.018,class2_2026_04_27_15_13_52.csv,manual_annotation,1,127.95,connector
131.138,410,0.656553,-17.824,-20.9772,10.3631,-13.9585,-28.2141,14.2556,3.813,-580.4405,-777.4554,-197.0149,-2806.4495,-1979.1364,-49042.3229,3.0768,11.776,3.8274,0.0,35.427,class2_2026_04_27_15_13_52.csv,manual_annotation,2,131.14,break
171.021,535,0.856231,-22.329,-31.508,13.0729,-34.6528,-42.2081,7.5552,30.482,2670.5852,-4847.2807,-7517.8659,-40791.5392,42103.4514,-47777.4342,13.7056,12.437,0.9074,1.595,30.482,class2_2026_04_27_15_13_52.csv,hard_negative,0,,background
142.943,447,0.715656,-49.9,-37.3607,14.0276,-37.5359,-41.1103,3.5744,29.304,1483.0205,-1089.0069,-2572.0275,1388.7132,44542.3229,-45931.0361,13.8426,12.5604,0.9074,0.0,29.304,class2_2026_04_27_15_13_52.csv,hard_negative,1,,background
158.897,497,0.795531,-49.9,-40.7812,12.8977,-35.1351,-34.5057,-0.6294,3.3255,-3762.3267,2029.7118,5792.0384,-0.0,43703.7649,-42451.4138,13.3686,13.8266,1.0343,0.0,27.883,class2_2026_04_27_15_13_52.csv,hard_negative,2,,background
141.667,443,0.709268,-22.32,-34.1718,14.0776,-34.9996,-40.6869,5.6874,29.621,531.5218,508.7363,-22.7855,-43924.7696,43525.9403,-43924.7696,13.4078,13.0759,0.9752,0.957,29.621,class2_2026_04_27_15_13_52.csv,hard_negative,3,,background
85.511,267,0.428118,-14.783,-14.7084,0.1157,-14.6519,-14.6907,0.0387,0.2085,26.8485,27.8711,1.0226,-39.185,-39.185,-39.185,0.1287,0.0819,0.6368,0.0,0.397,class2_2026_04_27_15_13_52.csv,stable_background,4,,background
73.386,229,0.367413,-14.641,-14.6428,0.1082,-14.6858,-14.6001,-0.0857,0.1755,12.0385,20.153,8.1145,446.7085,446.7085,-347.9624,0.1009,0.1054,1.0447,0.0,0.294,class2_2026_04_27_15_13_52.csv,stable_background,5,,background
119.013,372,0.595849,-16.446,-15.9091,0.8835,-14.8142,-16.8574,2.0433,0.945,-48.693,-130.6161,-81.9231,-1119.1223,-387.1473,-1410.6567,0.1819,0.4427,2.4346,0.0,2.57,class2_2026_04_27_15_16_23.csv,manual_annotation,0,119.01,bend
131.457,411,0.65815,-18.045,-18.1626,2.5024,-13.1193,-34.758,21.6387,4.156,-1409.9798,-3903.8137,-2493.8339,-3769.5893,-1973.9655,-5103.4498,3.1886,13.7394,4.3088,0.0,7.969,class2_2026_04_27_15_16_23.csv,manual_annotation,1,131.46,break
127.947,400,0.640577,-8.561,-10.5019,1.9914,-15.644,-18.1587,2.5147,8.637,1617.7258,-2795.6503,-4413.3761,-2009.4044,9708.526,-3202.1944,2.8839,8.7748,3.0427,2.871,6.813,class2_2026_04_27_15_16_23.csv,manual_annotation,2,127.95,connector
186.656,584,0.934509,-49.9,-34.0803,14.2009,-37.5433,-35.0942,-2.4491,16.32,5183.3181,-1986.7115,-7170.0296,1100.3135,44922.3406,-45984.3292,13.0794,13.3829,1.0232,0.0,30.056,class2_2026_04_27_15_16_23.csv,hard_negative,0,,background
144.857,453,0.725239,-23.754,-35.254,13.1333,-37.5393,-43.7951,6.2557,27.611,74.3579,-1811.516,-1885.8739,5585.3086,40981.1944,-43277.4326,13.8786,11.4229,0.8231,1.277,27.611,class2_2026_04_27_15_16_23.csv,hard_negative,1,,background
143.9,450,0.720447,-22.658,-28.8507,11.3579,-37.4777,-41.0067,3.529,29.309,2415.2825,-3992.0693,-6407.3518,0.0,40485.8966,-41059.6792,13.9348,12.6,0.9042,0.638,29.309,class2_2026_04_27_15_16_23.csv,hard_negative,2,,background
174.531,546,0.873804,-49.9,-43.4668,12.0381,-34.7335,-37.0103,2.2768,16.767,-435.7541,-540.4255,-104.6713,0.0,642.6332,-0.0,13.5875,14.4358,1.0624,0.0,29.48,class2_2026_04_27_15_16_23.csv,hard_negative,3,,background
25.845,80,0.129395,-14.327,-14.3258,0.076,-14.5378,-14.4036,-0.1343,0.244,143.2913,-39.1128,-182.4041,-97.1787,266.2575,-172.4138,0.2423,0.1123,0.4633,0.0,0.303,class2_2026_04_27_15_16_23.csv,stable_background,4,,background
165.597,518,0.829075,-20.331,-37.2479,14.1531,-45.3684,-33.1413,-12.2272,29.569,1221.8616,-603.7392,-1825.6008,44752.3542,46346.3997,-46346.3997,10.1454,13.3981,1.3206,0.957,29.569,class2_2026_04_27_15_16_23.csv,stable_background,5,,background
35.736,111,0.178915,-7.535,-9.8828,2.1075,-13.6728,-12.8074,-0.8654,6.783,964.2513,-1507.586,-2471.8373,-421.6301,7617.5637,-2564.2633,1.8385,2.1476,1.1681,2.552,6.796,class3_2026_05_14_14_40_05.csv,manual_annotation,0,35.74,connector
127.628,399,0.63898,-1.228,-4.8132,4.2835,-13.5054,-8.7211,-4.7843,12.404,2066.1357,-2644.298,-4710.4337,749.2163,16829.1287,-2688.0878,3.9037,4.3004,1.1016,3.828,13.891,class3_2026_05_14_14_40_05.csv,manual_annotation,1,127.63,connector
134.009,419,0.670927,-16.788,-16.8924,1.9596,-9.5356,-31.4696,21.934,2.851,-2532.5939,-6905.7431,-4373.1492,-2841.6912,-2098.7461,-5462.3824,4.2604,14.7502,3.4621,0.0,6.934,class3_2026_05_14_14_40_05.csv,manual_annotation,2,134.01,break
185.698,581,0.929713,-28.821,-41.8012,11.6345,-40.3105,-39.4828,-0.8277,29.23,3454.3238,6073.06,2618.7362,-0.0,-0.0,-33090.8942,12.1953,13.1154,1.0754,0.638,29.23,class3_2026_05_14_14_40_05.csv,hard_negative,0,,background
190.803,597,0.955271,-27.694,-32.3133,12.5331,-39.8385,-34.841,-4.9975,27.856,6073.06,40.5584,-6032.5016,-41752.4331,41904.3903,-43661.4436,12.7202,13.5817,1.0677,1.277,27.856,class3_2026_05_14_14_40_05.csv,hard_negative,1,,background
173.574,543,0.869013,-49.9,-35.9763,12.695,-35.6684,-34.6866,-0.9818,7.1065,5809.0214,1066.0366,-4742.9848,-41409.0925,32317.7339,-41409.0925,12.8565,13.7216,1.0673,0.0,29.091,class3_2026_05_14_14_40_05.csv,hard_negative,2,,background
186.975,585,0.936106,-49.9,-47.5579,6.6245,-40.7933,-35.1444,-5.6488,21.079,-1998.3604,4905.8339,6904.1943,-0.0,0.0,-0.0,11.5414,13.3461,1.1564,0.0,21.079,class3_2026_05_14_14_40_05.csv,hard_negative,3,,background
95.721,299,0.479235,-14.83,-14.7999,0.368,-15.0592,-14.8144,-0.2447,0.93,36.9623,-154.3474,-191.3096,-106.5831,515.674,-106.5831,0.1399,0.3166,2.2637,0.0,1.268,class3_2026_05_14_14_40_05.csv,stable_background,4,,background
10.529,32,0.052714,-14.188,-14.1739,0.0739,-12.7335,-14.3499,1.6164,0.0755,-624.3452,-77.7495,546.5958,10.9718,67.3981,-266.4577,1.6357,0.119,0.0728,0.0,0.218,class3_2026_05_14_14_40_05.csv,stable_background,5,,background
127.628,399,0.63898,-5.883,-8.7873,2.9235,-13.9167,-13.1943,-0.7224,8.8425,1149.9025,-2574.5317,-3724.4342,634.7962,9628.5266,-2735.1097,2.2603,4.0608,1.7966,2.871,9.065,class1_2026_04_27_14_48_13.csv,manual_annotation,0,127.63,connector
131.776,412,0.659748,-16.554,-16.0594,1.8041,-10.8206,-28.3752,17.5547,3.242,-2062.0887,-7585.614,-5523.5253,-2921.6301,-2078.1889,-2921.6301,3.1986,13.454,4.2062,0.0,5.464,class1_2026_04_27_14_48_13.csv,manual_annotation,1,131.78,break
152.834,478,0.765176,-20.372,-28.405,11.695,-39.3378,-35.3483,-3.9894,29.649,3940.6471,866.2558,-3074.3913,-6072.1019,46282.1348,-40399.6897,13.3033,13.2075,0.9928,1.595,29.649,class1_2026_04_27_14_48_13.csv,hard_negative,0,,background
176.764,553,0.884984,-49.9,-39.4557,11.8592,-29.9934,-38.6551,8.6616,6.3415,-1810.3549,2417.4728,4227.8277,33791.5392,44932.605,-32415.3636,12.4296,12.7763,1.0279,0.0,28.667,class1_2026_04_27_14_48_13.csv,hard_negative,1,,background
189.208,592,0.947286,-21.353,-34.7287,13.609,-33.1063,-38.2656,5.1593,4.881,167.2684,1272.5299,1105.2615,2899.6834,44744.5157,-45087.7759,13.4396,13.0714,0.9726,1.276,28.766,class1_2026_04_27_14_48_13.csv,hard_negative,2,,background
164.002,513,0.82109,-49.9,-31.1766,13.3097,-35.8538,-28.9476,-6.9062,4.1245,-1482.6446,-2802.9622,-1320.3176,-3545.4561,47200.6317,-3545.4561,14.1488,11.3093,0.7993,0.0,30.114,class1_2026_04_27_14_48_13.csv,stable_background,3,,background
52.646,164,0.263577,-15.849,-15.7253,1.2139,-14.5988,-17.7898,3.191,1.641,43.6401,-285.3558,-328.9958,-1948.3997,822.884,-1948.3997,0.2122,0.6254,2.9473,0.0,3.341,class2_2026_04_27_15_49_43.csv,manual_annotation,0,52.65,bend
131.457,411,0.65815,-19.573,-22.2191,9.9887,-14.3631,-34.7136,20.3504,3.22,-1371.7661,-2638.7604,-1266.9943,-2101.8793,-2095.6113,-42987.4624,3.0199,13.8135,4.5742,0.0,34.197,class2_2026_04_27_15_49_43.csv,manual_annotation,1,131.46,break
127.628,399,0.63898,-9.564,-12.3548,2.6733,-17.6106,-19.8312,2.2206,8.6235,1134.0185,-2627.4425,-3761.461,612.8527,9336.9922,-2860.5016,2.4231,11.1735,4.6113,2.871,8.118,class2_2026_04_27_15_49_43.csv,manual_annotation,2,127.63,connector
157.939,494,0.790735,-49.9,-43.5033,11.9913,-34.6587,-37.7112,3.0526,18.3255,-3011.0869,-1139.0223,1872.0645,0.0,47650.4718,-42385.1297,13.6884,13.6758,0.9991,0.0,30.401,class2_2026_04_27_15_49_43.csv,hard_negative,0,,background
178.041,557,0.891377,-49.9,-39.2076,12.1263,-31.6588,-36.5286,4.8698,3.663,-1316.287,-1467.2093,-150.9223,-0.0,0.0,-0.0,13.1405,13.4604,1.0243,0.0,27.365,class2_2026_04_27_15_49_43.csv,hard_negative,1,,background
192.718,603,0.964859,-19.13,-33.8478,14.4101,-36.5556,-40.9321,4.3766,30.77,-2197.927,889.4825,3087.4095,-0.0,45761.7586,-47733.547,13.4114,12.7876,0.9535,0.638,30.77,class2_2026_04_27_15_49_43.csv,hard_negative,2,,background
193.037,604,0.966456,-49.9,-33.8478,14.4101,-34.8461,-39.2687,4.4226,30.77,434.7696,-916.9949,-1351.7645,-495.2978,43197.4953,-47733.547,13.5617,13.4434,0.9913,0.0,30.77,class2_2026_04_27_15_49_43.csv,hard_negative,3,,background
36.055,112,0.180512,-14.361,-14.5853,0.1276,-14.5708,-14.5752,0.0043,0.227,-42.8775,6.4391,49.3166,214.7335,377.7429,-280.5643,0.133,0.0993,0.7468,0.638,0.493,class2_2026_04_27_15_49_43.csv,stable_background,4,,background
27.44,85,0.137381,-14.396,-14.427,0.117,-14.5963,-14.4497,-0.1467,0.245,62.3466,-35.1942,-97.5408,224.1379,617.5549,-153.605,0.4607,0.116,0.2517,0.0,0.394,class2_2026_04_27_15_49_43.csv,stable_background,5,,background
112.631,352,0.563897,-16.399,-16.2818,0.6353,-14.9621,-17.0292,2.0671,1.133,-230.308,-82.407,147.901,-360.5857,-360.5857,-1244.511,0.4527,0.2412,0.5328,0.0,2.284,class2_2026_04_27_15_20_55.csv,manual_annotation,0,112.63,bend
130.818,409,0.654951,-16.396,-16.0956,2.1162,-13.0065,-27.0951,14.0886,4.3365,161.9845,-3957.0422,-4119.0266,-3742.3795,-1956.1129,-3742.3795,3.1882,12.3573,3.8759,0.0,5.963,class2_2026_04_27_15_20_55.csv,manual_annotation,1,130.82,break
127.628,399,0.63898,-8.073,-10.9887,2.946,-16.2008,-15.6379,-0.5629,8.9285,1211.9074,-2594.995,-3806.9025,633.2288,9694.3574,-2721.0031,2.31,4.4246,1.9154,2.871,9.134,class2_2026_04_27_15_20_55.csv,manual_annotation,2,127.63,connector
171.659,537,0.859425,-23.724,-37.4196,13.9744,-35.5952,-39.0777,3.4824,29.232,-525.8977,3144.8523,3670.75,-0.0,78.3683,-41028.2147,14.3648,13.6179,0.948,0.638,29.232,class2_2026_04_27_15_20_55.csv,hard_negative,0,,background
143.9,450,0.720447,-22.633,-38.2078,13.2066,-36.7955,-38.0568,1.2613,30.196,15.9939,-2422.9148,-2438.9087,0.0,47329.1567,-39703.1066,13.3092,13.3359,1.002,0.638,30.196,class2_2026_04_27_15_20_55.csv,hard_negative,1,,background
170.702,534,0.854634,-49.9,-37.9341,13.4225,-35.6231,-37.6942,2.0712,28.483,-500.0274,-532.531,-32.5036,78.3683,44565.8354,-41028.2147,14.3377,13.6943,0.9551,0.0,28.483,class2_2026_04_27_15_20_55.csv,hard_negative,2,,background
22.016,68,0.110225,-14.888,-14.7776,0.2612,-14.5693,-14.4241,-0.1452,-0.027,-94.6716,80.1253,174.7969,468.652,468.652,175.5486,0.228,0.1999,0.8768,0.0,0.866,class2_2026_04_27_15_20_55.csv,hard_negative,3,,background
73.705,230,0.36901,-14.659,-14.5874,0.1178,-14.658,-14.6327,-0.0253,0.185,21.954,2.0637,-19.8904,-42.3197,504.7022,-620.6897,0.1175,0.1047,0.8915,0.0,0.423,class2_2026_04_27_15_20_55.csv,stable_background,4,,background
153.153,479,0.766773,-49.9,-37.7913,13.606,-36.2548,-33.4162,-2.8386,4.473,-311.4565,1507.4059,1818.8623,-0.0,-0.0,-0.0,13.7051,13.291,0.9698,0.0,28.76,class2_2026_04_27_15_20_55.csv,stable_background,5,,background
111.355,348,0.557508,-16.545,-16.1159,0.8022,-14.9088,-17.172,2.2632,1.3415,-154.4176,-92.572,61.8456,-1159.8746,-288.4013,-1159.8746,0.3103,0.3459,1.1148,0.0,2.353,class2_2026_04_27_15_21_13.csv,manual_annotation,0,111.35,bend
127.628,399,0.63898,-8.038,-10.9912,3.0048,-16.2332,-18.3257,2.0925,8.8995,1154.2714,-3633.4488,-4787.7202,625.3918,10042.5011,-2695.9248,2.3468,9.9339,4.233,2.871,9.371,class2_2026_04_27_15_21_13.csv,manual_annotation,1,127.63,connector
130.818,409,0.654951,-16.526,-16.3846,2.8411,-13.0371,-29.8228,16.7858,4.5355,155.2187,-4599.2167,-4754.4353,-2825.8069,-2329.1536,-18217.8699,3.2664,12.9715,3.9711,0.0,9.913,class2_2026_04_27_15_21_13.csv,manual_annotation,2,130.82,break
193.994,607,0.971247,-49.9,-37.5548,13.8525,-38.3817,-34.6039,-3.7777,21.62,5032.8826,1554.9695,-3477.9131,-42841.6975,42841.6975,-42841.6975,13.0992,13.747,1.0495,0.0,30.074,class2_2026_04_27_15_21_13.csv,hard_negative,0,,background
147.091,460,0.736423,-27.006,-34.5458,13.8815,-36.4289,-36.0688,-0.3601,19.6825,-450.9047,1860.362,2311.2666,1672.4122,46266.4608,-47938.873,13.5866,13.8984,1.0229,1.595,30.585,class2_2026_04_27_15_21_13.csv,hard_negative,1,,background
184.422,577,0.923324,-49.9,-46.7599,8.8816,-34.9652,-39.7095,4.7443,28.261,-1052.7043,2853.8948,3906.5991,-44296.2414,44296.2414,-44296.2414,13.5854,13.0092,0.9576,0.0,28.261,class2_2026_04_27_15_21_13.csv,hard_negative,2,,background
152.834,478,0.765176,-21.08,-28.3903,11.6512,-36.3981,-33.5565,-2.8416,6.3515,5121.7305,-2707.6395,-7829.37,-6587.7727,45884.0172,-45823.492,13.6066,13.3296,0.9796,1.595,29.373,class2_2026_04_27_15_21_13.csv,hard_negative,3,,background
50.413,157,0.252397,-14.45,-14.6148,0.115,-14.6319,-14.6194,-0.0125,0.163,32.0665,19.2516,-12.8149,-150.4702,401.2539,-565.8307,0.1035,0.0886,0.8558,0.957,0.361,class2_2026_04_27_15_21_13.csv,stable_background,4,,background
26.164,81,0.130992,-14.601,-14.4347,0.1266,-14.5786,-14.4772,-0.1014,0.276,145.3831,-48.926,-194.3091,-125.3918,-70.6751,-125.3918,0.2738,0.1837,0.671,0.0,0.34,class2_2026_04_27_15_21_13.csv,stable_background,5,,background
131.776,412,0.659748,-16.707,-16.3736,2.1953,-10.8399,-28.5933,17.7534,3.0765,-2065.6684,-4767.0014,-2701.333,-2553.2915,-1982.0924,-4205.3292,3.1898,13.2952,4.168,0.0,7.449,class1_2026_04_27_14_45_49.csv,manual_annotation,0,131.78,break
127.628,399,0.63898,-5.91,-8.801,2.8957,-13.933,-13.4468,-0.4862,8.8685,1147.5282,-2616.7712,-3764.2995,594.0439,9680.2508,-2750.7837,2.2597,4.3833,1.9398,2.871,8.936,class1_2026_04_27_14_45_49.csv,manual_annotation,1,127.63,connector
184.422,577,0.923324,-49.9,-37.2408,14.1961,-35.0479,-35.9558,0.9079,8.1595,489.3801,3282.6978,2793.3178,-0.0,12620.6865,-44506.2743,13.4224,14.0467,1.0465,0.0,30.093,class1_2026_04_27_14_45_49.csv,hard_negative,0,,background
151.239,473,0.757191,-20.924,-35.2664,13.2084,-37.0219,-40.3241,3.3022,28.976,5121.725,1166.7853,-3954.9397,-35725.7085,3590.9107,-45416.931,12.9685,13.5671,1.0462,2.234,28.976,class1_2026_04_27_14_45_49.csv,hard_negative,1,,background
49.137,153,0.246009,-14.698,-14.5714,0.1334,-14.5386,-14.5756,0.0371,0.1245,14.1459,14.9664,0.8205,-156.7398,131.8871,-156.7398,0.1084,0.1274,1.1756,0.0,0.402,class1_2026_04_27_14_45_49.csv,hard_negative,2,,background
40.522,126,0.202877,-14.538,-14.5494,0.1149,-14.4784,-14.5719,0.0936,0.159,-19.8089,28.9717,48.7806,-244.5141,174.3514,-366.7712,0.0836,0.1091,1.3051,0.0,0.405,class1_2026_04_27_14_45_49.csv,stable_background,3,,background
27.44,85,0.137381,-14.212,-14.673,0.4589,-14.6053,-15.9433,1.3381,1.0965,97.0524,-356.3014,-453.3538,-1009.4044,355.7994,-1155.1724,0.4902,0.5409,1.1034,4.786,1.338,class2_2026_04_27_16_08_20.csv,manual_annotation,0,27.44,bend
127.628,399,0.63898,-7.948,-10.8482,2.9078,-16.0568,-15.504,-0.5528,8.9305,1083.6786,-2651.0462,-3734.7248,609.7179,9663.2323,-2811.9122,2.3166,4.3132,1.8619,2.871,9.102,class2_2026_04_27_16_08_20.csv,manual_annotation,1,127.63,connector
131.776,412,0.659748,-18.817,-18.5196,2.1093,-12.9609,-31.2193,18.2583,4.0645,-2157.0787,-4269.3412,-2112.2624,-1815.0486,-1815.0486,-3073.6646,3.3071,13.2979,4.021,0.0,6.746,class2_2026_04_27_16_08_20.csv,manual_annotation,2,131.78,break
185.379,580,0.928115,-23.521,-28.497,11.5348,-32.9236,-39.6626,6.739,17.963,-45.0222,-1293.9555,-1248.9332,41692.7947,41692.7947,-41474.4405,13.5675,12.869,0.9485,1.277,30.216,class2_2026_04_27_16_08_20.csv,hard_negative,0,,background
180.912,566,0.905751,-21.892,-34.6888,13.6226,-39.1186,-31.5737,-7.5448,3.933,4863.0159,2719.778,-2143.2379,2579.9373,43899.6897,-43899.6897,13.5601,13.003,0.9589,0.957,28.531,class2_2026_04_27_16_08_20.csv,hard_negative,1,,background
187.613,587,0.9393,-49.9,-44.4279,10.2375,-33.1005,-36.7931,3.6926,0.1185,-3662.4546,3630.3716,7292.8262,-0.0,0.0,-0.0,13.4443,13.1649,0.9792,0.0,24.743,class2_2026_04_27_16_08_20.csv,hard_negative,2,,background
159.216,498,0.797128,-49.9,-36.9234,14.5386,-39.417,-37.9087,-1.5083,30.517,1576.9049,1496.6414,-80.2635,-47239.815,47281.9638,-47239.815,13.3022,13.5788,1.0208,0.0,30.517,class2_2026_04_27_16_08_20.csv,hard_negative,3,,background
149.005,466,0.746006,-49.9,-46.8798,8.5425,-42.7136,-38.2673,-4.4462,27.182,117.0429,3016.5083,2899.4655,0.0,0.0,0.0,11.6604,13.1173,1.1249,0.0,27.182,class2_2026_04_27_16_08_20.csv,stable_background,4,,background
59.985,187,0.30032,-16.389,-16.4437,0.2153,-16.4222,-16.4473,0.0252,0.3215,46.4438,36.1037,-10.3401,199.0596,847.9624,-719.4357,0.2378,0.2049,0.8618,0.0,0.717,class2_2026_04_27_16_08_20.csv,stable_background,5,,background
16.911,52,0.084666,-14.642,-14.8609,0.4901,-14.4175,-22.0944,7.6769,0.232,-38.6609,-3207.2317,-3168.5708,-467.0846,188.0197,-1573.6677,0.1054,12.4777,118.4178,0.0,1.543,class2_2026_04_27_16_03_18.csv,manual_annotation,0,16.91,bend
127.628,399,0.63898,-8.604,-11.4286,2.7456,-16.3861,-16.0679,-0.3182,8.481,1185.9809,-2901.2011,-4087.182,597.1787,9721.0031,-2785.2665,2.1836,4.225,1.9349,2.871,8.258,class2_2026_04_27_16_03_18.csv,manual_annotation,1,127.63,connector
131.457,411,0.65815,-17.501,-18.6929,2.6507,-13.4409,-29.8183,16.3774,3.9025,-1417.7441,-2652.6774,-1234.9333,-6858.9373,-1613.7269,-6858.9373,3.0558,12.7104,4.1594,0.0,7.432,class2_2026_04_27_16_03_18.csv,manual_annotation,2,131.46,break
158.897,497,0.795531,-49.9,-41.0466,12.5361,-39.4777,-36.8722,-2.6056,27.505,-103.717,4256.0807,4359.7977,-42311.8087,42510.9749,-42311.8087,13.104,13.1953,1.007,0.0,27.505,class2_2026_04_27_16_03_18.csv,hard_negative,0,,background
93.487,292,0.46805,-17.392,-17.1637,0.2017,-17.1336,-17.0542,-0.0794,0.1385,25.5111,58.5959,33.0847,34.4812,126.9577,-481.1928,0.2898,0.3677,1.2689,0.0,0.555,class2_2026_04_27_16_03_18.csv,hard_negative,1,,background
142.305,445,0.712462,-20.971,-27.9899,11.7487,-35.8827,-41.3713,5.4886,29.929,2678.4354,-54.3395,-2732.7748,-44918.4969,44531.3511,-46910.6599,14.0509,12.1696,0.8661,1.914,29.929,class2_2026_04_27_16_03_18.csv,hard_negative,2,,background
43.713,136,0.218853,-16.94,-17.1608,0.3821,-17.1138,-17.0343,-0.0794,0.4345,-54.1078,39.1967,93.3045,733.5016,733.5016,-250.7821,0.327,0.3709,1.1345,0.0,1.377,class2_2026_04_27_16_03_18.csv,hard_negative,3,,background
52.327,163,0.26198,-17.526,-17.0418,0.2804,-16.9611,-17.0978,0.1368,0.57,11.8385,-58.5672,-70.4057,-888.7132,1363.6379,-888.7132,0.3141,0.2127,0.6772,0.0,1.026,class2_2026_04_27_16_03_18.csv,stable_background,4,,background
62.538,195,0.313102,-17.147,-17.2322,0.4273,-17.1088,-17.0854,-0.0233,0.4175,-3.1215,103.637,106.7586,517.2414,909.0909,-1153.605,0.2487,0.4372,1.7581,0.0,1.314,class2_2026_04_27_16_03_18.csv,stable_background,5,,background
14.996,46,0.075079,-14.516,-14.7493,0.4007,-14.2646,-15.8653,1.6008,0.2965,-85.3458,-243.6869,-158.3411,-188.0878,48.5893,-1398.8655,0.1811,0.47,2.5961,0.0,1.211,class2_2026_04_27_16_02_06.csv,manual_annotation,0,15.0,bend
131.457,411,0.65815,-17.492,-18.0016,2.6755,-12.7727,-30.8544,18.0818,3.407,-1431.4036,-1675.0077,-243.6041,-3321.3197,-1847.5537,-47909.094,3.0861,13.5385,4.387,0.0,8.595,class2_2026_04_27_16_02_06.csv,manual_annotation,1,131.46,break
127.309,398,0.637383,-8.685,-11.4179,3.341,-16.1151,-16.4296,0.3144,8.526,584.4136,-2897.8776,-3482.2911,4512.5392,9333.8558,-2658.3072,1.3691,9.1828,6.7072,2.871,8.692,class2_2026_04_27_16_02_06.csv,manual_annotation,2,127.31,connector
164.321,514,0.822687,-49.9,-40.684,13.0476,-37.8819,-38.9294,1.0476,28.786,901.6618,3403.5133,2501.8515,0.0,44932.6125,-43747.652,13.4569,13.7756,1.0237,0.0,28.786,class2_2026_04_27_16_02_06.csv,hard_negative,0,,background
164.002,513,0.82109,-49.9,-37.8303,13.5199,-37.8819,-38.9294,1.0476,28.786,3323.4852,5290.409,1966.9238,-45119.1254,44932.6125,-45119.1254,13.4569,13.7756,1.0237,0.0,28.786,class2_2026_04_27_16_02_06.csv,hard_negative,1,,background
171.34,536,0.857828,-49.9,-34.3329,13.9488,-35.9432,-33.3934,-2.5497,4.004,2270.3045,2158.5273,-111.7771,-41576.8041,42250.7868,-41576.8041,13.9868,13.2689,0.9487,0.0,29.339,class2_2026_04_27_16_02_06.csv,hard_negative,2,,background
144.219,451,0.722044,-49.9,-41.0094,12.7018,-36.0586,-36.4808,0.4222,17.9775,-1803.1382,-3197.5803,-1394.442,-0.0,44894.9875,-0.0,13.8786,13.5272,0.9747,0.0,29.109,class2_2026_04_27_16_02_06.csv,hard_negative,3,,background
92.211,288,0.461662,-16.523,-16.4584,0.1335,-16.3988,-16.3993,0.0004,0.1895,-0.5511,19.1151,19.6663,-79.9389,249.2179,-282.1317,0.1772,0.2475,1.3963,0.0,0.422,class2_2026_04_27_16_02_06.csv,stable_background,4,,background
109.76,343,0.549523,-16.339,-16.4568,0.1923,-16.505,-16.5268,0.0218,0.2625,-9.0042,23.5891,32.5933,-557.9953,581.5063,-557.9953,0.2003,0.2769,1.3823,0.638,0.632,class2_2026_04_27_16_02_06.csv,stable_background,5,,background
132.095,413,0.661345,-16.984,-17.268,2.1241,-10.9661,-30.1131,19.1469,3.4505,-2459.1032,-4377.0597,-1917.9565,-4039.1881,-2126.0485,-4471.7884,3.3201,14.0188,4.2224,0.0,6.369,class1_2026_04_27_14_38_15.csv,manual_annotation,0,132.09,break
127.628,399,0.63898,-5.951,-8.8114,2.851,-13.9707,-13.4945,-0.4762,8.8165,1181.2073,-2706.5139,-3887.7211,579.9373,9523.511,-2800.9404,2.2721,4.3471,1.9133,2.871,8.816,class1_2026_04_27_14_38_15.csv,manual_annotation,1,127.63,connector
85.83,268,0.429715,-15.116,-14.7736,0.174,-14.7102,-14.7616,0.0514,0.181,-6.9535,-4.7359,2.2176,568.9655,568.9655,-304.0752,0.1085,0.089,0.8203,0.0,0.572,class1_2026_04_27_14_38_15.csv,hard_negative,0,,background
159.216,498,0.797128,-49.9,-40.7921,12.8851,-40.6241,-37.3973,-3.2268,27.9,-1040.2069,-192.6893,847.5176,0.0,43730.4107,0.0,13.1364,14.0102,1.0665,0.0,27.9,class1_2026_04_27_14_38_15.csv,hard_negative,1,,background
187.294,586,0.937703,-23.007,-29.7552,10.9606,-32.3439,-38.2361,5.8922,4.561,-399.3673,-6246.6734,-5847.3061,-1907.5219,42152.0408,-42152.0408,12.5616,13.0837,1.0416,1.276,28.242,class1_2026_04_27_14_38_15.csv,hard_negative,2,,background
15.315,47,0.076676,-14.517,-14.4651,0.0811,-14.3189,-14.5119,0.193,0.1485,-60.1698,21.5451,81.7149,-128.5266,64.2633,-128.5266,0.1357,0.1203,0.8866,0.0,0.275,class1_2026_04_27_14_38_15.csv,stable_background,3,,background
132.414,414,0.662942,-18.003,-18.0952,1.8635,-11.1779,-30.9266,19.7487,3.677,-2697.9237,-3978.0542,-1280.1305,-2699.0596,-1626.9592,-47695.9295,3.6371,13.5003,3.7119,0.0,5.994,class1_2026_04_27_14_39_05.csv,manual_annotation,0,132.41,break
127.947,400,0.640577,-6.317,-8.2598,2.0163,-13.4417,-14.3393,0.8977,8.83,1640.809,-2720.967,-4361.776,-2007.837,9648.9028,-3203.7618,2.8932,4.2811,1.4797,2.871,6.898,class1_2026_04_27_14_39_05.csv,manual_annotation,1,127.95,connector
163.044,510,0.816293,-49.9,-34.5699,13.7223,-35.0381,-37.8273,2.7892,19.743,-504.6797,-2448.8806,-1944.2009,-2792.0908,45363.6395,-42940.442,13.5281,13.5845,1.0042,0.0,28.942,class1_2026_04_27_14_39_05.csv,hard_negative,0,,background
140.71,440,0.704476,-24.445,-37.6877,13.687,-36.3113,-32.9397,-3.3716,4.365,-2058.5458,2720.0621,4778.6078,-0.0,264.4887,-44094.047,13.6457,13.5787,0.9951,0.0,29.325,class1_2026_04_27_14_39_05.csv,hard_negative,1,,background
169.426,530,0.848245,-49.9,-37.3996,14.0252,-39.3459,-31.7511,-7.5948,6.492,-240.7366,-820.0314,-579.2948,0.0,46854.2351,-7003.1348,13.3188,12.9682,0.9737,0.0,29.893,class1_2026_04_27_14_39_05.csv,hard_negative,2,,background
66.685,208,0.333864,-14.613,-14.5964,0.0987,-14.5828,-14.7442,0.1614,0.2475,27.4676,-23.2945,-50.7621,-181.6423,131.6614,-181.6423,0.091,0.1061,1.1661,0.0,0.332,class1_2026_04_27_14_39_05.csv,stable_background,3,,background
29.993,93,0.150162,-14.437,-14.6129,0.3085,-14.3448,-15.8577,1.5129,0.113,-5.3425,-413.3255,-407.983,-46.8996,90.9091,-1214.7335,0.1381,0.6232,4.5121,1.915,0.947,class2_2026_04_27_16_10_06.csv,manual_annotation,0,29.99,bend
127.628,399,0.63898,-7.87,-10.6768,2.7034,-15.7845,-18.5254,2.7409,8.597,1140.4793,-2600.9164,-3741.3957,581.5047,9589.3417,-2702.1944,2.2359,11.6727,5.2205,2.871,8.149,class2_2026_04_27_16_10_06.csv,manual_annotation,1,127.63,connector
131.776,412,0.659748,-18.564,-21.5061,10.1877,-12.8161,-37.0891,24.273,3.306,-2098.0144,-1253.4819,844.5326,-2992.1646,-1995.0495,-48014.1097,3.187,14.3487,4.5023,0.0,34.802,class2_2026_04_27_16_10_06.csv,manual_annotation,2,131.78,break
144.219,451,0.722044,-49.9,-34.3759,13.9182,-33.0865,-42.4826,9.3961,29.445,2322.3639,-4916.5149,-7238.8789,-0.0,8304.0752,-40700.5408,12.2658,12.0182,0.9798,0.0,29.445,class2_2026_04_27_16_10_06.csv,hard_negative,0,,background
118.694,371,0.594251,-16.824,-16.7039,0.2346,-16.6226,-16.6504,0.0278,0.2655,-19.4319,29.5457,48.9776,-579.9373,349.5282,-579.9373,0.2265,0.2183,0.9637,0.0,0.815,class2_2026_04_27_16_10_06.csv,hard_negative,1,,background
185.06,579,0.926518,-49.9,-29.9561,10.7627,-36.2789,-33.7272,-2.5517,4.3355,6613.6035,693.0079,-5920.5956,-4007.8386,2241.3809,-37494.6084,13.6435,12.9678,0.9505,0.0,28.675,class2_2026_04_27_16_10_06.csv,hard_negative,2,,background
175.169,548,0.876998,-22.056,-31.8838,12.8448,-37.3643,-41.6333,4.269,29.934,5386.3904,-1535.2075,-6921.5979,-10302.5078,43642.6364,-43642.6364,14.0321,11.8518,0.8446,1.276,29.934,class2_2026_04_27_16_10_06.csv,hard_negative,3,,background
86.787,271,0.434506,-16.711,-16.4054,0.199,-16.3909,-16.5646,0.1737,0.5,-1.4954,-62.8541,-61.3587,-532.9154,899.6881,-532.9154,0.2868,0.1647,0.5741,0.0,0.686,class2_2026_04_27_16_10_06.csv,stable_background,4,,background
59.347,185,0.297126,-16.219,-16.3302,0.1924,-16.3273,-16.3277,0.0004,0.236,3.775,36.0994,32.3244,-385.5815,311.9107,-521.9436,0.2449,0.1924,0.7857,0.0,0.614,class2_2026_04_27_16_10_06.csv,stable_background,5,,background
10.848,33,0.054311,-16.678,-16.3416,0.6537,-11.8541,-18.0129,6.1588,1.3595,-1829.7517,-569.1825,1260.5692,158.3056,158.3056,-1191.7489,3.2872,0.9292,0.2827,0.0,2.092,class3_2026_05_14_12_53_50.csv,manual_annotation,0,10.85,bend
127.628,399,0.63898,-16.712,-18.0188,0.897,-19.5643,-32.2514,12.6872,3.387,522.2075,-7634.1897,-8156.3972,749.2147,2454.5455,-6159.8746,1.0129,14.2753,14.094,2.552,2.982,class3_2026_05_14_12_53_50.csv,manual_annotation,1,127.63,break
165.597,518,0.829075,-25.175,-28.9324,11.292,-34.2903,-36.8411,2.5507,6.4655,3231.6493,-5135.2526,-8366.9019,-43423.2022,41319.7524,-43423.2022,14.0099,13.1562,0.9391,0.0,29.087,class3_2026_05_14_12_53_50.csv,hard_negative,0,,background
146.134,457,0.731632,-23.93,-35.0468,13.3377,-37.9043,-36.0841,-1.8202,29.873,136.4779,-187.5034,-323.9813,5695.9232,40705.3323,-46822.8871,13.4677,13.9693,1.0372,1.276,29.873,class3_2026_05_14_12_53_50.csv,hard_negative,1,,background
107.526,336,0.538338,-21.778,-23.4333,9.4005,-21.7601,-19.8741,-1.886,0.5115,-2324.5683,387.2588,2711.8271,45835.4263,45835.4263,-1088.8652,7.2358,0.9937,0.1373,0.0,30.742,class3_2026_05_14_12_53_50.csv,hard_negative,2,,background
70.195,219,0.351437,-21.499,-20.1201,1.9609,-22.1394,-19.787,-2.3524,1.272,470.3705,-265.6205,-735.991,802.5078,9793.105,-1635.4345,7.0454,0.8717,0.1237,0.0,6.597,class3_2026_05_14_12_53_50.csv,stable_background,3,,background
103.378,323,0.517571,-18.007,-17.2587,1.5906,-10.002,-23.6901,13.6881,3.0815,-2556.807,-4312.6038,-1755.7968,-1578.0612,-1578.0612,-2357.3668,4.3117,9.3779,2.175,0.0,5.362,class3_2026_05_14_12_56_02.csv,manual_annotation,0,103.38,break
96.997,303,0.485624,-1.478,-4.8576,4.011,-13.285,-9.1719,-4.1131,12.5875,2146.5233,-2654.2203,-4800.7436,94.0439,16778.9969,-3098.7461,3.9201,4.3294,1.1044,3.51,13.325,class3_2026_05_14_12_56_02.csv,manual_annotation,1,97.0,connector
177.722,556,0.88978,-49.9,-36.9883,14.4361,-38.8883,-38.4093,-0.4791,29.252,1969.8583,-2210.2137,-4180.0721,-45173.9843,45849.5313,-45703.7665,13.8289,13.1112,0.9481,0.0,29.252,class3_2026_05_14_12_56_02.csv,hard_negative,0,,background
140.71,440,0.704476,-49.9,-30.0994,14.0242,-32.5525,-35.6753,3.1228,4.2655,1270.9614,-4372.0445,-5643.0059,-47970.2226,47184.9561,-47970.2226,13.9088,14.2572,1.025,0.0,30.898,class3_2026_05_14_12_56_02.csv,hard_negative,1,,background
189.527,593,0.948883,-24.248,-31.9902,12.9768,-37.8603,-33.2461,-4.6142,8.6105,-138.5872,-4378.386,-4239.7988,1916.931,46012.5408,-40206.9013,13.5178,13.4629,0.9959,0.0,30.579,class3_2026_05_14_12_56_02.csv,hard_negative,2,,background
10.529,32,0.052714,-13.81,-13.9076,0.2252,-11.5243,-14.3131,2.7887,0.4055,-1029.7862,-121.4402,908.346,-150.4702,-95.6113,-527.7295,2.2905,0.1863,0.0813,0.0,0.791,class3_2026_05_14_12_56_02.csv,stable_background,3,,background
127.628,399,0.63898,-5.899,-8.8213,2.9372,-13.9235,-13.384,-0.5395,8.851,1122.018,-2707.9679,-3829.9858,606.5831,9764.8903,-2736.6771,2.251,4.2503,1.8881,2.871,9.08,class1_2026_04_27_14_46_48.csv,manual_annotation,0,127.63,connector
132.733,415,0.664539,-18.463,-18.8999,2.2517,-11.4031,-31.9399,20.5368,2.9795,-2707.9679,-6207.5048,-3499.5369,-1007.837,-1007.837,-6371.4749,3.94,13.1467,3.3367,0.0,8.264,class1_2026_04_27_14_46_48.csv,manual_annotation,1,132.73,break
152.834,478,0.765176,-21.367,-31.0707,13.3308,-36.6175,-37.5578,0.9403,29.469,5507.134,-302.259,-5809.393,-2785.2665,44722.5721,-44722.5721,13.4015,13.8127,1.0307,1.276,29.469,class1_2026_04_27_14_46_48.csv,hard_negative,0,,background
149.644,468,0.749205,-49.9,-39.1676,12.0238,-38.5233,-31.7157,-6.8076,3.4435,-2513.076,-2598.8778,-85.8018,-4417.9508,40879.3135,-36213.1693,12.8528,13.0015,1.0116,0.0,26.081,class1_2026_04_27_14_46_48.csv,hard_negative,1,,background
171.34,536,0.857828,-21.627,-35.1316,13.6283,-40.9571,-43.4853,2.5282,30.228,4734.4768,-396.0043,-5130.481,0.0,45454.5486,-47157.3372,12.8701,12.0153,0.9336,0.638,30.228,class1_2026_04_27_14_46_48.csv,hard_negative,2,,background
7.658,23,0.03834,-13.3,-13.2009,0.7051,-7.7115,-14.1353,6.4238,1.588,-2224.3749,-138.784,2085.5909,-448.2759,-448.2759,-959.2476,3.8559,0.2169,0.0562,0.0,2.203,class1_2026_04_27_14_46_48.csv,stable_background,3,,background
35.736,111,0.178915,-6.877,-9.4009,2.3506,-13.6393,-12.6288,-1.0104,7.5345,1036.9927,-1716.862,-2753.8547,-379.3103,8630.6344,-2742.9467,2.0369,2.4719,1.2136,2.552,7.622,class3_2026_05_14_13_15_01.csv,manual_annotation,0,35.74,connector
128.585,402,0.643772,-16.805,-16.5176,1.8725,-15.3088,-33.5349,18.2261,2.387,224.58,-5456.5024,-5681.0825,-2728.8401,1562.6959,-3354.2335,0.4673,14.7202,31.5024,0.0,5.272,class3_2026_05_14_13_15_01.csv,manual_annotation,1,128.59,break
189.208,592,0.947286,-49.9,-43.5127,11.9931,-40.2237,-38.0932,-2.1305,30.908,-1278.3271,11.0813,1289.4084,-6786.8339,48445.1426,-41658.3088,13.7308,13.2708,0.9665,0.0,30.908,class3_2026_05_14_13_15_01.csv,hard_negative,0,,background
167.83,525,0.840255,-49.9,-38.2056,13.3354,-38.3518,-41.0714,2.7197,30.384,2975.2772,1394.3444,-1580.9328,-45933.8453,47623.826,-45933.8453,13.0277,12.5971,0.9669,0.0,30.384,class3_2026_05_14_13_15_01.csv,hard_negative,1,,background
175.807,550,0.880192,-28.191,-35.5483,12.9891,-37.6644,-36.1773,-1.4871,29.795,436.4661,-896.238,-1332.7041,41819.7524,41819.7524,-41819.7524,13.7226,13.7548,1.0023,0.957,29.795,class3_2026_05_14_13_15_01.csv,hard_negative,2,,background
99.231,310,0.496808,-15.527,-15.5881,0.1921,-15.4064,-15.5397,0.1332,0.233,-15.1046,28.8229,43.9275,-36.0502,-36.0502,-410.6583,0.1885,0.163,0.8649,0.0,0.577,class3_2026_05_14_13_15_01.csv,stable_background,3,,background
82.32,257,0.412142,-15.724,-15.4943,0.5246,-14.7477,-16.3764,1.6287,1.0075,-75.3837,-127.2232,-51.8396,-813.4796,-167.7116,-1068.9671,0.2323,0.3041,1.3093,0.0,1.502,class2_2026_04_27_15_33_11.csv,manual_annotation,0,82.32,bend
131.776,412,0.659748,-18.422,-18.2348,2.1621,-12.7926,-34.6493,21.8567,3.08,-2065.7775,-3373.1763,-1307.3989,-5009.4028,-1539.1429,-6970.2194,3.1901,13.7944,4.3241,0.0,7.391,class2_2026_04_27_15_33_11.csv,manual_annotation,1,131.78,break
127.628,399,0.63898,-7.86,-10.7334,2.8971,-15.934,-15.4368,-0.4972,8.932,1232.1673,-2608.7687,-3840.936,601.8809,9592.4765,-2873.0408,2.2975,4.4729,1.9469,2.871,8.963,class2_2026_04_27_15_33_11.csv,manual_annotation,2,127.63,connector
156.025,488,0.781152,-23.601,-33.9232,14.3282,-33.0946,-35.8413,2.7468,4.757,-266.043,601.1921,867.2351,44222.5721,45882.4467,-46645.7727,13.4708,14.0966,1.0465,0.0,30.245,class2_2026_04_27_15_33_11.csv,hard_negative,0,,background
173.893,544,0.87061,-49.9,-49.9,0.0,-36.6428,-40.0636,3.4208,0.0,-3409.1813,4089.572,7498.7533,0.0,0.0,-0.0,13.2924,12.5263,0.9424,0.0,0.0,class2_2026_04_27_15_33_11.csv,hard_negative,1,,background
156.344,489,0.782749,-21.686,-33.9232,14.3282,-33.1076,-36.0389,2.9314,5.229,1630.6547,941.9586,-688.6961,5424.7665,45882.4467,-46645.7727,13.4616,13.9206,1.0341,0.957,30.245,class2_2026_04_27_15_33_11.csv,hard_negative,2,,background
194.313,608,0.972844,-49.9,-38.1517,13.2066,-36.6198,-38.9458,2.326,28.307,1917.1642,1436.5237,-480.6404,2711.5987,41656.7429,-44368.3417,13.3245,13.1493,0.9868,0.0,28.307,class2_2026_04_27_15_33_11.csv,hard_negative,3,,background
18.825,58,0.094249,-14.495,-14.4731,0.1197,-14.4948,-14.6242,0.1293,0.261,-2.4952,-84.1802,-81.6851,-9.4044,316.6144,-278.9969,0.0913,0.2824,3.0948,0.0,0.433,class2_2026_04_27_15_33_11.csv,stable_background,4,,background
114.865,359,0.575081,-16.478,-16.7502,0.1813,-16.7749,-16.7817,0.0067,0.2935,-12.3031,42.5681,54.8712,156.7398,299.373,-1067.3966,0.2091,0.2867,1.3714,0.638,0.681,class2_2026_04_27_15_33_11.csv,stable_background,5,,background
23.611,73,0.11821,-15.621,-15.6583,0.5314,-14.8265,-16.9833,2.1568,1.2135,-323.5755,-238.0742,85.5013,-467.0846,1794.6708,-1716.3009,0.5087,0.6575,1.2926,0.0,1.636,class2_2026_04_27_16_05_29.csv,manual_annotation,0,23.61,bend
127.309,398,0.637383,-10.158,-13.0078,3.5562,-17.9674,-16.0323,-1.9351,8.9825,632.3203,-2706.6622,-3338.9825,4572.1003,9865.5594,-2641.0658,1.5765,4.1867,2.6558,2.871,9.405,class2_2026_04_27_16_05_29.csv,manual_annotation,1,127.31,connector
131.457,411,0.65815,-20.393,-19.2332,2.2792,-14.3195,-34.3131,19.9936,3.625,-1438.1911,-6255.4223,-4817.2312,-1468.652,-1468.652,-3656.7367,3.2091,14.0292,4.3717,0.0,7.023,class2_2026_04_27_16_05_29.csv,manual_annotation,2,131.46,break
161.449,505,0.808308,-27.346,-31.7474,13.0553,-39.5369,-33.147,-6.3899,21.0975,1348.7593,1397.702,48.9427,3184.9514,37710.0345,-46330.7241,13.042,13.6161,1.044,1.276,30.094,class2_2026_04_27_16_05_29.csv,hard_negative,0,,background
143.581,449,0.71885,-49.9,-38.092,13.3124,-37.9246,-37.5839,-0.3406,28.636,5117.2911,1402.364,-3714.9271,-42899.6881,-1984.3276,-42899.6881,13.4803,13.8078,1.0243,0.0,28.636,class2_2026_04_27_16_05_29.csv,hard_negative,1,,background
152.834,478,0.765176,-25.335,-41.0162,12.6028,-36.7529,-37.6192,0.8662,28.782,-217.3348,738.8859,956.2207,45112.8558,45112.8558,-45112.8558,13.1984,13.7726,1.0435,0.957,28.782,class2_2026_04_27_16_05_29.csv,hard_negative,2,,background
185.06,579,0.926518,-49.9,-38.521,12.8229,-35.056,-34.5316,-0.5244,3.229,-2481.1372,244.3948,2725.532,-34556.4279,43757.0564,-34556.4279,13.3731,13.7759,1.0301,0.0,27.917,class2_2026_04_27_16_05_29.csv,hard_negative,3,,background
104.336,326,0.522367,-18.249,-18.072,0.389,-18.1165,-17.9074,-0.2091,0.5655,-133.9503,19.64,153.5903,269.5909,1345.3436,-1885.5815,0.403,0.4037,1.0016,0.0,1.203,class2_2026_04_27_16_05_29.csv,stable_background,4,,background
176.126,551,0.88179,-49.9,-40.9999,12.5924,-38.9692,-35.824,-3.1452,27.431,-2313.5994,-381.3482,1932.2513,40493.732,40493.732,-42126.9535,13.7396,13.1147,0.9545,0.0,27.431,class2_2026_04_27_16_05_29.csv,stable_background,5,,background
81.044,253,0.405754,-15.593,-15.4808,0.6886,-14.6931,-16.6687,1.9757,0.8875,-35.3772,-179.1676,-143.7904,-926.3323,-25.0784,-1076.8025,0.1506,0.4177,2.7729,0.0,1.87,class2_2026_04_27_15_35_57.csv,manual_annotation,0,81.04,bend
130.818,409,0.654951,-16.197,-16.2203,2.3522,-12.9804,-36.7313,23.7509,4.2255,106.9174,-8476.736,-8583.6535,-2277.0661,-2025.0784,-3779.0,3.1461,14.8027,4.7051,0.0,7.123,class2_2026_04_27_15_35_57.csv,manual_annotation,1,130.82,break
127.947,400,0.640577,-8.452,-10.4031,2.0168,-15.5957,-19.6492,4.0535,8.681,1682.9453,-5030.0954,-6713.0407,-2021.9436,9626.9592,-3195.9248,2.9002,11.418,3.9369,2.871,6.913,class2_2026_04_27_15_35_57.csv,manual_annotation,2,127.95,connector
146.453,458,0.733229,-49.9,-32.0788,12.7112,-35.5513,-37.7106,2.1593,17.518,3956.6726,1534.0948,-2422.5778,1742.9451,8170.1096,-45247.652,12.9395,13.6844,1.0576,0.0,28.868,class2_2026_04_27_15_35_57.csv,hard_negative,0,,background
149.963,469,0.750802,-26.341,-37.6901,13.7498,-38.1868,-34.4429,-3.7438,18.471,-4596.5562,-296.4942,4300.0619,4346.3966,42552.0556,-47098.7492,13.1736,13.87,1.0529,1.277,30.049,class2_2026_04_27_15_35_57.csv,hard_negative,1,,background
169.745,531,0.849843,-23.337,-31.8613,12.7964,-34.6315,-42.0873,7.4558,28.368,-1668.0188,-4363.4925,-2695.4737,-0.0,39315.0517,-355.7978,13.716,12.6184,0.92,0.638,28.368,class2_2026_04_27_15_35_57.csv,hard_negative,2,,background
167.192,523,0.837061,-49.9,-34.2838,14.017,-33.2497,-36.2939,3.0443,5.136,1470.2984,1291.8264,-178.472,-0.0,3656.7398,-405.1912,13.4295,13.6491,1.0164,0.0,29.863,class2_2026_04_27_15_35_57.csv,hard_negative,3,,background
96.359,301,0.482429,-16.473,-17.0566,0.3861,-17.0221,-16.9017,-0.1204,0.5135,-98.0497,13.5547,111.6044,769.5925,971.7884,-1393.4169,0.3007,0.3176,1.0561,0.957,1.166,class2_2026_04_27_15_35_57.csv,stable_background,4,,background
13.401,41,0.067093,-14.404,-14.4068,0.0978,-14.0904,-14.4593,0.3689,0.156,-111.4357,1.9259,113.3617,-238.2445,175.5486,-238.2445,0.3175,0.0694,0.2187,0.0,0.334,class2_2026_04_27_15_35_57.csv,stable_background,5,,background
96.678,302,0.484026,-9.557,-11.6231,2.1707,-14.5252,-16.3001,1.7749,5.905,314.7181,-2735.0921,-3049.8103,3959.2476,6755.4859,-2518.8088,0.794,5.2422,6.6026,2.233,5.963,class3_2026_05_14_12_59_21.csv,manual_annotation,0,96.68,connector
99.869,312,0.500003,-16.287,-16.4719,2.3011,-12.9309,-33.9928,21.0619,3.0885,-22.9394,-8698.4307,-8675.4912,-3023.511,-1782.1317,-4539.185,2.1385,14.4754,6.7691,0.0,7.598,class3_2026_05_14_12_59_21.csv,manual_annotation,1,99.87,break
139.433,436,0.698083,-49.9,-37.6219,13.7393,-34.4529,-35.9802,1.5273,3.692,1302.3566,3680.7644,2378.4078,-0.0,44031.3495,-44087.779,13.86,13.9869,1.0092,0.0,28.146,class3_2026_05_14_12_59_21.csv,hard_negative,0,,background
146.453,458,0.733229,-49.9,-34.5612,13.876,-35.9599,-36.9049,0.945,19.3585,-1273.0125,-629.8908,643.1218,3219.4342,44659.8777,-47879.3119,14.0077,13.1515,0.9389,0.0,30.547,class3_2026_05_14_12_59_21.csv,hard_negative,1,,background
177.083,554,0.886581,-26.76,-36.0563,12.4362,-32.0377,-34.6143,2.5766,2.509,1211.9719,4499.096,3287.124,-38104.3703,38951.4138,-43589.3448,12.7031,13.7127,1.0795,0.0,27.81,class3_2026_05_14_12_59_21.csv,hard_negative,2,,background
186.975,585,0.936106,-49.9,-46.5522,9.4689,-42.2068,-37.8593,-4.3475,30.13,-4095.4643,1245.6941,5341.1584,-0.0,0.0,-9291.5361,12.4151,13.5505,1.0915,0.0,30.13,class3_2026_05_14_12_59_21.csv,stable_background,3,,background
127.628,399,0.63898,-5.869,-8.7626,2.8843,-13.9077,-13.3287,-0.5791,8.889,1166.4655,-2634.1873,-3800.6529,608.1505,9620.6897,-2733.5423,2.2629,4.2338,1.871,2.871,8.916,class1_2026_04_27_14_48_51.csv,manual_annotation,0,127.63,connector
131.776,412,0.659748,-16.563,-16.313,2.093,-10.7844,-29.0914,18.307,3.0935,-2053.1073,-4967.3584,-2914.2511,-3142.6332,-2098.6067,-3142.6332,3.1597,13.1201,4.1523,0.0,6.032,class1_2026_04_27_14_48_51.csv,manual_annotation,1,131.78,break
160.811,503,0.805114,-21.119,-31.4794,13.1357,-38.1709,-36.851,-1.3199,29.622,-1218.4215,-2933.1395,-1714.718,7321.3197,45111.29,-45111.29,13.1871,14.5945,1.1067,1.276,29.622,class1_2026_04_27_14_48_51.csv,hard_negative,0,,background
182.508,571,0.913742,-20.376,-28.0702,11.725,-37.7061,-38.883,1.1769,29.72,4472.3196,-3348.6163,-7820.936,-40683.3887,43688.4973,-45509.4075,13.6624,13.8243,1.0118,1.596,29.72,class1_2026_04_27_14_48_51.csv,hard_negative,1,,background
110.079,344,0.55112,-14.964,-14.8637,0.1494,-14.7957,-14.787,-0.0087,0.189,-16.4693,40.5463,57.0155,161.442,161.442,-231.9749,0.1262,0.1425,1.1298,0.0,0.453,class1_2026_04_27_14_48_51.csv,hard_negative,2,,background
61.58,192,0.308305,-14.538,-14.5412,0.0578,-14.5367,-14.5922,0.0555,0.147,-1.0043,11.6635,12.6678,72.1003,72.1003,-288.4013,0.076,0.0928,1.2209,0.0,0.194,class1_2026_04_27_14_48_51.csv,stable_background,3,,background
69.557,217,0.348243,-17.725,-18.0504,2.6926,-13.3022,-32.4566,19.1544,3.3035,-629.5996,-3420.6593,-2791.0597,-4595.6113,-1833.8558,-6084.6395,2.1101,14.011,6.64,0.0,8.44,class3_2026_05_22_11_05_50.csv,manual_annotation,0,69.56,break
66.047,206,0.33067,-9.947,-11.9073,1.944,-14.4463,-17.7658,3.3195,5.1845,261.7935,-2857.164,-3118.9575,3261.7555,6335.4232,-2620.6348,0.7246,8.6923,11.9959,2.234,5.303,class3_2026_05_22_11_05_50.csv,manual_annotation,1,66.05,connector
107.207,335,0.536741,-49.9,-37.6601,13.6969,-31.9496,-36.2384,4.2888,3.3685,988.528,-1142.8299,-2131.3579,0.0,2992.163,-44652.0392,12.7931,13.6925,1.0703,0.0,28.488,class3_2026_05_22_11_05_50.csv,hard_negative,0,,background
104.336,326,0.522367,-21.983,-28.8809,11.3215,-34.9396,-34.7448,-0.1947,6.0455,-1126.3761,-5632.692,-4506.3158,4847.9639,43779.8202,-4724.1379,13.5193,13.6036,1.0062,0.957,29.694,class3_2026_05_22_11_05_50.csv,hard_negative,1,,background
135.604,424,0.678913,-49.9,-34.9209,13.5275,-38.2922,-33.9114,-4.3808,18.7,1142.0072,1477.8509,335.8437,-35090.8812,43260.1928,-44412.2273,13.0746,14.3647,1.0987,0.0,29.767,class3_2026_05_22_11_05_50.csv,hard_negative,2,,background
144.538,452,0.723642,-25.14,-38.6322,12.6421,-33.4783,-37.5292,4.0509,5.4455,-1698.197,2167.7795,3865.9765,0.0,1556.4263,-38869.5158,13.2954,13.8749,1.0436,0.0,27.998,class3_2026_05_22_11_05_50.csv,stable_background,3,,background
120.927,378,0.605431,-17.329,-17.1883,0.5994,-15.1799,-17.8765,2.6966,0.4995,-495.7328,-28.1521,467.5807,-710.0313,-452.9765,-1092.1967,0.7983,0.5945,0.7448,0.0,2.039,class2_2026_04_27_15_15_26.csv,manual_annotation,0,120.93,bend
127.628,399,0.63898,-9.231,-12.1793,2.9912,-17.1662,-21.2896,4.1234,8.5265,1102.1557,-4605.6843,-5707.8401,652.0376,9973.1411,-2724.1379,2.2523,13.2312,5.8746,2.871,9.293,class2_2026_04_27_15_15_26.csv,manual_annotation,1,127.63,connector
131.457,411,0.65815,-19.664,-22.0154,10.0406,-14.1069,-35.1563,21.0494,3.572,-1356.2419,-1668.403,-312.1611,-3062.6928,-2023.4269,-47391.8527,3.1059,13.342,4.2957,0.0,34.423,class2_2026_04_27_15_15_26.csv,manual_annotation,2,131.46,break
163.364,511,0.817896,-20.162,-37.7012,13.6916,-45.1821,-34.7603,-10.4217,29.738,-649.2549,-2758.0564,-2108.8015,43149.5982,46392.9104,-46611.2868,10.5505,13.5799,1.2871,0.958,29.738,class2_2026_04_27_15_15_26.csv,hard_negative,0,,background
177.722,556,0.88978,-49.9,-34.9606,13.4856,-37.3967,-34.9538,-2.4428,18.2215,4484.3489,487.9188,-3996.4301,-46572.1034,45846.3981,-46572.1034,13.9984,13.4562,0.9613,0.0,29.713,class2_2026_04_27_15_15_26.csv,hard_negative,1,,background
188.251,589,0.942494,-49.9,-34.837,13.6084,-36.013,-39.2809,3.2679,29.579,5251.1492,801.9687,-4449.1804,-2029.7806,10645.768,-35402.8245,13.9791,13.3886,0.9578,0.0,29.579,class2_2026_04_27_15_15_26.csv,hard_negative,2,,background
109.76,343,0.549523,-14.986,-14.803,0.1322,-14.7311,-14.7073,-0.0237,0.0835,-42.7991,9.2996,52.0987,393.4169,393.4169,-211.5987,0.1312,0.0882,0.6717,0.0,0.385,class2_2026_04_27_15_15_26.csv,hard_negative,3,,background
21.697,67,0.108628,-15.126,-14.7763,0.2405,-14.5269,-14.4877,-0.0392,-0.0005,-24.554,121.9295,146.4835,-394.9843,191.5512,-394.9843,0.1429,0.2485,1.7385,0.0,0.676,class2_2026_04_27_15_15_26.csv,stable_background,4,,background
10.21,31,0.051117,-14.184,-14.1678,0.1516,-12.1172,-14.3452,2.2281,0.263,-900.414,-40.1924,860.2217,158.3072,158.3072,-506.2696,2.0736,0.1264,0.061,0.0,0.59,class2_2026_04_27_15_15_26.csv,stable_background,5,,background
127.628,399,0.63898,-5.9,-8.7754,2.8615,-13.8846,-13.5071,-0.3774,8.77,1140.7607,-2647.5511,-3788.3118,628.5266,9700.627,-2747.6489,2.2388,4.5053,2.0124,2.871,8.766,class1_2026_04_27_14_49_38.csv,manual_annotation,0,127.63,connector
131.776,412,0.659748,-16.665,-16.3769,2.2097,-10.8085,-31.9869,21.1784,2.9345,-2068.077,-3935.0333,-1866.9563,-2010.9702,-2010.9702,-6153.6066,3.1599,14.3824,4.5516,0.0,7.294,class1_2026_04_27_14_49_38.csv,manual_annotation,1,131.78,break
168.788,528,0.845051,-49.9,-38.2829,13.2505,-29.0197,-43.6642,14.6445,20.1155,3810.5736,1257.0293,-2553.5443,-30873.0455,-725.7038,-30873.0455,11.4099,11.6666,1.0225,0.0,29.964,class1_2026_04_27_14_49_38.csv,hard_negative,0,,background
182.189,570,0.912144,-20.364,-25.6891,8.926,-36.8258,-38.6679,1.8422,29.824,4865.6018,-1856.5014,-6722.1032,1874.6113,42757.0564,-46294.674,13.1783,14.0888,1.0691,2.234,29.824,class1_2026_04_27_14_49_38.csv,hard_negative,1,,background
172.617,540,0.864221,-49.9,-40.5566,13.2143,-34.8626,-36.7536,1.891,7.5485,1199.5254,8053.3627,6853.8373,-44084.0309,44087.779,-44084.0309,13.5928,13.2605,0.9756,0.0,28.258,class1_2026_04_27_14_49_38.csv,hard_negative,2,,background
74.024,231,0.370607,-14.749,-14.7138,0.0579,-14.7041,-14.7143,0.0102,0.155,11.1707,-8.5046,-19.6753,67.3981,67.3981,-70.5329,0.1247,0.091,0.7298,0.0,0.203,class1_2026_04_27_14_49_38.csv,stable_background,3,,background
94.764,296,0.474444,-15.313,-15.4061,0.6957,-14.7206,-16.6689,1.9483,0.828,7.227,-210.1939,-217.4209,-1678.6834,70.5329,-1678.6834,0.1121,0.3627,3.2367,0.0,1.762,class2_2026_04_27_15_28_40.csv,manual_annotation,0,94.76,bend
131.457,411,0.65815,-17.979,-17.5263,1.6901,-13.0912,-31.8614,18.7702,3.8815,-1446.3858,-2181.9033,-735.5174,-2086.2053,-2086.2053,-48369.9075,3.1783,13.328,4.1934,0.0,4.793,class2_2026_04_27_15_28_40.csv,manual_annotation,1,131.46,break
127.309,398,0.637383,-8.913,-11.7197,3.4336,-16.5469,-16.3065,-0.2404,8.733,551.2363,-2638.7113,-3189.9476,4641.0658,9901.2539,-2669.279,1.3853,8.9595,6.4676,2.871,8.985,class2_2026_04_27_15_28_40.csv,manual_annotation,2,127.31,connector
141.348,442,0.707671,-49.9,-37.7586,13.5949,-34.6528,-36.3748,1.722,7.8335,475.2321,-1809.5279,-2284.7601,-44274.2978,44274.2978,-44274.2978,12.691,13.5881,1.0707,0.0,28.524,class2_2026_04_27_15_28_40.csv,hard_negative,0,,background
145.496,455,0.728438,-26.36,-40.9922,12.6831,-37.7768,-31.2907,-6.4861,3.6715,-3436.4588,2829.3415,6265.8003,42087.7774,42087.7774,-42087.7774,13.5789,13.1801,0.9706,0.0,29.778,class2_2026_04_27_15_28_40.csv,hard_negative,1,,background
140.071,438,0.701277,-49.9,-37.7447,13.6203,-33.1035,-34.9772,1.8737,5.0705,-1508.9355,-993.3834,515.5521,0.0,5484.3229,-44274.2978,12.4523,13.3982,1.076,0.0,28.981,class2_2026_04_27_15_28_40.csv,hard_negative,2,,background
148.686,465,0.744409,-49.9,-31.3124,13.1575,-34.8248,-31.0994,-3.7254,1.993,3002.401,-1826.0251,-4828.4261,705.3307,44319.7508,-1894.9843,13.5435,13.3125,0.9829,0.0,28.726,class2_2026_04_27_15_28_40.csv,hard_negative,3,,background
52.008,162,0.260382,-14.463,-14.5622,0.0787,-14.603,-14.6065,0.0035,0.1425,30.7611,13.7236,-17.0375,-117.5549,86.2069,-275.8621,0.1141,0.0941,0.8251,0.638,0.248,class2_2026_04_27_15_28_40.csv,stable_background,4,,background
37.012,115,0.185304,-14.675,-14.5854,0.0775,-14.5628,-14.6107,0.0479,0.158,16.7805,-19.7497,-36.5302,-137.931,106.5831,-137.931,0.093,0.083,0.8923,0.0,0.263,class2_2026_04_27_15_28_40.csv,stable_background,5,,background
127.628,399,0.63898,-5.961,-8.8327,2.8377,-13.9648,-13.6041,-0.3607,8.803,1165.0313,-2741.2345,-3906.2658,547.0219,9543.8871,-2818.1818,2.2639,4.4131,1.9493,2.871,8.771,class1_2026_04_27_14_37_06.csv,manual_annotation,0,127.63,connector
132.095,413,0.661345,-18.365,-17.4616,2.1123,-11.0154,-31.1414,20.1259,3.5005,-2494.7301,-4368.8489,-1874.1188,-2036.0502,-2036.0502,-3957.6803,3.3582,13.3942,3.9885,0.0,6.183,class1_2026_04_27_14_37_06.csv,manual_annotation,1,132.09,break
119.013,372,0.595849,-15.01,-14.9611,0.1128,-14.8409,-14.9162,0.0753,0.1605,-58.6069,16.6379,75.2448,76.8025,76.8025,-639.4984,0.1111,0.1347,1.2122,0.0,0.389,class1_2026_04_27_14_37_06.csv,hard_negative,0,,background
162.087,507,0.811502,-49.9,-38.1057,13.2451,-37.9423,-33.4383,-4.504,7.218,261.6153,-2500.6855,-2762.3008,-7733.5423,44995.2994,-40818.527,13.4931,13.227,0.9803,0.0,28.707,class1_2026_04_27_14_37_06.csv,hard_negative,1,,background
165.916,519,0.830672,-49.9,-35.1969,13.2378,-34.9613,-34.9949,0.0336,4.975,2513.2392,37.3226,-2475.9166,-0.0,43620.6928,-0.0,13.4078,13.4437,1.0027,0.0,28.282,class1_2026_04_27_14_37_06.csv,hard_negative,2,,background
55.837,174,0.279553,-14.653,-14.6497,0.0707,-14.6352,-14.5923,-0.0429,0.044,8.328,26.8755,18.5475,-249.2163,191.2226,-249.2163,0.0842,0.1043,1.2387,0.0,0.21,class1_2026_04_27_14_37_06.csv,stable_background,3,,background
35.417,110,0.177318,-9.74,-11.7536,1.8752,-14.2484,-18.2339,3.9854,5.1375,315.1287,-2900.6861,-3215.8148,2841.6928,6047.0219,-2553.2915,0.7713,8.9081,11.55,2.233,5.131,class3_2026_05_14_12_58_43.csv,manual_annotation,0,35.42,connector
38.607,120,0.193289,-17.296,-17.136,2.7741,-13.0797,-26.8444,13.7647,3.1075,-246.7744,-2599.7252,-2352.9508,-3083.0721,-1909.0909,-9106.5831,1.9753,10.6229,5.3779,0.0,9.84,class3_2026_05_14_12_58_43.csv,manual_annotation,1,38.61,break
146.453,458,0.733229,-27.186,-38.3401,13.023,-38.9826,-39.5945,0.6119,29.493,426.0684,1466.4148,1040.3465,0.0,46227.2759,-35601.8824,13.7186,12.974,0.9457,0.638,29.493,class3_2026_05_14_12_58_43.csv,hard_negative,0,,background
136.881,428,0.685306,-49.9,-34.1732,14.0983,-37.5448,-37.3017,-0.2431,29.625,1646.424,-562.567,-2208.991,-0.0,45732.8848,-44721.0063,13.8731,14.1131,1.0173,0.0,29.625,class3_2026_05_14_12_58_43.csv,hard_negative,1,,background
127.947,400,0.640577,-19.688,-30.8843,13.5054,-36.5991,-35.6746,-0.9245,19.5215,-2576.0629,-2679.7218,-103.6589,338.558,47354.2351,-39586.2116,13.4442,14.2511,1.06,2.233,30.212,class3_2026_05_14_12_58_43.csv,hard_negative,2,,background
172.617,540,0.864221,-24.197,-29.4986,11.0817,-33.8101,-37.1992,3.3892,7.002,1521.0212,-2689.6129,-4210.6341,4450.7946,43680.2539,-42526.6489,12.967,14.2162,1.0963,0.0,29.412,class3_2026_05_14_12_58_43.csv,stable_background,3,,background
120.927,378,0.605431,-16.488,-16.4651,0.6186,-15.0237,-17.1039,2.0802,0.75,-305.1059,-91.3168,213.789,-924.7649,-542.3213,-956.1113,0.4895,0.5396,1.1024,0.0,2.002,class2_2026_04_27_15_16_41.csv,manual_annotation,0,120.93,bend
127.947,400,0.640577,-8.531,-10.5008,2.0325,-15.8374,-19.7446,3.9071,8.938,1682.9064,-2576.8,-4259.7065,-1995.2978,10038.9303,-3269.5925,2.9614,11.4693,3.8729,2.871,6.956,class2_2026_04_27_15_16_41.csv,manual_annotation,1,127.95,connector
131.776,412,0.659748,-18.568,-21.6567,10.1336,-13.1442,-32.7098,19.5656,3.0915,-2086.1267,-863.901,1222.2257,-1716.2994,-1716.2994,-47329.1567,3.2405,13.8302,4.2679,0.0,34.636,class2_2026_04_27_15_16_41.csv,manual_annotation,2,131.78,break
182.827,572,0.915339,-21.658,-46.762,8.8756,-38.1698,-38.8657,0.6959,28.242,-2690.4981,2336.2328,5026.7309,0.0,44266.4592,-44266.4592,13.2839,13.8578,1.0432,0.638,28.242,class2_2026_04_27_15_16_41.csv,hard_negative,0,,background
61.58,192,0.308305,-14.82,-14.6272,0.1241,-14.6429,-14.6045,-0.0384,0.1775,22.4839,-14.4118,-36.8957,-70.5329,39.185,-70.5329,0.117,0.0845,0.7218,0.0,0.399,class2_2026_04_27_15_16_41.csv,hard_negative,1,,background
169.745,531,0.849843,-49.9,-37.4621,14.0154,-34.6554,-33.2119,-1.4436,7.2535,696.3754,-2943.2236,-3639.599,-0.0,7769.5925,-45703.7665,12.4583,13.6097,1.0924,0.0,30.579,class2_2026_04_27_15_16_41.csv,hard_negative,2,,background
154.749,484,0.774764,-24.324,-29.2454,11.084,-30.2552,-37.6448,7.3897,2.4275,547.8092,-4247.8571,-4795.6663,-763.3213,43866.8143,-42230.4091,12.3111,13.7388,1.116,0.0,28.113,class2_2026_04_27_15_16_41.csv,hard_negative,3,,background
17.23,53,0.086263,-14.492,-14.4822,0.0755,-14.3917,-14.5881,0.1963,0.0565,-30.3183,-101.7657,-71.4474,-153.605,215.0133,-191.2226,0.0953,0.2117,2.2213,0.0,0.226,class2_2026_04_27_15_16_41.csv,stable_background,4,,background
31.907,99,0.159745,-14.614,-14.4899,0.0782,-14.3687,-14.5385,0.1698,0.084,-54.7806,-9.4443,45.3363,-181.8182,70.5329,-181.8182,0.1192,0.0967,0.8107,0.0,0.242,class2_2026_04_27_15_16_41.csv,stable_background,5,,background
20.42,63,0.102234,-15.99,-17.2243,2.2644,-16.3462,-18.9631,2.6168,0.3615,83.5117,1738.0206,1654.5089,-186.9806,910.6567,-50670.848,0.2443,7.7539,31.7404,0.639,7.508,class2_2026_04_27_15_57_38.csv,manual_annotation,0,20.42,bend
131.457,411,0.65815,-18.268,-21.3449,10.3647,-13.0278,-32.5497,19.5219,3.7115,-1440.7781,2032.1907,3472.9688,-4768.0251,-2830.721,-49459.2524,3.1996,13.9024,4.345,0.0,35.727,class2_2026_04_27_15_57_38.csv,manual_annotation,1,131.46,break
127.628,399,0.63898,-8.085,-10.9598,2.8656,-15.8973,-20.5056,4.6083,8.507,1020.5032,-2860.9462,-3881.4493,553.2915,9454.5455,-2818.1818,2.202,13.6432,6.1959,2.871,8.918,class2_2026_04_27_15_57_38.csv,manual_annotation,2,127.63,connector
187.613,587,0.9393,-49.9,-34.9407,13.4813,-36.5147,-37.5134,0.9987,29.785,2281.9599,-122.123,-2404.0829,45004.7053,45004.7053,-39738.2461,13.5846,13.8928,1.0227,0.0,29.785,class2_2026_04_27_15_57_38.csv,hard_negative,0,,background
80.086,250,0.400957,-16.618,-16.5077,0.2782,-16.4791,-16.5899,0.1108,0.5295,7.9524,-1.8346,-9.7871,-53.2915,1017.2414,-332.2884,0.2353,0.2581,1.0972,0.0,0.901,class2_2026_04_27_15_57_38.csv,hard_negative,1,,background
144.219,451,0.722044,-49.9,-34.635,13.7572,-39.5987,-42.2833,2.6847,29.476,-3679.1854,-6093.5776,-2414.3922,36539.1897,42252.3527,-45849.5313,13.0909,12.3401,0.9426,0.0,29.476,class2_2026_04_27_15_57_38.csv,hard_negative,2,,background
175.807,550,0.880192,-49.9,-38.1594,13.2419,-32.5206,-42.1074,9.5869,28.553,2435.1098,-1392.8336,-3827.9435,-1233.5439,44753.9216,-43520.3777,12.4675,12.6062,1.0111,0.0,28.553,class2_2026_04_27_15_57_38.csv,hard_negative,3,,background
154.43,483,0.773167,-22.273,-29.6583,10.9955,-36.1018,-34.211,-1.8908,6.2415,2784.9731,-3830.4613,-6615.4344,-6716.3009,46415.3621,-36628.5298,13.8407,12.6277,0.9124,0.958,29.613,class2_2026_04_27_15_57_38.csv,stable_background,4,,background
101.145,316,0.506391,-16.691,-16.6047,0.1474,-16.5045,-16.7646,0.2601,0.204,-89.4668,-30.3127,59.1541,-347.9624,404.3871,-347.9624,0.2319,0.2957,1.2752,0.0,0.452,class2_2026_04_27_15_57_38.csv,stable_background,5,,background
96.997,303,0.485624,-0.158,-3.4206,4.3773,-12.7262,-7.2336,-5.4926,11.685,2344.0153,-2569.0867,-4913.1021,525.0784,18650.4702,-3106.5831,4.3319,4.0736,0.9404,3.829,14.304,class3_2026_05_14_13_39_43.csv,manual_annotation,0,97.0,connector
127.628,399,0.63898,-2.167,-5.6227,3.9936,-13.6754,-9.6936,-3.9819,12.344,1910.6445,-2648.4954,-4559.1399,697.4922,15260.5585,-2771.1599,3.5989,4.3308,1.2034,3.828,12.847,class3_2026_05_14_13_39_43.csv,manual_annotation,1,127.63,connector
134.009,419,0.670927,-17.832,-18.5761,2.9614,-10.4863,-29.6478,19.1615,3.0085,-2522.7234,-4279.7466,-1757.0232,-2788.4028,-1484.3276,-9815.047,4.2536,12.7058,2.9871,0.0,10.121,class3_2026_05_14_13_39_43.csv,manual_annotation,2,134.01,break
165.916,519,0.830672,-49.9,-34.3511,13.9581,-37.6378,-42.1487,4.5109,30.038,4286.1471,-3955.1939,-8241.341,-3197.4937,42905.9608,-39708.4671,13.7688,12.5322,0.9102,0.0,30.038,class3_2026_05_14_13_39_43.csv,hard_negative,0,,background
187.613,587,0.9393,-21.492,-35.1711,13.2416,-37.8949,-40.0673,2.1724,28.408,2796.538,-1264.5776,-4061.1157,6799.3715,44526.6473,-44526.6473,13.4512,12.4806,0.9278,1.276,28.408,class3_2026_05_14_13_39_43.csv,hard_negative,1,,background
182.189,570,0.912144,-49.9,-37.8491,13.4866,-30.5809,-36.2747,5.6938,2.2045,1886.6448,2785.3953,898.7505,-42799.3762,-427.9013,-42799.3762,12.1562,13.6589,1.1236,0.0,28.365,class3_2026_05_14_13_39_43.csv,hard_negative,2,,background
182.827,572,0.915339,-49.9,-40.9874,12.6096,-32.1051,-36.2747,4.1696,2.52,714.8536,2909.2507,2194.397,0.0,0.0,-0.0,12.7486,13.6589,1.0714,0.0,27.306,class3_2026_05_14_13_39_43.csv,hard_negative,3,,background
143.262,448,0.717253,-24.746,-38.9431,12.3063,-37.8247,-36.5831,-1.2416,26.868,86.4623,-1910.4286,-1996.8909,38603.4514,39426.3354,-42112.8558,13.6222,13.3685,0.9814,1.276,26.868,class3_2026_05_14_13_39_43.csv,stable_background,4,,background
10.21,31,0.051117,-14.252,-14.1881,0.0761,-12.4113,-14.3349,1.9236,0.1815,-777.6793,-41.4284,736.2509,12.5392,172.4138,-354.8084,1.8993,0.1076,0.0567,0.0,0.248,class3_2026_05_14_13_39_43.csv,stable_background,5,,background
19.782,61,0.09904,-14.427,-14.4864,0.1468,-14.4672,-15.6557,1.1885,0.331,13.4598,-392.8463,-406.3061,-297.8056,343.2602,-471.0067,0.09,0.8012,8.9014,0.0,0.545,class2_2026_04_27_16_05_41.csv,manual_annotation,0,19.78,bend
131.138,410,0.656553,-17.367,-17.4018,2.4219,-13.2988,-26.4574,13.1587,3.9295,-587.9467,-2931.4832,-2343.5365,-2585.4712,-2326.0188,-46379.315,3.0873,10.6432,3.4474,0.0,7.751,class2_2026_04_27_16_05_41.csv,manual_annotation,1,131.14,break
127.628,399,0.63898,-8.434,-11.332,2.8836,-16.3683,-17.5612,1.1929,8.5635,1073.6152,-2741.0639,-3814.6791,609.7179,9417.5592,-2774.2947,2.256,8.8602,3.9273,2.871,9.008,class2_2026_04_27_16_05_41.csv,manual_annotation,2,127.63,connector
158.258,495,0.792332,-49.9,-38.1326,13.2238,-39.2059,-36.3288,-2.8771,28.423,-1520.2555,23.544,1543.7996,36247.652,42531.3527,-42669.2821,13.4571,13.6893,1.0173,0.0,28.423,class2_2026_04_27_16_05_41.csv,hard_negative,0,,background
168.788,528,0.845051,-49.9,-33.9318,12.1181,-35.0267,-34.9441,-0.0826,6.155,3319.1058,292.6603,-3026.4455,19891.8527,42426.0805,-44056.4295,13.7011,13.5326,0.9877,0.0,28.386,class2_2026_04_27_16_05_41.csv,hard_negative,1,,background
156.982,491,0.785944,-49.9,-40.6961,13.0186,-34.5446,-38.1661,3.6215,16.61,-921.8696,1405.7763,2327.6458,-0.0,-0.0,-42531.3527,13.796,13.1948,0.9564,0.0,28.173,class2_2026_04_27_16_05_41.csv,hard_negative,2,,background
161.768,506,0.809905,-20.862,-34.8391,13.6031,-39.574,-37.5758,-1.9982,30.245,903.0812,-466.0648,-1369.146,0.0,45514.1097,-45514.1097,12.9947,13.853,1.066,0.638,30.245,class2_2026_04_27_16_05_41.csv,hard_negative,3,,background
107.526,336,0.538338,-16.868,-16.9812,0.3348,-17.0841,-17.0199,-0.0641,0.446,-33.1666,31.1581,64.3247,98.7461,562.6975,-744.5141,0.2494,0.3026,1.2132,0.0,1.018,class2_2026_04_27_16_05_41.csv,stable_background,4,,background
70.833,221,0.354631,-16.77,-17.0063,0.3617,-16.9086,-16.9959,0.0874,0.4265,-44.4267,85.5557,129.9823,572.1034,572.1034,-1526.6128,0.2677,0.3435,1.2832,0.0,1.236,class2_2026_04_27_16_05_41.csv,stable_background,5,,background
133.371,417,0.667733,-19.918,-18.9829,1.9518,-11.3139,-35.9878,24.6739,3.506,-2592.7841,-6454.5791,-3861.7949,-4551.7226,-1401.2539,-46501.5705,4.2866,13.9603,3.2567,0.0,5.614,class3_2026_05_14_13_39_31.csv,manual_annotation,0,133.37,break
127.628,399,0.63898,-4.583,-8.1086,4.135,-16.1388,-12.1658,-3.973,12.1435,1917.5875,-2645.6871,-4563.2746,678.6834,16135.7802,-2739.8119,3.63,4.3869,1.2085,3.509,13.398,class3_2026_05_14_13_39_31.csv,manual_annotation,1,127.63,connector
96.997,303,0.485624,-7.931,-10.3902,2.1417,-13.9864,-14.1967,0.2102,6.636,847.0691,-2062.8617,-2909.9308,302.5078,7777.4295,-2645.768,1.6283,2.9936,1.8385,2.552,6.543,class3_2026_05_14_13_39_31.csv,manual_annotation,2,97.0,connector
101.783,318,0.509585,-17.169,-16.9998,0.5604,-12.5935,-17.4549,4.8614,1.1105,-2179.5375,-45.0074,2134.53,-136.3636,-136.3636,-481.1928,2.9817,0.2977,0.0998,0.0,1.627,class3_2026_05_14_13_39_31.csv,manual_annotation,3,101.78,bend
154.43,483,0.773167,-22.687,-34.5929,13.7693,-40.3527,-36.9337,-3.419,30.047,4560.1654,263.0268,-4297.1385,-46366.7727,42430.5664,-46366.7727,13.5457,13.0257,0.9616,0.958,30.047,class3_2026_05_14_13_39_31.csv,hard_negative,0,,background
186.337,583,0.932912,-49.9,-39.6791,12.0165,-38.6594,-34.2007,-4.4587,21.631,-2236.4739,1369.8277,3606.3016,6525.7094,22134.7994,-41684.9561,12.9498,14.0634,1.086,0.0,28.692,class3_2026_05_14_13_39_31.csv,hard_negative,1,,background
160.811,503,0.805114,-20.881,-40.3783,13.5054,-36.9337,-39.4661,2.5324,30.499,-2707.1602,1654.1849,4361.3451,47804.0799,47804.0799,-47804.0799,13.0257,13.1541,1.0099,0.957,30.499,class3_2026_05_14_13_39_31.csv,hard_negative,2,,background
193.037,604,0.966456,-49.9,-37.7374,13.7603,-34.0533,-36.8484,2.7951,7.5485,-79.0219,654.1118,733.1337,34429.4702,45841.6959,-44525.0815,14.1901,13.1583,0.9273,0.0,29.843,class3_2026_05_14_13_39_31.csv,hard_negative,3,,background
181.55,568,0.908945,-20.23,-34.2821,13.9979,-33.1821,-41.8734,8.6913,29.67,2562.5875,-1230.759,-3793.3464,-1849.1441,46504.7053,-46555.3627,13.5084,11.6832,0.8649,1.277,29.67,class3_2026_05_14_13_39_31.csv,hard_negative,4,,background
163.044,510,0.816293,-49.9,-44.0634,10.9358,-39.1663,-38.3624,-0.8039,27.541,-1852.8661,-212.248,1640.6181,0.0,39166.1458,-0.0,13.4973,13.0231,0.9649,0.0,27.541,class3_2026_05_14_13_39_31.csv,hard_negative,5,,background
19.144,59,0.095846,-14.248,-14.439,0.1728,-14.4389,-14.5201,0.0811,0.2315,-31.0246,-4.3043,26.7204,224.1379,498.4326,-664.3433,0.1395,0.1605,1.1505,0.638,0.578,class3_2026_05_14_13_39_31.csv,stable_background,6,,background
42.436,132,0.212459,-14.401,-14.5449,0.0968,-14.5222,-14.5296,0.0074,0.13,-33.3868,-6.1931,27.1937,213.1661,539.185,-168.5839,0.1118,0.066,0.5904,0.638,0.344,class3_2026_05_14_13_39_31.csv,stable_background,7,,background
74.343,232,0.372204,-16.107,-15.8447,0.8036,-14.7485,-17.1171,2.3686,1.459,-133.4106,-185.2449,-51.8343,-542.3197,291.5361,-929.4671,0.3108,0.4148,1.3344,0.0,2.236,class2_2026_04_27_15_37_07.csv,manual_annotation,0,74.34,bend
131.138,410,0.656553,-17.635,-17.6233,2.7447,-13.3656,-31.4481,18.0825,3.633,-601.5086,-2254.4044,-1652.8958,-1080.8158,-1080.8158,-5948.2759,3.2166,13.2061,4.1056,0.0,8.766,class2_2026_04_27_15_37_07.csv,manual_annotation,1,131.14,break
127.947,400,0.640577,-8.749,-10.7313,2.0042,-15.9657,-19.9395,3.9738,8.9495,1652.6919,-2783.0736,-4435.7655,-2007.837,9670.4742,-3148.9028,2.9148,11.2994,3.8766,2.871,6.804,class2_2026_04_27_15_37_07.csv,manual_annotation,2,127.95,connector
88.701,277,0.444089,-17.433,-17.2838,0.3887,-17.1636,-17.1852,0.0216,0.1305,-130.5642,-86.4437,44.1205,1663.0094,1663.0094,-601.6245,0.3757,0.3874,1.0312,0.0,1.33,class2_2026_04_27_15_37_07.csv,hard_negative,0,,background
166.554,521,0.833867,-49.9,-32.0026,12.7663,-30.3356,-33.0276,2.692,1.679,-547.5049,2088.3135,2635.8184,-681.8166,44554.8605,-43450.8829,12.2526,13.5175,1.1032,0.0,28.426,class2_2026_04_27_15_37_07.csv,hard_negative,1,,background
174.531,546,0.873804,-21.159,-40.7229,12.9984,-32.0431,-38.2538,6.2108,6.6715,411.5638,2521.5946,2110.0308,0.0,3487.4608,-45048.5925,12.8406,13.151,1.0242,0.638,28.741,class2_2026_04_27_15_37_07.csv,hard_negative,2,,background
143.262,448,0.717253,-49.9,-33.8144,14.4171,-35.9175,-32.0547,-3.8628,5.5985,-1278.5058,-1095.8653,182.6405,-0.0,358.9342,-45258.6238,14.0145,12.7992,0.9133,0.0,30.476,class2_2026_04_27_15_37_07.csv,hard_negative,3,,background
44.032,137,0.22045,-14.575,-14.6118,0.0626,-14.6224,-14.7236,0.1012,0.1905,20.8186,-37.4446,-58.2632,150.4702,153.605,-181.8182,0.1067,0.0904,0.8473,0.638,0.194,class2_2026_04_27_15_37_07.csv,stable_background,4,,background
103.378,323,0.517571,-17.731,-17.2979,0.429,-17.1652,-17.2735,0.1083,0.4265,-24.2493,51.4016,75.6509,707.9603,707.9603,-767.7012,0.3061,0.3992,1.3039,0.0,1.449,class2_2026_04_27_15_37_07.csv,stable_background,5,,background
18.825,58,0.094249,-14.816,-14.9164,0.4406,-14.4819,-20.2691,5.7872,0.177,-22.3166,-1692.7028,-1670.3862,-241.3793,-7.837,-1374.6082,0.0745,10.5791,142.0333,0.0,1.22,class2_2026_04_27_16_03_33.csv,manual_annotation,0,18.83,bend
131.776,412,0.659748,-19.703,-18.4513,1.9802,-13.1416,-32.4704,19.3288,2.3495,-2020.1659,-6056.9776,-4036.8116,-2396.5533,-1649.5828,-3352.6646,3.1042,13.9714,4.5008,0.0,6.37,class2_2026_04_27_16_03_33.csv,manual_annotation,1,131.78,break
127.628,399,0.63898,-8.25,-11.1218,2.8347,-16.0671,-15.5561,-0.511,8.5775,1102.9924,-2546.9372,-3649.9295,625.3918,9258.6207,-2910.6583,2.1808,4.0385,1.8518,2.871,8.847,class2_2026_04_27_16_03_33.csv,manual_annotation,2,127.63,connector
64.133,200,0.321087,-17.083,-16.6076,0.2486,-16.6302,-16.6901,0.0599,0.33,39.5676,-26.936,-66.5037,-258.6223,832.2884,-354.2304,0.2088,0.1904,0.9117,0.0,0.735,class2_2026_04_27_16_03_33.csv,hard_negative,0,,background
178.041,557,0.891377,-21.858,-41.1709,12.3878,-41.051,-42.0467,0.9957,28.042,-2141.3994,4207.1791,6348.5785,-0.0,43952.9812,-43952.9812,12.5952,12.6779,1.0066,0.638,28.042,class2_2026_04_27_16_03_33.csv,hard_negative,1,,background
170.383,533,0.853037,-24.092,-34.7177,13.6044,-36.5527,-40.7591,4.2064,29.031,2443.4754,1210.7333,-1232.7421,-0.0,11835.4201,-45503.1395,13.4641,12.9924,0.965,0.638,29.031,class2_2026_04_27_16_03_33.csv,hard_negative,2,,background
186.656,584,0.934509,-49.9,-44.166,10.7675,-42.2084,-35.561,-6.6474,27.775,-1569.6684,2782.4751,4352.1435,0.0,37352.6677,-0.0,12.4524,14.359,1.1531,0.0,27.775,class2_2026_04_27_16_03_33.csv,hard_negative,3,,background
7.658,23,0.03834,-13.104,-13.0244,0.8694,-7.2612,-14.1646,6.9034,1.9175,-2306.0924,-158.6034,2147.489,-1051.7241,-799.373,-1051.7241,3.9599,0.2396,0.0605,0.0,2.739,class2_2026_04_27_16_03_33.csv,stable_background,4,,background
84.553,264,0.423322,-17.047,-16.7018,0.2723,-16.6131,-16.7178,0.1047,0.312,34.7529,-8.3976,-43.1505,12.5376,374.6097,-836.2074,0.2405,0.2845,1.1832,0.0,0.71,class2_2026_04_27_16_03_33.csv,stable_background,5,,background
41.798,130,0.209265,-16.185,-15.9346,1.1732,-14.6359,-17.643,3.0071,2.0935,-59.1353,-123.9356,-64.8003,-1380.8777,-86.2069,-2543.8856,0.3206,0.551,1.7184,0.0,3.609,class2_2026_04_27_15_44_57.csv,manual_annotation,0,41.8,bend
132.095,413,0.661345,-19.956,-19.6628,2.0968,-13.9221,-28.7502,14.8281,2.564,-2252.6094,-2432.7693,-180.1599,-7017.2398,-1405.9545,-7017.2398,3.0912,11.479,3.7135,0.0,6.064,class2_2026_04_27_15_44_57.csv,manual_annotation,1,132.09,break
127.628,399,0.63898,-9.057,-11.9162,2.8459,-17.2154,-16.2656,-0.9499,8.7625,1182.5638,-2591.9163,-3774.4802,603.4483,9363.6364,-2920.0627,2.3748,4.0251,1.6949,2.871,8.858,class2_2026_04_27_15_44_57.csv,manual_annotation,2,127.63,connector
178.041,557,0.891377,-23.869,-35.4998,13.3391,-35.8278,-38.2024,2.3746,21.567,-1412.3142,1877.1631,3289.4773,43300.9436,43300.9436,-43300.9436,12.8885,13.1418,1.0197,0.957,30.069,class2_2026_04_27_15_44_57.csv,hard_negative,0,,background
167.83,525,0.840255,-49.9,-37.3754,14.0237,-29.4777,-39.3479,9.8702,3.0875,-1591.1958,-2096.6613,-505.4655,-44032.7542,46293.1066,-44032.7542,12.6826,13.2971,1.0485,0.0,29.535,class2_2026_04_27_15_44_57.csv,hard_negative,1,,background
142.624,446,0.714059,-23.816,-35.68,12.7767,-33.1427,-39.7639,6.6212,16.2865,467.7012,396.7993,-70.9019,4402.8213,40884.0157,-40884.0157,13.444,12.7475,0.9482,1.276,28.024,class2_2026_04_27_15_44_57.csv,hard_negative,2,,background
186.337,583,0.932912,-49.9,-28.6292,11.5611,-38.4196,-31.3485,-7.0711,6.3675,-1157.022,-1733.8862,-576.8642,5018.2579,36079.9389,-47521.9483,12.9113,13.2132,1.0234,0.0,30.319,class2_2026_04_27_15_44_57.csv,hard_negative,3,,background
157.301,492,0.787541,-22.623,-38.0047,13.3988,-32.8237,-39.5204,6.6968,19.453,467.2393,-1212.4956,-1679.7349,0.0,40688.0909,-47489.0329,13.7155,13.1397,0.958,0.638,30.298,class2_2026_04_27_15_44_57.csv,stable_background,4,,background
29.673,92,0.14856,-14.317,-14.4209,0.0761,-14.3362,-14.5247,0.1884,0.1345,-9.2609,-22.9848,-13.7239,42.0015,221.0031,-383.4282,0.1578,0.1015,0.6431,0.639,0.245,class2_2026_04_27_15_44_57.csv,stable_background,5,,background
87.106,272,0.436103,-15.339,-15.2791,0.6234,-14.638,-16.1831,1.5451,0.7075,-6.9291,-108.8007,-101.8717,-1018.8088,186.5204,-1548.5909,0.1131,0.3571,3.1577,0.0,1.974,class2_2026_04_27_15_32_53.csv,manual_annotation,0,87.11,bend
127.947,400,0.640577,-7.982,-9.9314,2.0341,-15.163,-17.3718,2.2088,8.8305,1637.0833,-4912.5838,-6549.6671,-1993.7304,9735.1097,-3233.5423,2.9178,8.7956,3.0145,2.871,6.981,class2_2026_04_27_15_32_53.csv,manual_annotation,1,127.95,connector
131.776,412,0.659748,-18.682,-21.3546,10.3217,-12.5111,-34.1661,21.655,3.105,-2013.0685,-2538.7184,-525.6499,-4200.627,-1536.2425,-47470.2226,3.1551,14.141,4.482,0.0,35.06,class2_2026_04_27_15_32_53.csv,manual_annotation,2,131.78,break
159.535,499,0.798725,-49.9,-43.7858,11.4422,-32.8637,-39.2786,6.4149,16.284,765.1247,4739.9765,3974.8518,-42184.9561,43859.3846,-42184.9561,13.6156,13.3653,0.9816,0.0,28.114,class2_2026_04_27_15_32_53.csv,hard_negative,0,,background
158.897,497,0.795531,-21.786,-40.948,12.6746,-32.7941,-37.7834,4.9893,3.514,-3734.6061,4793.4955,8528.1016,41975.5618,43859.3846,-44065.8354,13.6716,13.5969,0.9945,0.958,28.114,class2_2026_04_27_15_32_53.csv,hard_negative,1,,background
160.492,502,0.803517,-49.9,-43.9529,11.1263,-37.5827,-36.3017,-1.281,26.914,-1268.6664,-1679.3275,-410.6611,0.0,0.0,-0.0,13.7859,13.6488,0.9901,0.0,26.914,class2_2026_04_27_15_32_53.csv,hard_negative,2,,background
146.453,458,0.733229,-22.567,-34.5088,13.7913,-41.0682,-33.2967,-7.7716,29.38,-762.4359,991.7445,1754.1804,5222.569,42841.6975,-44434.1708,12.5316,13.4056,1.0697,1.276,29.38,class2_2026_04_27_15_32_53.csv,hard_negative,3,,background
30.631,95,0.153357,-14.782,-14.4907,0.1235,-14.4187,-14.5373,0.1186,0.164,-37.9098,-23.0695,14.8403,-153.605,289.2077,-360.5016,0.1181,0.0978,0.8281,0.0,0.463,class2_2026_04_27_15_32_53.csv,stable_background,4,,background
5.743,17,0.028753,-10.575,-10.3169,1.6935,-4.5359,-13.4709,8.9351,3.473,-2308.4,-641.2649,1667.1351,-1851.0972,-1851.0972,-1887.1473,3.1921,0.9371,0.2936,0.0,5.158,class2_2026_04_27_15_32_53.csv,stable_background,5,,background
66.366,207,0.332267,-10.727,-12.6416,1.3561,-14.4564,-19.1924,4.7359,4.1255,455.6818,-2389.7577,-2845.4395,-407.5235,5051.7241,-2600.3135,0.9664,8.1724,8.4567,1.915,4.12,class3_2026_05_14_12_55_08.csv,manual_annotation,0,66.37,connector
67.643,211,0.33866,-13.616,-13.824,2.0661,-13.801,-23.361,9.56,4.1645,876.0348,-3005.8596,-3881.8944,-2600.3135,-407.5235,-3211.5987,1.4748,9.956,6.7509,0.0,6.095,class3_2026_05_14_12_55_08.csv,manual_annotation,1,67.64,break
145.177,454,0.726841,-49.9,-39.1242,12.1751,-40.3499,-34.5492,-5.8008,26.094,-1437.5281,1582.7161,3020.2442,0.0,0.0,-0.0,12.1999,13.7794,1.1295,0.0,26.094,class3_2026_05_14_12_55_08.csv,hard_negative,0,,background
87.744,274,0.439298,-24.183,-37.5484,13.8487,-34.6446,-32.1208,-2.5238,5.322,-3232.7344,1088.3421,4321.0765,0.0,44506.2743,-42489.0313,13.7278,12.6873,0.9242,0.0,29.944,class3_2026_05_14_12_55_08.csv,hard_negative,1,,background
82.639,258,0.413739,-21.119,-28.8596,11.3622,-37.8181,-37.5817,-0.2363,28.858,244.0843,-3232.7344,-3476.8186,-440.4389,39761.7586,-45111.29,13.5923,13.8288,1.0174,1.595,28.858,class3_2026_05_14_12_55_08.csv,hard_negative,2,,background
131.138,410,0.656553,-22.07,-34.5209,13.7628,-35.2015,-41.7797,6.5782,28.789,-692.3962,592.0911,1284.4873,-42904.2492,43684.0293,-45123.8276,13.2646,11.8722,0.895,0.958,28.789,class3_2026_05_14_12_55_08.csv,stable_background,3,,background
132.095,413,0.661345,-18.088,-17.6236,2.6282,-10.9997,-27.2266,16.2268,3.2965,-2463.4833,-1499.6807,963.8027,-1819.7508,-1819.7508,-6286.8323,3.327,12.2237,3.674,0.0,8.618,class1_2026_04_27_14_37_00.csv,manual_annotation,0,132.09,break
127.628,399,0.63898,-5.968,-8.8491,2.8604,-14.0154,-13.6922,-0.3233,8.866,1167.6001,-2670.8829,-3838.483,576.8025,9592.4765,-2730.4075,2.2768,4.6191,2.0288,2.871,8.839,class1_2026_04_27_14_37_00.csv,manual_annotation,1,127.63,connector
187.932,588,0.940897,-49.9,-40.781,12.9159,-33.2221,-34.8118,1.5897,3.0105,-1392.3014,4839.9797,6232.2811,-40626.9624,517.2414,-40626.9624,13.4113,13.5484,1.0102,0.0,28.937,class1_2026_04_27_14_37_00.csv,hard_negative,0,,background
161.13,504,0.806711,-49.9,-40.9947,12.6174,-44.0557,-37.4769,-6.5788,28.143,-334.1601,-1856.7379,-1522.5778,0.0,42416.9326,0.0,10.9556,13.9291,1.2714,0.0,28.143,class1_2026_04_27_14_37_00.csv,hard_negative,1,,background
165.916,519,0.830672,-49.9,-37.5819,13.7905,-38.9971,-33.2186,-5.7785,17.686,36.7241,-4716.8401,-4753.5642,43437.3072,46170.848,-43437.3072,13.7062,13.3636,0.975,0.0,29.457,class1_2026_04_27_14_37_00.csv,hard_negative,2,,background
177.083,554,0.886581,-49.9,-31.7748,12.8897,-33.6381,-39.0152,5.3771,17.409,4010.2941,273.0115,-3737.2826,-5037.7842,1757.0549,-45489.0313,13.0513,13.6854,1.0486,0.0,29.18,class1_2026_04_27_14_37_00.csv,stable_background,3,,background
72.11,225,0.361025,-15.476,-15.3952,0.7312,-14.6375,-16.7078,2.0703,0.6285,-9.46,-188.7767,-179.3167,-1413.7931,182.0831,-1413.7931,0.084,0.4555,5.4224,0.0,1.911,class2_2026_04_27_15_38_20.csv,manual_annotation,0,72.11,bend
131.457,411,0.65815,-17.678,-18.0277,2.5478,-13.2179,-26.3432,13.1252,3.9575,-1375.2277,-1992.1238,-616.8961,-2869.906,-2251.324,-6738.2445,3.1854,10.6538,3.3446,0.0,8.715,class2_2026_04_27_15_38_20.csv,manual_annotation,1,131.46,break
127.628,399,0.63898,-8.274,-11.2248,2.9788,-16.3874,-15.8509,-0.5365,8.784,1179.4981,-2581.0009,-3760.499,605.0157,9983.2958,-2838.558,2.3047,4.46,1.9352,2.871,9.307,class2_2026_04_27_15_38_20.csv,manual_annotation,2,127.63,connector
167.511,524,0.838658,-49.9,-33.9537,14.2728,-35.6377,-34.7447,-0.893,6.392,1279.6665,-5209.2315,-6488.898,44634.7994,45700.6301,-43098.7492,14.2737,13.6912,0.9592,0.0,29.615,class2_2026_04_27_15_38_20.csv,hard_negative,0,,background
187.613,587,0.9393,-24.059,-35.5766,12.8667,-39.5348,-35.9612,-3.5736,27.358,-1065.746,-341.9973,723.7487,-0.0,42568.9702,-42880.8809,13.0298,14.0073,1.075,0.638,27.358,class2_2026_04_27_15_38_20.csv,hard_negative,1,,background
160.811,503,0.805114,-49.9,-41.228,12.3704,-36.1942,-36.0088,-0.1854,17.4115,-2755.9987,1284.9339,4040.9326,-8478.0564,43103.4514,-8478.0564,13.7716,13.9753,1.0148,0.0,28.457,class2_2026_04_27_15_38_20.csv,hard_negative,2,,background
148.686,465,0.744409,-49.9,-49.9,0.0,-38.9973,-32.686,-6.3113,-12.288,-4683.7979,6796.6358,11480.4337,-0.0,0.0,-0.0,13.7239,13.7692,1.0033,0.0,0.0,class2_2026_04_27_15_38_20.csv,hard_negative,3,,background
12.444,38,0.062302,-14.584,-14.3922,0.0934,-13.7995,-14.4222,0.6227,0.0635,-198.1281,0.2462,198.3744,-231.9749,94.0439,-231.9749,0.6132,0.0702,0.1145,0.0,0.315,class2_2026_04_27_15_38_20.csv,stable_background,4,,background
62.857,196,0.314699,-14.744,-14.6086,0.1543,-14.6841,-14.6094,-0.0747,0.172,40.911,-15.7367,-56.6477,-346.395,740.3035,-346.395,0.1228,0.0685,0.558,0.0,0.496,class2_2026_04_27_15_38_20.csv,stable_background,5,,background
132.414,414,0.662942,-18.21,-17.9183,1.9503,-11.0833,-32.2433,21.16,3.389,-2635.5495,-3318.018,-682.4685,-1520.3793,-1520.3793,-5672.4169,3.554,14.1382,3.9781,0.0,6.322,class1_2026_04_27_14_43_57.csv,manual_annotation,0,132.41,break
127.628,399,0.63898,-5.906,-8.7956,2.8995,-13.9366,-13.4111,-0.5255,8.8495,1167.3486,-2674.865,-3842.2137,590.9091,9583.0721,-2797.8056,2.2647,4.2828,1.8911,2.871,8.99,class1_2026_04_27_14_43_57.csv,manual_annotation,1,127.63,connector
190.165,595,0.952077,-49.9,-40.346,13.5167,-40.7372,-37.8824,-2.8548,29.413,474.9339,218.7289,-256.205,-0.0,46101.884,-0.0,12.9819,13.5017,1.04,0.0,29.413,class1_2026_04_27_14_43_57.csv,hard_negative,0,,background
151.558,474,0.758788,-23.823,-24.0626,2.1542,-36.6699,-30.1337,-6.5362,5.2525,2704.8816,-6643.5372,-9348.4188,236.6787,3985.8918,-6534.4828,13.2694,12.412,0.9354,0.0,6.882,class1_2026_04_27_14_43_57.csv,hard_negative,1,,background
168.788,528,0.845051,-49.9,-40.5981,13.2116,-37.7001,-33.4836,-4.2165,7.0015,1290.145,3909.2183,2619.0733,-47894.9875,4616.0168,-47894.9875,13.7081,13.1741,0.961,0.0,30.557,class1_2026_04_27_14_43_57.csv,hard_negative,2,,background
78.491,245,0.392972,-14.618,-14.67,0.0774,-14.7069,-14.7262,0.0193,0.197,11.3854,-19.0716,-30.457,-37.6176,194.3574,-253.9185,0.1089,0.0947,0.8696,0.957,0.273,class1_2026_04_27_14_43_57.csv,stable_background,3,,background
67.962,212,0.340257,-15.595,-15.6226,0.7615,-14.7123,-16.5306,1.8183,0.9195,-55.6291,-110.4471,-54.818,-1192.7884,4.3863,-1192.7884,0.1497,0.2925,1.9539,0.0,2.031,class2_2026_04_27_15_40_35.csv,manual_annotation,0,67.96,bend
131.138,410,0.656553,-16.25,-17.2606,4.4784,-12.5963,-28.3952,15.7989,3.791,-641.5681,-2381.4609,-1739.8928,-1466.364,-1466.364,-19214.7335,3.1377,11.928,3.8015,0.0,16.095,class2_2026_04_27_15_40_35.csv,manual_annotation,1,131.14,break
127.947,400,0.640577,-8.108,-10.0314,2.0158,-15.3452,-17.0177,1.6725,8.9745,1764.1293,-3406.0514,-5170.1807,-2126.9592,9727.2727,-3012.5392,2.9791,5.9419,1.9946,2.871,6.931,class2_2026_04_27_15_40_35.csv,manual_annotation,2,127.95,connector
178.998,560,0.896168,-49.9,-40.0119,13.9854,-36.0246,-45.0335,9.0089,29.972,5369.0303,665.9609,-4703.0694,-46978.0611,46978.0611,-46978.0611,13.9431,10.8835,0.7806,0.0,29.972,class2_2026_04_27_15_40_35.csv,hard_negative,0,,background
177.403,555,0.888183,-21.746,-24.7638,8.9732,-36.2914,-41.7433,5.4518,29.972,1917.0512,-4336.9728,-6254.024,3995.9321,45065.8323,-46782.1364,13.691,13.1549,0.9608,2.234,29.972,class2_2026_04_27_15_40_35.csv,hard_negative,1,,background
186.337,583,0.932912,-23.691,-37.8167,13.55,-42.0952,-33.1599,-8.9352,29.651,3286.1664,3150.2077,-135.9586,46290.9043,46290.9043,-46474.9232,12.6102,13.4099,1.0634,0.958,29.651,class2_2026_04_27_15_40_35.csv,hard_negative,2,,background
174.531,546,0.873804,-49.9,-47.2853,7.3954,-35.9979,-37.3319,1.3339,23.532,-473.3922,2148.5889,2621.9811,-36884.0157,36884.0157,-36884.0157,14.0006,14.079,1.0056,0.0,23.532,class2_2026_04_27_15_40_35.csv,hard_negative,3,,background
99.869,312,0.500003,-16.421,-16.643,0.3213,-16.6834,-16.7389,0.0555,0.4265,2.2825,-90.2868,-92.5693,-291.5376,1282.1317,-763.3213,0.2759,0.2418,0.8766,1.276,0.944,class2_2026_04_27_15_40_35.csv,stable_background,4,,background
79.129,247,0.396166,-16.887,-16.6632,0.2271,-16.6204,-16.5808,-0.0396,0.45,-81.7606,-22.2033,59.5573,238.2414,431.0376,-105.0141,0.2019,0.2231,1.1051,0.0,0.787,class2_2026_04_27_15_40_35.csv,stable_background,5,,background
53.285,166,0.266776,-15.561,-15.5086,0.8484,-14.6667,-16.6552,1.9885,0.9385,-19.6771,-140.9752,-121.298,-1340.1254,440.4389,-1340.1254,0.1257,0.3146,2.5027,0.0,2.39,class2_2026_04_27_15_48_07.csv,manual_annotation,0,53.28,bend
127.628,399,0.63898,-8.071,-10.9929,2.9062,-16.2049,-17.2861,1.0812,8.9375,1159.4601,-2682.6023,-3842.0624,587.7743,9525.0784,-2675.5486,2.3057,8.9903,3.8992,2.871,9.065,class2_2026_04_27_15_48_07.csv,manual_annotation,1,127.63,connector
131.457,411,0.65815,-17.216,-17.7941,2.3899,-13.0377,-32.3852,19.3474,3.8075,-1406.9433,-4374.8172,-2967.8739,-2048.5878,-1612.8174,-5094.0439,3.2061,14.0461,4.381,0.0,7.352,class2_2026_04_27_15_48_07.csv,manual_annotation,2,131.46,break
158.897,497,0.795531,-21.643,-37.8454,13.5563,-35.1294,-36.5889,1.4596,7.551,211.8673,-153.8606,-365.7279,-7225.039,47210.0329,-44289.9718,13.3134,13.3778,1.0048,0.958,30.12,class2_2026_04_27_15_48_07.csv,hard_negative,0,,background
147.729,462,0.739618,-49.9,-38.2043,13.1612,-33.3506,-33.3088,-0.0418,5.193,-733.558,4048.7329,4782.2909,0.0,42700.6301,-4653.605,13.3112,13.3794,1.0051,0.0,29.559,class2_2026_04_27_15_48_07.csv,hard_negative,1,,background
156.982,491,0.785944,-49.9,-40.7721,12.9598,-33.3796,-35.0709,1.6913,4.4985,-6229.4782,968.3631,7197.8413,-1252.3511,45722.5737,-44470.2226,13.2762,13.3629,1.0065,0.0,29.171,class2_2026_04_27_15_48_07.csv,hard_negative,2,,background
115.503,361,0.578275,-17.405,-17.2118,0.4427,-17.1257,-17.0845,-0.0412,0.268,7.7991,-0.0751,-7.8742,-156.7398,72.1003,-805.6426,0.4407,0.3686,0.8364,0.0,1.289,class2_2026_04_27_15_48_07.csv,hard_negative,3,,background
78.172,244,0.391375,-17.495,-16.9173,0.2959,-16.7771,-16.9536,0.1766,0.338,-56.3229,5.761,62.0839,377.7414,934.1708,-338.5564,0.3692,0.2856,0.7736,0.0,1.04,class2_2026_04_27_15_48_07.csv,stable_background,4,,background
22.016,68,0.110225,-15.71,-14.9629,0.3828,-14.6029,-14.4517,-0.1513,0.0,-91.0935,128.5669,219.6604,161.442,161.442,-354.232,0.2159,0.2832,1.3117,0.0,1.218,class2_2026_04_27_15_48_07.csv,stable_background,5,,background
125.713,393,0.629393,-16.967,-15.544,1.4681,-14.8567,-14.3993,-0.4574,2.275,-38.0533,-96.4594,-58.4061,-1818.1834,-163.0094,-1818.1834,0.3316,3.088,9.3111,0.0,4.77,class2_2026_04_27_15_12_38.csv,manual_annotation,0,125.71,bend
129.223,404,0.646966,-13.484,-13.3686,2.2066,-13.8092,-25.9408,12.1317,6.494,1313.1225,-5617.0484,-6930.171,-3199.0596,-2045.4545,-3285.2665,2.4639,13.0325,5.2893,0.0,6.885,class2_2026_04_27_15_12_38.csv,manual_annotation,1,129.22,break
127.947,400,0.640577,-9.942,-11.8613,1.9183,-14.6236,-22.2142,7.5906,5.6105,596.6368,-4119.8329,-4716.4697,-2045.4545,8959.2476,-3199.0596,1.9911,12.7962,6.4268,2.233,6.479,class2_2026_04_27_15_12_38.csv,manual_annotation,2,127.95,connector
176.445,552,0.883387,-49.9,-37.662,13.7064,-33.6915,-42.2546,8.5631,28.953,2117.3864,3509.15,1391.7636,-45380.8793,44304.0768,-45380.8793,13.0769,12.3713,0.946,0.0,28.953,class2_2026_04_27_15_12_38.csv,hard_negative,0,,background
183.784,575,0.92013,-21.0,-31.5161,13.1627,-37.5063,-40.9426,3.4363,29.749,2961.0321,124.0348,-2836.9973,34753.9232,42655.174,-45318.185,13.9051,12.7399,0.9162,1.276,29.749,class2_2026_04_27_15_12_38.csv,hard_negative,1,,background
181.231,567,0.907348,-49.9,-37.6921,13.7337,-37.5657,-40.7081,3.1423,29.749,5049.1882,-1988.2288,-7037.417,-43180.2539,45184.9545,-43180.2539,13.8335,13.0813,0.9456,0.0,29.749,class2_2026_04_27_15_12_38.csv,hard_negative,2,,background
148.367,464,0.742812,-21.766,-27.9518,11.7862,-36.4826,-33.9518,-2.5308,5.761,3641.5374,-1977.6009,-5619.1383,6841.6928,44451.4122,-44097.1803,13.4887,14.2858,1.0591,0.957,29.676,class2_2026_04_27_15_12_38.csv,hard_negative,3,,background
84.872,265,0.424919,-14.613,-14.6611,0.0995,-14.6843,-14.7012,0.0169,0.186,23.1689,5.4187,-17.7502,-225.63,125.3918,-587.7743,0.1111,0.1084,0.9758,0.0,0.318,class2_2026_04_27_15_12_38.csv,stable_background,4,,background
68.6,214,0.343452,-14.638,-14.6194,0.0864,-14.6093,-14.6267,0.0173,0.173,-0.1253,-10.1185,-9.9933,-25.0784,289.9687,-335.4232,0.0961,0.0985,1.0252,0.0,0.318,class2_2026_04_27_15_12_38.csv,stable_background,5,,background
127.628,399,0.63898,-11.411,-13.2041,1.2139,-14.7079,-23.2189,8.511,3.6165,361.1743,-2574.3852,-2935.5595,130.094,4401.2539,-3398.1191,0.7625,12.4073,16.2712,1.595,3.46,class3_2026_05_14_12_56_13.csv,manual_annotation,0,127.63,connector
130.818,409,0.654951,-19.772,-19.9403,2.6505,-14.6719,-34.7479,20.0761,2.9925,-935.52,-5968.6414,-5033.1214,-6937.8167,-1956.1113,-6937.8167,1.9256,13.6241,7.0753,0.0,8.285,class3_2026_05_14_12_56_13.csv,manual_annotation,1,130.82,break
164.321,514,0.822687,-23.437,-37.6964,13.6615,-39.1596,-42.171,3.0114,28.612,4803.1364,385.0046,-4418.1317,-3492.1646,41478.0596,-41478.0596,13.5428,12.4756,0.9212,1.276,28.612,class3_2026_05_14_12_56_13.csv,hard_negative,0,,background
188.57,590,0.944091,-49.9,-37.611,13.8499,-36.1197,-33.2346,-2.8851,7.828,-1488.9272,1785.6241,3274.5514,5741.3793,37329.1567,-2714.7351,13.8515,13.4872,0.9737,0.0,31.18,class3_2026_05_14_12_56_13.csv,hard_negative,1,,background
81.044,253,0.405754,-14.865,-14.9082,0.1173,-14.8878,-14.8633,-0.0245,0.092,-5.236,-19.3412,-14.1052,217.8683,217.8683,-164.5768,0.1261,0.1226,0.9728,0.0,0.382,class3_2026_05_14_12_56_13.csv,hard_negative,2,,background
11.167,34,0.055909,-13.908,-14.0462,0.166,-12.328,-14.3754,2.0474,0.176,-701.3942,-73.9563,627.4379,-156.7398,54.8589,-462.3824,1.6467,0.1463,0.0889,0.638,0.525,class3_2026_05_14_12_56_13.csv,stable_background,3,,background
97.316,304,0.487221,-0.156,-1.4443,1.8844,-11.9356,-7.0616,-4.8741,11.255,3353.9499,-2630.5185,-5984.4683,0.0,20241.3793,-6354.232,5.5426,4.2628,0.7691,4.148,5.283,class3_2026_05_14_12_56_35.csv,manual_annotation,0,97.32,connector
106.569,333,0.533547,-18.842,-18.21,0.8749,-14.0399,-25.221,11.1811,0.8875,-1556.0082,-2683.425,-1127.4167,-956.1097,-48.5893,-3602.4205,2.8965,11.1227,3.84,0.0,2.768,class3_2026_05_14_12_56_35.csv,manual_annotation,1,106.57,break
121.565,380,0.608625,-49.9,-22.7854,9.6859,-35.2434,-27.3557,-7.8877,5.2215,9266.6983,-1991.7283,-11258.4266,2467.0878,2467.0878,-3244.5172,14.7888,12.1604,0.8223,0.0,32.246,class3_2026_05_14_12_56_35.csv,hard_negative,0,,background
169.107,529,0.846648,-25.781,-38.2136,13.1006,-34.1502,-37.2264,3.0762,4.968,-894.9874,5024.1775,5919.1649,40600.3166,43245.2948,-40600.3166,14.1157,12.7427,0.9027,0.0,27.609,class3_2026_05_14_12_56_35.csv,hard_negative,1,,background
128.585,402,0.643772,-49.9,-43.8032,11.4173,-30.7276,-43.8956,13.1681,28.512,-4094.9953,-1180.1833,2914.812,-0.0,44689.6583,-0.0,13.6449,11.2518,0.8246,0.0,28.512,class3_2026_05_14_12_56_35.csv,hard_negative,2,,background
53.604,167,0.268373,-14.865,-14.8404,0.0802,-14.8281,-14.736,-0.0921,0.0765,-6.0138,32.6859,38.6997,28.2132,149.4101,-161.442,0.0911,0.1371,1.5046,0.0,0.258,class3_2026_05_14_12_56_35.csv,stable_background,3,,background
127.628,399,0.63898,-5.933,-8.8389,2.8839,-13.9504,-13.5619,-0.3885,8.8865,1131.1651,-2791.609,-3922.7741,583.0721,9547.0219,-2739.8119,2.2568,4.4008,1.95,2.871,8.963,class1_2026_04_27_14_37_52.csv,manual_annotation,0,127.63,connector
132.095,413,0.661345,-17.548,-17.3949,2.1386,-10.9905,-29.0187,18.0282,3.57,-2469.2507,-7218.3997,-4749.149,-4888.7179,-2397.8042,-4888.7179,3.3402,13.1055,3.9236,0.0,6.346,class1_2026_04_27_14_37_52.csv,manual_annotation,1,132.09,break
175.807,550,0.880192,-20.74,-35.6331,13.0934,-33.5107,-37.4915,3.9808,9.3475,3404.7366,3068.1817,-336.5548,-47794.674,45705.3323,-47794.674,13.2582,12.5312,0.9452,0.957,30.493,class1_2026_04_27_14_37_52.csv,hard_negative,0,,background
182.508,571,0.913742,-22.682,-32.697,12.2955,-37.0665,-38.8889,1.8224,28.608,2845.4899,-1198.631,-4044.1209,35390.2868,35390.2868,-42286.837,12.9371,12.4667,0.9636,1.276,28.608,class1_2026_04_27_14_37_52.csv,hard_negative,1,,background
166.554,521,0.833867,-49.9,-34.2173,14.0338,-36.5359,-37.7539,1.2181,29.091,720.918,-1271.4722,-1992.3902,-42920.0658,45597.1818,-42920.0658,13.5812,13.6307,1.0036,0.0,29.091,class1_2026_04_27_14_37_52.csv,hard_negative,2,,background
28.078,87,0.140575,-14.263,-14.3509,0.0524,-14.4701,-14.4596,-0.0106,0.17,12.0474,-28.9929,-41.0402,-133.2288,261.7555,-172.4138,0.2269,0.1143,0.5038,0.957,0.167,class1_2026_04_27_14_37_52.csv,stable_background,3,,background
70.514,220,0.353034,-22.133,-20.0068,1.8837,-13.7946,-30.1163,16.3217,2.6225,-2199.4864,-3898.3207,-1698.8343,-4884.0141,-1987.4592,-6901.2539,2.8885,12.3736,4.2837,0.0,5.131,class3_2026_05_14_13_16_09.csv,manual_annotation,0,70.51,break
66.366,207,0.332267,-9.323,-11.52,1.6843,-14.1441,-17.1503,3.0062,5.332,676.4931,-2773.1991,-3449.6922,-289.9687,6181.8182,-2671.8228,1.3115,4.4297,3.3776,2.234,5.25,class3_2026_05_14_13_16_09.csv,manual_annotation,1,66.37,connector
35.736,111,0.178915,-13.266,-13.9216,0.4,-14.3949,-14.3797,-0.0152,1.1995,122.6025,-183.3783,-305.9808,-438.8715,1744.5141,-943.5737,0.292,0.2784,0.9533,1.276,1.246,class3_2026_05_14_13_16_09.csv,manual_annotation,2,35.74,connector
142.624,446,0.714059,-49.9,-41.1859,12.339,-34.6697,-39.2663,4.5966,27.648,-2000.7948,1270.2847,3271.0795,-0.0,39898.1223,-0.0,13.6837,13.3743,0.9774,0.0,27.648,class3_2026_05_14_13_16_09.csv,hard_negative,0,,background
172.617,540,0.864221,-49.9,-35.374,13.0542,-33.3017,-33.5818,0.2801,4.248,-2815.4671,-2573.9571,241.5099,38623.046,42688.0893,-38562.6975,13.308,13.0914,0.9837,0.0,28.985,class3_2026_05_14_13_16_09.csv,hard_negative,1,,background
96.997,303,0.485624,-21.793,-28.2556,11.7054,-34.8763,-34.2369,-0.6394,5.8695,228.5823,-1117.8076,-1346.3898,-2003.1332,44054.8636,-46219.4373,13.5351,14.0967,1.0415,1.595,30.283,class3_2026_05_14_13_16_09.csv,hard_negative,2,,background
135.924,425,0.680515,-18.92,-31.9822,12.8948,-41.3286,-31.7906,-9.5379,20.1475,4966.3237,-1518.0491,-6484.3729,-5561.151,45677.1207,-40142.6364,12.2406,12.879,1.0522,1.915,30.98,class3_2026_05_14_13_16_09.csv,hard_negative,3,,background
181.55,568,0.908945,-49.9,-40.7654,12.9624,-41.0968,-31.192,-9.9048,17.793,-3308.1608,-1376.202,1931.9588,39918.6847,39918.6847,-40106.5862,12.493,13.2914,1.0639,0.0,29.946,class3_2026_05_14_13_16_09.csv,stable_background,4,,background
123.48,386,0.618213,-49.9,-34.243,14.0661,-32.994,-35.6476,2.6536,4.627,4227.0122,-115.9777,-4342.9899,-46435.7398,44789.9734,-47672.4154,13.5473,14.3067,1.0561,0.0,30.415,class3_2026_05_14_13_16_09.csv,stable_background,5,,background
96.997,303,0.485624,-8.217,-10.5764,2.0706,-14.0146,-17.0293,3.0148,6.3995,780.7114,-4857.0535,-5637.7649,330.721,7357.3668,-2945.1411,1.5572,8.7787,5.6374,2.552,6.4,class3_2026_05_14_13_41_43.csv,manual_annotation,0,97.0,connector
101.464,317,0.507988,-18.44,-22.0058,9.9794,-12.9851,-29.5075,16.5224,3.2855,-2444.9545,440.2309,2885.1854,-48374.6097,-1753.9216,-48374.6097,3.1796,12.7113,3.9978,0.0,33.996,class3_2026_05_14_13_41_43.csv,manual_annotation,1,101.46,break
111.036,347,0.555911,-49.9,-31.2767,13.1826,-29.6348,-32.7363,3.1016,1.599,3705.9602,-269.6623,-3975.6225,43340.127,43340.127,-228.8386,12.6299,13.7131,1.0858,0.0,29.132,class3_2026_05_14_13_41_43.csv,hard_negative,0,,background
124.118,388,0.621407,-49.9,-34.3042,14.0119,-30.8584,-24.5026,-6.3558,1.955,-2126.9058,5712.8399,7839.7457,43404.3918,43404.3918,-42742.9514,13.5412,13.9447,1.0298,0.0,30.577,class3_2026_05_14_13_41_43.csv,hard_negative,1,,background
122.523,383,0.613422,-22.855,-30.6453,13.658,-34.1327,-30.485,-3.6477,3.3235,5342.1494,1846.1629,-3495.9865,565.8307,42172.2683,-47926.3354,14.1621,15.8089,1.1163,0.0,30.577,class3_2026_05_14_13_41_43.csv,hard_negative,2,,background
5.105,15,0.025559,-9.641,-9.5817,1.8745,-4.6919,-13.2585,8.5666,4.756,-1041.2939,-768.9318,272.3621,-2550.1567,-2195.9248,-2550.1567,2.818,1.1208,0.3977,0.0,5.818,class3_2026_05_14_13_41_43.csv,stable_background,3,,background
20.74,64,0.103837,-15.773,-16.6684,1.2019,-15.9031,-16.4017,0.4986,0.144,17.9143,537.499,519.5847,-527.9304,178.5026,-4340.1238,0.182,1.0205,5.6084,0.958,3.152,class2_2026_04_27_15_59_21.csv,manual_annotation,0,20.74,bend
126.032,394,0.63099,-16.456,-14.663,2.828,-16.3953,-12.8543,-3.541,7.741,0.3599,-634.1695,-634.5293,-492.1646,238.2445,-492.1646,0.1756,3.4676,19.7447,0.0,8.147,class2_2026_04_27_15_59_21.csv,manual_annotation,1,126.03,break
174.85,547,0.875401,-49.9,-47.2719,7.4334,-37.641,-38.6958,1.0548,23.653,-1458.2094,4909.6942,6367.9036,-0.0,37073.6708,-0.0,13.8056,14.0631,1.0187,0.0,23.653,class2_2026_04_27_15_59_21.csv,hard_negative,0,,background
57.432,179,0.287538,-16.503,-16.1294,0.1729,-16.1029,-16.1317,0.0288,0.238,-33.4917,-32.0599,1.4318,295.9132,295.9132,-279.0,0.1968,0.1364,0.693,0.0,0.635,class2_2026_04_27_15_59_21.csv,hard_negative,1,,background
54.88,171,0.274761,-16.258,-16.1441,0.2362,-16.1097,-16.1606,0.0509,0.419,5.7208,15.7448,10.024,-625.3918,-31.3495,-684.953,0.1725,0.2014,1.1677,0.0,0.899,class2_2026_04_27_15_59_21.csv,hard_negative,2,,background
155.706,487,0.779555,-23.43,-37.0426,14.4173,-35.8724,-39.1016,3.2292,30.683,-1458.6239,-2172.9015,-714.2776,-0.0,48092.4812,-44503.1379,14.0752,13.5783,0.9647,0.638,30.683,class2_2026_04_27_15_59_21.csv,stable_background,3,,background
103.378,323,0.517571,-15.872,-15.7406,0.7181,-14.8028,-16.7635,1.9607,1.131,-84.9585,-138.093,-53.1345,-1515.7095,-225.7053,-1515.7095,0.2038,0.2582,1.267,0.0,1.857,class2_2026_04_27_15_25_54.csv,manual_annotation,0,103.38,bend
131.457,411,0.65815,-17.815,-17.7386,2.3674,-12.8833,-33.864,20.9807,3.718,-1413.3226,-5774.9058,-4361.5833,-2155.1724,-2155.1724,-3796.2367,3.1509,14.4079,4.5725,0.0,8.181,class2_2026_04_27_15_25_54.csv,manual_annotation,1,131.46,break
127.628,399,0.63898,-7.997,-10.9338,3.0181,-16.0014,-15.3681,-0.6334,8.766,1146.5517,-2590.6491,-3737.2009,636.3636,10222.4208,-2727.2727,2.2704,4.1532,1.8293,2.871,9.474,class2_2026_04_27_15_25_54.csv,manual_annotation,2,127.63,connector
165.278,517,0.827478,-25.298,-30.9673,13.4804,-31.8085,-42.2063,10.3978,30.091,202.2019,-289.169,-491.3709,-951.4122,38561.1317,-46126.9608,12.8917,12.4229,0.9636,1.595,30.091,class2_2026_04_27_15_25_54.csv,hard_negative,0,,background
145.496,455,0.728438,-24.138,-31.1979,13.2665,-38.4067,-37.6226,-0.7842,29.862,3483.5675,-1633.8827,-5117.4502,-44227.2743,46805.6458,-45556.431,13.0711,13.7894,1.0549,1.596,29.862,class2_2026_04_27_15_25_54.csv,hard_negative,1,,background
194.632,609,0.974441,-49.9,-35.0924,13.3783,-38.3563,-31.6762,-6.6801,10.1605,1168.8687,-232.8364,-1401.7051,7476.4859,42100.315,-6398.2796,13.0393,12.6779,0.9723,0.0,30.388,class2_2026_04_27_15_25_54.csv,hard_negative,2,,background
144.857,453,0.725239,-20.038,-37.4684,13.9329,-40.0684,-36.0997,-3.9688,29.862,2191.7558,-1888.5831,-4080.3389,289.2673,46805.6458,-44227.2743,12.5138,13.8682,1.1082,1.596,29.862,class2_2026_04_27_15_25_54.csv,hard_negative,3,,background
37.012,115,0.185304,-14.714,-14.6063,0.1123,-14.5288,-14.6207,0.0919,0.119,-15.1513,2.1915,17.3428,-253.9185,247.6489,-253.9185,0.111,0.082,0.7383,0.0,0.356,class2_2026_04_27_15_25_54.csv,stable_background,4,,background
11.806,36,0.059108,-14.308,-14.2534,0.1276,-13.5023,-14.4862,0.9839,0.141,-279.3103,-94.5534,184.7569,70.5723,70.5723,-663.0094,0.9065,0.1695,0.1869,0.0,0.423,class2_2026_04_27_15_25_54.csv,stable_background,5,,background
114.865,359,0.575081,-16.617,-16.4447,0.5904,-15.0427,-17.2295,2.1868,1.2575,-291.6882,-118.2674,173.4207,26.6458,26.6458,-576.8025,0.5586,0.3619,0.6478,0.0,2.039,class2_2026_04_27_15_19_40.csv,manual_annotation,0,114.86,bend
127.628,399,0.63898,-8.356,-11.2589,2.8948,-16.5036,-17.4297,0.9262,8.963,1153.7007,-2760.7809,-3914.4816,666.1442,9600.3135,-2703.7618,2.2931,8.85,3.8593,2.871,8.947,class2_2026_04_27_15_19_40.csv,manual_annotation,1,127.63,connector
131.138,410,0.656553,-17.529,-17.4454,2.563,-13.3312,-32.7078,19.3767,4.1395,-607.1473,-5463.2205,-4856.0731,-2693.4382,-2266.4577,-7189.6552,3.2201,13.8525,4.3018,0.0,8.962,class2_2026_04_27_15_19_40.csv,manual_annotation,2,131.14,break
165.597,518,0.829075,-49.9,-31.9852,12.7185,-33.8271,-35.9621,2.1351,3.9355,4430.0206,-940.7594,-5370.78,-43084.6411,4443.5721,-44155.1755,12.9085,13.9624,1.0816,0.0,28.691,class2_2026_04_27_15_19_40.csv,hard_negative,0,,background
162.725,509,0.814696,-20.225,-35.3108,13.1863,-39.6457,-33.2706,-6.3751,18.4855,-812.4844,-610.9248,201.5596,38962.3856,46512.5423,-46341.817,12.9321,13.3306,1.0308,0.958,29.675,class2_2026_04_27_15_19_40.csv,hard_negative,1,,background
189.208,592,0.947286,-49.9,-35.3902,13.0397,-35.782,-36.6209,0.8389,7.7915,-2586.1436,547.8407,3133.9843,36628.5298,36628.5298,-41697.4937,12.8621,13.3331,1.0366,0.0,28.014,class2_2026_04_27_15_19_40.csv,hard_negative,2,,background
148.367,464,0.742812,-49.9,-43.5991,11.795,-32.9871,-36.7327,3.7456,8.02,-1704.0889,4907.1353,6611.2241,0.0,2576.8056,-269.2594,13.6417,13.3658,0.9798,0.0,29.222,class2_2026_04_27_15_19_40.csv,hard_negative,3,,background
54.561,170,0.273164,-14.524,-14.5886,0.0888,-14.6186,-14.6496,0.0311,0.2185,23.229,5.5893,-17.6397,-280.5643,211.5987,-355.7994,0.1098,0.0975,0.8877,0.0,0.341,class2_2026_04_27_15_19_40.csv,stable_background,4,,background
22.016,68,0.110225,-15.135,-14.7616,0.3256,-14.5254,-14.3834,-0.1419,0.055,-79.7307,71.7245,151.4552,1333.8558,1333.8558,-148.9028,0.2644,0.1506,0.5697,0.0,1.14,class2_2026_04_27_15_19_40.csv,stable_background,5,,background
125.075,391,0.626198,-16.123,-15.9362,0.6882,-14.8951,-12.8439,-2.0512,-0.1335,-113.6995,1214.0205,1327.72,-733.5439,-343.2602,-960.8166,0.2458,3.0618,12.4553,0.0,1.843,class2_2026_04_27_15_15_03.csv,manual_annotation,0,125.07,bend
131.457,411,0.65815,-17.867,-18.109,2.7152,-12.8834,-32.587,19.7036,3.9095,-1410.3129,-4758.6429,-3348.3301,-3462.3856,-2544.8951,-43775.8636,3.1085,13.9074,4.4739,0.0,8.465,class2_2026_04_27_15_15_03.csv,manual_annotation,1,131.46,break
127.628,399,0.63898,-7.998,-10.8849,2.8519,-14.8194,-17.2664,2.447,6.971,542.8822,-2813.4352,-3356.3174,628.5266,9633.2288,-2699.0596,1.9298,8.9849,4.6559,2.552,8.77,class2_2026_04_27_15_15_03.csv,manual_annotation,2,127.63,connector
17.549,54,0.087861,-14.503,-14.5844,0.127,-14.4472,-14.6347,0.1875,0.083,-76.7944,-108.2243,-31.4299,83.0721,313.4796,-230.4075,0.1399,0.2385,1.7052,0.0,0.382,class2_2026_04_27_15_15_03.csv,hard_negative,0,,background
175.169,548,0.876998,-22.483,-46.8537,8.6163,-40.934,-41.1347,0.2007,27.417,-3579.1783,3744.188,7323.3663,0.0,42973.3574,-42973.3574,12.7077,12.4871,0.9826,0.638,27.417,class2_2026_04_27_15_15_03.csv,hard_negative,1,,background
152.834,478,0.765176,-22.196,-37.752,13.6174,-37.4388,-31.4824,-5.9563,3.886,-973.1878,766.4691,1739.6569,40036.0533,41641.069,-46338.8653,13.9456,13.1188,0.9407,0.638,29.518,class2_2026_04_27_15_15_03.csv,hard_negative,2,,background
156.663,490,0.784346,-26.61,-28.7391,11.4453,-34.3728,-36.1791,1.8063,5.127,2141.3611,-2430.1901,-4571.5512,-5221.0047,36504.7038,-40315.0486,13.9228,13.788,0.9903,0.0,29.398,class2_2026_04_27_15_15_03.csv,hard_negative,3,,background
41.479,129,0.207668,-14.691,-14.5528,0.0691,-14.5681,-14.6374,0.0694,0.1315,12.7198,-34.4185,-47.1382,153.605,153.605,-326.0188,0.1152,0.1282,1.1125,0.0,0.231,class2_2026_04_27_15_15_03.csv,stable_background,4,,background
164.959,516,0.825881,-24.469,-35.2964,13.1607,-39.5002,-31.8028,-7.6974,6.526,-710.3004,-3220.7395,-2510.439,43031.3527,43031.3527,-43031.3527,13.0864,12.8742,0.9838,0.0,29.86,class2_2026_04_27_15_15_03.csv,stable_background,5,,background
127.628,399,0.63898,-5.9,-8.815,2.9242,-13.9533,-13.4645,-0.4888,8.8845,1148.0229,-2612.9468,-3760.9697,615.9875,9601.3607,-2735.1097,2.2668,4.3946,1.9387,2.871,9.108,class1_2026_04_27_14_47_01.csv,manual_annotation,0,127.63,connector
132.095,413,0.661345,-17.666,-17.2561,2.2511,-10.9409,-33.8513,22.9104,2.906,-2454.4153,-5538.7964,-3084.3811,-1426.3354,-1426.3354,-4517.2414,3.3334,14.4719,4.3415,0.0,7.068,class1_2026_04_27_14_47_01.csv,manual_annotation,1,132.09,break
144.538,452,0.723642,-28.137,-34.629,13.8303,-30.2453,-37.4646,7.2193,5.078,-1627.9666,-3810.0496,-2182.0831,44965.5204,46680.2539,-44754.8545,12.3152,13.972,1.1345,0.0,29.782,class1_2026_04_27_14_47_01.csv,hard_negative,0,,background
176.764,553,0.884984,-25.229,-35.4293,13.0072,-36.4788,-34.0919,-2.3869,5.1975,-4678.233,3864.0721,8542.305,-0.0,43945.1426,-38729.7974,13.4732,12.742,0.9457,0.0,28.037,class1_2026_04_27_14_47_01.csv,hard_negative,1,,background
194.632,609,0.974441,-49.9,-40.599,13.2785,-34.7149,-39.0825,4.3676,31.08,3283.7722,1683.1991,-1600.5732,-48714.7367,3238.2445,-48714.7367,13.8046,13.97,1.012,0.0,31.08,class1_2026_04_27_14_47_01.csv,hard_negative,2,,background
47.86,149,0.239615,-14.583,-14.6118,0.0679,-14.5801,-14.5243,-0.0558,0.0215,-26.5024,48.9771,75.4796,-95.6113,340.1254,-152.0376,0.1106,0.0988,0.893,0.0,0.248,class1_2026_04_27_14_47_01.csv,stable_background,3,,background
100.188,313,0.5016,-17.402,-17.3444,1.8742,-13.2825,-31.8932,18.6107,3.522,-630.0478,-3574.8562,-2944.8084,-2832.2915,-1905.9561,-2832.2915,2.1536,14.406,6.6893,0.0,5.352,class3_2026_05_14_13_19_26.csv,manual_annotation,0,100.19,break
96.997,303,0.485624,-9.472,-11.6214,1.7103,-14.2348,-19.6348,5.3999,5.2615,603.7705,-2263.4867,-2867.2571,-28.2132,6387.1473,-2835.4232,1.2587,11.1522,8.8603,2.233,5.199,class3_2026_05_14_13_19_26.csv,manual_annotation,1,97.0,connector
35.417,110,0.177318,-13.49,-14.013,0.4481,-14.4271,-14.3798,-0.0472,1.161,36.166,-268.5499,-304.7159,1015.674,1645.768,-921.6301,0.1609,0.4123,2.562,1.276,1.295,class3_2026_05_14_13_19_26.csv,manual_annotation,2,35.42,connector
154.111,482,0.77157,-32.092,-36.0637,12.7914,-35.2099,-38.0359,2.8261,18.4235,1583.5149,-1118.4925,-2702.0074,1768.6381,28060.5059,-46308.7806,13.2039,13.3778,1.0132,0.0,29.545,class3_2026_05_14_13_19_26.csv,hard_negative,0,,background
172.617,540,0.864221,-21.805,-37.6749,13.6727,-41.0012,-41.0052,0.004,28.095,779.3279,1049.0514,269.7235,43655.4885,43655.4885,-44036.0533,12.6561,12.6349,0.9983,0.958,28.095,class3_2026_05_14_13_19_26.csv,hard_negative,1,,background
179.955,563,0.90096,-24.504,-35.1463,13.2429,-41.1904,-34.8704,-6.3199,29.168,2010.581,4233.8054,2223.2244,-0.0,3003.1348,-0.0,12.3736,13.4829,1.0897,0.638,29.168,class3_2026_05_14_13_19_26.csv,hard_negative,2,,background
177.403,555,0.888183,-49.9,-35.4544,13.0256,-39.3807,-38.1985,-1.1822,28.799,350.9182,631.1995,280.2813,-44928.0205,43780.5674,-44928.0205,13.2407,13.1233,0.9911,0.0,28.799,class3_2026_05_14_13_19_26.csv,hard_negative,3,,background
116.779,365,0.584664,-49.9,-43.6921,11.6235,-32.2118,-38.1764,5.9646,5.7125,-1038.5479,3633.0956,4671.6435,-45357.3699,45357.3699,-45357.3699,12.7633,13.2226,1.036,0.0,28.938,class3_2026_05_14_13_19_26.csv,stable_background,4,,background
191.761,600,0.960067,-49.9,-35.5977,12.8257,-34.9711,-39.3838,4.4128,27.303,1496.7361,-4292.5953,-5789.3314,-539.185,38582.9423,-39338.5611,13.3871,13.2332,0.9885,0.0,27.303,class3_2026_05_14_13_19_26.csv,stable_background,5,,background
128.585,402,0.643891,-13.921,-14.1774,1.8542,-14.5236,-24.978,10.4544,3.6025,736.586,-4628.4996,-5365.0856,-2235.1097,2739.8119,-3981.1928,1.2264,11.4417,9.3295,0.0,5.253,class3_2026_05_14_12_54_33.csv,manual_annotation,0,128.59,break
35.417,110,0.177351,-9.353,-11.4727,2.0998,-14.2654,-13.2015,-1.0639,5.4365,349.0641,-1366.7367,-1715.8008,2789.9687,6269.5925,-2319.7492,0.8847,1.9318,2.1836,2.552,5.795,class3_2026_05_14_12_54_33.csv,manual_annotation,1,35.42,connector
127.947,400,0.640696,-12.21,-13.6266,1.2861,-14.7973,-24.1366,9.3393,3.449,566.0859,-4582.79,-5148.8758,-2219.4357,4611.2853,-3025.0768,1.0476,11.9364,11.3939,1.595,3.779,class3_2026_05_14_12_54_33.csv,manual_annotation,2,127.95,connector
185.06,579,0.92669,-49.9,-35.068,13.3992,-34.6866,-38.5521,3.8654,19.9,-2632.2916,-1521.6474,1110.6442,41647.3386,47855.8025,-35290.0037,13.6654,12.8084,0.9373,0.0,30.532,class3_2026_05_14_12_54_33.csv,hard_negative,0,,background
145.815,456,0.73017,-49.9,-46.5664,9.4287,-34.6622,-37.6723,3.0102,18.057,-1664.5383,1595.5476,3260.0858,-0.0,46804.7649,-0.0,13.695,13.7223,1.002,0.0,30.002,class3_2026_05_14_12_54_33.csv,hard_negative,1,,background
184.103,576,0.921898,-19.368,-37.5814,13.8175,-36.5884,-38.6413,2.0528,30.532,-1455.2115,2216.9873,3672.1988,1598.7476,47855.8025,-47855.8025,13.3679,12.6902,0.9493,1.276,30.532,class3_2026_05_14_12_54_33.csv,hard_negative,2,,background
164.002,513,0.821242,-49.9,-38.0443,13.2759,-35.7198,-33.7579,-1.9618,3.3545,1102.1031,532.4851,-569.618,-0.0,1.1101,-39057.9953,14.1962,12.9645,0.9132,0.0,28.013,class3_2026_05_14_12_54_33.csv,hard_negative,3,,background
93.487,292,0.468137,-15.429,-15.2057,0.1521,-15.1715,-15.1867,0.0152,0.205,7.045,-35.9534,-42.9984,-493.7304,601.8809,-493.7304,0.1081,0.1243,1.1498,0.0,0.472,class3_2026_05_14_12_54_33.csv,stable_background,4,,background
101.783,318,0.50968,-15.365,-15.2489,0.1043,-15.2288,-15.3002,0.0714,0.168,9.2085,0.1427,-9.0659,-241.3793,347.9624,-324.4514,0.1182,0.1268,1.0722,0.0,0.304,class3_2026_05_14_12_54_33.csv,stable_background,5,,background
127.628,399,0.63898,-5.91,-8.801,2.8957,-13.933,-13.4468,-0.4862,8.8685,1147.5282,-2616.7712,-3764.2995,594.0439,9680.2508,-2750.7837,2.2597,4.3833,1.9398,2.871,8.936,class1_2026_04_27_14_45_10.csv,manual_annotation,0,127.63,connector
132.095,413,0.661345,-16.973,-17.2306,2.2479,-10.9354,-28.8291,17.8937,3.2315,-2461.6792,-3437.6475,-975.9683,-1888.7147,-1888.7147,-4205.3292,3.3349,13.1235,3.9352,0.0,6.717,class1_2026_04_27_14_45_10.csv,manual_annotation,1,132.09,break
151.877,475,0.760385,-49.9,-34.5924,13.8307,-38.3767,-38.7881,0.4114,30.25,5498.6353,-239.4842,-5738.1195,-0.0,3413.7915,-0.0,12.9867,13.9556,1.0746,0.0,30.25,class1_2026_04_27_14_45_10.csv,hard_negative,0,,background
159.535,499,0.798725,-49.9,-40.9149,12.8224,-39.2321,-36.5038,-2.7282,29.4,1166.3298,1733.4497,567.1199,-1101.8793,10632.7342,-44979.6285,13.4423,13.4803,1.0028,0.0,29.4,class1_2026_04_27_14_45_10.csv,hard_negative,1,,background
178.36,558,0.892974,-20.896,-34.4119,13.9254,-31.2956,-35.0479,3.7523,4.5,-4374.6645,875.6546,5250.3191,44318.185,47255.6583,-44318.185,13.2214,13.4224,1.0152,0.957,30.102,class1_2026_04_27_14_45_10.csv,hard_negative,2,,background
13.72,42,0.06869,-14.287,-14.3219,0.0759,-14.1387,-14.3892,0.2505,0.1945,-64.3077,-16.6292,47.6785,-39.185,391.8495,-131.6614,0.221,0.0827,0.374,0.0,0.267,class1_2026_04_27_14_45_10.csv,stable_background,3,,background
41.16,128,0.206071,-15.728,-15.6398,0.677,-14.6432,-16.6469,2.0037,1.1455,-123.9384,-143.539,-19.6006,-993.7288,15.674,-1032.9169,0.2559,0.3237,1.2651,0.0,2.006,class2_2026_04_27_15_44_29.csv,manual_annotation,0,41.16,bend
130.818,409,0.654951,-16.25,-16.2069,2.282,-12.9796,-31.9124,18.9328,4.289,128.6381,-7802.1388,-7930.7769,-3063.8854,-1992.163,-48415.3636,3.1106,14.4434,4.6432,0.0,6.869,class2_2026_04_27_15_44_29.csv,manual_annotation,1,130.82,break
127.628,399,0.63898,-8.093,-10.9628,2.8101,-16.0471,-18.8944,2.8473,8.6265,1188.4096,-5014.107,-6202.5166,645.768,9579.9373,-2703.7618,2.2415,11.6527,5.1987,2.871,8.611,class2_2026_04_27_15_44_29.csv,manual_annotation,2,127.63,connector
163.683,512,0.819493,-25.481,-37.9913,13.3733,-36.1258,-36.1177,-0.0081,17.957,1252.6597,4197.7319,2945.0722,0.0,266.2226,-40758.6238,13.8316,13.831,1.0,0.638,29.579,class2_2026_04_27_15_44_29.csv,hard_negative,0,,background
180.593,565,0.904154,-21.714,-28.0119,11.7536,-32.7096,-34.4847,1.7751,4.161,84.7749,-4643.2581,-4728.033,-40647.3401,46960.8197,-40647.3401,13.7752,13.8295,1.0039,0.638,29.961,class2_2026_04_27_15_44_29.csv,hard_negative,1,,background
194.632,609,0.974441,-49.9,-32.0862,12.6747,-33.2089,-34.1514,0.9425,3.6845,-73.376,737.1225,810.4985,2647.3339,37840.1301,-40274.5021,13.3899,13.9412,1.0412,0.0,29.443,class2_2026_04_27_15_44_29.csv,hard_negative,2,,background
146.134,457,0.731632,-49.9,-38.3263,12.986,-38.2388,-37.5389,-0.6999,28.339,-1134.2647,2141.2964,3275.5611,0.0,3910.2828,-44418.4969,13.1543,13.8914,1.056,0.0,28.339,class2_2026_04_27_15_44_29.csv,hard_negative,3,,background
26.802,83,0.134186,-14.588,-14.3914,0.1539,-14.6253,-14.4663,-0.1591,0.3455,210.1049,-49.9339,-260.0388,-434.1693,592.4765,-434.1693,0.4335,0.133,0.3067,0.0,0.453,class2_2026_04_27_15_44_29.csv,stable_background,4,,background
96.678,302,0.484026,-17.46,-17.0258,0.2857,-16.9765,-17.0369,0.0604,0.511,-33.2933,43.1507,76.444,-247.6505,815.0486,-783.6991,0.3445,0.3274,0.9503,0.0,0.97,class2_2026_04_27_15_44_29.csv,stable_background,5,,background
35.736,111,0.178915,-12.414,-13.4198,0.6736,-14.2533,-14.2038,-0.0495,1.9675,208.0545,-338.5395,-546.594,-92.4765,2462.3824,-1299.373,0.4342,0.5199,1.1973,1.595,2.093,class3_2026_05_14_13_37_53.csv,manual_annotation,0,35.74,connector
96.678,302,0.484026,-7.259,-9.9038,3.1491,-14.2959,-12.1245,-2.1714,8.0265,543.3819,-2080.3353,-2623.7172,4307.21,9026.6458,-2576.8025,1.2731,3.0671,2.4091,2.872,8.195,class3_2026_05_14_13_37_53.csv,manual_annotation,1,96.68,connector
127.628,399,0.63898,-2.975,-6.4032,4.0164,-14.4612,-10.4697,-3.9916,12.3945,1909.0974,-2654.4725,-4563.5699,706.8966,15375.983,-2822.884,3.5995,4.3288,1.2026,3.828,12.896,class3_2026_05_14_13_37_53.csv,manual_annotation,2,127.63,connector
134.009,419,0.670927,-17.984,-18.2739,1.6025,-11.2763,-30.2192,18.9429,2.5505,-2530.738,-4073.973,-1543.235,-2288.3997,-1003.1332,-3916.9295,4.2738,13.947,3.2634,0.0,5.806,class3_2026_05_14_13_37_53.csv,manual_annotation,3,134.01,break
175.488,549,0.878595,-49.9,-37.8541,13.4927,-36.5099,-36.0801,-0.4298,17.516,-1544.6184,-3450.0894,-1905.471,40771.163,45686.5219,-40771.163,13.4713,13.8402,1.0274,0.0,29.148,class3_2026_05_14_13_37_53.csv,hard_negative,0,,background
181.231,567,0.907348,-49.9,-34.6667,13.6323,-36.0801,-39.5454,3.4653,28.234,1225.6548,-198.0749,-1423.7296,-804.0752,44253.9216,-41684.6667,13.8402,13.0202,0.9408,0.0,28.234,class3_2026_05_14_13_37_53.csv,hard_negative,1,,background
147.091,460,0.736423,-49.9,-43.918,11.2534,-36.8724,-39.5009,2.6284,29.423,2266.8175,3096.5986,829.7812,-38268.0266,46117.5596,-38268.0266,13.1042,13.1171,1.001,0.0,29.423,class3_2026_05_14_13_37_53.csv,hard_negative,2,,background
174.531,546,0.873804,-49.9,-37.4249,13.9824,-36.7538,-37.5423,0.7884,29.755,-1515.0233,-2376.8769,-861.8536,45686.5219,46637.9342,-45686.5219,13.2212,13.8398,1.0468,0.0,29.755,class3_2026_05_14_13_37_53.csv,hard_negative,3,,background
151.239,473,0.757191,-49.9,-32.419,12.4812,-40.8095,-29.7147,-11.0948,5.2415,5143.6492,1119.2005,-4024.4487,-44067.4013,44550.1614,-44067.4013,12.8904,12.6762,0.9834,0.0,28.423,class3_2026_05_14_13_37_53.csv,hard_negative,4,,background
144.857,453,0.725239,-24.562,-32.206,12.6173,-39.7332,-40.8018,1.0687,29.423,3524.9301,-4078.0686,-7602.9987,2935.3242,41324.4545,-44283.7038,12.8067,12.9017,1.0074,1.596,29.423,class3_2026_05_14_13_37_53.csv,hard_negative,5,,background
161.768,506,0.809905,-24.504,-37.8036,13.5713,-36.101,-36.3076,0.2066,17.9285,-2730.7096,-984.7106,1745.999,46992.1646,46992.1646,-46992.1646,13.8346,13.6516,0.9868,0.957,29.981,class3_2026_05_14_13_37_53.csv,stable_background,6,,background
52.327,163,0.26198,-14.522,-14.5583,0.1158,-14.558,-14.5528,-0.0052,0.1955,-9.828,16.8585,26.6864,4.7022,311.9122,-229.5411,0.096,0.0978,1.0184,0.0,0.399,class3_2026_05_14_13_37_53.csv,stable_background,7,,background
100.507,314,0.503197,-15.981,-15.8482,0.5981,-14.783,-16.4752,1.6922,0.879,-144.2126,35.0748,179.2874,-1048.5878,-543.8871,-1048.5878,0.2775,0.2481,0.8939,0.0,1.637,class2_2026_04_27_15_23_37.csv,manual_annotation,0,100.51,bend
127.628,399,0.63898,-7.49,-10.4016,2.9424,-15.527,-16.7384,1.2114,8.83,1103.5292,-5075.1286,-6178.6578,672.4138,9865.2038,-2802.5078,2.2523,9.1082,4.044,2.871,9.032,class2_2026_04_27_15_23_37.csv,manual_annotation,1,127.63,connector
131.457,411,0.65815,-17.26,-20.3906,10.5774,-12.4203,-32.0767,19.6563,3.774,-1385.5396,-3958.0221,-2572.4825,-3634.7978,-2507.837,-49003.1379,3.1801,14.2622,4.4848,0.0,36.137,class2_2026_04_27_15_23_37.csv,manual_annotation,2,131.46,break
154.749,484,0.774764,-49.9,-37.814,13.5725,-36.3264,-34.5197,-1.8068,6.628,-832.4773,3695.7024,4528.1796,0.0,0.0,-41159.8793,13.6741,13.7985,1.0091,0.0,30.338,class2_2026_04_27_15_23_37.csv,hard_negative,0,,background
146.453,458,0.733229,-49.9,-40.7477,13.0702,-38.0757,-39.0378,0.9621,29.937,-565.5467,3122.5989,3688.1456,0.0,46923.2022,-46106.5878,13.4124,13.6491,1.0176,0.0,29.937,class2_2026_04_27_15_23_37.csv,hard_negative,1,,background
154.111,482,0.77157,-24.651,-41.2096,12.4283,-36.3521,-36.1472,-0.2049,19.0245,1709.4897,6473.2505,4763.7608,-247.3452,12086.2085,-39575.2398,13.6526,13.789,1.01,0.639,30.338,class2_2026_04_27_15_23_37.csv,hard_negative,2,,background
175.169,548,0.876998,-49.9,-37.0461,14.3771,-34.7001,-36.0548,1.3547,5.3295,707.1198,87.5953,-619.5245,-45327.5878,45327.5878,-46663.0125,13.6479,13.8869,1.0175,0.0,29.771,class2_2026_04_27_15_23_37.csv,hard_negative,3,,background
190.165,595,0.952077,-49.9,-35.9554,12.5838,-32.2397,-33.428,1.1883,2.596,1948.1678,2421.9234,473.7556,-0.0,10916.9279,-0.0,12.6774,13.1579,1.0379,0.0,28.074,class2_2026_04_27_15_23_37.csv,stable_background,4,,background
33.183,103,0.166133,-14.401,-14.5134,0.0475,-14.4484,-14.6021,0.1537,0.115,-38.5067,-24.1328,14.3739,1.5674,158.3072,-258.6207,0.0922,0.0938,1.0164,0.638,0.169,class2_2026_04_27_15_23_37.csv,stable_background,5,,background
69.876,218,0.34984,-15.955,-15.7579,0.7455,-14.7312,-16.8906,2.1594,1.175,-118.6168,-116.3135,2.3033,-896.5533,-15.674,-951.4107,0.2409,0.3578,1.4853,0.0,2.068,class2_2026_04_27_15_39_15.csv,manual_annotation,0,69.88,bend
127.628,399,0.63898,-8.27,-11.2473,3.0862,-16.4905,-15.9319,-0.5586,8.858,1172.1827,-2860.5166,-4032.6992,579.9373,10645.8618,-2865.2038,2.3581,4.4524,1.8881,2.871,9.739,class2_2026_04_27_15_39_15.csv,manual_annotation,1,127.63,connector
131.776,412,0.659748,-20.336,-19.1931,2.4962,-13.2879,-35.9743,22.6864,3.0615,-2103.2323,-5237.8059,-3134.5736,-1170.8464,-1170.8464,-5109.7179,3.3006,14.0009,4.2419,0.0,6.828,class2_2026_04_27_15_39_15.csv,manual_annotation,2,131.78,break
189.846,594,0.95048,-49.9,-28.435,11.5343,-31.4982,-30.1967,-1.3015,2.9795,2397.8288,431.0793,-1966.7495,-39822.8871,5177.1176,-43036.4694,13.0641,12.4522,0.9532,0.0,30.163,class2_2026_04_27_15_39_15.csv,hard_negative,0,,background
165.916,519,0.830672,-20.196,-32.247,12.6609,-38.0648,-35.0495,-3.0153,20.784,-600.402,729.5143,1329.9162,-7304.0752,46557.9984,-46557.9984,13.4432,13.3816,0.9954,1.276,29.704,class2_2026_04_27_15_39_15.csv,hard_negative,1,,background
159.535,499,0.798725,-49.9,-40.4711,13.3455,-36.3918,-39.6118,3.22,29.14,-1676.5987,142.7394,1819.3381,-42280.569,45459.9992,-42280.569,13.5807,13.1099,0.9653,0.0,29.14,class2_2026_04_27_15_39_15.csv,hard_negative,2,,background
147.091,460,0.736423,-21.585,-34.5328,13.773,-37.2662,-31.8433,-5.4229,3.337,-2785.4792,1859.0517,4644.5309,-1413.79,45517.2429,-44380.8824,14.1571,12.7953,0.9038,1.276,29.04,class2_2026_04_27_15_39_15.csv,hard_negative,3,,background
100.826,315,0.504794,-17.024,-17.2016,0.2682,-17.2963,-17.2398,-0.0564,0.196,-15.8139,36.0857,51.8995,-368.3354,670.8464,-1468.652,0.3968,0.3911,0.9858,0.957,0.895,class2_2026_04_27_15_39_15.csv,stable_background,4,,background
82.001,256,0.410545,-17.149,-17.1468,0.2949,-17.0576,-17.1438,0.0862,0.4285,72.2146,-35.1311,-107.3456,669.279,669.279,-1079.9357,0.2687,0.2763,1.028,0.0,1.124,class2_2026_04_27_15_39_15.csv,stable_background,5,,background
79.448,248,0.397763,-15.845,-15.7484,0.8987,-14.6957,-17.0077,2.3121,1.11,-53.157,-34.9282,18.2288,-1561.1301,-43.8871,-1699.0611,0.1605,0.4566,2.8446,0.0,2.299,class2_2026_04_27_15_35_08.csv,manual_annotation,0,79.45,bend
127.947,400,0.640577,-8.806,-10.7388,2.0039,-16.0688,-18.8836,2.8148,8.845,1736.6313,-5670.8367,-7407.4681,-1995.2978,9561.1285,-3139.4984,2.9755,9.0483,3.0409,2.871,6.874,class2_2026_04_27_15_35_08.csv,manual_annotation,1,127.95,connector
131.457,411,0.65815,-17.848,-22.6399,10.5443,-13.2771,-26.8134,13.5363,3.8595,-1395.7692,-184.2458,1211.5234,-3630.094,-1863.0271,-41087.7759,3.0943,10.5523,3.4102,0.0,35.223,class2_2026_04_27_15_35_08.csv,manual_annotation,2,131.46,break
171.978,538,0.861022,-49.9,-35.349,13.1597,-36.8616,-31.7196,-5.1419,5.694,4803.1392,2256.9167,-2546.2224,-40689.6567,34217.8715,-42929.4702,13.1509,12.9634,0.9857,0.0,29.871,class2_2026_04_27_15_35_08.csv,hard_negative,0,,background
190.803,597,0.955271,-49.9,-40.6684,13.0787,-32.7749,-40.6037,7.8287,29.312,-1861.8994,-713.5058,1148.3935,-5454.0503,45943.5784,-40752.3542,13.7111,13.162,0.96,0.0,29.312,class2_2026_04_27_15_35_08.csv,hard_negative,1,,background
179.955,563,0.90096,-49.9,-38.1883,13.1918,-31.4451,-36.2672,4.8221,5.2045,-1655.6627,-651.2196,1004.4431,-0.0,4445.1426,-38032.9185,13.1311,13.7284,1.0455,0.0,29.954,class2_2026_04_27_15_35_08.csv,hard_negative,2,,background
178.679,559,0.894571,-22.782,-37.5621,13.8578,-30.2429,-37.6441,7.4011,5.466,-3135.8723,-55.7967,3080.0756,-38894.989,45695.9279,-46949.848,12.326,13.7837,1.1183,0.0,29.954,class2_2026_04_27_15_35_08.csv,hard_negative,3,,background
143.9,450,0.720447,-49.9,-40.5979,13.194,-36.031,-38.9301,2.8991,30.063,-1414.3318,-442.1371,972.1947,47120.6928,47120.6928,-47120.6928,13.9244,13.7807,0.9897,0.0,30.063,class2_2026_04_27_15_35_08.csv,stable_background,4,,background
9.572,29,0.047923,-13.886,-14.0157,0.1586,-11.1099,-14.3876,3.2776,0.3185,-1286.1491,-82.227,1203.9221,-269.5925,45.4545,-460.815,2.6613,0.1466,0.0551,0.638,0.438,class2_2026_04_27_15_35_08.csv,stable_background,5,,background
35.417,110,0.177318,-7.589,-10.1386,2.7283,-14.023,-12.1121,-1.9109,7.0935,523.6942,-1678.8644,-2202.5585,3123.8245,8205.0358,-2418.4953,1.2728,2.4359,1.9138,2.552,7.392,class3_2026_05_14_14_36_02.csv,manual_annotation,0,35.42,connector
127.628,399,0.63898,-1.025,-4.595,4.2427,-13.3329,-8.5226,-4.8103,12.417,2072.1005,-2654.7981,-4726.8986,826.0188,16513.6744,-2733.5423,3.9076,4.305,1.1017,3.828,13.725,class3_2026_05_14_14_36_02.csv,manual_annotation,1,127.63,connector
134.647,421,0.674121,-17.739,-18.1132,2.0338,-10.9403,-30.9357,19.9954,2.174,-2467.2225,-5222.069,-2754.8465,-5515.6755,-937.3025,-5515.6755,4.1555,13.5362,3.2574,0.0,6.66,class3_2026_05_14_14_36_02.csv,manual_annotation,2,134.65,break
160.492,502,0.803517,-49.9,-32.0032,12.8817,-33.1851,-37.0436,3.8585,7.9975,820.5481,823.0123,2.4643,0.0,3249.2163,-37376.1771,13.4484,12.9768,0.9649,0.0,30.447,class3_2026_05_14_14_36_02.csv,hard_negative,0,,background
153.472,480,0.76837,-20.481,-27.8751,11.8447,-35.8814,-32.9671,-2.9143,4.9435,5496.1075,-4255.5469,-9751.6545,575.2367,46214.7351,-46827.547,14.114,13.5729,0.9617,1.596,29.852,class3_2026_05_14_14_36_02.csv,hard_negative,1,,background
150.601,471,0.753997,-25.49,-31.4363,13.2351,-37.9045,-27.9624,-9.9421,4.9905,-3060.5595,1430.5583,4491.1178,-42733.5455,47067.2777,-42733.5455,13.4727,11.8441,0.8791,0.0,30.887,class3_2026_05_14_14_36_02.csv,hard_negative,2,,background
175.488,549,0.878595,-22.763,-33.3289,11.8822,-35.3879,-40.0701,4.6822,27.851,2015.5316,139.5029,-1876.0287,-33385.5831,33385.5831,-42534.4859,13.1101,12.4264,0.9479,1.276,27.851,class3_2026_05_14_14_36_02.csv,hard_negative,3,,background
98.912,309,0.495211,-14.997,-14.8467,0.2035,-14.7277,-14.9467,0.2189,0.3755,49.5787,2.2867,-47.292,96.552,96.552,-666.1442,0.179,0.1344,0.7508,0.0,0.662,class3_2026_05_14_14_36_02.csv,stable_background,4,,background
80.405,251,0.402554,-14.793,-14.7946,0.0926,-14.8404,-14.8157,-0.0248,0.1495,29.9142,-3.569,-33.4833,-243.4763,278.9969,-274.2947,0.0931,0.1446,1.5528,0.0,0.297,class3_2026_05_14_14_36_02.csv,stable_background,5,,background
73.705,230,0.36901,-15.753,-15.7357,0.8271,-14.7112,-17.1184,2.4072,1.206,-82.6334,-203.093,-120.4596,-1247.6473,61.1285,-1327.5862,0.2169,0.4988,2.2999,0.0,2.487,class2_2026_04_27_15_39_04.csv,manual_annotation,0,73.71,bend
131.138,410,0.656553,-17.162,-20.6423,10.5127,-13.4305,-30.8804,17.4499,3.984,-623.2733,594.2898,1217.5631,-2484.4545,-2354.1585,-49680.2539,3.1442,13.5947,4.3237,0.0,35.913,class2_2026_04_27_15_39_04.csv,manual_annotation,1,131.14,break
127.628,399,0.63898,-8.516,-11.3897,2.8302,-16.5032,-20.6539,4.1507,8.727,1178.4477,-4616.8668,-5795.3145,586.2069,9526.6458,-2739.8119,2.253,13.4861,5.9858,2.871,8.726,class2_2026_04_27_15_39_04.csv,manual_annotation,2,127.63,connector
168.469,527,0.843454,-49.9,-43.7541,11.4986,-36.97,-34.1041,-2.8659,8.313,-2767.4026,3288.9229,6056.3255,-0.0,0.0,-0.0,13.1688,14.1676,1.0758,0.0,27.919,class2_2026_04_27_15_39_04.csv,hard_negative,0,,background
190.165,595,0.952077,-49.9,-35.038,13.3345,-39.2954,-35.917,-3.3784,28.63,2833.8914,1198.1643,-1635.7271,-0.0,4285.2665,-5692.79,13.3262,14.0286,1.0527,0.0,28.63,class2_2026_04_27_15_39_04.csv,hard_negative,1,,background
171.659,537,0.859425,-20.978,-27.5836,11.9809,-37.7296,-33.0906,-4.639,7.629,1902.0829,333.5613,-1568.5216,-2595.6113,46206.8997,-46989.0313,13.7517,13.4923,0.9811,0.957,29.979,class2_2026_04_27_15_39_04.csv,hard_negative,2,,background
179.955,563,0.90096,-23.539,-41.4763,11.9779,-38.2742,-36.0402,-2.2339,27.196,-2713.3546,477.4302,3190.7848,42626.9624,42626.9624,-42626.9624,13.0728,13.8822,1.0619,0.957,27.196,class2_2026_04_27_15_39_04.csv,hard_negative,3,,background
49.775,155,0.249203,-14.506,-14.6839,0.1415,-14.6303,-14.6319,0.0016,0.2075,-33.2331,57.2679,90.501,-387.1473,343.2602,-387.1473,0.0945,0.1509,1.5971,0.638,0.491,class2_2026_04_27_15_39_04.csv,stable_background,4,,background
26.802,83,0.134186,-14.58,-14.3807,0.1378,-14.6122,-14.3996,-0.2127,0.3655,160.1279,-26.6814,-186.8094,32.9154,239.8119,-380.8777,0.3475,0.1474,0.424,0.0,0.497,class2_2026_04_27_15_39_04.csv,stable_background,5,,background
29.035,90,0.145366,-14.328,-14.5656,0.2684,-14.3683,-15.7067,1.3383,0.2805,-60.6411,-368.0576,-307.4164,-10.9718,145.768,-885.6066,0.1667,0.5942,3.5644,1.595,0.764,class2_2026_04_27_16_10_45.csv,manual_annotation,0,29.03,bend
131.776,412,0.659748,-18.362,-18.0406,1.828,-12.5863,-30.8289,18.2427,3.263,-2147.0258,-841.6291,1305.3967,-1771.1583,-1771.1583,-6523.5125,3.2403,13.5779,4.1904,0.0,5.291,class2_2026_04_27_16_10_45.csv,manual_annotation,1,131.78,break
127.628,399,0.63898,-7.611,-10.4912,2.8678,-15.5581,-15.2387,-0.3193,8.7485,1142.1023,-2710.0648,-3852.167,581.5047,9495.2978,-2804.0752,2.2466,4.4587,1.9847,2.871,8.906,class2_2026_04_27_16_10_45.csv,manual_annotation,2,127.63,connector
145.177,454,0.726841,-20.233,-38.3209,13.1279,-36.0089,-39.2736,3.2646,29.667,-1982.3783,2599.1644,4581.5427,32894.4586,46282.1481,-46500.0031,13.9229,13.4224,0.9641,0.958,29.667,class2_2026_04_27_16_10_45.csv,hard_negative,0,,background
174.212,545,0.872207,-21.054,-37.8414,13.5494,-32.2111,-36.0707,3.8596,6.083,-909.2067,2692.458,3601.6647,6492.163,45213.1677,-45213.1677,12.7467,13.9136,1.0915,0.957,28.846,class2_2026_04_27_16_10_45.csv,hard_negative,1,,background
172.297,539,0.862619,-21.826,-30.9621,13.3989,-33.6094,-37.942,4.3326,8.4655,6651.1614,1547.4138,-5103.7475,-43742.036,1940.4373,-43796.9808,13.2049,13.4728,1.0203,2.553,29.193,class2_2026_04_27_16_10_45.csv,hard_negative,2,,background
177.403,555,0.888183,-49.9,-34.8472,13.6135,-34.8213,-35.927,1.1057,6.37,1547.4138,-1668.458,-3215.8719,-42452.2136,42652.0408,-45663.0125,13.5941,14.0077,1.0304,0.0,29.133,class2_2026_04_27_16_10_45.csv,hard_negative,3,,background
50.732,158,0.253994,-15.862,-16.0952,0.2275,-16.0849,-16.0969,0.012,0.2295,-82.9888,-56.2568,26.7321,884.011,884.011,-493.7304,0.2035,0.2129,1.0461,0.957,0.569,class2_2026_04_27_16_10_45.csv,stable_background,4,,background
89.339,279,0.447283,-16.442,-16.2116,0.2803,-16.1564,-16.2088,0.0523,0.401,40.4995,56.7537,16.2542,-669.2806,1101.8809,-724.4385,0.2078,0.2384,1.1472,0.0,0.889,class2_2026_04_27_16_10_45.csv,stable_background,5,,background
107.526,336,0.538338,-15.677,-15.5592,0.5664,-14.8246,-16.2372,1.4126,0.797,-58.649,-70.0184,-11.3694,-1119.1223,-241.3793,-1119.1223,0.158,0.1667,1.0553,0.0,1.532,class2_2026_04_27_15_24_51.csv,manual_annotation,0,107.53,bend
127.947,400,0.640577,-7.666,-9.6373,2.0104,-14.9648,-16.9766,2.0118,9.008,1673.5252,-4869.4393,-6542.9646,-1973.3542,9697.6613,-3206.8966,2.9521,8.8037,2.9822,2.871,6.865,class2_2026_04_27_15_24_51.csv,manual_annotation,1,127.95,connector
131.776,412,0.659748,-16.998,-20.8534,10.4099,-12.2862,-32.4756,20.1894,3.454,-2099.7131,-2661.419,-561.7059,-2819.7476,-1057.9922,-48605.0204,3.2425,14.013,4.3217,0.0,35.6,class2_2026_04_27_15_24_51.csv,manual_annotation,2,131.78,break
184.422,577,0.923324,-49.9,-38.9174,12.3953,-36.0059,-33.3122,-2.6938,2.7265,-1237.6122,2537.6675,3775.2797,-7775.8636,39763.326,-31987.4624,13.9222,13.4374,0.9652,0.0,26.894,class2_2026_04_27_15_24_51.csv,hard_negative,0,,background
158.577,496,0.793929,-49.9,-38.7921,12.621,-36.8708,-33.7369,-3.1338,7.0745,2999.5585,-1083.4508,-4083.0092,-45644.9927,4266.4592,-45644.9927,13.1397,13.1316,0.9994,0.0,29.076,class2_2026_04_27_15_24_51.csv,hard_negative,1,,background
152.196,476,0.761982,-20.114,-31.3609,13.2851,-42.2581,-38.4861,-3.772,29.933,3901.2987,-753.5177,-4654.8164,0.0,46916.9326,-42322.8856,12.3518,12.8517,1.0405,0.638,29.933,class2_2026_04_27_15_24_51.csv,hard_negative,2,,background
182.827,572,0.915339,-49.9,-41.0297,12.5558,-37.2918,-36.2823,-1.0094,27.57,1244.2074,563.47,-680.7374,-1059.5627,43213.1693,-42153.6066,14.1092,13.7736,0.9762,0.0,27.57,class2_2026_04_27_15_24_51.csv,hard_negative,3,,background
194.313,608,0.972844,-49.9,-31.1508,13.2961,-33.0667,-40.2325,7.1657,30.352,4340.3038,460.7477,-3879.5561,-47573.6708,41224.1395,-47573.6708,13.5104,13.0965,0.9694,0.0,30.352,class2_2026_04_27_15_24_51.csv,stable_background,4,,background
89.658,280,0.44888,-14.717,-14.7491,0.1262,-14.7214,-14.6871,-0.0343,0.0755,-14.7595,-12.7085,2.051,-94.5241,495.2978,-213.1661,0.1371,0.1179,0.8594,0.0,0.41,class2_2026_04_27_15_24_51.csv,stable_background,5,,background
13.082,40,0.065496,-14.444,-14.8199,0.6379,-13.9772,-16.1659,2.1887,0.236,-144.428,-317.5009,-173.0728,-420.0627,75.2351,-1697.4922,0.4166,0.5727,1.3747,0.0,1.961,class2_2026_04_27_16_01_09.csv,manual_annotation,0,13.08,bend
131.457,411,0.65815,-17.946,-18.1589,2.4085,-13.0401,-30.875,17.8349,4.0525,-1454.2167,-5932.005,-4477.7883,-2971.7853,-2664.7817,-3885.5799,3.0225,13.5449,4.4814,0.0,7.822,class2_2026_04_27_16_01_09.csv,manual_annotation,1,131.46,break
127.947,400,0.640577,-8.642,-10.5277,1.9285,-15.5029,-16.2013,0.6983,8.489,1653.573,-2764.0197,-4417.5927,-2004.7022,9109.7179,-3431.0345,2.7986,3.784,1.3521,2.871,6.572,class2_2026_04_27_16_01_09.csv,manual_annotation,2,127.95,connector
164.321,514,0.822687,-22.376,-29.0613,11.266,-35.9036,-36.4526,0.5491,17.2005,1950.046,-3919.6175,-5869.6634,36311.9154,43033.7191,-43141.0705,14.0595,13.5264,0.9621,0.957,28.784,class2_2026_04_27_16_01_09.csv,hard_negative,0,,background
185.698,581,0.929713,-23.268,-29.2219,11.1633,-35.8228,-36.3741,0.5513,17.018,3165.1967,2646.5581,-518.6386,-0.0,43136.3668,-43405.9577,14.1032,13.5986,0.9642,0.638,28.241,class2_2026_04_27_16_01_09.csv,hard_negative,1,,background
177.722,556,0.88978,-21.073,-31.9448,12.8526,-36.6536,-36.1377,-0.5159,17.9955,-190.7004,-1756.4371,-1565.7368,0.0,8683.384,-8606.5815,13.3019,13.8256,1.0394,0.638,28.952,class2_2026_04_27_16_01_09.csv,hard_negative,2,,background
151.558,474,0.758788,-18.751,-28.2397,11.8466,-34.2676,-37.6698,3.4022,20.092,5854.339,1274.9478,-4579.3912,-40768.0298,2042.3229,-48822.8887,14.0652,13.7786,0.9796,2.233,31.149,class2_2026_04_27_16_01_09.csv,hard_negative,3,,background
108.165,338,0.541537,-16.752,-16.6684,0.1554,-16.7688,-16.7693,0.0004,0.3845,-4.1378,-4.883,-0.7452,481.0978,481.0978,-452.9765,0.2366,0.2183,0.9224,0.0,0.528,class2_2026_04_27_16_01_09.csv,stable_background,4,,background
28.078,87,0.140575,-16.408,-16.2819,0.2333,-16.5068,-16.5169,0.0102,0.4785,100.0555,-93.6787,-193.7342,-622.2586,601.8809,-622.2586,1.0057,0.2302,0.229,0.0,0.764,class2_2026_04_27_16_01_09.csv,stable_background,5,,background
54.242,169,0.271567,-15.284,-15.3222,0.7452,-14.5969,-16.5637,1.9668,0.911,20.5587,-221.3085,-241.8672,-1753.9185,511.889,-1753.9185,0.114,0.3514,3.0812,0.0,2.108,class2_2026_04_27_15_50_20.csv,manual_annotation,0,54.24,bend
131.138,410,0.656553,-17.723,-17.13,2.3594,-12.9663,-31.84,18.8737,3.8875,-598.8153,-6489.4993,-5890.684,-2777.6086,-2084.6395,-4210.0298,3.0795,14.4772,4.7011,0.0,7.678,class2_2026_04_27_15_50_20.csv,manual_annotation,1,131.14,break
127.628,399,0.63898,-8.111,-10.9982,2.8687,-16.1983,-17.1702,0.9719,8.7905,1287.0149,-2742.9854,-4030.0003,617.5549,9916.9279,-2797.8056,2.2942,8.869,3.8659,2.871,8.705,class2_2026_04_27_15_50_20.csv,manual_annotation,2,127.63,connector
156.982,491,0.785944,-49.9,-37.4451,13.9586,-36.361,-43.6741,7.3131,29.282,1618.1332,-1913.0093,-3531.1424,-44100.3166,44100.3166,-45896.5549,13.6283,11.6902,0.8578,0.0,29.282,class2_2026_04_27_15_50_20.csv,hard_negative,0,,background
178.041,557,0.891377,-25.29,-32.7968,12.1769,-36.5449,-39.5318,2.9868,27.568,5495.6872,-827.0931,-6322.7803,730.4075,42083.4798,-42985.8966,13.4575,13.1275,0.9755,1.596,27.568,class2_2026_04_27_15_50_20.csv,hard_negative,1,,background
163.683,512,0.819493,-22.002,-35.5848,12.8648,-42.2276,-35.7329,-6.4946,27.898,-379.2592,-3675.2284,-3295.9692,0.0,40810.3464,-43727.2743,12.4185,12.7428,1.0261,0.638,27.898,class2_2026_04_27_15_50_20.csv,hard_negative,2,,background
188.57,590,0.944091,-27.657,-38.1276,13.2636,-34.666,-37.7832,3.1172,18.5545,-128.4256,-217.6895,-89.2639,0.0,0.0,-44012.5423,13.8285,13.6985,0.9906,0.638,28.08,class2_2026_04_27_15_50_20.csv,hard_negative,3,,background
140.71,440,0.704476,-29.218,-35.621,12.9784,-37.6141,-34.9143,-2.6998,18.2535,1486.1912,3664.0352,2177.844,-44079.9404,36768.0298,-44079.9404,13.8081,13.5566,0.9818,0.958,28.355,class2_2026_04_27_15_50_20.csv,stable_background,4,,background
31.588,98,0.158148,-14.734,-14.6338,0.1599,-14.4249,-14.6073,0.1823,0.081,-28.8853,36.6534,65.5387,-456.1129,59.5611,-456.1129,0.0931,0.1221,1.3116,0.0,0.534,class2_2026_04_27_15_50_20.csv,stable_background,5,,background
68.919,215,0.345049,-17.745,-17.5553,2.1764,-13.9553,-35.6221,21.6668,3.7245,-202.0971,-6288.2317,-6086.1346,-3594.047,-2407.5219,-8989.0298,1.4766,14.376,9.7356,0.0,7.151,class3_2026_05_14_13_10_35.csv,manual_annotation,0,68.92,break
66.047,206,0.33067,-11.488,-12.9619,1.3432,-14.4853,-20.7921,6.3068,3.581,139.1232,-4919.0508,-5058.174,2810.3448,4452.9781,-2719.604,0.4137,10.967,26.5104,1.596,3.783,class3_2026_05_14_13_10_35.csv,manual_annotation,1,66.05,connector
85.511,267,0.428118,-49.9,-40.355,13.4997,-37.5314,-43.8079,6.2764,28.846,7285.102,3193.0588,-4092.0432,-45206.8981,45213.1677,-45206.8981,13.8517,11.4306,0.8252,0.0,28.846,class3_2026_05_14_13_10_35.csv,hard_negative,0,,background
106.569,333,0.533547,-49.9,-36.6757,14.7899,-34.5088,-36.9093,2.4006,11.2215,-596.9718,1044.4172,1641.3889,0.0,47224.1411,-14802.4462,13.8752,13.29,0.9578,0.0,30.398,class3_2026_05_14_13_10_35.csv,hard_negative,1,,background
110.717,346,0.554314,-21.792,-34.743,13.6105,-36.1315,-33.4393,-2.6922,7.771,2518.446,1115.6089,-1402.8371,0.0,4600.3166,-44056.4295,13.946,13.414,0.9618,0.638,29.254,class3_2026_05_14_13_10_35.csv,hard_negative,2,,background
46.903,146,0.234824,-14.63,-14.6057,0.1001,-14.625,-14.5779,-0.0471,0.135,38.0249,2.8237,-35.2012,109.7179,156.7398,-222.5705,0.1078,0.1191,1.1049,0.0,0.319,class3_2026_05_14_13_10_35.csv,stable_background,3,,background
35.736,111,0.178915,-10.152,-12.0232,1.447,-14.0531,-14.8047,0.7516,4.3145,518.5037,-1256.2692,-1774.7729,-504.7022,5431.0345,-2379.3103,1.0777,1.7981,1.6684,2.233,4.486,class3_2026_05_14_13_43_01.csv,manual_annotation,0,35.74,connector
127.628,399,0.63898,-3.434,-6.886,3.9727,-15.0943,-10.8826,-4.2117,12.307,1995.9219,-2635.5456,-4631.4675,663.0094,15106.4658,-2717.8683,3.6697,4.1986,1.1441,3.828,12.75,class3_2026_05_14_13_43_01.csv,manual_annotation,1,127.63,connector
133.69,418,0.66933,-18.711,-17.9824,1.615,-10.8826,-28.9748,18.0922,2.275,-2487.1509,-2086.3664,400.7845,-2369.9075,-1384.011,-5335.4216,4.1986,13.0329,3.1041,0.0,4.695,class3_2026_05_14_13_43_01.csv,manual_annotation,2,133.69,break
38.607,120,0.193289,-15.667,-15.2817,0.8641,-13.2336,-16.3443,3.1108,1.7205,-103.3861,-126.6302,-23.2441,-1277.4295,-1263.3229,-1277.4295,1.6019,0.3226,0.2014,0.0,2.569,class3_2026_05_14_13_43_01.csv,manual_annotation,3,38.61,bend
164.002,513,0.82109,-49.9,-35.5418,13.1027,-34.9409,-39.3586,4.4176,29.529,5457.2153,797.4482,-4659.7671,-43407.5282,1407.575,-43407.5282,13.4248,13.3916,0.9975,0.0,29.529,class3_2026_05_14_13_43_01.csv,hard_negative,0,,background
172.297,539,0.862619,-20.207,-30.8963,13.4603,-37.4482,-34.9668,-2.4814,20.997,973.8818,-2289.3642,-3263.246,290.8797,44528.2179,-46322.7079,13.939,13.598,0.9755,0.639,29.693,class3_2026_05_14_13_43_01.csv,hard_negative,1,,background
189.208,592,0.947286,-49.9,-37.6731,13.7429,-37.8661,-36.0755,-1.7906,30.128,2867.0062,1739.5003,-1127.5058,0.0,4056.4263,0.0,13.4783,13.8806,1.0298,0.0,30.128,class3_2026_05_14_13_43_01.csv,hard_negative,2,,background
180.274,564,0.902557,-49.9,-38.2843,13.0271,-36.5421,-34.6084,-1.9337,7.6775,-1457.5723,-1100.4951,357.0771,0.0,38487.4655,-267.9123,13.6132,13.71,1.0071,0.0,28.651,class3_2026_05_14_13_43_01.csv,hard_negative,3,,background
186.017,582,0.93131,-49.9,-43.5851,11.8145,-34.6084,-37.5296,2.9212,16.4285,-4992.9133,558.7551,5551.6684,0.0,44863.6395,-0.0,13.71,13.8746,1.012,0.0,28.623,class3_2026_05_14_13_43_01.csv,hard_negative,4,,background
170.064,532,0.85144,-21.654,-37.1698,14.237,-39.3586,-33.1858,-6.1728,20.84,-2928.571,572.4174,3500.9884,0.0,44272.732,-44272.732,13.3916,13.5799,1.0141,0.638,29.536,class3_2026_05_14_13_43_01.csv,hard_negative,5,,background
17.868,55,0.089458,-14.523,-14.3848,0.0988,-14.4281,-14.4303,0.0022,0.205,-6.6683,-96.0489,-89.3806,-10.9718,188.0878,-10.9718,0.0831,0.1599,1.9242,0.0,0.304,class3_2026_05_14_13_43_01.csv,stable_background,6,,background
69.557,217,0.348243,-16.219,-16.4521,0.1523,-16.4866,-16.4868,0.0002,0.2495,-58.5555,-31.452,27.1036,-103.4483,380.8777,-510.9718,0.276,0.2045,0.7412,0.638,0.538,class3_2026_05_14_13_43_01.csv,stable_background,7,,background
96.997,303,0.485624,-7.462,-10.0337,2.2874,-13.9153,-16.9624,3.0472,7.1415,871.4269,-2968.5621,-3839.989,346.395,8203.7618,-2728.8401,1.7469,9.133,5.228,2.552,7.008,class3_2026_05_14_14_40_43.csv,manual_annotation,0,97.0,connector
101.464,317,0.507988,-19.453,-22.559,9.9571,-12.4289,-31.5259,19.0969,2.921,-2521.8063,-836.1413,1685.6649,-7661.4436,-2043.8856,-47722.5752,3.2884,13.1993,4.0138,0.0,34.049,class3_2026_05_14_14_40_43.csv,manual_annotation,1,101.46,break
148.367,464,0.742812,-22.028,-38.4632,12.9587,-37.4791,-39.2343,1.7553,28.832,-1380.6533,986.5995,2367.2528,45191.2241,45191.2241,-45191.2241,12.5475,13.4274,1.0701,0.957,28.832,class3_2026_05_14_14_40_43.csv,hard_negative,0,,background
134.966,422,0.675719,-20.68,-38.1008,13.2691,-35.0221,-39.7589,4.7368,29.22,-1540.66,-855.3506,685.3094,43725.7085,43725.7085,-45799.3762,13.3993,12.9744,0.9683,0.957,29.22,class3_2026_05_14_14_40_43.csv,hard_negative,1,,background
185.06,579,0.926518,-20.828,-32.0021,12.7752,-37.5789,-36.7859,-0.7931,29.072,4175.068,-2193.0565,-6368.1246,-2332.2868,45567.4028,-41797.8088,13.8145,13.1885,0.9547,1.595,29.072,class3_2026_05_14_14_40_43.csv,hard_negative,2,,background
55.837,174,0.279553,-14.267,-14.3762,0.0524,-14.4338,-14.4714,0.0376,0.167,25.9524,-18.8033,-44.7558,-105.0157,318.1818,-260.1881,0.1144,0.0785,0.6861,0.638,0.169,class3_2026_05_14_14_40_43.csv,stable_background,3,,background
66.366,207,0.332267,-9.732,-11.8602,1.5914,-14.0908,-19.9593,5.8685,4.7935,501.0751,-3321.9652,-3823.0403,156.7398,5965.5172,-3250.7837,1.0646,9.2829,8.7198,2.234,4.815,class3_2026_05_14_13_39_14.csv,manual_annotation,0,66.37,connector
69.557,217,0.348243,-16.837,-18.1386,2.6425,-13.4041,-27.6416,14.2375,3.2645,-667.5998,-1060.2337,-392.6339,-3311.9138,-1670.8464,-11647.3354,2.0082,10.3422,5.15,0.0,7.098,class3_2026_05_14_13_39_14.csv,manual_annotation,1,69.56,break
92.53,289,0.463259,-49.9,-43.461,12.0532,-37.5591,-31.9027,-5.6564,5.852,-4461.8776,4211.8915,8673.7691,0.0,46775.8668,-44056.4295,13.9103,12.8251,0.922,0.0,29.843,class3_2026_05_14_13_39_14.csv,hard_negative,0,,background
177.083,554,0.886581,-49.9,-43.7581,11.4904,-37.2092,-33.6039,-3.6053,4.976,618.3141,22.5289,-595.7851,0.0,43247.6505,-0.0,14.2106,13.1591,0.926,0.0,27.685,class3_2026_05_14_13_39_14.csv,hard_negative,1,,background
126.99,397,0.635786,-49.9,-30.9133,13.4661,-33.8216,-36.2567,2.4351,5.258,6061.0284,-1686.3451,-7747.3736,-2813.4796,4322.608,-42746.0846,14.3999,13.6957,0.9511,0.0,30.111,class3_2026_05_14_13_39_14.csv,hard_negative,2,,background
35.098,109,0.175721,-14.452,-14.4313,0.0274,-14.4152,-14.4987,0.0835,0.059,-19.521,-31.0547,-11.5337,-54.8589,150.4702,-105.0157,0.0939,0.0911,0.9696,0.0,0.084,class3_2026_05_14_13_39_14.csv,stable_background,3,,background
127.628,399,0.63898,-5.9,-8.8243,2.9506,-13.9321,-13.5983,-0.3337,8.8705,1138.6643,-2638.3213,-3776.9856,589.3417,9732.6404,-2750.7837,2.2598,4.617,2.0431,2.871,9.195,class1_2026_04_27_14_47_36.csv,manual_annotation,0,127.63,connector
131.776,412,0.659748,-16.693,-16.8178,2.8663,-10.8429,-30.4377,19.5948,3.4225,-2080.5045,-6357.1769,-4276.6724,-3278.9969,-2329.8059,-8733.5439,3.1958,13.8694,4.3399,0.0,10.007,class1_2026_04_27_14_47_36.csv,manual_annotation,1,131.78,break
172.617,540,0.864221,-49.9,-37.5943,13.7785,-35.7363,-39.0968,3.3605,28.79,4692.2568,748.6698,-3943.5869,-2688.9913,43479.627,-40523.5141,14.1747,13.566,0.9571,0.0,28.79,class1_2026_04_27_14_47_36.csv,hard_negative,0,,background
166.554,521,0.833867,-49.9,-36.9134,14.5255,-34.6882,-35.7363,1.0481,5.91,2345.6074,1031.9203,-1313.6872,-1778.9984,47037.6223,-46409.094,13.6856,14.1747,1.0357,0.0,30.01,class1_2026_04_27_14_47_36.csv,hard_negative,1,,background
158.258,495,0.792332,-49.9,-41.321,12.3302,-34.6667,-36.5474,1.8807,8.2025,-2782.2942,1423.8168,4206.1111,-0.0,41338.5627,-47100.3166,13.6907,13.5119,0.9869,0.0,30.05,class1_2026_04_27_14_47_36.csv,hard_negative,2,,background
101.464,317,0.507988,-14.923,-14.7902,0.0613,-14.7797,-14.7833,0.0036,0.082,-25.0298,-8.5758,16.454,87.7743,340.1254,87.7743,0.1013,0.0768,0.7577,0.0,0.227,class1_2026_04_27_14_47_36.csv,stable_background,3,,background
111.036,347,0.555911,-16.675,-16.2194,0.6,-15.0094,-16.8612,1.8518,0.912,-238.4995,-112.5158,125.9837,-103.4483,-103.4483,-1460.8166,0.403,0.2986,0.7409,0.0,1.877,class2_2026_04_27_15_21_31.csv,manual_annotation,0,111.04,bend
131.457,411,0.65815,-17.455,-17.8231,2.5066,-12.8066,-34.0158,21.2092,3.895,-1358.4002,-5594.6485,-4236.2483,-4246.0815,-1815.9258,-43868.3401,3.087,14.2528,4.617,0.0,7.893,class2_2026_04_27_15_21_31.csv,manual_annotation,1,131.46,break
127.628,399,0.63898,-7.937,-10.8406,2.8768,-16.0219,-17.2972,1.2753,8.7715,1185.8962,-2893.5019,-4079.3981,598.7461,9970.2194,-2683.3856,2.279,9.0885,3.988,2.871,8.734,class2_2026_04_27_15_21_31.csv,manual_annotation,2,127.63,connector
177.403,555,0.888183,-49.9,-32.8691,12.3939,-39.523,-34.9535,-4.5695,30.396,1294.5702,-2321.2004,-3615.7706,-47419.428,47642.6364,-47419.428,13.0744,13.5609,1.0372,0.0,30.396,class2_2026_04_27_15_21_31.csv,hard_negative,0,,background
156.982,491,0.785944,-49.9,-34.5021,13.8118,-34.7588,-39.276,4.5172,29.641,4634.2959,-1530.893,-6165.1889,-43677.1191,44128.5298,-43677.1191,13.6265,13.3548,0.9801,0.0,29.641,class2_2026_04_27_15_21_31.csv,hard_negative,1,,background
153.791,481,0.769968,-49.9,-37.311,14.1147,-36.3867,-36.5036,0.1168,18.8805,1572.4599,-424.306,-1996.7659,-45163.0453,47103.4514,-45163.0453,13.611,13.479,0.9903,0.0,30.052,class2_2026_04_27_15_21_31.csv,hard_negative,2,,background
148.048,463,0.741215,-26.786,-44.5293,10.0599,-39.1168,-37.6708,-1.446,25.222,-4094.3422,911.4279,5005.7701,-0.0,39532.9201,-36228.8448,13.5785,13.7344,1.0115,0.638,25.222,class2_2026_04_27_15_21_31.csv,hard_negative,3,,background
58.071,181,0.290737,-14.772,-14.6781,0.0924,-14.68,-14.6353,-0.0447,0.147,-22.9499,-32.5227,-9.5728,352.6646,352.6646,-192.79,0.0958,0.102,1.0645,0.0,0.322,class2_2026_04_27_15_21_31.csv,stable_background,4,,background
75.939,237,0.380195,-14.584,-14.6213,0.1254,-14.6362,-14.6292,-0.0069,0.2185,18.762,-3.6196,-22.3816,-7.6043,440.4389,-275.8621,0.1474,0.1033,0.7008,0.0,0.421,class2_2026_04_27_15_21_31.csv,stable_background,5,,background
125.394,392,0.627796,-15.896,-15.5372,0.8492,-14.7827,-13.3971,-1.3857,0.3665,21.3954,563.4314,542.036,-1887.1458,688.0878,-1887.1458,0.1879,2.9641,15.7735,0.0,2.463,class2_2026_04_27_15_14_43.csv,manual_annotation,0,125.39,bend
127.947,400,0.640577,-9.034,-10.9611,1.9843,-14.3331,-18.4104,4.0774,6.1945,823.677,-2647.2618,-3470.9387,-1987.4608,9479.6238,-3250.7837,2.166,8.6061,3.9732,2.552,6.806,class2_2026_04_27_15_14_43.csv,manual_annotation,1,127.95,connector
131.776,412,0.659748,-18.286,-22.2588,10.0,-13.4536,-32.8247,19.3712,3.136,-2043.5424,-1791.7946,251.7478,-8557.9953,-796.1897,-44918.4969,3.0305,13.6528,4.5052,0.0,34.125,class2_2026_04_27_15_14_43.csv,manual_annotation,2,131.78,break
163.044,510,0.816293,-49.9,-40.9743,12.6338,-35.9016,-39.0636,3.162,28.045,-4223.808,-770.5442,3453.2638,0.0,41291.5392,-40661.4451,14.033,13.598,0.969,0.0,28.045,class2_2026_04_27_15_14_43.csv,hard_negative,0,,background
141.029,441,0.706073,-49.9,-35.6367,12.849,-35.0682,-40.7869,5.7187,28.357,2913.9535,-2214.8997,-5128.8532,-38733.5455,7034.1718,-38733.5455,13.3564,12.9282,0.9679,0.0,28.357,class2_2026_04_27_15_14_43.csv,hard_negative,1,,background
145.177,454,0.726841,-49.9,-43.4794,12.0118,-36.4419,-40.5159,4.074,28.945,-2441.8945,-698.222,1743.6725,0.0,45368.3417,-0.0,13.5521,13.2848,0.9803,0.0,28.945,class2_2026_04_27_15_14_43.csv,hard_negative,2,,background
191.442,599,0.95847,-20.183,-34.9276,13.5491,-37.9927,-36.5564,-1.4362,29.717,663.5618,-2936.6936,-3600.2554,225.7038,46374.0501,-46578.3715,13.3523,13.5467,1.0146,1.277,29.717,class2_2026_04_27_15_14_43.csv,hard_negative,3,,background
51.689,161,0.258785,-14.54,-14.5419,0.1102,-14.6342,-14.5713,-0.0629,0.239,20.7304,-27.4175,-48.1479,195.9248,341.6928,-269.4266,0.1045,0.1171,1.1207,0.0,0.393,class2_2026_04_27_15_14_43.csv,stable_background,4,,background
37.012,115,0.185304,-14.641,-14.5421,0.1006,-14.4917,-14.5627,0.071,0.0915,23.8321,8.0249,-15.8071,-351.0972,-64.2633,-351.0972,0.095,0.116,1.2207,0.0,0.32,class2_2026_04_27_15_14_43.csv,stable_background,5,,background
132.095,413,0.661345,-19.129,-18.6306,2.1099,-12.5702,-30.4181,17.8479,2.891,-2424.4005,-5058.0652,-2633.6647,-2235.1066,-1961.6076,-4819.7476,3.2703,12.3818,3.7862,0.0,7.434,class2_2026_04_27_15_59_35.csv,manual_annotation,0,132.09,break
127.628,399,0.63898,-7.588,-10.425,2.804,-15.4016,-15.0026,-0.399,8.603,1117.9456,-2586.4274,-3704.373,575.2351,9327.5862,-2808.7774,2.1976,4.2212,1.9208,2.871,8.697,class2_2026_04_27_15_59_35.csv,manual_annotation,1,127.63,connector
8.934,27,0.044729,-14.069,-14.021,0.4952,-9.8777,-15.3277,5.4499,0.8395,-1734.5808,-344.8506,1389.7302,-644.2006,-424.7649,-866.7712,3.2366,0.5327,0.1646,0.0,1.58,class2_2026_04_27_15_59_35.csv,manual_annotation,2,8.93,bend
184.741,578,0.924921,-23.302,-32.4853,12.7078,-37.5929,-34.8477,-2.7452,20.547,882.4447,-2670.4543,-3552.8989,0.0,42777.4326,-44546.0934,13.7951,13.6846,0.992,0.638,29.441,class2_2026_04_27_15_59_35.csv,hard_negative,0,,background
144.538,452,0.723642,-49.9,-37.8533,13.4759,-36.4527,-39.6299,3.1772,27.834,1402.3972,-2293.0386,-3695.4359,0.0,0.0,-4579.9389,13.5744,12.9125,0.9512,0.0,27.834,class2_2026_04_27_15_59_35.csv,hard_negative,1,,background
168.15,526,0.841857,-49.9,-42.4161,10.9363,-35.7361,-40.6949,4.9588,26.328,1134.4046,-1823.0881,-2957.4927,0.0,14989.0266,-41266.4592,12.9724,13.0623,1.0069,0.0,26.328,class2_2026_04_27_15_59_35.csv,hard_negative,2,,background
156.344,489,0.782749,-49.9,-34.0016,14.249,-35.8193,-34.5889,-1.2304,5.9765,380.5508,-2893.0692,-3273.62,442.0047,41293.1066,-724.1379,14.1424,13.7677,0.9735,0.0,29.99,class2_2026_04_27_15_59_35.csv,hard_negative,3,,background
19.463,60,0.097443,-15.537,-15.7276,0.1263,-15.8465,-16.2719,0.4254,0.358,35.3173,78.2218,42.9045,64.2633,349.5298,-689.1156,0.1688,1.1119,6.5888,0.638,0.348,class2_2026_04_27_15_59_35.csv,stable_background,4,,background
31.907,99,0.159745,-15.991,-15.9152,0.0751,-15.7219,-16.0307,0.3088,0.103,-49.5268,-22.6147,26.9121,83.0705,83.0705,-255.4875,0.166,0.1487,0.8957,0.0,0.23,class2_2026_04_27_15_59_35.csv,stable_background,5,,background
127.628,399,0.63898,-5.891,-8.792,2.8943,-13.9353,-13.4059,-0.5294,8.899,1139.337,-2697.8915,-3837.2286,594.0439,9699.0596,-2802.5078,2.2612,4.2857,1.8954,2.871,8.927,class1_2026_04_27_14_46_34.csv,manual_annotation,0,127.63,connector
132.095,413,0.661345,-18.064,-17.1504,1.9807,-10.9281,-32.1942,21.2661,3.2315,-2457.1704,-4623.6156,-2166.4452,-2579.9373,-2429.042,-8225.7053,3.3264,14.218,4.2742,0.0,6.049,class1_2026_04_27_14_46_34.csv,manual_annotation,1,132.09,break
142.305,445,0.712462,-49.9,-41.0608,12.536,-39.0894,-38.0978,-0.9916,28.826,-705.272,-943.1063,-237.8342,0.0,39678.6881,-0.0,13.5761,13.2625,0.9769,0.0,28.826,class1_2026_04_27_14_46_34.csv,hard_negative,0,,background
160.173,501,0.80192,-25.309,-41.033,12.5726,-35.1098,-34.5778,-0.5319,4.9615,-1771.0374,4062.5223,5833.5597,-0.0,38543.8903,-38543.8903,13.3395,13.7908,1.0338,0.0,28.426,class1_2026_04_27_14_46_34.csv,hard_negative,1,,background
151.239,473,0.757191,-20.075,-38.0817,13.4234,-45.605,-33.2827,-12.3223,30.424,-638.3132,1216.7203,1855.0336,47686.5235,47686.5235,-46747.6505,9.6527,13.396,1.3878,0.957,30.424,class1_2026_04_27_14_46_34.csv,hard_negative,2,,background
182.508,571,0.913742,-22.757,-36.0854,12.5677,-36.9958,-34.8604,-2.1354,8.1895,1547.1175,2813.4498,1266.3323,-0.0,30752.2593,-42543.8903,13.1135,13.5005,1.0295,0.638,28.494,class1_2026_04_27_14_46_34.csv,stable_background,3,,background
39.565,123,0.198085,-15.809,-15.6774,1.0197,-14.5748,-17.2145,2.6397,1.351,-49.7966,-176.3767,-126.5802,-2344.8276,305.6426,-2344.8276,0.1718,0.4825,2.8087,0.0,2.655,class2_2026_04_27_15_41_59.csv,manual_annotation,0,39.57,bend
127.628,399,0.63898,-8.789,-11.7212,2.9549,-16.7034,-17.953,1.2496,8.5625,1079.7864,-2614.903,-3694.6894,617.5549,9755.384,-2877.7429,2.2222,8.8303,3.9737,2.871,9.185,class2_2026_04_27_15_41_59.csv,manual_annotation,1,127.63,connector
131.457,411,0.65815,-19.362,-21.6066,10.1985,-13.6534,-30.181,16.5276,3.5895,-1354.3178,-2655.7942,-1301.4765,-7029.7774,-2147.5137,-47347.9671,3.0884,12.3802,4.0087,0.0,35.006,class2_2026_04_27_15_41_59.csv,manual_annotation,2,131.46,break
151.558,474,0.758788,-25.9,-27.6684,8.404,-36.2438,-35.5666,-0.6773,9.472,3711.0914,-4774.3138,-8485.4051,-35479.627,2338.558,-35479.627,13.7969,13.0242,0.944,0.0,29.285,class2_2026_04_27_15_41_59.csv,hard_negative,0,,background
166.554,521,0.833867,-49.9,-41.686,11.7785,-38.1163,-35.5466,-2.5697,17.711,2285.8847,4913.6651,2627.7804,-43385.5846,41235.1144,-43385.5846,13.3018,12.9865,0.9763,0.0,27.68,class2_2026_04_27_15_41_59.csv,hard_negative,1,,background
163.683,512,0.819493,-49.9,-43.9681,11.1224,-37.5883,-39.8041,2.2158,28.269,-686.2818,1085.0945,1771.3762,0.0,39369.9091,-44308.779,13.822,12.7588,0.9231,0.0,28.269,class2_2026_04_27_15_41_59.csv,hard_negative,2,,background
183.465,574,0.918533,-49.9,-37.1532,14.2752,-34.2312,-34.5465,0.3153,5.183,2441.0087,1664.0296,-776.9791,0.0,4075.2351,-41785.2712,14.0501,13.809,0.9828,0.0,30.012,class2_2026_04_27_15_41_59.csv,hard_negative,3,,background
115.503,361,0.578275,-17.421,-17.7539,0.3065,-17.6495,-18.0534,0.4039,0.357,55.7685,-75.6083,-131.3768,-64.2649,1221.0016,-666.1458,0.4217,0.4298,1.0192,1.276,0.779,class2_2026_04_27_15_41_59.csv,stable_background,4,,background
140.71,440,0.704476,-22.157,-38.1347,13.3472,-35.4016,-39.2702,3.8686,29.416,-1393.1788,1427.4113,2820.5901,-0.0,43552.3797,-43484.3292,13.1279,13.3668,1.0182,0.638,29.416,class2_2026_04_27_15_41_59.csv,stable_background,5,,background
132.095,413,0.661345,-18.911,-19.1628,2.3078,-12.9431,-32.6831,19.74,3.395,-2552.1186,-4771.7779,-2219.6593,474.9201,474.9201,-40177.1191,3.4332,13.8113,4.0229,0.0,8.317,class2_2026_04_27_16_08_56.csv,manual_annotation,0,132.09,break
32.226,100,0.161342,-14.948,-15.038,0.5385,-14.3874,-16.0294,1.642,0.641,-42.6862,-102.5791,-59.893,-1517.2414,48.5893,-1517.2414,0.0907,0.296,3.2641,0.0,1.274,class2_2026_04_27_16_08_56.csv,manual_annotation,1,32.23,bend
127.628,399,0.63898,-7.85,-10.7103,2.8221,-15.7933,-15.395,-0.3983,8.7605,1139.1925,-2634.8147,-3774.0072,669.279,9402.8213,-2858.9342,2.2316,4.3852,1.9651,2.871,8.726,class2_2026_04_27_16_08_56.csv,manual_annotation,2,127.63,connector
156.025,488,0.781152,-20.968,-34.4301,13.8687,-36.0773,-42.5913,6.5139,28.932,-720.9597,-510.1902,210.7695,0.0,44554.8605,-45134.7994,13.8374,11.8896,0.8592,0.638,28.932,class2_2026_04_27_16_08_56.csv,hard_negative,0,,background
143.9,450,0.720447,-20.376,-34.0161,14.2371,-37.2362,-42.5538,5.3176,30.36,1435.023,-3626.6204,-5061.6435,-3446.7069,46275.8668,-46275.8668,14.183,11.9141,0.84,1.276,30.36,class2_2026_04_27_16_08_56.csv,hard_negative,1,,background
157.939,494,0.790735,-49.9,-40.9086,12.7574,-35.9916,-41.041,5.0494,28.796,-534.8012,-230.2402,304.5609,0.0,43219.4389,-0.0,13.9271,12.6322,0.907,0.0,28.796,class2_2026_04_27_16_08_56.csv,hard_negative,2,,background
147.091,460,0.736423,-49.9,-41.3111,12.2602,-34.5301,-42.152,7.6219,29.535,1997.8196,3746.3806,1748.5609,-46293.1066,39554.8621,-46293.1066,13.8503,12.4968,0.9023,0.0,29.535,class2_2026_04_27_16_08_56.csv,hard_negative,3,,background
80.405,251,0.402554,-16.588,-16.3793,0.2258,-16.3814,-16.404,0.0226,0.5115,12.6766,-36.9075,-49.584,132.2055,478.0564,-272.7273,0.1903,0.2595,1.3638,0.0,0.7,class2_2026_04_27_16_08_56.csv,stable_background,4,,background
61.58,192,0.308305,-16.415,-16.4049,0.3034,-16.4678,-16.4123,-0.0554,0.4605,-93.2985,-85.2373,8.0612,531.3464,884.011,-841.6944,0.271,0.2423,0.8942,0.0,1.018,class2_2026_04_27_16_08_56.csv,stable_background,5,,background
132.414,414,0.662942,-17.912,-17.8602,2.0627,-11.0536,-30.6062,19.5526,2.9195,-2593.7949,-4497.3791,-1903.5842,-1785.2665,-1785.2665,-4205.3292,3.5047,13.679,3.903,0.0,6.172,class1_2026_04_27_14_45_04.csv,manual_annotation,0,132.41,break
127.628,399,0.63898,-5.91,-8.801,2.8957,-13.933,-13.4468,-0.4862,8.8685,1147.5282,-2616.7712,-3764.2995,594.0439,9680.2508,-2750.7837,2.2597,4.3833,1.9398,2.871,8.936,class1_2026_04_27_14_45_04.csv,manual_annotation,1,127.63,connector
164.321,514,0.822687,-23.056,-34.4533,13.8588,-36.5203,-33.6925,-2.8278,7.0175,1741.8385,3857.4501,2115.6116,0.0,46662.683,-42075.2382,13.5085,13.0471,0.9658,0.638,29.902,class1_2026_04_27_14_45_04.csv,hard_negative,0,,background
140.71,440,0.704476,-23.38,-28.6649,11.3803,-34.1768,-33.0651,-1.1117,2.6115,1801.7407,-367.8829,-2169.6235,43642.6364,45645.7712,-43642.6364,14.0803,13.4994,0.9587,0.0,29.122,class1_2026_04_27_14_45_04.csv,hard_negative,1,,background
162.406,508,0.813099,-49.9,-32.1257,12.7248,-38.0376,-33.2165,-4.8211,7.4605,671.8571,-1428.7694,-2100.6264,40230.4107,42051.7288,-44641.0674,13.3761,13.3712,0.9996,0.0,29.902,class1_2026_04_27_14_45_04.csv,hard_negative,2,,background
82.639,258,0.413739,-14.675,-14.6986,0.0773,-14.6503,-14.7205,0.0702,0.1115,-27.1671,-8.1389,19.0282,-25.0784,188.0878,-164.5768,0.0897,0.072,0.8025,0.0,0.238,class1_2026_04_27_14_45_04.csv,stable_background,3,,background
132.414,414,0.662942,-17.912,-17.8602,2.0627,-11.0536,-30.6062,19.5526,2.9195,-2593.7949,-4497.3791,-1903.5842,-1785.2665,-1785.2665,-4205.3292,3.5047,13.679,3.903,0.0,6.172,class1_2026_04_27_14_45_19.csv,manual_annotation,0,132.41,break
127.628,399,0.63898,-5.91,-8.801,2.8957,-13.933,-13.4468,-0.4862,8.8685,1147.5282,-2616.7712,-3764.2995,594.0439,9680.2508,-2750.7837,2.2597,4.3833,1.9398,2.871,8.936,class1_2026_04_27_14_45_19.csv,manual_annotation,1,127.63,connector
178.36,558,0.892974,-20.896,-34.4119,13.9254,-31.2956,-35.0479,3.7523,4.5,-4374.6645,875.6546,5250.3191,44318.185,47255.6583,-44318.185,13.2214,13.4224,1.0152,0.957,30.102,class1_2026_04_27_14_45_19.csv,hard_negative,0,,background
166.235,520,0.832269,-23.433,-34.7576,13.6093,-36.533,-35.0443,-1.4887,7.769,-1166.9071,-2152.3764,-985.4693,0.0,44156.7414,-41484.3276,13.4477,13.4255,0.9983,0.638,30.326,class1_2026_04_27_14_45_19.csv,hard_negative,1,,background
141.029,441,0.706073,-22.056,-31.6098,12.956,-34.3285,-33.1068,-1.2217,2.6115,1667.7462,1220.956,-446.7903,376.1755,43642.6364,-43642.6364,13.9478,13.4664,0.9655,0.638,29.122,class1_2026_04_27_14_45_19.csv,hard_negative,2,,background
31.907,99,0.159745,-14.544,-14.4314,0.0884,-14.3476,-14.4449,0.0974,0.146,-27.8296,-1.6579,26.1717,-48.5893,106.5831,-289.9687,0.0944,0.1244,1.3173,0.0,0.291,class1_2026_04_27_14_45_19.csv,stable_background,3,,background
35.417,110,0.177318,-7.01,-10.0037,2.759,-14.0133,-12.1859,-1.8274,7.439,680.7305,-1729.6858,-2410.4163,1463.9498,9775.3007,-3680.2508,1.5246,2.4913,1.6341,2.871,7.569,class3_2026_04_27_16_18_51.csv,manual_annotation,0,35.42,connector
131.776,412,0.659748,-17.599,-16.9537,1.9548,-11.4476,-27.3241,15.8766,3.591,-2065.4856,-6314.1068,-4248.6212,-4211.5987,-1944.4136,-11183.3856,3.1401,12.2046,3.8867,0.0,5.267,class3_2026_04_27_16_18_51.csv,manual_annotation,1,131.78,break
127.628,399,0.63898,-6.466,-9.3859,2.8401,-14.4222,-14.3326,-0.0896,8.649,1126.6935,-2719.5779,-3846.2713,663.0094,9879.3103,-3377.7429,2.1758,4.8617,2.2344,2.871,8.584,class3_2026_04_27_16_18_51.csv,manual_annotation,2,127.63,connector
184.103,576,0.921727,-19.077,-38.2533,13.2658,-37.9741,-38.2917,0.3176,30.823,-463.1864,142.1073,605.2937,1075.2335,48311.9154,-42653.6082,13.3966,13.0835,0.9766,1.595,30.823,class3_2026_04_27_16_18_51.csv,hard_negative,0,,background
146.772,459,0.734826,-49.9,-37.9691,13.3726,-33.4134,-32.4333,-0.9801,2.5065,2634.7781,4164.2417,1529.4635,-0.0,-0.0,-42617.5596,13.2213,14.0536,1.063,0.0,28.92,class3_2026_04_27_16_18_51.csv,hard_negative,1,,background
188.889,591,0.945689,-21.292,-41.0781,12.514,-36.6949,-39.0857,2.3907,28.608,-2495.3567,3942.7216,6438.0783,-0.0,3615.989,-44840.1285,13.3403,13.6062,1.0199,0.638,28.608,class3_2026_04_27_16_18_51.csv,hard_negative,2,,background
184.741,578,0.924921,-29.643,-32.2104,12.7685,-37.8521,-39.4136,1.5615,30.823,2688.8161,20.1144,-2668.7017,-42653.6082,48311.9154,-42653.6082,13.5457,13.1666,0.972,1.595,30.823,class3_2026_04_27_16_18_51.csv,hard_negative,3,,background
97.316,304,0.487221,-14.954,-15.1001,0.2137,-15.087,-15.2175,0.1305,0.278,11.2745,-56.9614,-68.2359,-479.6238,634.7962,-965.5172,0.1512,0.2035,1.3455,0.957,0.616,class3_2026_04_27_16_18_51.csv,stable_background,4,,background
52.966,165,0.265179,-15.173,-14.9947,0.2053,-15.0074,-14.9988,-0.0086,0.249,12.3261,-28.9036,-41.2297,575.1484,575.1484,-7.837,0.1947,0.1658,0.8514,0.0,0.692,class3_2026_04_27_16_18_51.csv,stable_background,5,,background
132.414,414,0.662942,-18.443,-18.5364,3.033,-11.0532,-33.0418,21.9886,3.0505,-2627.0159,-4342.6512,-1715.6353,-5006.2696,-2537.6207,-11089.3401,3.5444,13.5793,3.8312,0.0,10.827,class1_2026_04_27_14_48_45.csv,manual_annotation,0,132.41,break
127.628,399,0.63898,-5.887,-8.7766,2.8934,-13.8883,-13.4312,-0.4571,8.8435,1128.5307,-2689.0532,-3817.584,606.5831,9664.5768,-2750.7837,2.2491,4.3565,1.937,2.871,8.928,class1_2026_04_27_14_48_45.csv,manual_annotation,1,127.63,connector
159.854,500,0.800322,-49.9,-27.8544,8.0828,-34.7644,-34.2258,-0.5386,4.783,1083.7673,-3908.038,-4991.8053,-6040.7524,42205.0965,-9271.1614,13.6126,12.6988,0.9329,0.0,27.597,class1_2026_04_27_14_48_45.csv,hard_negative,0,,background
148.686,465,0.744409,-49.9,-38.4272,12.8728,-36.5913,-27.1666,-9.4247,2.2495,-561.0201,2524.9971,3086.0172,-0.0,38177.1207,-0.0,13.3492,10.3509,0.7754,0.0,28.342,class1_2026_04_27_14_48_45.csv,hard_negative,1,,background
164.321,514,0.822687,-23.231,-40.7149,13.0146,-33.0682,-33.5238,0.4556,6.5645,-5407.3688,-2120.5613,3286.8075,41496.8699,41800.942,-41800.942,12.0899,13.2233,1.0938,0.957,29.522,class1_2026_04_27_14_48_45.csv,hard_negative,2,,background
186.337,583,0.932912,-49.9,-44.0736,10.9154,-30.0507,-37.0831,7.0324,2.071,-5879.4702,3441.5431,9321.0132,-0.0,39186.5235,-43004.7069,12.3762,12.9937,1.0499,0.0,27.437,class1_2026_04_27_14_48_45.csv,stable_background,3,,background
14.039,43,0.070287,-14.398,-14.7824,0.4725,-14.1905,-15.8296,1.6391,0.2415,-104.6002,-228.0937,-123.4935,-387.1473,249.2163,-1333.8558,0.2382,0.4176,1.7531,1.595,1.339,class2_2026_04_27_16_01_41.csv,manual_annotation,0,14.04,bend
131.457,411,0.65815,-17.984,-17.9591,2.3558,-12.812,-34.3719,21.5599,3.937,-1459.1559,-5047.6167,-3588.4609,-4280.5627,-2648.9028,-47818.185,3.0879,14.0316,4.5441,0.0,7.231,class2_2026_04_27_16_01_41.csv,manual_annotation,1,131.46,break
127.628,399,0.63898,-7.951,-10.7484,2.7055,-15.7352,-17.1836,1.4484,8.615,1130.5333,-2762.517,-3893.0503,576.8025,9100.3135,-2731.9749,2.1946,8.9465,4.0765,2.871,8.375,class2_2026_04_27_16_01_41.csv,manual_annotation,2,127.63,connector
170.702,534,0.854634,-21.687,-40.3751,13.4738,-39.0846,-38.1063,-0.9783,29.332,-1271.63,2852.9983,4124.6282,1807.21,44221.0063,-45974.9232,13.5786,13.3586,0.9838,1.276,29.332,class2_2026_04_27_16_01_41.csv,hard_negative,0,,background
141.029,441,0.706073,-49.9,-37.9307,13.6283,-38.1974,-36.9931,-1.2043,30.407,1068.9051,-108.9692,-1177.8743,3921.6317,6989.0266,-47659.8777,13.2152,13.1286,0.9934,0.0,30.407,class2_2026_04_27_16_01_41.csv,hard_negative,1,,background
52.966,165,0.265179,-16.654,-16.3389,0.2423,-16.3222,-16.3404,0.0182,0.421,-19.726,-43.3881,-23.6621,533.475,1131.663,-438.8683,0.2169,0.1952,0.8998,0.0,0.773,class2_2026_04_27_16_01_41.csv,hard_negative,2,,background
71.472,223,0.357831,-16.93,-16.539,0.2128,-16.3864,-16.4011,0.0147,0.2305,-19.3143,64.1016,83.4159,-342.5582,315.047,-620.6897,0.2064,0.2215,1.0733,0.0,0.761,class2_2026_04_27_16_01_41.csv,hard_negative,3,,background
43.074,134,0.215654,-16.201,-16.419,0.1638,-16.4247,-16.3319,-0.0928,0.2,-35.7437,-0.3564,35.3873,-1.569,543.8871,-415.3589,0.2276,0.1618,0.7107,0.638,0.47,class2_2026_04_27_16_01_41.csv,stable_background,4,,background
181.231,567,0.907348,-49.9,-40.9096,12.7547,-38.2748,-31.9748,-6.3001,6.877,-154.5379,-1369.6298,-1215.0918,728.8401,43843.2649,-5894.0801,13.1509,12.9034,0.9812,0.0,28.437,class2_2026_04_27_16_01_41.csv,stable_background,5,,background
132.414,414,0.662942,-18.335,-21.1161,10.2754,-11.0952,-34.1274,23.0322,3.24,-2659.0773,-4534.5867,-1875.5095,-2391.8511,-2340.1254,-48409.0956,3.5852,14.2098,3.9635,0.0,35.067,class1_2026_04_27_14_49_44.csv,manual_annotation,0,132.41,break
127.628,399,0.63898,-5.886,-8.7858,2.8871,-13.8952,-13.3783,-0.5168,8.879,1155.2651,-2705.0401,-3860.3053,628.5266,9721.0031,-2741.3793,2.2438,4.2377,1.8886,2.871,8.878,class1_2026_04_27_14_49_44.csv,manual_annotation,1,127.63,connector
164.959,516,0.825881,-21.922,-31.542,13.0725,-39.7035,-38.0212,-1.6823,29.72,5733.3382,2877.5968,-2855.7414,-43995.3025,46583.0752,-43995.3025,13.0553,13.3061,1.0192,1.595,29.72,class1_2026_04_27_14_49_44.csv,hard_negative,0,,background
118.375,370,0.592654,-15.052,-14.8786,0.1256,-14.8726,-14.8481,-0.0245,0.208,-16.3474,4.7248,21.0721,-199.0596,103.4483,-199.0596,0.1007,0.0939,0.9324,0.0,0.402,class1_2026_04_27_14_49_44.csv,hard_negative,1,,background
156.344,489,0.782749,-49.9,-35.0052,13.3742,-30.8118,-40.3175,9.5057,7.8885,681.7659,-2485.2637,-3167.0295,-5916.9279,43100.3166,-38636.3668,13.5465,12.2308,0.9029,0.0,28.425,class1_2026_04_27_14_49_44.csv,hard_negative,2,,background
143.581,449,0.71885,-49.9,-40.9352,12.7101,-39.6101,-40.6376,1.0275,28.482,-2942.2194,-2259.365,682.8544,42989.0313,42989.0313,-44712.5012,12.9482,13.1097,1.0125,0.0,28.482,class1_2026_04_27_14_49_44.csv,stable_background,3,,background
35.736,111,0.178915,-13.337,-13.9813,0.3711,-14.3852,-14.4167,0.0314,1.1255,96.6993,-172.4759,-269.1751,-250.7837,1385.5799,-1073.6677,0.2425,0.2556,1.054,1.276,1.201,class3_2026_05_14_13_19_51.csv,manual_annotation,0,35.74,connector
96.997,303,0.485624,-0.17,-3.6549,4.2958,-12.8026,-7.7846,-5.0179,12.5215,2306.7079,-2648.3442,-4955.0521,293.1034,18206.8966,-2796.2382,4.2558,4.325,1.0163,3.829,14.27,class3_2026_05_14_13_19_51.csv,manual_annotation,1,97.0,connector
105.612,330,0.528755,-19.569,-19.1444,0.8722,-13.9491,-29.3947,15.4456,1.573,-2114.6718,-6113.9214,-3999.2496,-1377.7429,-1377.7429,-1482.7571,3.696,12.8605,3.4796,0.0,2.992,class3_2026_05_14_13_19_51.csv,manual_annotation,2,105.61,break
133.69,418,0.66933,-49.9,-41.386,12.2856,-38.2308,-35.1021,-3.1287,19.135,2987.729,1396.9466,-1590.7825,-30689.6583,30689.6583,-30689.6583,13.1822,13.453,1.0205,0.0,28.925,class3_2026_05_14_13_19_51.csv,hard_negative,0,,background
116.141,363,0.58147,-49.9,-37.3451,14.1854,-35.0269,-39.4309,4.404,30.213,5247.8879,5764.6185,516.7306,-47355.8025,35960.8166,-47355.8025,13.4757,13.2058,0.98,0.0,30.213,class3_2026_05_14_13_19_51.csv,hard_negative,1,,background
168.469,527,0.843454,-22.664,-31.5632,12.9821,-37.3223,-40.7309,3.4086,28.27,1358.2186,-6075.7137,-7433.9323,-396.5517,42479.5256,-43913.7978,14.0808,12.9744,0.9214,1.596,28.27,class3_2026_05_14_13_19_51.csv,hard_negative,2,,background
150.601,471,0.753997,-49.9,-34.8429,13.504,-33.2207,-43.8273,10.6066,29.397,2447.0255,-473.9647,-2920.9902,-46076.8056,3940.4389,-46076.8056,13.3638,11.3807,0.8516,0.0,29.397,class3_2026_05_14_13_19_51.csv,hard_negative,3,,background
20.42,63,0.102234,-14.453,-14.5748,0.2862,-14.4326,-14.5979,0.1653,0.065,-8.5447,134.4716,143.0163,-133.1239,236.6771,-1178.6834,0.0886,0.3109,3.508,0.0,0.937,class3_2026_05_14_13_19_51.csv,stable_background,4,,background
159.854,500,0.800322,-49.9,-38.4658,12.7852,-38.0534,-40.6519,2.5986,25.983,5151.53,1665.5873,-3485.9427,-39619.127,39619.127,-40725.7085,13.3353,13.1044,0.9827,0.0,25.983,class3_2026_05_14_13_19_51.csv,stable_background,5,,background
132.733,415,0.664539,-16.685,-16.9767,2.2248,-9.4601,-30.0823,20.6222,3.099,-2662.7778,-4102.5467,-1439.7689,-2053.2947,-1929.4655,-3826.0188,3.8953,14.0785,3.6142,0.0,7.732,class3_2026_05_22_11_09_21.csv,manual_annotation,0,132.73,break
66.685,208,0.333864,-6.781,-8.4168,1.7699,-13.2634,-12.4858,-0.7776,8.271,1602.7006,-1600.6324,-3203.333,-2251.9354,9736.6771,-2935.7367,2.7984,2.3139,0.8268,2.872,5.96,class3_2026_05_22_11_09_21.csv,manual_annotation,1,66.68,connector
96.997,303,0.485624,-4.331,-7.2164,3.1191,-13.6125,-11.3058,-2.3067,10.4365,1663.2999,-2313.0676,-3976.3675,-529.7806,13181.8182,-2647.3354,3.0956,3.4938,1.1286,3.191,10.398,class3_2026_05_22_11_09_21.csv,manual_annotation,2,97.0,connector
127.628,399,0.63898,-3.96,-7.2768,3.7644,-14.9514,-11.5567,-3.3947,12.073,1848.7814,-2662.7778,-4511.5592,481.1912,14558.7657,-2677.116,3.4708,4.3683,1.2586,3.509,12.202,class3_2026_05_22_11_09_21.csv,manual_annotation,3,127.63,connector
102.74,321,0.514376,-15.772,-15.5264,0.4705,-10.6702,-16.1863,5.5162,1.087,-2087.7389,-183.9641,1903.7748,-255.4859,-255.4859,-854.2335,3.6602,0.3016,0.0824,0.0,1.45,class3_2026_05_22_11_09_21.csv,manual_annotation,4,102.74,bend
184.103,576,0.921727,-49.9,-37.884,13.6066,-35.6788,-35.6412,-0.0376,9.0645,-326.4233,2398.2722,2724.6955,-34228.8433,47410.6614,-34228.8433,12.965,14.2844,1.1018,0.0,30.248,class3_2026_05_22_11_09_21.csv,hard_negative,0,,background
190.803,597,0.955271,-49.9,-34.6337,13.687,-34.2062,-38.0058,3.7996,18.475,6852.5863,378.9179,-6473.6684,1446.6196,1446.6196,-42322.8856,14.0755,13.381,0.9507,0.0,29.587,class3_2026_05_22_11_09_21.csv,hard_negative,1,,background
179.317,561,0.897766,-24.269,-41.2977,12.2098,-41.0522,-35.6093,-5.4429,28.093,-2356.1366,-896.4268,1459.7098,37142.6379,40173.9859,-40173.9859,12.6359,13.0292,1.0311,0.957,28.093,class3_2026_05_22_11_09_21.csv,hard_negative,2,,background
147.091,460,0.736423,-49.9,-37.4801,13.9128,-32.858,-37.6929,4.8349,5.4945,6085.7432,5215.1834,-870.5598,-43528.2163,-485.8918,-43528.2163,13.6362,13.7229,1.0064,0.0,29.461,class3_2026_05_22_11_09_21.csv,hard_negative,3,,background
149.005,466,0.746006,-21.597,-46.7552,8.8948,-36.0102,-33.1924,-2.8178,3.168,-5052.9972,5093.4652,10146.4624,0.0,44362.0721,-44431.4963,13.9249,13.424,0.964,0.638,28.303,class3_2026_05_22_11_09_21.csv,hard_negative,4,,background
169.107,529,0.846648,-49.9,-37.6912,13.7011,-37.7024,-34.8578,-2.8446,20.261,239.9787,2191.8966,1951.9179,-0.0,43138.7626,-41409.0925,13.6539,13.6613,1.0005,0.0,30.265,class3_2026_05_22_11_09_21.csv,hard_negative,5,,background
151.239,473,0.757191,-22.447,-31.8162,12.9346,-37.6297,-28.5325,-9.0972,4.569,98.7793,887.5185,788.7392,-35583.0752,44374.6097,-35583.0752,13.7932,11.559,0.838,0.0,29.943,class3_2026_05_22_11_09_21.csv,hard_negative,6,,background
191.761,600,0.960067,-49.9,-38.5256,12.7873,-34.3269,-37.8912,3.5643,16.12,158.4454,1496.4705,1338.0251,0.0,1446.6196,-42683.3903,13.9682,13.5179,0.9678,0.0,27.232,class3_2026_05_22_11_09_21.csv,hard_negative,7,,background
19.463,60,0.097443,-14.375,-14.4581,0.1301,-14.4696,-14.7376,0.268,0.2625,14.7713,0.1135,-14.6577,-177.116,481.1912,-461.2448,0.0829,0.4777,5.7613,0.0,0.479,class3_2026_05_22_11_09_21.csv,stable_background,8,,background
118.375,370,0.592654,-16.792,-16.6939,0.384,-16.4393,-16.3996,-0.0398,0.402,-178.3088,24.1713,202.4801,500.0016,1155.1708,-161.4404,0.3752,0.2735,0.7289,0.0,1.52,class3_2026_05_22_11_09_21.csv,stable_background,9,,background
66.366,207,0.332267,-10.975,-12.8627,1.3322,-14.492,-17.7886,3.2966,3.9215,403.09,-2414.1877,-2817.2776,-369.906,4836.9906,-2949.8433,0.8976,3.5132,3.9141,1.915,4.088,class3_2026_05_14_12_55_25.csv,manual_annotation,0,66.37,connector
69.876,218,0.34984,-19.219,-19.336,2.1663,-14.4924,-23.1861,8.6937,2.9455,-1211.6504,-1522.7751,-311.1247,-1929.4655,-1852.663,-3841.6928,2.1054,6.6461,3.1567,0.0,7.43,class3_2026_05_14_12_55_25.csv,manual_annotation,1,69.88,break
172.617,540,0.864221,-49.9,-37.9866,13.4376,-39.5213,-37.5803,-1.9409,29.623,-212.5693,1264.9909,1477.5602,0.0,11161.4436,-44192.7931,13.0884,13.831,1.0567,0.0,29.623,class3_2026_05_14_12_55_25.csv,hard_negative,0,,background
165.597,518,0.829075,-21.928,-35.0366,13.3419,-35.9056,-39.7218,3.8162,28.706,-1339.8877,1427.4344,2767.3222,-4221.0016,43843.2649,-43843.2649,14.0566,12.8168,0.9118,1.276,28.706,class3_2026_05_14_12_55_25.csv,hard_negative,1,,background
186.337,583,0.932912,-25.846,-36.3626,12.1544,-38.1098,-43.0099,4.9001,26.77,-253.6061,-17.2813,236.3248,-37082.5755,37756.9364,-38982.7633,13.2815,11.2022,0.8434,0.958,26.77,class3_2026_05_14_12_55_25.csv,hard_negative,2,,background
52.966,165,0.265179,-14.88,-14.7953,0.1274,-14.8237,-14.8022,-0.0215,0.1645,-3.9442,-21.9549,-18.0107,451.206,550.1567,-133.2288,0.1292,0.0956,0.7403,0.0,0.353,class3_2026_05_14_12_55_25.csv,stable_background,3,,background
12.444,38,0.062302,-14.08,-14.6209,0.4749,-13.7528,-16.6839,2.9311,0.4645,-242.9926,-674.9981,-432.0055,-459.2476,778.9969,-1578.3683,0.6977,1.0346,1.4828,0.957,1.497,class2_2026_04_27_16_00_33.csv,manual_annotation,0,12.44,bend
127.947,400,0.640577,-9.536,-11.4401,1.9145,-16.4326,-20.1325,3.6999,8.451,1684.4727,-2394.8566,-4079.3293,-2004.7022,8968.652,-3123.8245,2.8192,11.0385,3.9155,2.871,6.47,class2_2026_04_27_16_00_33.csv,manual_annotation,1,127.95,connector
132.095,413,0.661345,-20.029,-25.9462,12.8549,-14.0464,-35.307,21.2606,2.397,-2386.8884,-1789.7043,597.1841,-583.0721,-583.0721,-47332.2915,3.1712,13.1787,4.1557,0.0,32.781,class2_2026_04_27_16_00_33.csv,manual_annotation,2,132.09,break
87.425,273,0.437701,-17.235,-17.7923,0.6488,-17.7979,-17.8283,0.0304,0.4915,-38.6878,150.6026,189.2904,-1247.6473,1387.1442,-1247.6473,0.4122,0.5575,1.3523,0.638,1.904,class2_2026_04_27_16_00_33.csv,hard_negative,0,,background
190.803,597,0.955271,-25.134,-36.0608,12.6706,-36.5049,-35.3448,-1.1602,9.717,-3354.8589,27.6565,3382.5154,11052.9879,38818.1834,-41520.3793,13.5794,13.1839,0.9709,0.958,29.46,class2_2026_04_27_16_00_33.csv,hard_negative,1,,background
48.179,150,0.241212,-18.135,-17.8977,0.3189,-17.7741,-17.5091,-0.2649,0.1245,-95.326,103.0058,198.3318,-1134.5067,225.7038,-1134.5067,0.2977,0.3537,1.1881,0.0,0.851,class2_2026_04_27_16_00_33.csv,hard_negative,2,,background
167.83,525,0.840255,-20.072,-43.5609,11.8753,-40.3688,-32.9186,-7.4502,29.828,-1293.7631,4320.7534,5614.5165,292.2022,46752.3527,-46533.3153,13.5182,13.5681,1.0037,0.639,29.828,class2_2026_04_27_16_00_33.csv,hard_negative,3,,background
103.059,322,0.515974,-18.085,-17.8686,0.3053,-17.6583,-17.9473,0.2891,0.4875,-20.3835,-65.1278,-44.7442,-125.3918,424.7649,-804.0768,0.3404,0.3385,0.9943,0.0,1.005,class2_2026_04_27_16_00_33.csv,stable_background,4,,background
152.834,478,0.765176,-49.9,-40.4243,13.4202,-31.6746,-34.2389,2.5643,3.363,2867.5223,657.3178,-2210.2045,304.0752,45791.5408,-46095.616,12.9817,14.0396,1.0815,0.0,29.409,class2_2026_04_27_16_00_33.csv,stable_background,5,,background
37.65,117,0.188498,-14.323,-14.226,2.2234,-12.9037,-24.2082,11.3045,3.9635,877.5474,-3956.7384,-4834.2859,-2347.9624,-2333.8558,-4062.6944,1.937,9.7747,5.0462,0.0,6.747,class3_2026_05_14_13_15_21.csv,manual_annotation,0,37.65,break
35.417,110,0.177318,-9.558,-11.6533,1.9654,-14.2231,-16.4052,2.1821,5.245,308.0399,-2897.0325,-3205.0724,2847.9624,6119.1223,-2609.7179,0.8066,4.4904,5.5668,2.233,5.378,class3_2026_05_14_13_15_21.csv,manual_annotation,1,35.42,connector
143.9,450,0.720447,-21.522,-35.1214,13.2629,-35.4576,-38.1724,2.7148,18.1175,-1336.3911,981.8273,2318.2184,-4329.1552,44479.6285,-38708.4716,13.0956,13.1972,1.0078,1.915,28.378,class3_2026_05_14_13_15_21.csv,hard_negative,0,,background
97.316,304,0.487221,-49.9,-40.422,13.4151,-36.7656,-35.9561,-0.8095,20.567,-2174.6141,-1237.7529,936.8611,0.0,43018.8119,0.0,13.3237,14.0401,1.0538,0.0,29.715,class3_2026_05_14_13_15_21.csv,hard_negative,1,,background
81.682,255,0.408948,-19.449,-34.3893,13.9536,-39.1594,-37.7758,-1.3836,30.451,3745.3492,-2099.9241,-5845.2733,4637.9295,47728.8448,-47728.8448,13.4975,13.5823,1.0063,1.276,30.451,class3_2026_05_14_13_15_21.csv,hard_negative,2,,background
119.013,372,0.595849,-24.351,-31.967,12.7775,-33.4847,-38.5201,5.0354,8.0945,1061.6486,-72.5479,-1134.1965,-6934.1693,44749.2194,-40045.4577,13.2003,12.8429,0.9729,0.0,29.794,class3_2026_05_14_13_15_21.csv,stable_background,3,,background
133.69,418,0.66933,-17.788,-17.6496,1.5267,-10.4177,-27.7212,17.3036,2.1695,-2644.9573,-2282.3988,362.5585,183.3871,183.3871,-47735.1129,4.3839,12.0979,2.7596,0.0,4.936,class3_2026_05_22_11_05_05.csv,manual_annotation,0,133.69,break
39.884,124,0.199683,-14.432,-14.0514,0.7477,-10.4141,-15.0367,4.6227,1.964,-1903.069,-163.0236,1740.0453,-846.395,-846.395,-846.395,2.9038,0.2399,0.0826,0.0,2.162,class3_2026_05_22_11_05_05.csv,manual_annotation,1,39.88,bend
35.736,111,0.178915,-5.784,-8.4597,2.6149,-13.5307,-11.9689,-1.5618,8.672,1296.3304,-1899.6432,-3195.9736,-543.8871,10485.6056,-2647.3354,2.4743,2.7322,1.1042,2.871,8.673,class3_2026_05_22_11_05_05.csv,manual_annotation,2,35.74,connector
127.628,399,0.63898,-2.824,-6.1406,3.8354,-13.9201,-10.4177,-3.5024,12.3125,1863.0992,-2660.3001,-4523.3993,366.7712,14805.1352,-2984.326,3.5176,4.3839,1.2463,3.509,12.408,class3_2026_05_22_11_05_05.csv,manual_annotation,3,127.63,connector
171.978,538,0.861022,-49.9,-33.8681,14.3721,-31.8556,-37.8226,5.9671,7.759,3566.1709,-928.8321,-4495.0029,2761.7555,3122.2571,-47867.5794,12.914,13.7507,1.0648,0.0,30.505,class3_2026_05_22_11_05_05.csv,hard_negative,0,,background
141.986,444,0.710865,-29.405,-29.6941,11.1488,-31.863,-36.5141,4.6511,6.186,-758.4505,-2561.2052,-1802.7547,-7291.5376,43877.7461,-38852.6677,12.9302,13.6799,1.058,0.0,29.44,class3_2026_05_22_11_05_05.csv,hard_negative,1,,background
156.663,490,0.784346,-49.9,-30.389,13.8009,-28.4661,-37.4528,8.9867,3.676,355.6971,-2828.5483,-3184.2454,738.2445,46493.7335,-46835.4279,11.589,13.9477,1.2035,0.0,29.881,class3_2026_05_22_11_05_05.csv,hard_negative,2,,background
22.654,70,0.113419,-15.636,-15.3281,0.5765,-14.779,-14.4756,-0.3034,0.2045,-307.2338,107.923,415.1568,-40.7524,147.3354,-40.7524,0.4994,0.3982,0.7974,0.0,1.604,class3_2026_05_22_11_05_05.csv,hard_negative,3,,background
164.959,516,0.825881,-23.63,-29.3023,11.0515,-37.7735,-31.9431,-5.8304,4.5505,1864.7525,-2258.2791,-4123.0315,-39137.9342,42644.2022,-39137.9342,13.5937,12.8568,0.9458,0.638,28.532,class3_2026_05_22_11_05_05.csv,hard_negative,4,,background
174.85,547,0.875401,-49.9,-40.621,13.2308,-32.9867,-38.052,5.0653,9.7625,-4488.7908,1481.3243,5970.1151,-0.0,37238.2476,-0.0,13.6451,13.4531,0.9859,0.0,30.48,class3_2026_05_22_11_05_05.csv,hard_negative,5,,background
57.113,178,0.285941,-15.341,-15.323,0.1072,-15.2876,-15.2394,-0.0481,0.1825,-36.0059,27.9781,63.984,224.1379,224.1379,-158.3072,0.1383,0.1366,0.988,0.0,0.397,class3_2026_05_22_11_05_05.csv,stable_background,6,,background
185.06,579,0.926518,-20.99,-25.2459,8.8477,-37.9876,-37.7986,-0.189,29.71,4607.1509,-4445.4319,-9052.5828,586.2085,45894.989,-44672.8181,13.4584,13.5466,1.0065,2.872,29.71,class3_2026_05_22_11_05_05.csv,stable_background,7,,background
18.825,58,0.094249,-14.244,-14.6239,0.4316,-14.4523,-21.9373,7.4849,0.4605,-0.7797,-2897.766,-2896.9864,148.9028,609.7179,-1442.0063,0.1202,12.5497,104.4476,1.276,1.474,class2_2026_04_27_16_03_45.csv,manual_annotation,0,18.83,bend
127.309,398,0.637383,-9.484,-12.2597,3.349,-17.1511,-18.5258,1.3747,8.643,760.7449,-2577.3413,-3338.0863,4534.4828,9699.0596,-2717.8683,1.4483,11.6438,8.0397,2.871,8.865,class2_2026_04_27_16_03_45.csv,manual_annotation,1,127.31,connector
131.138,410,0.656553,-18.119,-17.4676,2.0596,-13.5686,-37.0217,23.4531,3.64,-648.7173,-5312.8104,-4664.093,-1885.6106,-1885.6106,-46231.9796,3.0369,14.474,4.7661,0.0,6.283,class2_2026_04_27_16_03_45.csv,manual_annotation,2,131.14,break
143.581,449,0.71885,-19.293,-37.3047,14.188,-39.1862,-40.9092,1.723,30.607,-3153.3891,-13.7933,3139.5957,0.0,47973.3589,-47973.3589,13.5121,12.8628,0.9519,0.638,30.607,class2_2026_04_27_16_03_45.csv,hard_negative,0,,background
94.125,294,0.471245,-17.513,-17.6849,0.2706,-17.6034,-17.4359,-0.1674,0.2815,-32.628,56.8424,89.4704,-35.9654,1094.0423,-360.5016,0.4213,0.3536,0.8393,0.0,0.778,class2_2026_04_27_16_03_45.csv,hard_negative,1,,background
72.11,225,0.361025,-17.507,-17.3003,0.2955,-17.2707,-17.2493,-0.0214,0.4315,-37.3106,-77.0564,-39.7458,78.3715,956.387,-387.1473,0.282,0.3071,1.0891,0.0,0.859,class2_2026_04_27_16_03_45.csv,hard_negative,2,,background
165.916,519,0.830672,-49.9,-43.5396,11.9054,-35.5809,-40.0863,4.5053,29.431,-2039.4991,-168.6601,1870.8391,-0.0,0.0,-0.0,14.3383,12.6361,0.8813,0.0,29.431,class2_2026_04_27_16_03_45.csv,hard_negative,3,,background
152.196,476,0.761982,-22.001,-24.9719,8.8901,-38.0766,-35.2201,-2.8565,20.248,4634.5767,-3080.9497,-7715.5264,57.9953,43728.8448,-44866.7743,13.3692,13.2684,0.9925,2.233,30.228,class2_2026_04_27_16_03_45.csv,stable_background,4,,background
62.219,194,0.311505,-17.234,-17.4,0.2397,-17.1836,-17.276,0.0924,0.174,-14.8415,12.1445,26.9859,532.4996,532.4996,-478.058,0.3204,0.2801,0.8742,0.0,0.821,class2_2026_04_27_16_03_45.csv,stable_background,5,,background
35.736,111,0.178915,-9.174,-11.3038,1.671,-13.8897,-16.4305,2.5408,5.2695,677.2137,-2568.6089,-3245.8226,-476.489,6274.2947,-3047.0219,1.3214,3.7336,2.8255,2.233,5.15,class3_2026_05_14_13_42_29.csv,manual_annotation,0,35.74,connector
38.607,120,0.193289,-16.833,-16.434,1.9549,-12.8768,-24.2478,11.371,2.828,-204.4188,-2560.4372,-2356.0184,-2326.0204,-2015.674,-3214.7351,2.0004,9.3417,4.67,0.0,6.043,class3_2026_05_14_13_42_29.csv,manual_annotation,1,38.61,break
138.157,432,0.691695,-49.9,-43.7214,11.5682,-37.7801,-42.1402,4.3601,28.78,-913.9438,-1908.671,-994.7272,-0.0,42048.5925,-45109.7194,13.5864,12.5305,0.9223,0.0,28.78,class3_2026_05_14_13_42_29.csv,hard_negative,0,,background
106.569,333,0.533547,-31.133,-38.3417,13.2354,-34.3112,-34.2741,-0.0371,3.354,-1391.3217,1333.4379,2724.7596,0.0,45735.1113,-45836.9937,13.9714,14.0312,1.0043,0.0,29.244,class3_2026_05_14_13_42_29.csv,hard_negative,1,,background
103.378,323,0.517571,-21.887,-31.4301,13.0855,-33.5709,-36.5391,2.9682,7.4425,260.9264,-247.7624,-508.6889,3418.9608,43907.5282,-44275.8652,13.2681,13.547,1.021,1.277,29.313,class3_2026_05_14_13_42_29.csv,hard_negative,2,,background
70.833,221,0.354631,-49.9,-36.9554,14.5016,-34.1675,-33.741,-0.4265,5.06,1101.9067,-1130.4551,-2232.3618,2300.9404,46131.6646,-48205.6956,14.131,14.4913,1.0255,0.0,30.9,class3_2026_05_14_13_42_29.csv,stable_background,3,,background
127.628,399,0.63898,-5.931,-8.7977,2.8316,-13.9428,-13.5828,-0.36,8.845,1165.779,-2746.9806,-3912.7597,586.2069,9606.5831,-2736.6771,2.2597,4.4506,1.9695,2.871,8.701,class1_2026_04_27_14_39_11.csv,manual_annotation,0,127.63,connector
132.095,413,0.661345,-17.78,-17.4443,2.2226,-10.9633,-30.805,19.8417,3.544,-2464.5567,-3940.2578,-1475.7011,-3921.6285,-2307.6149,-3921.6285,3.3192,13.5931,4.0953,0.0,6.975,class1_2026_04_27_14_39_11.csv,manual_annotation,1,132.09,break
150.601,471,0.753997,-21.606,-31.2944,13.2436,-36.6106,-37.8818,1.2712,30.119,-96.2368,-2817.7808,-2721.544,-42697.4953,43472.3173,-42697.4953,13.4685,13.5104,1.0031,1.276,30.119,class1_2026_04_27_14_39_11.csv,hard_negative,0,,background
193.037,604,0.966456,-22.209,-35.3439,13.0768,-34.8806,-40.9504,6.0698,27.691,-2959.4583,1645.9761,4605.4344,0.0,1327.5862,-40007.8401,13.5252,12.7097,0.9397,0.638,27.691,class1_2026_04_27_14_39_11.csv,hard_negative,1,,background
168.15,526,0.841857,-19.405,-40.0539,13.93,-39.1854,-39.5817,0.3963,30.495,-984.2477,-3115.5505,-2131.3028,-298.7363,45589.3464,-45507.8417,13.4678,13.0022,0.9654,0.639,30.495,class1_2026_04_27_14_39_11.csv,hard_negative,2,,background
12.444,38,0.062302,-14.381,-14.3522,0.0642,-13.8052,-14.4511,0.6459,0.1445,-219.9893,-2.3682,217.621,161.442,161.442,-97.1787,0.6303,0.0861,0.1367,0.0,0.231,class1_2026_04_27_14_39_11.csv,stable_background,3,,background
96.997,303,0.485624,-1.234,-4.6594,4.0361,-13.0209,-8.8871,-4.1338,12.5515,2046.3799,-2662.0501,-4708.4299,316.6144,16288.4013,-3518.8088,3.8271,4.3002,1.1236,3.51,13.192,class3_2026_05_14_13_22_06.csv,manual_annotation,0,97.0,connector
103.378,323,0.517571,-16.494,-16.8183,1.7759,-9.6824,-24.2654,14.583,2.763,-2462.5876,-812.014,1650.5736,-3853.4862,-1390.2806,-3962.3809,4.2177,9.3656,2.2206,0.0,5.874,class3_2026_05_14_13_22_06.csv,manual_annotation,1,103.38,break
191.442,599,0.95847,-49.9,-43.8926,11.2557,-35.4086,-37.6315,2.2229,19.003,-3291.3205,310.5607,3601.8811,-0.0,40326.0204,-0.0,13.1858,13.919,1.0556,0.0,28.339,class3_2026_05_14_13_22_06.csv,hard_negative,0,,background
173.574,543,0.869013,-22.245,-28.3616,11.5483,-36.6917,-31.7268,-4.9649,4.163,3183.7705,-1196.8699,-4380.6404,-932.6003,43346.3966,-44211.6003,13.3116,12.8945,0.9687,1.595,29.368,class3_2026_05_14_13_22_06.csv,hard_negative,1,,background
21.697,67,0.108628,-15.14,-14.6838,0.2321,-14.4654,-14.447,-0.0184,0.065,-12.5486,69.3348,81.8834,-241.3793,-52.0353,-241.3793,0.1353,0.1978,1.4622,0.0,0.776,class3_2026_05_14_13_22_06.csv,hard_negative,2,,background
140.391,439,0.702879,-49.9,-37.6119,13.7661,-40.8469,-34.6991,-6.1479,28.512,-653.5173,-2790.149,-2136.6316,4983.4136,39799.3777,-1079.9373,12.8318,13.6591,1.0645,0.0,28.512,class3_2026_05_14_13_22_06.csv,stable_background,3,,background
46.903,146,0.234824,-16.464,-16.1451,0.9355,-14.807,-17.3307,2.5237,1.6075,-148.1361,-70.9479,77.1882,-1352.6646,-61.1285,-1352.6646,0.323,0.389,1.2043,0.0,2.718,class2_2026_04_27_15_45_59.csv,manual_annotation,0,46.9,bend
131.138,410,0.656553,-17.397,-17.6003,2.2606,-13.6958,-30.6626,16.9668,4.0505,-546.1873,-4277.0207,-3730.8334,-3363.1964,-2053.2915,-3725.7069,3.1449,12.3042,3.9124,0.0,6.877,class2_2026_04_27_15_45_59.csv,manual_annotation,1,131.14,break
127.628,399,0.63898,-8.769,-11.7047,2.9174,-16.7467,-16.3879,-0.3587,8.629,1121.5762,-2653.452,-3775.0282,579.9373,10122.2586,-2716.3009,2.2409,4.543,2.0273,2.871,8.86,class2_2026_04_27_15_45_59.csv,manual_annotation,2,127.63,connector
175.169,548,0.876998,-49.9,-35.5271,12.9375,-34.8484,-39.048,4.1996,27.975,-199.2587,-715.3034,-516.0446,0.0,2940.442,-67.3997,13.5389,13.6172,1.0058,0.0,27.975,class2_2026_04_27_15_45_59.csv,hard_negative,0,,background
160.811,503,0.805114,-49.9,-37.616,13.771,-37.6228,-34.9154,-2.7074,18.597,3663.6586,2161.5539,-1502.1047,-0.0,39641.0705,-0.0,13.7594,13.5364,0.9838,0.0,29.142,class2_2026_04_27_15_45_59.csv,hard_negative,1,,background
179.955,563,0.90096,-49.9,-40.7288,13.0128,-36.2617,-37.9716,1.7099,29.455,1470.7224,2149.4107,678.6883,-0.0,46167.7147,-0.0,13.7111,13.3518,0.9738,0.0,29.455,class2_2026_04_27_15_45_59.csv,hard_negative,2,,background
150.92,472,0.755594,-49.9,-33.6584,14.5569,-33.4388,-40.4343,6.9954,31.306,2521.2521,283.6348,-2237.6173,75.2351,6172.4138,-45916.931,13.5319,13.4344,0.9928,0.0,31.306,class2_2026_04_27_15_45_59.csv,hard_negative,3,,background
80.725,252,0.404156,-17.95,-17.6762,0.3111,-17.513,-17.6244,0.1114,0.4365,-25.4478,-120.4776,-95.0297,-78.2908,61.4275,-1233.5439,0.3259,0.5105,1.5664,0.0,0.879,class2_2026_04_27_15_45_59.csv,stable_background,4,,background
108.165,338,0.541537,-17.388,-17.8721,0.2732,-17.6849,-17.8781,0.1932,0.419,6.6922,124.4854,117.7932,-517.7701,888.8133,-982.7571,0.389,0.3872,0.9953,0.639,0.891,class2_2026_04_27_15_45_59.csv,stable_background,5,,background
31.907,99,0.159745,-14.87,-15.0942,0.5235,-14.3953,-15.8083,1.413,0.602,-66.0092,-69.3214,-3.3122,-1169.279,180.2508,-1200.627,0.1302,0.1522,1.1688,0.0,1.35,class2_2026_04_27_16_09_22.csv,manual_annotation,0,31.91,bend
131.138,410,0.656553,-16.363,-16.4504,2.2207,-12.3514,-30.3893,18.0379,4.336,-594.5702,-2630.4841,-2035.9139,-3738.821,-2302.5078,-3738.821,3.0775,13.9172,4.5223,0.0,6.537,class2_2026_04_27_16_09_22.csv,manual_annotation,1,131.14,break
127.628,399,0.63898,-7.504,-10.4059,2.9167,-15.4274,-18.1893,2.7619,8.706,1134.715,-2685.5304,-3820.2454,547.0219,9652.56,-2739.8119,2.2415,11.7795,5.2552,2.871,9.109,class2_2026_04_27_16_09_22.csv,manual_annotation,2,127.63,connector
177.403,555,0.888183,-49.9,-41.7861,11.5104,-39.5872,-36.3399,-3.2473,26.544,1077.5975,844.5497,-233.0477,-0.0,36760.1897,-0.0,13.0124,13.7787,1.0589,0.0,26.544,class2_2026_04_27_16_09_22.csv,hard_negative,0,,background
146.134,457,0.731632,-20.103,-41.0201,12.6247,-36.0391,-39.5712,3.5321,29.797,-2572.2209,5778.0153,8350.2361,38844.8292,46703.7633,-46703.7633,13.9344,13.1216,0.9417,0.957,29.797,class2_2026_04_27_16_09_22.csv,hard_negative,1,,background
151.239,473,0.757191,-23.287,-28.687,11.6653,-39.3943,-33.6424,-5.7518,20.8325,5778.0153,371.224,-5406.7913,-48291.5392,12355.7994,-48291.5392,13.3593,13.1318,0.983,1.914,30.81,class2_2026_04_27_16_09_22.csv,hard_negative,2,,background
158.897,497,0.795531,-21.115,-31.8156,12.9013,-31.9408,-35.8747,3.9339,4.608,53.3698,343.1557,289.7858,2965.633,40625.3934,-45117.558,12.8284,14.055,1.0956,0.639,30.367,class2_2026_04_27_16_09_22.csv,hard_negative,3,,background
10.21,31,0.051117,-14.184,-14.1857,0.1336,-11.8813,-14.4276,2.5463,0.2065,-1020.313,-42.8208,977.4922,199.0596,199.0596,-407.5235,2.2292,0.1311,0.0588,0.0,0.403,class2_2026_04_27_16_09_22.csv,stable_background,4,,background
98.592,308,0.493609,-16.232,-16.1798,0.1338,-16.0691,-16.2613,0.1922,0.17,-30.7275,-51.2427,-20.5153,414.0595,414.0595,-239.8119,0.1794,0.1959,1.0922,0.0,0.398,class2_2026_04_27_16_09_22.csv,stable_background,5,,background
96.997,303,0.485624,-8.855,-11.1889,1.8606,-14.2741,-19.5124,5.2383,5.9575,719.1798,-2498.6391,-3217.8189,32.9154,6796.2382,-3631.6614,1.4135,11.297,7.9923,2.552,5.779,class3_2026_05_14_13_00_27.csv,manual_annotation,0,97.0,connector
100.826,315,0.504794,-19.62,-18.5274,1.9079,-13.2778,-35.4032,22.1254,3.502,-1661.4008,-1140.8211,520.5797,-3829.152,-2007.837,-47695.9295,2.6605,14.5822,5.4809,0.0,6.422,class3_2026_05_14_13_00_27.csv,manual_annotation,1,100.83,break
162.087,507,0.811502,-49.9,-43.9018,11.2733,-39.7171,-37.3499,-2.3672,29.279,-2462.8412,891.2527,3354.094,-0.0,38722.5737,-286.8241,12.8454,14.0486,1.0937,0.0,29.279,class3_2026_05_14_13_00_27.csv,hard_negative,0,,background
157.62,493,0.789138,-49.9,-35.3723,13.1307,-37.9201,-42.3853,4.4653,29.406,1800.4891,-2531.6147,-4332.1038,-877.7461,46090.9138,-45213.1677,13.4865,12.1636,0.9019,0.0,29.406,class3_2026_05_14_13_00_27.csv,hard_negative,1,,background
179.636,562,0.899363,-21.929,-25.1519,8.7946,-37.9392,-31.2728,-6.6664,4.4555,3298.626,475.1145,-2823.5115,3269.594,44785.2696,-43365.2069,13.4361,13.2229,0.9841,1.276,29.215,class3_2026_05_14_13_00_27.csv,hard_negative,2,,background
47.541,148,0.238018,-14.763,-14.7734,0.0882,-14.7659,-14.7041,-0.0619,0.1555,-1.7174,17.0435,18.7609,-109.7179,217.8683,-109.7179,0.0817,0.0882,1.0801,0.0,0.319,class3_2026_05_14_13_00_27.csv,stable_background,3,,background
32.545,101,0.162939,-14.386,-14.8052,0.5327,-14.4703,-16.4535,1.9832,0.2585,8.3993,-525.3621,-533.7614,-228.8401,169.279,-1777.4295,0.0978,0.7614,7.7847,1.595,1.591,class2_2026_04_27_16_10_35.csv,manual_annotation,0,32.54,bend
127.628,399,0.63898,-8.566,-11.387,2.7414,-16.2784,-16.1073,-0.1711,8.38,1077.1735,-2805.9849,-3883.1584,583.0721,9608.1505,-2703.7618,2.1633,4.3277,2.0005,2.871,8.305,class2_2026_04_27_16_10_35.csv,manual_annotation,1,127.63,connector
131.776,412,0.659748,-19.266,-19.0666,2.1099,-13.4768,-35.0602,21.5834,2.6255,-2103.6765,-6291.6539,-4187.9774,-6799.373,-2178.9205,-6799.373,3.1597,13.4999,4.2725,0.0,6.398,class2_2026_04_27_16_10_35.csv,manual_annotation,2,131.78,break
175.488,549,0.878595,-22.596,-35.0451,13.3919,-40.4191,-36.3411,-4.0781,28.859,421.5715,1486.7331,1065.1616,41465.5204,44666.1473,-42796.2398,13.4149,13.6581,1.0181,0.957,28.859,class2_2026_04_27_16_10_35.csv,hard_negative,0,,background
111.993,350,0.560702,-17.399,-17.3597,0.445,-17.2361,-17.3392,0.1032,0.262,44.559,61.7219,17.1629,-1871.4749,53.2915,-1871.4749,0.2606,0.4026,1.5447,0.0,1.636,class2_2026_04_27_16_10_35.csv,hard_negative,1,,background
166.235,520,0.832269,-49.9,-35.3276,13.0699,-40.7808,-40.9082,0.1274,28.066,3545.4545,-2456.6487,-6002.1032,0.0,0.0,0.0,12.9128,12.7369,0.9864,0.0,28.066,class2_2026_04_27_16_10_35.csv,hard_negative,2,,background
151.239,473,0.757191,-27.409,-34.7733,13.667,-38.8714,-39.8115,0.9401,29.411,5743.6166,10.0115,-5733.605,48.5893,46050.1599,-46098.7492,13.8356,12.7561,0.922,1.595,29.411,class2_2026_04_27_16_10_35.csv,hard_negative,3,,background
52.008,162,0.260382,-17.078,-16.9367,0.2436,-16.8777,-16.9286,0.0509,0.3715,-53.6495,2.5377,56.1872,523.5094,1194.3558,-84.6411,0.2979,0.2575,0.8643,0.0,0.77,class2_2026_04_27_16_10_35.csv,stable_background,4,,background
19.782,61,0.09904,-14.382,-14.5034,0.1514,-14.4881,-14.6233,0.1352,0.1045,-9.8715,133.6794,143.5509,-141.0658,286.8339,-680.392,0.1209,0.4726,3.9076,0.957,0.535,class2_2026_04_27_16_10_35.csv,stable_background,5,,background
84.553,264,0.423322,-15.564,-15.3099,0.4539,-14.7244,-16.2671,1.5427,0.7305,-29.2012,-187.5736,-158.3724,-841.6928,47.0219,-1228.8401,0.1264,0.3337,2.6394,0.0,1.279,class2_2026_04_27_15_33_24.csv,manual_annotation,0,84.55,bend
127.947,400,0.640577,-8.1,-10.08,2.0296,-15.2871,-15.9584,0.6714,8.8105,1657.6045,-2498.2508,-4155.8553,-1976.489,9625.3918,-3224.1379,2.8993,4.1506,1.4316,2.871,6.936,class2_2026_04_27_15_33_24.csv,manual_annotation,1,127.95,connector
132.095,413,0.661345,-18.919,-18.9333,2.1753,-12.7592,-31.871,19.1118,2.6745,-2415.3286,-5162.0061,-2746.6775,-3112.8527,-1741.4562,-4324.4498,3.2872,13.1536,4.0015,0.0,6.637,class2_2026_04_27_15_33_24.csv,manual_annotation,2,132.09,break
159.216,498,0.797128,-49.9,-35.5591,13.1004,-28.1764,-41.2921,13.1157,7.2255,-966.3937,429.0517,1395.4454,-9338.558,4857.3683,-30702.1975,11.6678,12.3883,1.0617,0.0,30.513,class2_2026_04_27_15_33_24.csv,hard_negative,0,,background
161.13,504,0.806711,-49.9,-44.5063,10.2057,-32.0996,-38.8091,6.7095,7.2055,-2558.6009,3834.5492,6393.1501,-32960.8182,43125.395,-32960.8182,12.8461,13.9162,1.0833,0.0,27.514,class2_2026_04_27_15_33_24.csv,hard_negative,1,,background
164.321,514,0.822687,-49.9,-36.9444,14.4905,-39.8729,-35.3028,-4.5701,29.825,429.0517,-37.8132,-466.8649,0.0,2117.481,-1338.558,12.778,13.1926,1.0324,0.0,29.825,class2_2026_04_27_15_33_24.csv,hard_negative,2,,background
168.469,527,0.843454,-29.576,-36.2667,12.3263,-35.9424,-35.0787,-0.8637,3.3375,2212.9385,-1161.7748,-3374.7133,-0.0,251.1756,-5763.3229,13.9935,13.3216,0.952,0.0,27.226,class2_2026_04_27_15_33_24.csv,hard_negative,3,,background
108.165,338,0.541537,-17.384,-16.8016,0.2897,-16.5923,-16.6949,0.1026,0.32,-65.7687,-0.1663,65.6025,249.981,249.981,-1048.5862,0.1774,0.2021,1.1394,0.0,1.062,class2_2026_04_27_15_33_24.csv,stable_background,4,,background
190.165,595,0.952077,-20.317,-28.1274,11.7862,-36.2662,-40.6994,4.4332,29.647,1838.4305,-2522.0231,-4360.4536,-684.953,40457.685,-44551.8661,13.7435,13.0726,0.9512,2.234,29.647,class2_2026_04_27_15_33_24.csv,stable_background,5,,background
9.891,30,0.04952,-17.148,-17.1286,1.3197,-10.9517,-28.2034,17.2518,2.1665,-2385.2119,-4710.5581,-2325.3462,-1931.0345,-1451.4107,-1973.3558,3.5995,13.514,3.7544,0.0,4.188,class3_2026_05_14_13_17_44.csv,manual_annotation,0,9.89,break
24.249,75,0.121405,-18.435,-33.6719,14.567,-41.844,-27.8192,-14.0248,5.2725,-1467.448,1545.1246,3012.5726,384.011,49318.1865,-49318.1865,12.9995,11.8651,0.9127,1.276,31.465,class3_2026_05_14_13_17_44.csv,hard_negative,0,,background
172.936,541,0.865819,-27.092,-34.7232,13.6963,-33.2491,-33.1092,-0.1399,3.977,2169.5955,3194.1647,1024.5692,-42283.7022,43755.4906,-42283.7022,13.3211,13.4959,1.0131,0.0,29.567,class3_2026_05_14_13_17_44.csv,hard_negative,1,,background
66.366,207,0.332267,-9.91,-11.9766,1.5337,-14.1524,-16.7606,2.6082,4.643,534.9489,-2214.6771,-2749.626,-29.7806,5786.8339,-2700.627,1.0741,3.5565,3.3112,2.234,4.597,class3_2026_05_14_14_35_39.csv,manual_annotation,0,66.37,connector
69.557,217,0.348243,-17.851,-17.5414,1.9192,-13.4749,-23.6043,10.1294,2.8215,-668.6205,-2643.3318,-1974.7113,-2351.0972,-2269.5925,-4346.3966,1.9531,9.3983,4.8119,0.0,6.518,class3_2026_05_14_14_35_39.csv,manual_annotation,1,69.56,break
153.153,479,0.766773,-49.9,-40.6334,13.1484,-36.5289,-39.3549,2.8259,29.138,2452.9249,-1180.2142,-3633.1391,-0.0,-0.0,-836.9922,13.5061,13.2619,0.9819,0.0,29.138,class3_2026_05_14_14_35_39.csv,hard_negative,0,,background
182.827,572,0.915339,-49.9,-31.7413,12.9591,-40.9104,-38.9433,-1.9671,29.311,2715.9223,-4303.3169,-7019.2392,-36689.6567,44801.0437,-44418.4969,12.7791,13.7617,1.0769,0.0,29.311,class3_2026_05_14_14_35_39.csv,hard_negative,1,,background
136.243,426,0.682112,-49.9,-35.7567,12.739,-28.1032,-36.7612,8.6579,2.179,-2850.2816,-2522.5022,327.7794,-43557.9953,43617.7952,-43557.9953,13.8642,13.2142,0.9531,0.0,27.79,class3_2026_05_14_14_35_39.csv,hard_negative,2,,background
104.336,326,0.522367,-21.293,-22.1134,2.3287,-26.7776,-24.8023,-1.9752,2.189,-643.0207,-2270.4136,-1627.3929,-6514.1034,38907.5266,-6514.1034,10.7637,9.133,0.8485,0.0,7.44,class3_2026_05_14_14_35_39.csv,stable_background,3,,background
38.926,121,0.194886,-15.951,-15.617,0.8234,-14.641,-17.0071,2.3661,1.0765,-20.2071,-224.6836,-204.4765,-1294.6765,322.884,-1294.6765,0.1713,0.4395,2.5664,0.0,2.312,class2_2026_04_27_15_42_44.csv,manual_annotation,0,38.93,bend
131.457,411,0.65815,-18.138,-17.864,1.8677,-13.3395,-29.5882,16.2487,3.6405,-1419.5264,-4103.0765,-2683.5501,-2550.1536,-2279.6359,-2550.1536,3.146,12.7354,4.048,0.0,5.812,class2_2026_04_27_15_42_44.csv,manual_annotation,1,131.46,break
127.628,399,0.63898,-8.42,-11.2926,2.8395,-16.3529,-15.6494,-0.7036,8.739,1098.1556,-2554.8968,-3653.0524,605.0157,9521.9436,-2764.8903,2.2272,3.9055,1.7535,2.871,8.763,class2_2026_04_27_15_42_44.csv,manual_annotation,2,127.63,connector
174.531,546,0.873804,-49.9,-44.4834,10.2703,-39.7481,-39.3552,-0.3929,27.919,-2552.0535,-959.3969,1592.6566,0.0,32648.906,-0.0,12.8238,12.3237,0.961,0.0,27.919,class2_2026_04_27_15_42_44.csv,hard_negative,0,,background
147.41,461,0.73802,-49.9,-34.2024,14.0479,-39.1451,-36.9439,-2.2012,28.976,6640.1062,4039.5143,-2600.5919,-42788.4044,43796.2414,-42788.4044,13.4961,14.5011,1.0745,0.0,28.976,class2_2026_04_27_15_42_44.csv,hard_negative,1,,background
140.391,439,0.702879,-22.44,-34.2152,14.0479,-34.6191,-42.1864,7.5674,29.473,1807.004,525.9759,-1281.0281,1122.6801,44990.6003,-46195.9279,13.6932,12.4559,0.9096,1.277,29.473,class2_2026_04_27_15_42_44.csv,hard_negative,2,,background
178.679,559,0.894571,-49.9,-38.328,10.9494,-41.5098,-33.8048,-7.705,19.7915,2577.3105,147.1437,-2430.1667,19481.1928,19481.1928,-40761.7602,12.0708,11.9205,0.9875,0.0,26.006,class2_2026_04_27_15_42_44.csv,hard_negative,3,,background
47.541,148,0.238018,-17.075,-17.2446,0.3653,-17.1696,-17.2069,0.0373,0.304,-39.9206,-9.82,30.1007,772.7273,772.7273,-1859.1485,0.2606,0.3751,1.4392,0.0,1.189,class2_2026_04_27_15_42_44.csv,stable_background,4,,background
14.358,44,0.071885,-14.425,-14.47,0.0673,-14.2662,-14.5143,0.2481,0.1055,-88.2812,16.8724,105.1536,-166.1442,208.4639,-297.8056,0.2228,0.0937,0.4205,0.0,0.202,class2_2026_04_27_15_42_44.csv,stable_background,5,,background
75.3,235,0.376996,-15.641,-15.5882,0.7274,-14.7044,-16.7898,2.0854,1.21,-70.5603,-142.9515,-72.3912,-1163.0094,-117.5549,-1173.3146,0.1951,0.3259,1.6705,0.0,2.08,class2_2026_04_27_15_38_31.csv,manual_annotation,0,75.3,bend
127.628,399,0.63898,-8.197,-11.1014,2.9229,-16.3374,-18.7741,2.4367,8.812,1197.1539,-2680.0504,-3877.2044,650.4702,9665.6992,-2816.6144,2.3215,11.5992,4.9964,2.871,9.163,class2_2026_04_27_15_38_31.csv,manual_annotation,1,127.63,connector
131.776,412,0.659748,-19.159,-21.7274,10.1501,-13.1273,-34.7915,21.6642,2.768,-2023.8956,-2514.0356,-490.14,-1843.2618,-1843.2618,-46032.9185,3.1766,13.6497,4.2969,0.0,34.584,class2_2026_04_27_15_38_31.csv,manual_annotation,2,131.78,break
184.741,578,0.924921,-30.124,-35.9582,12.6579,-39.3106,-34.7279,-4.5827,27.772,-2129.4733,-1139.4062,990.0672,-4557.9922,43529.7837,-38971.7915,13.4305,13.607,1.0131,1.595,27.772,class2_2026_04_27_15_38_31.csv,hard_negative,0,,background
173.893,544,0.87061,-49.9,-34.158,14.086,-37.5762,-39.0411,1.4649,28.97,180.6766,-1311.752,-1492.4286,0.0,44207.3536,-43755.4906,13.8048,13.6209,0.9867,0.0,28.97,class2_2026_04_27_15_38_31.csv,hard_negative,1,,background
180.593,565,0.904154,-21.935,-38.1022,13.4765,-37.5332,-35.3763,-2.1569,21.318,-4526.8905,1960.8589,6487.7494,-0.0,42540.7539,-43832.2931,13.8359,13.2625,0.9586,0.638,31.206,class2_2026_04_27_15_38_31.csv,hard_negative,2,,background
147.729,462,0.739618,-25.289,-41.2198,12.3004,-41.6803,-34.2959,-7.3844,27.849,255.0786,3145.7331,2890.6544,0.0,40222.5721,-38575.2382,11.8161,14.0716,1.1909,0.638,27.849,class2_2026_04_27_15_38_31.csv,hard_negative,3,,background
31.269,97,0.156551,-14.464,-14.4792,0.0896,-14.4458,-14.5388,0.093,0.132,-19.8692,-15.7832,4.0859,37.6176,278.9969,-241.3793,0.1212,0.1302,1.074,0.0,0.293,class2_2026_04_27_15_38_31.csv,stable_background,4,,background
5.105,15,0.025559,-8.828,-8.8293,1.9651,-3.8023,-12.9962,9.1938,4.983,-1113.6469,-956.6229,157.024,-2304.0752,-2125.3918,-2680.2508,2.8184,1.3738,0.4874,0.0,6.027,class2_2026_04_27_15_38_31.csv,stable_background,5,,background
101.145,316,0.506391,-15.986,-15.9346,0.6341,-14.8621,-16.7132,1.8511,1.34,-186.5131,-81.7787,104.7344,-807.21,-744.5141,-807.21,0.3427,0.2303,0.672,0.0,1.921,class2_2026_04_27_15_27_06.csv,manual_annotation,0,101.14,bend
131.776,412,0.659748,-18.397,-18.1517,2.0557,-12.7506,-32.7407,19.9901,3.371,-2071.8946,-3931.8533,-1859.9586,-2423.1959,-2273.5352,-10728.8417,3.2149,13.7974,4.2917,0.0,6.865,class2_2026_04_27_15_27_06.csv,manual_annotation,1,131.78,break
127.628,399,0.63898,-7.804,-10.7647,3.0392,-15.8902,-15.5069,-0.3833,8.75,1123.064,-2769.0486,-3892.1126,625.3918,10185.8204,-2703.7618,2.2888,4.7616,2.0804,2.871,9.492,class2_2026_04_27_15_27_06.csv,manual_annotation,2,127.63,connector
144.857,453,0.725239,-49.9,-35.3001,13.2717,-38.1327,-40.9929,2.8602,29.065,-715.5389,-3729.6639,-3014.125,42258.7668,42258.7668,-45556.431,13.2946,12.6552,0.9519,0.0,29.065,class2_2026_04_27_15_27_06.csv,hard_negative,0,,background
117.098,366,0.586261,-17.011,-16.947,0.3247,-16.7404,-16.8126,0.0722,0.3325,-122.9395,11.9571,134.8966,954.5674,1184.9545,-385.5768,0.3226,0.233,0.7224,0.0,1.195,class2_2026_04_27_15_27_06.csv,hard_negative,1,,background
193.037,604,0.966456,-49.9,-31.5994,12.9436,-36.09,-31.8046,-4.2854,1.701,2539.8194,-643.5883,-3183.4078,-43189.6599,42990.5987,-43369.9091,13.8323,12.8893,0.9318,0.0,27.803,class2_2026_04_27_15_27_06.csv,hard_negative,2,,background
178.998,560,0.896168,-49.9,-31.7462,13.0297,-34.7906,-36.0668,1.2762,6.812,4847.019,-723.1045,-5570.1235,3438.8715,9029.7806,-46363.6395,13.6516,13.9244,1.02,0.0,29.58,class2_2026_04_27_15_27_06.csv,hard_negative,3,,background
76.577,239,0.383389,-14.608,-14.6442,0.066,-14.6114,-14.6798,0.0684,0.081,6.8531,-15.0568,-21.9099,-210.0313,131.8773,-210.0313,0.1028,0.0965,0.9383,1.596,0.2,class2_2026_04_27_15_27_06.csv,stable_background,4,,background
157.301,492,0.787541,-22.223,-38.0478,13.3753,-32.5572,-39.8706,7.3134,17.823,-3202.2202,1914.535,5116.7552,-44158.3119,44158.3119,-44158.3119,13.9196,12.6302,0.9074,0.957,28.822,class2_2026_04_27_15_27_06.csv,stable_background,5,,background
35.417,110,0.177318,-9.778,-11.8162,1.9124,-14.2864,-17.7264,3.4399,5.0875,275.8425,-2420.9235,-2696.766,2873.0408,6020.3762,-2540.7524,0.7675,8.7336,11.3787,2.233,5.303,class3_2026_05_14_13_09_36.csv,manual_annotation,0,35.42,connector
39.246,122,0.196488,-18.036,-18.0079,1.9005,-13.4122,-26.5471,13.1349,2.7015,-1173.002,-1207.9499,-34.9479,-2375.6492,-1597.1787,-5470.2194,2.3295,10.7019,4.594,0.0,5.596,class3_2026_05_14_13_09_36.csv,manual_annotation,1,39.25,break
94.445,295,0.472847,-22.147,-28.1497,11.7547,-30.3951,-26.4378,-3.9573,2.585,2239.1715,3754.1279,1514.9563,-42825.4938,45570.5361,-42825.4938,12.4871,10.7379,0.8599,0.0,30.19,class3_2026_05_14_13_09_36.csv,hard_negative,0,,background
174.531,546,0.873804,-49.9,-31.4519,13.0936,-38.0853,-34.5452,-3.5401,17.434,-902.1491,191.6596,1093.8087,0.0,41347.9655,-46311.9138,13.2277,13.7952,1.0429,0.0,29.547,class3_2026_05_14_13_09_36.csv,hard_negative,1,,background
176.445,552,0.883387,-49.9,-34.4551,13.8901,-36.3086,-34.5842,-1.7243,5.0855,2055.7574,-514.3519,-2570.1093,37971.79,46311.9138,-45647.3386,13.631,13.7529,1.0089,0.0,29.547,class3_2026_05_14_13_09_36.csv,hard_negative,2,,background
105.931,331,0.530352,-24.723,-24.6886,9.0643,-24.6623,-27.8834,3.2211,2.784,2201.4399,-271.075,-2472.5149,-48155.1755,7302.5094,-48155.1755,9.1682,11.8113,1.2883,0.0,30.723,class3_2026_05_14_13_09_36.csv,stable_background,3,,background
127.947,400,0.640577,-4.064,-6.1374,2.2709,-14.5433,-11.9809,-2.5624,12.3985,2646.5894,-2634.1769,-5280.7663,-1912.2257,15728.4476,-3184.953,4.4715,4.2183,0.9434,3.828,7.86,class3_2026_05_14_13_33_21.csv,manual_annotation,0,127.95,connector
133.69,418,0.66933,-18.445,-18.719,1.944,-11.182,-29.7976,18.6156,2.6535,-2554.8923,-1918.2118,636.6805,-5186.5204,-1631.6614,-44741.3824,4.2797,12.6487,2.9555,0.0,5.517,class3_2026_05_14_13_33_21.csv,manual_annotation,1,133.69,break
186.656,584,0.934509,-28.382,-38.8902,12.4871,-38.3177,-36.2303,-2.0874,28.053,-3226.1635,1489.2044,4715.3679,43550.1599,43550.1599,-43550.1599,13.0956,13.7423,1.0494,0.957,28.053,class3_2026_05_14_13_33_21.csv,hard_negative,0,,background
83.596,261,0.41853,-16.275,-16.4572,0.2641,-16.5523,-16.5289,-0.0234,0.445,7.6472,-10.849,-18.4962,783.6991,1916.9279,-592.4765,0.2997,0.209,0.6974,0.638,0.973,class3_2026_05_14_13_33_21.csv,hard_negative,1,,background
152.196,476,0.761982,-23.288,-34.5283,13.8559,-40.7459,-33.2012,-7.5447,31.21,1613.6658,-3069.9003,-4683.5661,-6293.1019,48918.4969,-38166.1489,13.0062,13.4285,1.0325,1.914,31.21,class3_2026_05_14_13_33_21.csv,hard_negative,2,,background
174.212,545,0.872207,-49.9,-32.6219,12.4944,-33.9706,-35.613,1.6424,6.33,-211.5197,-2547.3255,-2335.8059,31667.7163,31667.7163,-45501.569,12.8309,13.0053,1.0136,0.0,29.03,class3_2026_05_14_13_33_21.csv,stable_background,3,,background
101.783,318,0.509585,-19.288,-22.8983,9.7241,-12.9538,-28.7804,15.8266,3.4865,-2672.0649,412.5517,3084.6166,-702.1944,-702.1944,-45003.1379,3.6233,11.4407,3.1575,0.0,33.494,class3_2026_05_14_14_39_37.csv,manual_annotation,0,101.78,break
96.678,302,0.484026,-8.472,-10.7398,2.5819,-14.2979,-14.5856,0.2877,6.7915,438.6351,-2672.0649,-3110.6999,4020.3762,7738.2445,-2717.8683,1.0031,4.3199,4.3065,2.552,6.923,class3_2026_05_14_14_39_37.csv,manual_annotation,1,96.68,connector
166.873,522,0.835464,-49.9,-37.1724,14.2346,-32.6746,-37.4034,4.7288,4.935,2381.743,2686.0739,304.3309,-44634.7994,46225.7069,-44634.7994,13.8221,13.992,1.0123,0.0,29.492,class3_2026_05_14_14_39_37.csv,hard_negative,0,,background
167.192,523,0.837061,-49.9,-33.9052,14.3127,-32.6746,-35.8523,3.1777,4.2045,-413.0119,814.8086,1227.8204,-0.0,46225.7069,-44847.9639,13.8221,14.0681,1.0178,0.0,29.492,class3_2026_05_14_14_39_37.csv,hard_negative,1,,background
163.364,511,0.817896,-49.9,-34.7629,13.6433,-35.7773,-35.9884,0.2111,17.6645,1723.1601,-2619.8592,-4343.0194,38148.951,45564.2665,-38089.3433,14.1754,13.9751,0.9859,0.0,29.815,class3_2026_05_14_14_39_37.csv,hard_negative,2,,background
119.332,373,0.597446,-21.815,-34.7244,13.5915,-33.7964,-38.1934,4.397,6.5385,-2386.4545,3297.9775,5684.432,-40166.1473,42396.5549,-40166.1473,13.0095,13.1332,1.0095,1.276,28.221,class3_2026_05_14_14_39_37.csv,stable_background,3,,background
127.628,399,0.63898,-5.963,-8.8497,2.8644,-13.9622,-13.5929,-0.3693,8.8215,1154.6743,-2636.5193,-3791.1936,572.1003,9721.0031,-2710.0313,2.2515,4.4613,1.9814,2.871,8.8,class1_2026_04_27_14_36_54.csv,manual_annotation,0,127.63,connector
132.733,415,0.664539,-19.503,-19.0799,2.2991,-11.4231,-30.8924,19.4693,3.2465,-2636.5193,-4768.0862,-2131.5668,-3120.6912,-1645.7665,-3164.5752,3.8565,13.4946,3.4991,0.0,7.861,class1_2026_04_27_14_36_54.csv,manual_annotation,1,132.73,break
161.768,506,0.809905,-49.9,-43.4388,12.0894,-37.5388,-35.9673,-1.5714,29.485,-936.1932,-478.5863,457.6068,0.0,46214.7351,-0.0,13.8894,13.9976,1.0078,0.0,29.485,class1_2026_04_27_14_36_54.csv,hard_negative,0,,background
160.811,503,0.805114,-20.415,-43.3769,12.2038,-35.9547,-40.697,4.7423,29.485,-4437.7267,5082.9914,9520.7182,-0.0,46214.7351,-46214.7351,14.0175,13.0753,0.9328,0.638,29.485,class1_2026_04_27_14_36_54.csv,hard_negative,1,,background
156.025,488,0.781152,-23.249,-34.2323,14.0446,-35.1594,-39.0194,3.86,29.972,-967.6938,-1901.8917,-934.1979,-1424.7665,46978.0611,-45832.2915,13.3841,13.7065,1.0241,1.914,29.972,class1_2026_04_27_14_36_54.csv,hard_negative,2,,background
50.413,157,0.252397,-14.641,-14.5743,0.0568,-14.5929,-14.6184,0.0256,0.1065,3.8772,-17.9237,-21.8009,-199.0596,227.2727,-199.0596,0.1055,0.0734,0.6959,0.0,0.163,class1_2026_04_27_14_36_54.csv,stable_background,3,,background
58.709,183,0.293932,-15.366,-15.399,0.7,-14.6647,-16.6603,1.9956,0.658,-50.9263,-264.2992,-213.3729,-1445.1411,180.621,-1445.1411,0.1075,0.4753,4.4209,0.0,2.155,class2_2026_04_27_15_51_31.csv,manual_annotation,0,58.71,bend
131.138,410,0.656553,-16.987,-17.0227,2.1344,-13.1778,-28.892,15.7142,4.372,-626.6829,-2270.9658,-1644.2829,-3263.0826,-1858.9342,-3949.8433,3.19,13.1057,4.1084,0.0,6.255,class2_2026_04_27_15_51_31.csv,manual_annotation,1,131.14,break
127.628,399,0.63898,-8.244,-11.084,2.7896,-16.2867,-18.7188,2.4321,8.7805,1147.2161,-2602.0631,-3749.2792,659.8746,9557.9937,-2863.6364,2.2759,11.5581,5.0785,2.871,8.509,class2_2026_04_27_15_51_31.csv,manual_annotation,2,127.63,connector
194.632,609,0.974441,-49.9,-37.9422,13.384,-40.5561,-36.0863,-4.4699,28.395,-2084.8189,-3102.7008,-1017.8819,0.0,4068.9671,-41719.9473,13.2304,13.8429,1.0463,0.0,28.395,class2_2026_04_27_15_51_31.csv,hard_negative,0,,background
189.208,592,0.947286,-49.9,-37.2456,14.1861,-34.57,-40.5561,5.9861,30.435,1872.0719,-202.3342,-2074.4061,0.0,6830.721,-0.0,13.7631,13.2304,0.9613,0.0,30.435,class2_2026_04_27_15_51_31.csv,hard_negative,1,,background
170.383,533,0.853037,-27.13,-32.3074,12.6301,-28.607,-44.0404,15.4334,18.8105,-453.6244,323.7651,777.3896,-45307.2147,44007.8401,-45307.2147,11.559,11.0521,0.9562,1.914,29.255,class2_2026_04_27_15_51_31.csv,hard_negative,2,,background
142.624,446,0.714059,-49.9,-43.5069,11.9625,-40.5363,-45.2831,4.7468,29.238,-192.709,-1419.2362,-1226.5271,-0.0,45827.5878,-44357.3699,13.2565,10.3368,0.7798,0.0,29.238,class2_2026_04_27_15_51_31.csv,hard_negative,3,,background
161.449,505,0.808308,-49.9,-43.58,11.8437,-40.8179,-36.5356,-4.2823,29.902,2290.7812,6064.0224,3773.2413,-46868.3433,46868.3433,-46868.3433,12.8701,13.5241,1.0508,0.0,29.902,class2_2026_04_27_15_51_31.csv,stable_background,4,,background
94.125,294,0.471245,-17.051,-17.1623,0.2853,-17.082,-17.0159,-0.0661,0.564,-70.879,1.9165,72.7954,-19.8889,639.5,-1410.6567,0.2487,0.3419,1.3747,0.0,0.99,class2_2026_04_27_15_51_31.csv,stable_background,5,,background
101.464,317,0.507988,-15.612,-15.495,0.7926,-14.7107,-16.5833,1.8726,0.848,-17.5357,-146.4987,-128.963,-1103.4483,335.4232,-1195.9248,0.1321,0.3124,2.3648,0.0,2.249,class2_2026_04_27_15_26_42.csv,manual_annotation,0,101.46,bend
131.138,410,0.656553,-16.815,-16.688,2.0745,-12.7812,-28.9481,16.1669,4.004,-620.8537,-4413.525,-3792.6713,-2471.9487,-2111.2853,-2882.442,3.1559,13.1019,4.1515,0.0,6.216,class2_2026_04_27_15_26_42.csv,manual_annotation,1,131.14,break
127.628,399,0.63898,-7.855,-10.7493,2.8782,-15.9887,-15.3638,-0.6248,8.7995,1196.988,-2613.662,-3810.65,592.4765,9827.5862,-2752.3511,2.3149,4.3089,1.8614,2.871,8.801,class2_2026_04_27_15_26_42.csv,manual_annotation,2,127.63,connector
144.219,451,0.722044,-49.9,-31.5561,13.0449,-31.9623,-38.2763,6.314,6.278,-3843.4626,-4884.6955,-1041.2329,44982.7618,44982.7618,-45986.3239,12.7818,13.1786,1.031,0.0,29.308,class2_2026_04_27_15_26_42.csv,hard_negative,0,,background
194.632,609,0.974441,-20.634,-34.6737,13.6921,-40.6238,-39.7727,-0.8511,29.54,-957.2319,-1098.4025,-141.1706,4034.4812,45871.4749,-45871.4749,13.189,13.1358,0.996,1.276,29.54,class2_2026_04_27_15_26_42.csv,hard_negative,1,,background
162.406,508,0.813099,-49.9,-37.163,14.2529,-34.8564,-37.6869,2.8305,19.3395,114.6441,1442.6205,1327.9765,0.0,44122.2602,-47289.9718,13.5501,13.7034,1.0113,0.0,30.171,class2_2026_04_27_15_26_42.csv,hard_negative,2,,background
159.854,500,0.800322,-23.268,-37.8638,13.4995,-38.0165,-39.0079,0.9914,29.605,2730.0175,426.8221,-2303.1953,46402.8245,46402.8245,-46402.8245,13.3749,13.687,1.0233,0.957,29.605,class2_2026_04_27_15_26_42.csv,hard_negative,3,,background
67.643,211,0.33866,-14.655,-14.6129,0.1174,-14.628,-14.6486,0.0206,0.237,-5.71,-43.2157,-37.5057,169.279,279.4531,-492.163,0.1012,0.1079,1.066,0.0,0.314,class2_2026_04_27_15_26_42.csv,stable_background,4,,background
176.445,552,0.883387,-23.482,-35.7441,12.7824,-35.2943,-36.4437,1.1494,7.932,-2758.7436,-133.5419,2625.2017,-40434.1708,41407.5266,-40434.1708,13.3167,13.6193,1.0227,0.957,27.846,class2_2026_04_27_15_26_42.csv,stable_background,5,,background
127.628,399,0.63898,-2.367,-5.7733,3.9111,-13.6607,-9.9017,-3.7589,12.2935,1886.4438,-2647.4327,-4533.8764,584.6395,14961.6378,-2744.5141,3.5372,4.3099,1.2185,3.509,12.601,class3_2026_05_14_13_22_54.csv,manual_annotation,0,127.63,connector
134.009,419,0.670927,-17.749,-18.6869,3.4021,-10.712,-30.7126,20.0006,2.718,-2529.1826,-3232.5948,-703.4122,-2852.6646,-1750.7821,-13736.6771,4.2622,13.716,3.2181,0.0,12.182,class3_2026_05_14_13_22_54.csv,manual_annotation,1,134.01,break
165.597,518,0.829075,-49.9,-43.7359,11.533,-34.7729,-39.3122,4.5393,28.069,-1144.6141,5702.7021,6847.3162,-42959.2492,43995.3025,-42959.2492,13.5599,13.3139,0.9819,0.0,28.069,class3_2026_05_14_13_22_54.csv,hard_negative,0,,background
175.807,550,0.880192,-23.864,-43.9609,11.1158,-36.0806,-38.1705,2.0899,27.416,-3831.7328,2086.1492,5917.8819,0.0,40808.7806,-40808.7806,13.8802,13.1516,0.9475,0.638,27.416,class3_2026_05_14_13_22_54.csv,hard_negative,1,,background
180.912,566,0.905751,-26.139,-35.2118,13.2155,-38.0441,-37.5394,-0.5047,29.579,2086.1492,3120.4867,1034.3375,0.0,41305.6442,-46362.0737,13.277,13.8476,1.043,0.638,29.579,class3_2026_05_14_13_22_54.csv,hard_negative,2,,background
106.25,332,0.53195,-15.339,-15.1619,0.1678,-15.1386,-15.1043,-0.0343,0.1535,-33.0312,-14.9776,18.0536,-183.3856,396.5517,-183.3856,0.1677,0.1173,0.6992,0.0,0.438,class3_2026_05_14_13_22_54.csv,stable_background,3,,background
47.222,147,0.236421,-15.522,-15.4111,1.4094,-14.4698,-18.5482,4.0784,1.7415,147.5925,-608.0268,-755.6193,-1764.8903,1228.8401,-3065.8307,0.332,1.2096,3.6429,0.0,4.22,class2_2026_04_27_15_45_39.csv,manual_annotation,0,47.22,bend
127.628,399,0.63898,-10.856,-13.7921,2.9249,-19.139,-22.9659,3.8269,8.369,1356.8911,-4529.116,-5886.0071,695.9248,9675.2857,-2827.5862,2.5272,12.7288,5.0368,2.871,9.242,class2_2026_04_27_15_45_39.csv,manual_annotation,1,127.63,connector
131.138,410,0.656553,-19.41,-23.008,9.9726,-15.8982,-41.1188,25.2206,3.807,-672.5354,-4353.315,-3680.7796,1013.696,1013.696,-49233.5455,3.289,12.6088,3.8336,0.0,33.57,class2_2026_04_27_15_45_39.csv,manual_annotation,2,131.14,break
179.955,563,0.90096,-20.874,-40.6829,13.1302,-39.2071,-44.8247,5.6176,30.094,-5092.4121,378.9946,5471.4066,-0.0,45495.2994,-45495.2994,13.4971,9.7864,0.7251,0.638,30.094,class2_2026_04_27_15_45_39.csv,hard_negative,0,,background
170.702,534,0.854634,-49.9,-34.8652,13.5828,-32.4008,-33.3898,0.9891,6.9365,-746.0603,2099.0605,2845.1209,0.0,9984.3276,-6653.6034,12.5346,13.3055,1.0615,0.0,30.879,class2_2026_04_27_15_45_39.csv,hard_negative,1,,background
118.694,371,0.594251,-20.634,-23.1583,9.4864,-19.9912,-21.7708,1.7796,1.166,-32.1744,1973.6287,2005.8031,-48981.1944,3730.4091,-48981.1944,0.9826,6.8896,7.0117,0.0,31.25,class2_2026_04_27_15_45_39.csv,hard_negative,2,,background
152.196,476,0.761982,-49.9,-31.1516,13.32,-34.8527,-31.7214,-3.1313,5.5195,2536.3672,-2021.5258,-4557.8931,0.0,6484.3245,-4758.6191,13.58,12.9804,0.9558,0.0,30.586,class2_2026_04_27_15_45_39.csv,hard_negative,3,,background
63.495,198,0.317893,-18.659,-20.3638,1.2313,-20.0635,-20.0403,-0.0232,0.8945,-497.0036,-241.6892,255.3144,4026.6458,5710.0313,-1208.4639,1.2128,1.7318,1.4279,0.638,3.954,class2_2026_04_27_15_45_39.csv,stable_background,4,,background
104.336,326,0.522367,-24.541,-20.3278,1.8867,-19.7344,-19.7648,0.0304,0.6525,-21.8838,151.1607,173.0446,155.174,693.2178,-5865.2038,0.6765,1.2454,1.8408,0.0,5.619,class2_2026_04_27_15_45_39.csv,stable_background,5,,background
20.42,63,0.102234,-16.07,-17.18,1.7265,-16.3786,-17.2232,0.8446,0.307,-35.51,749.9327,785.4428,344.791,523.5141,-7244.5125,0.172,1.8769,10.91,0.639,5.827,class2_2026_04_27_15_58_37.csv,manual_annotation,0,20.42,bend
127.628,399,0.63898,-8.212,-11.0284,2.7532,-16.0182,-17.5319,1.5138,8.4705,1143.9431,-3234.7866,-4378.7297,595.6113,9379.3103,-2705.3292,2.2016,9.0419,4.107,2.871,8.457,class2_2026_04_27_15_58_37.csv,manual_annotation,1,127.63,connector
131.776,412,0.659748,-18.627,-19.2592,2.9973,-13.1012,-40.5881,27.4869,2.853,-2081.3471,-5999.2512,-3917.9041,-8536.0517,-1471.8761,-48275.8652,3.1433,13.2425,4.213,0.0,9.155,class2_2026_04_27_15_58_37.csv,manual_annotation,2,131.78,break
98.912,309,0.495211,-17.36,-16.9676,0.2848,-16.6831,-16.7411,0.0581,0.215,-33.5383,37.2392,70.7775,67.8048,675.547,-1101.8793,0.3125,0.2035,0.6512,0.0,0.881,class2_2026_04_27_15_58_37.csv,hard_negative,0,,background
91.573,286,0.458468,-17.011,-16.6527,0.3249,-16.7307,-16.5902,-0.1405,0.43,-1.9205,-41.7812,-39.8607,873.0392,873.0392,-280.5658,0.3481,0.292,0.8388,0.0,1.053,class2_2026_04_27_15_58_37.csv,hard_negative,1,,background
192.08,601,0.961665,-49.9,-40.2744,13.619,-37.6678,-40.2341,2.5663,29.76,2435.7538,2923.788,488.0342,-43868.3401,45340.44,-46645.7727,13.7237,13.6813,0.9969,0.0,29.76,class2_2026_04_27_15_58_37.csv,hard_negative,2,,background
179.636,562,0.899363,-49.9,-34.8046,13.5719,-31.6706,-37.6641,5.9935,4.8675,2032.6182,2271.159,238.5408,-8150.4687,45915.3621,-37764.8934,12.9668,13.721,1.0582,0.0,29.294,class2_2026_04_27_15_58_37.csv,hard_negative,3,,background
5.105,15,0.025559,-8.824,-8.6419,1.9605,-3.5836,-13.6168,10.0332,4.506,-1117.8649,-1368.6686,-250.8037,-1576.8025,-1576.8025,-2863.6364,2.7977,2.0072,0.7175,0.0,5.583,class2_2026_04_27_15_58_37.csv,stable_background,4,,background
46.903,146,0.234824,-16.844,-16.6291,0.1525,-16.6539,-16.5519,-0.102,0.1585,44.1912,69.006,24.8148,-708.4639,349.5282,-708.4639,0.2162,0.2596,1.2006,0.0,0.452,class2_2026_04_27_15_58_37.csv,stable_background,5,,background
15.953,49,0.07987,-14.37,-14.7317,0.4409,-14.3401,-16.25,1.9099,0.399,-34.5481,-229.2329,-194.6848,-442.3992,368.3386,-1040.5124,0.1243,1.6578,13.34,0.958,1.299,class2_2026_04_27_16_03_03.csv,manual_annotation,0,15.95,bend
131.776,412,0.659748,-18.242,-21.957,10.2282,-12.6696,-33.3114,20.6418,3.246,-2041.7752,-5291.8007,-3250.0255,-3711.6003,-1535.9624,-42236.6818,3.0835,13.3368,4.3252,0.0,34.824,class2_2026_04_27_16_03_03.csv,manual_annotation,1,131.78,break
127.628,399,0.63898,-7.806,-10.6379,2.7524,-15.6102,-17.2236,1.6134,8.497,1153.9109,-2859.7427,-4013.6536,606.5831,9373.0408,-2710.0313,2.1895,9.1277,4.1688,2.871,8.464,class2_2026_04_27_16_03_03.csv,manual_annotation,2,127.63,connector
183.784,575,0.92013,-22.202,-40.8466,12.8845,-36.4519,-34.7666,-1.6853,6.806,-3036.9214,5662.4909,8699.4123,-0.0,46890.2868,-37409.0925,13.5498,13.5865,1.0027,0.638,29.916,class2_2026_04_27_16_03_03.csv,hard_negative,0,,background
142.943,447,0.715656,-34.976,-39.2736,12.4382,-31.7849,-41.0867,9.3018,17.42,-4211.0433,-191.3283,4019.715,0.0,45224.1395,-23391.8495,12.9241,12.5428,0.9705,0.0,28.853,class2_2026_04_27_16_03_03.csv,hard_negative,1,,background
181.55,568,0.908945,-49.9,-38.8527,12.4127,-35.0003,-39.2976,4.2972,27.575,3474.5712,2609.5044,-865.0667,-38943.2972,-53.2931,-38943.2972,13.4169,13.3308,0.9936,0.0,27.575,class2_2026_04_27_16_03_03.csv,hard_negative,2,,background
145.815,456,0.730035,-49.9,-41.6302,11.7822,-35.8111,-39.255,3.4439,28.303,1467.9273,2971.9141,1503.9868,-44362.0721,36509.3163,-44362.0721,12.9715,13.4018,1.0332,0.0,28.303,class2_2026_04_27_16_03_03.csv,hard_negative,3,,background
112.951,353,0.565499,-16.386,-16.5327,0.1871,-16.4847,-16.5756,0.0909,0.244,-46.2048,-60.7467,-14.5419,757.9506,757.9506,-589.3417,0.2148,0.2613,1.2166,0.0,0.532,class2_2026_04_27_16_03_03.csv,stable_background,4,,background
164.321,514,0.822687,-21.233,-31.5732,13.0262,-33.2627,-35.2182,1.9554,5.434,1522.514,-1876.277,-3398.7909,5927.8981,44932.605,-45258.6238,13.3892,13.4191,1.0022,0.957,29.322,class2_2026_04_27_16_03_03.csv,stable_background,5,,background
127.628,399,0.639099,-5.902,-8.7916,2.8891,-13.8731,-13.2861,-0.5871,8.792,1133.0185,-2618.8359,-3751.8544,644.2006,9595.6113,-2727.2727,2.2345,4.1363,1.8511,2.871,8.934,class1_2026_04_27_14_47_50.csv,manual_annotation,0,127.63,connector
131.457,411,0.658272,-15.407,-15.5539,2.1937,-10.7844,-27.1696,16.3852,3.642,-1401.2701,-6089.6193,-4688.3492,-3338.558,-2386.5507,-3952.9781,3.1197,12.427,3.9834,0.0,7.065,class1_2026_04_27_14_47_50.csv,manual_annotation,1,131.46,break
142.624,446,0.714191,-19.947,-46.5719,9.4133,-34.6911,-45.6848,10.9937,29.953,-4752.7254,1668.2768,6421.0022,-0.0,46948.2774,-46948.2774,13.6531,9.438,0.6913,0.638,29.953,class1_2026_04_27_14_47_50.csv,hard_negative,0,,background
27.44,85,0.137406,-14.261,-14.2773,0.1325,-14.4447,-14.3952,-0.0495,0.4055,87.651,-31.9751,-119.626,-258.6207,556.4263,-462.3824,0.286,0.0953,0.3332,0.0,0.46,class1_2026_04_27_14_47_50.csv,hard_negative,1,,background
49.775,155,0.249249,-14.816,-14.5716,0.1192,-14.5298,-14.5197,-0.0101,0.1445,12.9729,6.1417,-6.8312,-4.7022,128.8453,-377.7429,0.0787,0.1168,1.4849,0.0,0.432,class1_2026_04_27_14_47_50.csv,hard_negative,2,,background
110.398,345,0.552819,-14.847,-14.8317,0.1166,-14.8193,-14.7753,-0.0441,0.22,16.3663,26.0753,9.709,-252.3511,208.4639,-252.3511,0.1272,0.113,0.8889,0.0,0.395,class1_2026_04_27_14_47_50.csv,stable_background,3,,background
35.417,110,0.177318,-13.467,-13.9874,0.504,-14.5247,-14.302,-0.2227,1.2885,47.918,-270.4062,-318.3242,1062.6959,1589.3417,-1161.442,0.1861,0.3909,2.1001,1.276,1.465,class3_2026_05_14_13_16_20.csv,manual_annotation,0,35.42,connector
127.628,399,0.63898,-11.599,-13.3081,1.1538,-14.4912,-24.6342,10.1429,3.174,285.9913,-5762.889,-6048.8803,159.8746,4106.5831,-3163.0094,0.6712,13.8355,20.6116,1.276,3.165,class3_2026_05_14_13_16_20.csv,manual_annotation,1,127.63,connector
130.18,407,0.651757,-17.958,-20.9851,10.3801,-14.2456,-34.0438,19.7982,3.2165,-235.9179,-4270.2937,-4034.3758,-3219.4342,-1952.9781,-46885.4542,1.357,14.2643,10.5114,0.0,35.491,class3_2026_05_14_13_16_20.csv,manual_annotation,2,130.18,break
182.827,572,0.915339,-49.9,-36.9538,14.4894,-34.6397,-36.0803,1.4406,7.4585,-1352.6241,-1992.6671,-640.043,1636.3652,45050.1583,-46686.5235,13.7307,13.9186,1.0137,0.0,30.281,class3_2026_05_14_13_16_20.csv,hard_negative,0,,background
193.675,606,0.96965,-19.452,-34.4037,13.9075,-38.0206,-34.8369,-3.1837,18.9405,1034.0515,1099.6385,65.5871,4053.2884,42073.6724,-47724.1411,13.3645,13.5361,1.0128,1.595,30.448,class3_2026_05_14_13_16_20.csv,hard_negative,1,,background
175.488,549,0.878595,-49.9,-34.6217,13.6812,-36.5846,-31.6771,-4.9075,3.4725,-368.6889,906.3941,1275.083,-0.0,-0.0,-764.8887,13.3772,12.9712,0.9696,0.0,28.779,class3_2026_05_14_13_16_20.csv,hard_negative,2,,background
190.803,597,0.955271,-49.9,-40.6788,13.0834,-36.3652,-34.8199,-1.5453,6.369,-813.7777,2192.3608,3006.1385,-41616.755,41551.7288,-47404.3918,13.6233,13.5673,0.9959,0.0,30.244,class3_2026_05_14_13_16_20.csv,hard_negative,3,,background
89.658,280,0.44888,-14.62,-14.6749,0.1342,-14.6939,-14.7085,0.0146,0.1985,-6.8524,-19.9505,-13.0981,61.5989,568.9655,-326.0188,0.1061,0.104,0.9804,0.0,0.403,class3_2026_05_14_13_16_20.csv,stable_background,4,,background
106.569,333,0.533547,-14.765,-14.8009,0.0809,-14.7431,-14.7582,0.0151,0.0715,-26.2629,-12.0131,14.2498,137.931,329.1536,-70.5329,0.1294,0.0943,0.7288,0.0,0.249,class3_2026_05_14_13_16_20.csv,stable_background,5,,background
55.518,173,0.277956,-15.989,-15.8319,0.6231,-14.7412,-16.6284,1.8873,1.348,-190.719,-10.546,180.173,-778.9953,-778.9953,-778.9953,0.3499,0.2445,0.6987,0.0,1.894,class2_2026_04_27_15_48_47.csv,manual_annotation,0,55.52,bend
131.457,411,0.65815,-17.314,-17.9396,2.702,-12.8452,-33.7997,20.9545,3.324,-1414.8885,-5599.2234,-4184.3349,-2327.5878,-1870.0648,-9180.2524,3.1374,14.433,4.6004,0.0,8.946,class2_2026_04_27_15_48_47.csv,manual_annotation,1,131.46,break
127.947,400,0.640577,-8.318,-10.2639,2.0031,-15.5109,-17.9097,2.3988,8.8565,1710.9431,-2793.9451,-4504.8882,-2004.7022,9493.7304,-3122.2571,2.9277,8.7941,3.0037,2.871,6.83,class2_2026_04_27_15_48_47.csv,manual_annotation,2,127.95,connector
159.854,500,0.800322,-49.9,-38.5377,12.7559,-34.9889,-40.9173,5.9284,27.623,589.1845,-1438.4998,-2027.6843,-4989.0282,43111.1861,-35774.2978,13.4074,12.7824,0.9534,0.0,27.623,class2_2026_04_27_15_48_47.csv,hard_negative,0,,background
179.955,563,0.90096,-49.9,-44.3211,10.5273,-37.4464,-42.4522,5.0058,28.022,-1489.8405,-1974.9829,-485.1424,-0.0,5916.9279,-0.0,13.966,12.1143,0.8674,0.0,28.022,class2_2026_04_27_15_48_47.csv,hard_negative,1,,background
167.83,525,0.840255,-49.9,-40.2422,13.6598,-42.0672,-34.8446,-7.2226,29.46,-1581.2303,1716.2886,3297.519,0.0,0.0,-3937.3025,12.6714,13.5332,1.068,0.0,29.46,class2_2026_04_27_15_48_47.csv,hard_negative,2,,background
186.337,583,0.932912,-49.9,-30.9941,13.4088,-40.9436,-34.5734,-6.3702,29.953,2414.9303,-5201.3467,-7616.277,2000.7105,46948.2774,-46937.3072,12.7662,13.7916,1.0803,0.0,29.953,class2_2026_04_27_15_48_47.csv,hard_negative,3,,background
83.277,260,0.416933,-16.375,-16.6362,0.2245,-16.7169,-16.8261,0.1092,0.5,81.5802,-2.7255,-84.3056,-962.3793,609.7179,-1230.4075,0.2802,0.2346,0.8372,0.957,0.682,class2_2026_04_27_15_48_47.csv,stable_background,4,,background
96.359,301,0.482429,-16.575,-16.64,0.2341,-16.7145,-16.8616,0.1471,0.504,-31.0624,-149.1775,-118.1152,-554.8589,622.2555,-554.8589,0.2118,0.3113,1.4697,0.0,0.655,class2_2026_04_27_15_48_47.csv,stable_background,5,,background
74.343,232,0.372273,-15.304,-15.3086,0.6176,-14.6879,-16.3131,1.6251,0.8565,6.0914,-194.8392,-200.9306,-1655.1724,268.0251,-1655.1724,0.1061,0.3621,3.4121,0.0,1.565,class2_2026_04_27_15_34_41.csv,manual_annotation,0,74.34,bend
127.628,399,0.639099,-7.712,-10.6123,2.8717,-15.6938,-16.766,1.0722,8.725,1165.3495,-2491.9061,-3657.2556,579.9373,9673.9812,-2710.0313,2.2486,8.9959,4.0006,2.871,8.856,class2_2026_04_27_15_34_41.csv,manual_annotation,1,127.63,connector
132.095,413,0.661467,-18.318,-22.0624,10.0572,-12.7051,-32.7497,20.0447,2.373,-2401.7144,-2843.4969,-441.7825,-1934.1677,-1274.7745,-48246.0862,3.2602,13.7804,4.2268,0.0,33.771,class2_2026_04_27_15_34_41.csv,manual_annotation,2,132.09,break
151.558,474,0.758928,-49.9,-38.3132,13.0217,-38.2475,-32.1413,-6.1062,5.108,1157.5902,2885.8889,1728.2987,0.0,43054.8621,0.0,13.1142,12.6985,0.9683,0.0,27.469,class2_2026_04_27_15_34_41.csv,hard_negative,0,,background
143.9,450,0.720581,-22.159,-37.4029,13.9848,-39.1226,-41.2608,2.1382,29.381,895.2197,-2011.9367,-2907.1563,3799.3762,43481.1944,-46051.7288,13.5228,12.3082,0.9102,1.276,29.381,class2_2026_04_27_15_34_41.csv,hard_negative,1,,background
192.718,603,0.965038,-24.27,-32.0497,12.7643,-30.8247,-30.3478,-0.4769,2.83,-693.6386,2240.4346,2934.0732,-0.0,46482.7633,-40172.4169,12.1397,12.2648,1.0103,0.0,29.656,class2_2026_04_27_15_34_41.csv,hard_negative,2,,background
140.71,440,0.704607,-49.9,-40.4904,13.3163,-39.2024,-36.1929,-3.0094,29.349,-2921.1975,-1590.4873,1330.7102,-0.0,43992.1661,-46001.569,13.4748,13.7396,1.0196,0.0,29.349,class2_2026_04_27_15_34_41.csv,hard_negative,3,,background
115.184,360,0.576785,-16.548,-16.7227,0.178,-16.6548,-16.7308,0.076,0.1295,34.0522,38.6608,4.6086,14.1082,304.0752,-799.3746,0.2048,0.2298,1.1219,0.638,0.528,class2_2026_04_27_15_34_41.csv,stable_background,4,,background
16.592,51,0.083085,-14.581,-14.5333,0.1178,-14.4388,-14.6075,0.1687,0.1685,-61.5215,-41.0095,20.5121,39.185,434.7214,-352.6646,0.1572,0.3848,2.447,0.0,0.419,class2_2026_04_27_15_34_41.csv,stable_background,5,,background
22.973,71,0.115016,-14.805,-15.18,0.2794,-14.7441,-16.0059,1.2618,0.4035,-221.8973,-355.6617,-133.7644,258.6207,725.7053,-757.0533,0.3823,0.5807,1.519,1.276,0.925,class2_2026_04_27_16_05_17.csv,manual_annotation,0,22.97,bend
131.138,410,0.656553,-17.34,-17.5163,2.5773,-13.388,-30.7159,17.3279,3.8575,-603.6669,-247.5534,356.1135,-1535.085,-1535.085,-44768.0298,3.179,13.6374,4.2898,0.0,8.009,class2_2026_04_27_16_05_17.csv,manual_annotation,1,131.14,break
127.628,399,0.63898,-8.463,-11.3757,2.9486,-16.4069,-17.5767,1.1698,8.547,1058.4748,-2799.4883,-3857.9631,658.3072,9851.8814,-2733.5423,2.2547,8.8598,3.9295,2.871,9.247,class2_2026_04_27_16_05_17.csv,manual_annotation,2,127.63,connector
160.492,502,0.803517,-22.555,-34.9212,13.4634,-38.0914,-38.9689,0.8775,29.971,2345.8198,4861.6771,2515.8573,-38500.0031,38500.0031,-42860.5047,13.3032,13.757,1.0341,1.276,29.971,class2_2026_04_27_16_05_17.csv,hard_negative,0,,background
171.978,538,0.861022,-24.475,-34.9833,13.4042,-37.5262,-38.0226,0.4964,28.989,3544.812,-2513.5089,-6058.3209,6203.7586,39851.1003,-45001.3415,13.8679,13.4491,0.9698,1.277,28.989,class2_2026_04_27_16_05_17.csv,hard_negative,1,,background
40.203,125,0.20128,-17.589,-17.1556,0.225,-17.0482,-17.1094,0.0612,0.2885,-109.9945,25.1931,135.1876,-3.1364,318.3409,-553.29,0.2847,0.2322,0.8157,0.0,0.784,class2_2026_04_27_16_05_17.csv,hard_negative,2,,background
174.85,547,0.875401,-21.141,-34.4043,13.9241,-33.0018,-39.7303,6.7284,20.001,-2297.4526,-17.4175,2280.0351,39507.8401,41283.7006,-46181.8197,13.5384,12.9061,0.9533,1.276,29.693,class2_2026_04_27_16_05_17.csv,hard_negative,3,,background
80.725,252,0.404156,-16.584,-17.0553,0.3585,-17.0401,-17.0049,-0.0351,0.5075,-27.4072,42.6325,70.0398,692.0267,692.0267,-1725.7038,0.2933,0.3965,1.3518,0.958,1.195,class2_2026_04_27_16_05_17.csv,stable_background,4,,background
65.09,203,0.325879,-16.941,-16.9631,0.1597,-17.0342,-17.02,-0.0142,0.425,16.2477,-52.9935,-69.2412,17.2398,536.0502,-271.1567,0.214,0.2541,1.1877,0.0,0.597,class2_2026_04_27_16_05_17.csv,stable_background,5,,background
104.655,327,0.523964,-15.539,-15.516,0.6484,-14.7547,-16.5713,1.8167,0.866,-66.0327,-174.0347,-108.0019,-1575.2335,229.786,-1575.2335,0.155,0.3561,2.2971,0.0,1.706,class2_2026_04_27_15_25_04.csv,manual_annotation,0,104.66,bend
131.457,411,0.65815,-17.296,-17.212,1.9351,-12.6796,-32.6023,19.9227,3.592,-1371.9701,-4158.2334,-2786.2633,-3669.2821,-2243.1702,-49789.9702,3.1574,13.9198,4.4086,0.0,5.992,class2_2026_04_27_15_25_04.csv,manual_annotation,1,131.46,break
127.947,400,0.640577,-8.137,-10.1122,2.0678,-15.3461,-19.2032,3.8571,8.875,1674.7746,-2494.4222,-4169.1968,-1981.1912,9915.3605,-3260.1881,2.9052,11.5178,3.9645,2.871,7.103,class2_2026_04_27_15_25_04.csv,manual_annotation,2,127.95,connector
157.62,493,0.789138,-21.221,-29.4814,11.0616,-31.8007,-39.41,7.6093,5.106,-275.0101,-3872.3661,-3597.356,-4669.279,44951.4122,-39862.0721,12.9073,13.1687,1.0203,0.957,28.679,class2_2026_04_27_15_25_04.csv,hard_negative,0,,background
154.43,483,0.773167,-20.528,-34.4712,13.8498,-36.0154,-33.5929,-2.4225,4.858,-947.279,-167.308,779.9711,38973.3574,46109.667,-46037.6207,13.8996,13.1,0.9425,0.638,29.372,class2_2026_04_27_15_25_04.csv,hard_negative,1,,background
162.087,507,0.811502,-49.9,-40.7946,12.8961,-35.2316,-37.7851,2.5535,17.5335,-4447.0476,3116.1047,7563.1522,-0.0,426.3307,-45280.5929,13.1837,13.5795,1.03,0.0,29.025,class2_2026_04_27_15_25_04.csv,hard_negative,2,,background
161.768,506,0.809905,-49.9,-40.7946,12.8961,-33.6359,-39.3454,5.7094,17.5335,-2019.629,2699.2174,4718.8464,-41689.6583,41263.3276,-41689.6583,13.0492,13.2647,1.0165,0.0,29.025,class2_2026_04_27_15_25_04.csv,hard_negative,3,,background
191.123,598,0.956873,-23.358,-34.7889,13.5619,-32.6298,-31.2976,-1.3322,4.0365,-1380.8445,822.7909,2203.6353,-43007.0742,42948.2774,-45810.348,12.3539,13.1953,1.0681,0.0,29.227,class2_2026_04_27_15_25_04.csv,stable_background,4,,background
31.588,98,0.158148,-14.417,-14.4851,0.0986,-14.4241,-14.5254,0.1013,0.145,-19.5416,4.4167,23.9583,-384.0125,178.6834,-384.0125,0.0979,0.1268,1.2946,0.0,0.34,class2_2026_04_27_15_25_04.csv,stable_background,5,,background
134.647,421,0.674121,-18.433,-18.0524,1.1814,-11.5419,-31.5708,20.0288,1.91,-2433.6125,-4340.3931,-1906.7806,-1620.6897,-1326.0172,-2542.3197,4.1249,14.6348,3.5479,0.0,4.091,class3_2026_05_14_13_43_17.csv,manual_annotation,0,134.65,break
35.736,111,0.178915,-9.77,-11.6744,1.5078,-13.9946,-13.5072,-0.4874,4.595,561.132,-889.2249,-1450.3568,-242.9467,5666.1442,-2194.3574,1.14,1.2951,1.1361,2.233,4.694,class3_2026_05_14_13_43_17.csv,manual_annotation,1,35.74,connector
127.628,399,0.63898,-1.661,-5.1407,4.0983,-13.2609,-9.1578,-4.1032,12.369,1930.3757,-2644.9259,-4575.3016,703.7618,15903.6342,-2727.2727,3.6497,4.3124,1.1816,3.828,13.218,class3_2026_05_14_13_43_17.csv,manual_annotation,2,127.63,connector
149.963,469,0.750802,-49.9,-35.5468,13.2571,-37.0602,-31.0123,-6.0478,7.178,-2732.1259,338.5998,3070.7257,-36429.4687,36438.3303,-36429.4687,13.0684,13.479,1.0314,0.0,29.967,class3_2026_05_14_13_43_17.csv,hard_negative,0,,background
157.62,493,0.789138,-21.968,-24.8616,8.8851,-29.4907,-35.6432,6.1524,1.8825,2079.6309,-2221.5988,-4301.2297,-42489.0313,219.4357,-42832.0278,12.7912,14.2763,1.1161,0.0,29.474,class3_2026_05_14_13_43_17.csv,hard_negative,1,,background
183.146,573,0.916936,-49.9,-37.3004,14.0902,-36.0895,-41.0403,4.9508,28.93,5899.0254,892.0435,-5006.9819,-44344.8307,4958.89,-44344.8307,13.8364,12.7008,0.9179,0.0,28.93,class3_2026_05_14_13_43_17.csv,hard_negative,2,,background
170.064,532,0.85144,-22.833,-32.6917,12.3119,-37.7817,-33.3856,-4.3961,5.438,994.6597,-101.9848,-1096.6445,-2379.3135,42424.768,-42424.768,13.6077,13.2778,0.9758,0.638,28.119,class3_2026_05_14_13_43_17.csv,hard_negative,3,,background
65.409,204,0.327476,-14.42,-14.5972,0.1227,-14.6274,-14.5864,-0.041,0.1935,7.5774,4.6347,-2.9428,-100.3135,503.1348,-241.3793,0.0936,0.1023,1.0927,0.638,0.368,class3_2026_05_14_13_43_17.csv,stable_background,4,,background
193.675,606,0.96965,-49.9,-38.4419,13.034,-35.9507,-40.6701,4.7194,29.277,723.0898,811.8479,88.7581,31180.2539,31180.2539,-43934.1708,14.0216,13.214,0.9424,0.0,29.277,class3_2026_05_14_13_43_17.csv,stable_background,5,,background
35.736,111,0.178915,-9.282,-11.4326,1.6951,-14.0326,-23.5273,9.4948,5.355,712.167,-8598.6445,-9310.8115,-603.4483,6103.4483,-3072.1003,1.3616,14.5546,10.689,2.233,5.352,class3_2026_05_14_12_57_24.csv,manual_annotation,0,35.74,connector
38.607,120,0.193289,-17.157,-20.4796,10.6711,-13.0165,-35.6823,22.6658,3.201,-204.8131,-2709.4489,-2504.6358,-3341.6912,-2106.5831,-47465.5188,2.0208,14.2903,7.0717,0.0,36.343,class3_2026_05_14_12_57_24.csv,manual_annotation,1,38.61,break
73.386,229,0.367413,-24.679,-31.3288,13.1884,-35.1738,-32.1276,-3.0462,4.76,439.7515,574.45,134.6985,-0.0,46532.9185,-45382.4498,13.3443,12.6573,0.9485,0.0,29.688,class3_2026_05_14_12_57_24.csv,hard_negative,0,,background
167.511,524,0.838658,-24.197,-35.7079,12.7345,-32.3948,-36.2862,3.8914,5.532,-3403.962,-269.8695,3134.0925,-4789.9671,43547.0235,-40107.6505,12.6862,12.2996,0.9695,0.957,27.783,class3_2026_05_14_12_57_24.csv,hard_negative,1,,background
67.005,209,0.335466,-24.853,-37.6937,13.6794,-35.2837,-35.1738,-0.1099,7.3525,965.5734,3629.2061,2663.6327,-44174.9534,39350.5458,-44174.9534,13.3516,13.3443,0.9995,0.958,28.577,class3_2026_05_14_12_57_24.csv,hard_negative,2,,background
24.887,77,0.124599,-14.168,-14.3066,0.1465,-14.8062,-14.3661,-0.4401,0.3355,22.0316,-57.9055,-79.9371,493.7304,979.6238,-476.353,0.5112,0.1117,0.2184,1.277,0.488,class3_2026_05_14_12_57_24.csv,stable_background,3,,background
127.628,399,0.63898,-5.935,-8.8309,2.8848,-13.917,-13.6973,-0.2197,8.8215,1151.1431,-2702.2958,-3853.4389,586.2069,9484.326,-2761.7555,2.2464,4.6471,2.0687,2.871,8.986,class1_2026_04_27_14_38_31.csv,manual_annotation,0,127.63,connector
132.095,413,0.661345,-17.57,-17.673,2.6088,-10.9747,-27.9151,16.9404,3.5,-2455.2295,-4695.1212,-2239.8917,-3296.2398,-1967.3956,-5967.0846,3.3248,11.9431,3.5922,0.0,7.899,class1_2026_04_27_14_38_31.csv,manual_annotation,1,132.09,break
164.64,515,0.824284,-26.114,-37.3996,14.0786,-42.0557,-40.6141,-1.4416,30.298,1505.4529,184.5515,-1320.9014,-0.0,1816.616,-45894.989,12.6863,13.1415,1.0359,0.638,30.298,class1_2026_04_27_14_38_31.csv,hard_negative,0,,background
152.196,476,0.761982,-49.9,-33.8887,14.3313,-37.8991,-31.3637,-6.5353,3.871,4679.0449,563.8732,-4115.1716,-1438.873,3067.3966,-44554.8605,13.6259,13.1515,0.9652,0.0,29.684,class1_2026_04_27_14_38_31.csv,hard_negative,1,,background
167.83,525,0.840255,-22.618,-40.7706,12.9153,-40.5068,-33.1596,-7.3472,28.141,-1313.0569,3998.9392,5311.9961,-2190.9316,44108.152,-42823.3885,13.3383,13.4256,1.0065,1.277,28.141,class1_2026_04_27_14_38_31.csv,hard_negative,2,,background
77.215,241,0.386583,-14.722,-14.7213,0.0666,-14.6962,-14.6845,-0.0117,0.1315,-38.1138,-2.8084,35.3054,282.1317,282.1317,-206.8966,0.1198,0.0804,0.6713,0.0,0.216,class1_2026_04_27_14_38_31.csv,stable_background,3,,background
121.884,381,0.610222,-15.986,-15.8647,0.6065,-14.8922,-15.1883,0.2961,0.0,-150.7644,55.9496,206.714,-199.4421,-199.4421,-797.8072,0.3204,2.8436,8.8746,0.0,1.772,class2_2026_04_27_15_17_19.csv,manual_annotation,0,121.88,bend
131.776,412,0.659748,-19.7,-18.6138,2.2591,-12.7222,-27.9054,15.1832,3.367,-2107.863,-1104.6983,1003.1646,-2557.9937,-2557.9937,-7567.3966,3.2051,11.8449,3.6957,0.0,6.228,class2_2026_04_27_15_17_19.csv,manual_annotation,1,131.78,break
127.628,399,0.63898,-7.779,-10.6499,2.8417,-15.6442,-15.6875,0.0433,8.61,1093.5744,-2822.144,-3915.7183,605.0157,9758.6207,-2742.9467,2.2054,4.8696,2.208,2.871,8.669,class2_2026_04_27_15_17_19.csv,manual_annotation,2,127.63,connector
193.994,607,0.971247,-49.9,-41.4856,11.9004,-37.2178,-37.0644,-0.1534,15.9675,905.8582,3813.0547,2907.1965,0.0,39473.3574,-0.0,12.8062,12.9089,1.008,0.0,25.523,class2_2026_04_27_15_17_19.csv,hard_negative,0,,background
164.002,513,0.82109,-49.9,-41.9887,11.4072,-38.3883,-40.686,2.2977,28.213,-69.9937,3315.5523,3385.546,-37899.6912,44221.0063,-37899.6912,13.0477,13.0571,1.0007,0.0,28.213,class2_2026_04_27_15_17_19.csv,hard_negative,1,,background
182.508,571,0.913742,-23.905,-40.775,12.9447,-42.3365,-37.6966,-4.6399,29.86,-992.4952,2555.6727,3548.1679,46802.5094,46802.5094,-46802.5094,12.2259,13.7144,1.1218,0.957,29.86,class2_2026_04_27_15_17_19.csv,hard_negative,2,,background
144.857,453,0.725239,-21.843,-37.4626,13.9295,-37.4364,-38.0186,0.5822,29.214,5606.4595,1784.9158,-3821.5437,-40514.5889,43976.4922,-43770.4599,13.9765,13.3827,0.9575,0.958,29.214,class2_2026_04_27_15_17_19.csv,hard_negative,3,,background
59.985,187,0.30032,-14.501,-14.6214,0.1294,-14.6579,-14.6037,-0.0542,0.208,-15.2004,0.9758,16.1761,54.8589,605.0157,-374.6082,0.1273,0.0825,0.6484,1.276,0.421,class2_2026_04_27_15_17_19.csv,stable_background,4,,background
107.207,335,0.536741,-14.758,-14.7457,0.0878,-14.7966,-14.7541,-0.0426,0.155,14.5145,6.4351,-8.0793,-214.7335,307.21,-214.7335,0.0913,0.1044,1.1431,0.0,0.294,class2_2026_04_27_15_17_19.csv,stable_background,5,,background
62.219,194,0.311505,-15.758,-15.5063,0.6975,-14.7016,-16.365,1.6634,0.8955,-54.0448,-88.3265,-34.2817,-430.46,-252.3511,-1590.9075,0.1791,0.299,1.6694,0.0,2.049,class2_2026_04_27_15_53_29.csv,manual_annotation,0,62.22,bend
127.628,399,0.63898,-7.7,-10.6019,2.9056,-15.7682,-15.3237,-0.4444,8.8775,1136.349,-2939.3328,-4075.6819,589.3417,9670.8464,-2805.6426,2.2793,4.4378,1.947,2.871,8.988,class2_2026_04_27_15_53_29.csv,manual_annotation,1,127.63,connector
131.457,411,0.65815,-17.698,-17.7094,2.5825,-12.6199,-33.8407,21.2208,3.8165,-1415.8549,-6822.677,-5406.8221,-3278.9984,-2326.267,-6631.6599,3.1533,14.4144,4.5713,0.0,9.05,class2_2026_04_27_15_53_29.csv,manual_annotation,2,131.46,break
185.379,580,0.928115,-49.9,-37.7988,13.5865,-37.035,-36.5539,-0.4811,18.8445,-3705.338,-3675.5098,29.8282,37749.2194,43905.9592,-4735.1082,13.0285,13.4446,1.0319,0.0,28.961,class2_2026_04_27_15_53_29.csv,hard_negative,0,,background
156.982,491,0.785944,-23.019,-35.3436,13.121,-44.4444,-37.3087,-7.1357,29.426,1608.889,-5058.7857,-6667.6748,-0.0,37547.0251,-9192.79,10.217,13.2127,1.2932,0.638,29.426,class2_2026_04_27_15_53_29.csv,hard_negative,1,,background
164.959,516,0.825881,-23.378,-27.9749,11.7638,-37.0057,-34.6911,-2.3146,13.134,5402.183,2732.4379,-2669.7451,-44404.3918,43786.8354,-46653.6082,13.4916,13.6781,1.0138,1.914,29.883,class2_2026_04_27_15_53_29.csv,hard_negative,2,,background
159.854,500,0.800322,-23.272,-34.8716,13.6529,-36.8391,-38.2494,1.4104,30.71,4892.3606,5402.183,509.8224,0.0,6811.9138,-48134.7978,13.1845,13.5888,1.0307,0.638,30.71,class2_2026_04_27_15_53_29.csv,hard_negative,3,,background
11.486,35,0.057506,-14.446,-14.3563,0.1071,-13.2048,-14.4491,1.2443,0.126,-438.7275,-29.2728,409.4547,-390.3149,68.9655,-390.3149,1.2,0.0884,0.0736,0.0,0.336,class2_2026_04_27_15_53_29.csv,stable_background,4,,background
95.083,297,0.476041,-16.275,-16.5762,0.157,-16.5957,-16.5984,0.0027,0.3235,-15.908,1.2387,17.1467,615.9875,615.9875,-547.0235,0.1335,0.2202,1.6498,0.957,0.487,class2_2026_04_27_15_53_29.csv,stable_background,5,,background
27.121,84,0.135784,-14.453,-14.674,0.3601,-14.6515,-15.6933,1.0418,0.928,164.1169,-266.5129,-430.6298,-368.3386,142.6332,-810.3448,0.4709,0.4423,0.9393,5.424,1.017,class2_2026_04_27_16_08_08.csv,manual_annotation,0,27.12,bend
131.457,411,0.65815,-17.129,-17.3208,2.1762,-12.4998,-29.2203,16.7206,3.868,-1420.2498,-3073.1956,-1652.9458,-3796.2367,-1929.4914,-4015.674,3.1095,12.8951,4.147,0.0,6.382,class2_2026_04_27_16_08_08.csv,manual_annotation,1,131.46,break
127.947,400,0.640577,-8.019,-9.9239,1.9476,-15.0161,-16.0099,0.9938,8.712,1627.641,-2627.5129,-4255.1539,-1992.163,9189.6552,-3257.0533,2.8461,4.3303,1.5215,2.871,6.633,class2_2026_04_27_16_08_08.csv,manual_annotation,2,127.95,connector
154.111,482,0.77157,-21.094,-37.3374,14.081,-33.1703,-35.8091,2.6388,5.0435,1075.4327,2115.858,1040.4253,-282.1905,47782.1332,-42136.3668,13.4215,14.1078,1.0511,0.639,30.485,class2_2026_04_27_16_08_08.csv,hard_negative,0,,background
170.383,533,0.853037,-25.997,-35.2164,13.202,-34.6987,-33.4625,-1.2362,3.45,2665.6604,1022.0997,-1643.5607,-1365.2038,44619.1238,-43253.9201,13.6344,13.1727,0.9661,0.0,28.467,class2_2026_04_27_16_08_08.csv,hard_negative,1,,background
188.889,591,0.945689,-49.9,-40.9541,12.6575,-36.7277,-37.1978,0.4701,17.823,-463.9504,-2798.2027,-2334.2523,974.9201,40879.3135,-41854.2335,13.281,12.8729,0.9693,0.0,27.729,class2_2026_04_27_16_08_08.csv,hard_negative,2,,background
158.577,496,0.793929,-21.374,-33.8293,14.3815,-34.2188,-37.6217,3.4029,17.6985,2656.1444,4234.9277,1578.7832,279.4475,43882.4483,-45498.4357,14.0555,13.786,0.9808,0.639,29.814,class2_2026_04_27_16_08_08.csv,hard_negative,3,,background
119.651,374,0.599043,-15.973,-16.3212,0.2879,-16.3599,-16.3491,-0.0109,0.3675,-15.4117,-35.089,-19.6773,1357.3652,1357.3652,-394.9843,0.3061,0.2023,0.6611,0.638,1.079,class2_2026_04_27_16_08_08.csv,stable_background,4,,background
38.607,120,0.193289,-16.154,-16.0524,0.2027,-16.0626,-16.1516,0.0889,0.405,-3.1888,-62.9448,-59.756,542.3197,542.3197,-605.0172,0.1828,0.1555,0.8507,0.0,0.722,class2_2026_04_27_16_08_08.csv,stable_background,5,,background
35.417,110,0.177318,-11.252,-12.6508,1.3543,-14.2963,-13.6462,-0.6501,3.48,126.1083,-785.0493,-911.1576,2526.6458,4484.326,-1915.3605,0.4634,1.1417,2.4635,2.233,3.842,class3_2026_05_14_13_47_19.csv,manual_annotation,0,35.42,connector
96.997,303,0.485624,-6.108,-8.881,2.7105,-13.7569,-12.8733,-0.8836,8.4385,1125.1814,-2283.8615,-3409.0429,344.8276,9145.768,-2689.6552,2.1952,3.4575,1.5751,2.872,8.505,class3_2026_05_14_13_47_19.csv,manual_annotation,1,97.0,connector
127.628,399,0.63898,-4.406,-7.8788,4.0453,-15.969,-12.1019,-3.8671,12.174,1909.059,-2623.9941,-4533.053,673.9812,15414.3926,-2736.6771,3.6238,4.6368,1.2795,3.509,12.967,class3_2026_05_14_13_47_19.csv,manual_annotation,2,127.63,connector
101.783,318,0.509585,-16.401,-16.2766,1.0123,-11.0087,-17.4616,6.4528,1.878,-2355.3981,10.9268,2366.3248,-844.8307,-844.8307,-1111.2884,3.2116,0.513,0.1597,0.0,3.011,class3_2026_05_14_13_47_19.csv,manual_annotation,3,101.78,bend
133.052,416,0.666136,-19.18,-18.1154,1.9294,-10.4082,-29.1316,18.7234,3.1485,-2650.7293,-1655.0072,995.7221,-4932.6003,-1981.1912,-4932.6003,4.1817,12.959,3.099,0.0,5.818,class3_2026_05_14_13_47_19.csv,manual_annotation,4,133.05,break
186.975,585,0.936106,-33.477,-41.6541,12.1544,-37.1971,-39.1157,1.9186,29.884,-3716.4783,518.3528,4234.8311,-0.0,25741.3809,-25741.3809,14.2412,13.5368,0.9505,0.638,29.884,class3_2026_05_14_13_47_19.csv,hard_negative,0,,background
149.644,468,0.749205,-21.971,-37.9064,13.5214,-39.2558,-35.7066,-3.5492,30.221,-2302.1129,2058.8209,4360.9339,5867.0289,43796.2024,-43775.8636,13.4161,14.2383,1.0613,1.277,30.221,class3_2026_05_14_13_47_19.csv,hard_negative,1,,background
167.83,525,0.840255,-21.434,-37.9492,13.3851,-39.1638,-38.2707,-0.8931,28.466,-868.7233,662.7833,1531.5066,43302.0518,43302.0518,-44678.683,13.5256,13.0472,0.9646,0.958,28.466,class3_2026_05_14_13_47_19.csv,hard_negative,2,,background
150.92,472,0.755594,-49.9,-37.2697,14.1458,-34.5375,-35.8098,1.2723,6.085,-376.8253,-988.5702,-611.7448,-2316.6129,5867.0289,-45051.7273,13.8275,14.1334,1.0221,0.0,30.221,class3_2026_05_14_13_47_19.csv,hard_negative,3,,background
187.613,587,0.9393,-49.9,-44.9746,9.6039,-36.2847,-39.1157,2.8309,27.906,-4476.7674,-230.4321,4246.3353,-0.0,25741.3809,-43739.8166,13.9206,13.5368,0.9724,0.0,27.906,class3_2026_05_14_13_47_19.csv,hard_negative,4,,background
176.126,551,0.88179,-49.9,-34.3469,13.9819,-35.4814,-39.2702,3.7888,30.615,3339.837,394.1555,-2945.6815,-0.0,13047.0219,-5172.4862,13.1184,13.3493,1.0176,0.0,30.615,class3_2026_05_14_13_47_19.csv,hard_negative,5,,background
117.418,367,0.587863,-18.299,-18.0241,0.5976,-17.763,-17.5969,-0.1661,0.436,-197.5779,1.048,198.6259,2178.5353,2178.5353,-79.9357,0.5577,0.4065,0.729,0.0,2.101,class3_2026_05_14_13_47_19.csv,hard_negative,6,,background
148.367,464,0.742812,-49.9,-37.9883,13.4348,-39.1883,-34.2799,-4.9084,30.257,3443.2935,2353.6304,-1089.6632,0.0,40763.326,-0.0,13.4811,14.0535,1.0425,0.0,30.257,class3_2026_05_14_13_47_19.csv,hard_negative,7,,background
74.024,231,0.370607,-14.659,-14.6146,0.076,-14.6098,-14.6424,0.0327,0.107,47.391,-37.0145,-84.4055,-122.2571,90.9091,-147.3354,0.1176,0.111,0.9441,0.0,0.257,class3_2026_05_14_13_47_19.csv,stable_background,8,,background
65.728,205,0.329073,-14.583,-14.478,0.1054,-14.5421,-14.5852,0.0431,0.254,30.6255,-89.6342,-120.2598,360.5016,360.5016,-410.6177,0.0827,0.1489,1.7997,0.0,0.286,class3_2026_05_14_13_47_19.csv,stable_background,9,,background
63.176,197,0.316296,-15.11,-15.3786,0.8297,-14.5834,-16.8209,2.2375,0.9615,2.3939,-289.2026,-291.5965,-1565.8307,194.7717,-1565.8307,0.1212,0.502,4.141,0.0,2.175,class2_2026_04_27_15_54_02.csv,manual_annotation,0,63.18,bend
131.138,410,0.656553,-16.924,-20.3778,10.6251,-13.0655,-29.0587,15.9932,3.701,-638.3107,-3972.8616,-3334.5509,-1806.1433,-1806.1433,-46115.989,3.088,12.9961,4.2086,0.0,36.264,class2_2026_04_27_15_54_02.csv,manual_annotation,1,131.14,break
127.628,399,0.63898,-8.216,-11.0499,2.7864,-16.2262,-17.4106,1.1844,8.799,1254.5776,-4981.2745,-6235.852,572.1003,9427.8997,-2727.2727,2.2793,8.9597,3.931,2.871,8.58,class2_2026_04_27_15_54_02.csv,manual_annotation,2,127.63,connector
172.297,539,0.862619,-19.898,-28.6836,11.4513,-35.3211,-40.5656,5.2444,30.002,2067.216,294.8835,-1772.3325,315.6135,42122.2618,-44501.5721,13.1088,13.2239,1.0088,2.553,30.002,class2_2026_04_27_15_54_02.csv,hard_negative,0,,background
191.123,598,0.956873,-23.976,-34.8847,13.4413,-34.829,-41.107,6.278,28.241,1620.6338,-3100.3315,-4720.9653,-1788.9102,44264.8934,-42456.116,13.6359,12.4494,0.913,1.596,28.241,class2_2026_04_27_15_54_02.csv,hard_negative,1,,background
183.146,573,0.916936,-49.9,-36.1218,12.599,-41.1187,-32.3212,-8.7975,18.643,-1820.9811,-1733.0668,87.9143,-0.0,43867.9214,-7225.7069,12.5586,12.6735,1.0091,0.0,28.43,class2_2026_04_27_15_54_02.csv,hard_negative,2,,background
168.788,528,0.845051,-49.9,-37.9557,13.3727,-30.8396,-36.3102,5.4706,3.2815,-862.0751,2929.992,3792.0672,-40388.7179,44092.4812,-40590.9122,11.9937,13.6403,1.1373,0.0,28.131,class2_2026_04_27_15_54_02.csv,hard_negative,3,,background
91.573,286,0.458468,-17.134,-16.9804,0.2261,-17.0447,-17.1053,0.0606,0.3395,3.1958,-7.9855,-11.1814,-79.9389,938.8699,-655.174,0.2034,0.2546,1.2517,0.0,0.653,class2_2026_04_27_15_54_02.csv,stable_background,4,,background
119.013,372,0.595849,-17.157,-17.1591,0.2148,-17.271,-17.1901,-0.0809,0.3605,-48.3414,-61.9086,-13.5672,366.7696,802.5094,-468.652,0.3056,0.2739,0.8961,0.0,0.746,class2_2026_04_27_15_54_02.csv,stable_background,5,,background
56.156,175,0.28115,-15.913,-15.6822,0.7122,-14.6689,-16.7311,2.0622,1.0345,-104.3923,-196.6371,-92.2448,-346.395,-346.395,-1114.4216,0.2619,0.3546,1.3536,0.0,2.155,class2_2026_04_27_15_50_35.csv,manual_annotation,0,56.16,bend
127.947,400,0.640577,-8.678,-10.6123,2.0144,-15.9741,-18.1736,2.1995,9.01,1767.7374,-2814.1306,-4581.8681,-2009.4044,9673.5738,-3112.8527,2.9903,8.6784,2.9022,2.871,6.9,class2_2026_04_27_15_50_35.csv,manual_annotation,1,127.95,connector
131.138,410,0.656553,-17.069,-17.2592,2.328,-13.2098,-30.1419,16.9322,4.054,-579.0548,-3805.522,-3226.4672,-3011.6918,-2437.3041,-4628.5282,3.1682,12.5621,3.965,0.0,7.261,class2_2026_04_27_15_50_35.csv,manual_annotation,2,131.14,break
141.667,443,0.709268,-21.334,-36.9908,14.4341,-39.8547,-40.1627,0.3079,29.22,-1511.4879,-1847.869,-336.3811,-51.7257,45791.5408,-45739.815,12.7849,13.7872,1.0784,1.276,29.22,class2_2026_04_27_15_50_35.csv,hard_negative,0,,background
156.344,489,0.782749,-21.222,-37.5993,13.8083,-33.2716,-35.1244,1.8528,4.2345,-3098.8398,1804.4358,4903.2755,44970.2226,44970.2226,-44949.8464,13.3263,13.3138,0.9991,0.957,28.877,class2_2026_04_27_15_50_35.csv,hard_negative,1,,background
148.686,465,0.744409,-22.982,-37.7702,13.6657,-40.4868,-31.4296,-9.0572,18.29,1231.0661,-1618.673,-2849.7391,8761.7555,42191.2257,-45428.3517,13.3891,13.1377,0.9812,1.276,29.964,class2_2026_04_27_15_50_35.csv,hard_negative,2,,background
178.998,560,0.896168,-49.9,-37.9096,13.4419,-38.1479,-35.688,-2.4599,28.979,4065.2925,-556.0409,-4621.3334,-41374.6113,43216.3056,-45421.6332,13.1893,14.2365,1.0794,0.0,28.979,class2_2026_04_27_15_50_35.csv,hard_negative,3,,background
87.106,272,0.436103,-17.13,-17.1273,0.2366,-17.0979,-17.1431,0.0452,0.3485,-4.7634,55.3999,60.1633,-813.4812,960.8135,-899.6865,0.3371,0.3006,0.8916,0.0,0.847,class2_2026_04_27_15_50_35.csv,stable_background,4,,background
192.08,601,0.961665,-49.9,-32.3896,12.5297,-36.3014,-32.7553,-3.5461,4.88,1315.8115,-2479.3716,-3795.1831,45496.8699,45496.8699,-43598.7492,13.6476,12.6475,0.9267,0.0,29.027,class2_2026_04_27_15_50_35.csv,stable_background,5,,background
84.234,263,0.421725,-15.646,-15.5637,0.8901,-14.6596,-17.0581,2.3985,1.1745,-0.3298,-182.0921,-181.7623,-1916.9279,592.4765,-1916.9279,0.1288,0.5459,4.2383,0.0,2.451,class2_2026_04_27_15_34_30.csv,manual_annotation,0,84.23,bend
131.138,410,0.656553,-17.353,-17.2816,2.0037,-13.4654,-33.479,20.0136,4.156,-625.9166,-5287.8712,-4661.9546,-2692.1409,-2216.3009,-2949.8433,3.1726,14.7214,4.6402,0.0,6.087,class2_2026_04_27_15_34_30.csv,manual_annotation,1,131.14,break
127.628,399,0.63898,-8.524,-11.419,2.8855,-16.4868,-17.4035,0.9167,8.6745,1138.7617,-2565.2169,-3703.9786,637.931,9534.8768,-2725.7053,2.251,8.7265,3.8767,2.871,9.036,class2_2026_04_27_15_34_30.csv,manual_annotation,2,127.63,connector
153.472,480,0.76837,-21.812,-37.6821,13.6778,-41.1517,-34.6359,-6.5158,28.905,1416.1077,1292.8082,-123.2995,45305.6442,45305.6442,-45093.3848,12.3781,13.7744,1.1128,0.958,28.905,class2_2026_04_27_15_34_30.csv,hard_negative,0,,background
186.656,584,0.934509,-49.9,-29.2613,11.3963,-37.3381,-38.4216,1.0836,30.387,7626.5087,-3037.4646,-10663.9733,-47628.5298,41920.0643,-47628.5298,14.0811,13.0045,0.9235,0.0,30.387,class2_2026_04_27_15_34_30.csv,hard_negative,1,,background
162.406,508,0.813099,-22.642,-41.2129,12.4161,-40.7718,-40.0493,-0.7226,29.13,-2244.9496,3901.3176,6146.2672,0.0,42724.1411,-42724.1411,13.0368,12.5242,0.9607,0.638,29.13,class2_2026_04_27_15_34_30.csv,hard_negative,2,,background
190.484,596,0.953674,-49.9,-38.2143,13.1835,-32.1978,-42.1326,9.9348,28.864,-793.7938,627.2617,1421.0556,-38722.5737,45241.384,-38722.5737,12.745,12.5366,0.9836,0.0,28.864,class2_2026_04_27_15_34_30.csv,hard_negative,3,,background
52.008,162,0.260382,-14.784,-14.6206,0.0961,-14.5943,-14.6077,0.0134,0.1495,14.8536,5.5689,-9.2848,-391.8495,291.5361,-391.8495,0.098,0.0935,0.9542,0.0,0.326,class2_2026_04_27_15_34_30.csv,stable_background,4,,background
30.312,94,0.15176,-14.399,-14.4358,0.1235,-14.3154,-14.5336,0.2182,0.22,-7.2326,28.0084,35.241,-424.7649,55.7113,-424.7649,0.119,0.1051,0.8831,0.0,0.418,class2_2026_04_27_15_34_30.csv,stable_background,5,,background
125.394,392,0.627796,-14.998,-15.2562,0.6981,-14.8092,-12.8492,-1.9599,0.1535,26.3263,587.6111,561.2847,-1377.7429,271.1599,-2445.1426,0.1007,2.9639,29.4321,0.0,1.92,class2_2026_04_27_15_22_37.csv,manual_annotation,0,125.39,bend
127.628,399,0.63898,-8.015,-10.93,2.6877,-14.4899,-17.4861,2.9962,6.8395,581.8816,-2774.8111,-3356.6927,611.2853,9299.373,-3318.1818,1.7613,9.0094,5.1152,2.552,8.295,class2_2026_04_27_15_22_37.csv,manual_annotation,1,127.63,connector
131.776,412,0.659748,-19.606,-22.1786,10.0789,-12.9859,-32.776,19.7901,3.4695,-2125.6189,-3609.6698,-1484.0509,-1377.7461,-1377.7461,-48369.9075,3.1436,13.7038,4.3593,0.0,34.769,class2_2026_04_27_15_22_37.csv,manual_annotation,2,131.78,break
154.111,482,0.77157,-23.812,-29.133,11.1814,-35.0153,-35.0603,0.045,4.153,255.5651,-4631.9463,-4887.5114,41695.5674,42553.2962,-36855.8025,13.3813,13.3258,0.9958,0.0,28.584,class2_2026_04_27_15_22_37.csv,hard_negative,0,,background
182.508,571,0.913742,-19.873,-34.1666,14.1051,-34.8812,-36.2285,1.3473,6.803,4019.0909,-611.1066,-4630.1975,-0.0,45060.0074,-44255.4875,13.4964,13.7542,1.0191,0.638,30.027,class2_2026_04_27_15_22_37.csv,hard_negative,1,,background
191.442,599,0.95847,-24.592,-38.8794,12.6389,-36.0623,-33.3138,-2.7485,5.9015,-3684.456,2091.3055,5775.7614,46039.1881,46039.1881,-46039.1881,12.7376,13.2922,1.0435,0.0,29.373,class2_2026_04_27_15_22_37.csv,hard_negative,2,,background
178.041,557,0.891377,-49.9,-37.8157,13.5339,-39.2187,-34.6637,-4.555,28.873,2822.6467,1839.5593,-983.0874,-0.0,-0.0,-40510.9734,13.4062,13.7039,1.0222,0.0,28.873,class2_2026_04_27_15_22_37.csv,hard_negative,3,,background
91.254,285,0.456871,-14.591,-14.6868,0.0521,-14.7163,-14.6504,-0.0659,0.0915,-0.5111,18.4015,18.9126,43.8871,300.4808,-200.627,0.0725,0.0943,1.3018,0.638,0.186,class2_2026_04_27_15_22_37.csv,stable_background,4,,background
65.09,203,0.325879,-14.745,-14.6814,0.1208,-14.644,-14.6773,0.0333,0.12,-11.979,28.0624,40.0414,-446.7085,112.8527,-446.7085,0.0919,0.1148,1.2493,0.0,0.386,class2_2026_04_27_15_22_37.csv,stable_background,5,,background
131.776,412,0.659748,-16.811,-16.5321,2.1662,-10.8756,-28.9371,18.0616,3.588,-2086.7179,-4241.9328,-2155.2149,-3490.5956,-2393.1289,-3490.5956,3.1751,13.2822,4.1833,0.0,6.883,class1_2026_04_27_14_37_46.csv,manual_annotation,0,131.78,break
127.309,398,0.637383,-6.693,-9.4967,3.4013,-14.3857,-12.7279,-1.6577,8.784,613.0052,-2673.9905,-3286.9957,4586.2069,9655.1724,-2642.6332,1.4137,4.3591,3.0836,2.871,8.797,class1_2026_04_27_14_37_46.csv,manual_annotation,1,127.31,connector
87.744,274,0.439298,-14.924,-14.8167,0.0985,-14.7339,-14.7581,0.0242,0.0175,-45.0344,46.9337,91.9681,324.4514,324.4514,-14.1066,0.1086,0.1366,1.2578,0.0,0.291,class1_2026_04_27_14_37_46.csv,hard_negative,0,,background
174.531,546,0.873804,-49.9,-39.6232,11.6144,-39.464,-36.9158,-2.5482,26.11,-5237.8898,1586.357,6824.2468,0.0,40924.7665,-35365.2069,13.1211,13.1803,1.0045,0.0,26.11,class1_2026_04_27_14_37_46.csv,hard_negative,1,,background
169.745,531,0.849843,-21.399,-34.9233,13.4689,-38.5627,-39.9597,1.397,29.051,2491.3929,-4480.5091,-6971.902,2410.6552,44672.4169,-45534.4843,12.8037,12.5216,0.978,1.595,29.051,class1_2026_04_27_14_37_46.csv,hard_negative,2,,background
194.632,609,0.974441,-49.9,-34.7121,13.5892,-40.8169,-32.7538,-8.0631,27.759,1975.9595,-3426.3499,-5402.3094,41742.9498,41742.9498,-1378.1007,12.9053,13.2987,1.0305,0.0,27.759,class1_2026_04_27_14_37_46.csv,stable_background,3,,background
45.308,141,0.226838,-15.764,-15.5709,0.703,-14.7116,-16.8101,2.0984,1.194,-53.6678,-250.1548,-196.487,-1084.6379,-244.5141,-1084.6379,0.1804,0.3667,2.0332,0.0,2.017,class2_2026_04_27_15_45_25.csv,manual_annotation,0,45.31,bend
131.776,412,0.659748,-18.79,-25.6312,13.2102,-13.2683,-36.2579,22.9897,3.153,-2100.309,-1496.774,603.535,-3208.4639,-1446.7683,-48761.7571,3.2475,13.806,4.2512,0.0,34.055,class2_2026_04_27_15_45_25.csv,manual_annotation,1,131.78,break
127.628,399,0.63898,-8.286,-11.2033,2.9596,-16.2177,-19.1712,2.9536,8.568,1066.1656,-4979.9731,-6046.1387,573.6677,10070.9494,-2749.2163,2.2533,11.6324,5.1624,2.871,9.371,class2_2026_04_27_15_45_25.csv,manual_annotation,2,127.63,connector
171.659,537,0.859425,-22.194,-28.1722,11.6855,-36.7872,-35.6411,-1.1462,19.6875,4610.886,-4059.0606,-8669.9466,-0.0,178.6803,-2489.0266,13.263,14.2782,1.0765,0.638,29.562,class2_2026_04_27_15_45_25.csv,hard_negative,0,,background
173.893,544,0.87061,-49.9,-34.1952,14.0784,-30.0785,-40.3397,10.2612,4.7,2074.0986,719.2125,-1354.8861,-45805.6442,644.0984,-45805.6442,12.3737,13.5337,1.0937,0.0,29.562,class2_2026_04_27_15_45_25.csv,hard_negative,1,,background
179.955,563,0.90096,-23.615,-38.1156,13.1764,-40.3397,-40.6517,0.312,26.92,855.0788,1008.9612,153.8824,-681.8197,42194.3605,-41512.5408,13.5337,13.111,0.9688,1.276,26.92,class2_2026_04_27_15_45_25.csv,hard_negative,2,,background
165.278,517,0.827478,-49.9,-40.4193,13.4099,-40.8741,-36.7872,-4.0868,28.903,-1028.2615,4383.5359,5411.7973,-0.0,1036.0486,-0.0,12.8064,13.263,1.0357,0.0,28.903,class2_2026_04_27_15_45_25.csv,hard_negative,3,,background
30.631,95,0.153357,-14.584,-14.4677,0.0989,-14.4018,-14.5231,0.1213,0.192,-12.912,-15.1412,-2.2292,-83.0721,79.9373,-551.7241,0.1037,0.1018,0.9819,0.0,0.332,class2_2026_04_27_15_45_25.csv,stable_background,4,,background
115.184,360,0.576678,-17.078,-17.3326,0.2563,-17.2254,-17.2373,0.0119,0.1895,-107.9858,63.3807,171.3665,-125.3918,799.3699,-1051.7226,0.3345,0.3461,1.0346,0.638,0.798,class2_2026_04_27_15_45_25.csv,stable_background,5,,background
100.188,313,0.5016,-16.667,-16.1466,0.7533,-14.8401,-16.9908,2.1507,1.412,-176.3356,-24.984,151.3517,-1083.0721,-784.9965,-1083.0721,0.3472,0.3195,0.9202,0.0,2.17,class2_2026_04_27_15_23_09.csv,manual_annotation,0,100.19,bend
127.628,399,0.63898,-8.054,-10.9487,2.8785,-16.1714,-17.3716,1.2002,8.898,1216.7964,-3135.6189,-4352.4153,656.7398,9595.6113,-2694.3574,2.2906,9.0186,3.9372,2.871,8.884,class2_2026_04_27_15_23_09.csv,manual_annotation,1,127.63,connector
131.776,412,0.659748,-19.008,-19.0766,2.6564,-13.0234,-39.1532,26.1298,3.088,-2101.6873,-3636.4028,-1534.7155,-8912.2241,-2421.1845,-48103.453,3.2217,13.5466,4.2048,0.0,8.049,class2_2026_04_27_15_23_09.csv,manual_annotation,2,131.78,break
154.749,484,0.774764,-20.759,-34.5959,13.716,-34.4513,-31.8047,-2.6466,3.4845,-2347.6774,1415.5815,3763.2588,0.0,3250.7821,-45675.5502,12.8084,12.849,1.0032,0.638,29.141,class2_2026_04_27_15_23_09.csv,hard_negative,0,,background
188.251,589,0.942494,-49.9,-41.9102,11.7476,-36.1699,-35.6091,-0.5608,10.6525,-1229.7208,1676.6944,2906.4152,-2572.1003,44981.1944,-42409.094,13.791,13.1801,0.9557,0.0,28.698,class2_2026_04_27_15_23_09.csv,hard_negative,1,,background
177.722,556,0.88978,-22.114,-37.1043,14.3126,-44.1759,-32.1818,-11.9941,29.602,2235.3981,431.163,-1804.2351,45404.3934,45404.3934,-45404.3934,10.8588,12.7617,1.1752,0.957,29.602,class2_2026_04_27_15_23_09.csv,hard_negative,2,,background
179.317,561,0.897766,-21.951,-35.5923,13.1272,-40.8611,-35.4393,-5.4218,29.602,4238.8152,1656.4666,-2582.3486,-11018.8072,46398.1223,-35379.315,12.9459,13.1218,1.0136,1.595,29.602,class2_2026_04_27_15_23_09.csv,hard_negative,3,,background
16.273,50,0.081472,-14.483,-14.5483,0.1075,-14.3845,-14.6284,0.2439,0.04,-40.9469,10.9153,51.8622,-340.4324,196.4567,-489.0282,0.1295,0.2662,2.0553,0.0,0.341,class2_2026_04_27_15_23_09.csv,stable_background,4,,background
163.683,512,0.819493,-49.9,-32.616,12.5474,-32.3958,-38.2677,5.8719,6.103,-1089.4718,-1777.2208,-687.7491,-1489.0298,29605.0204,-44004.7038,12.5586,13.0835,1.0418,0.0,29.025,class2_2026_04_27_15_23_09.csv,stable_background,5,,background
55.518,173,0.277956,-15.615,-15.4294,0.7793,-14.6062,-16.835,2.2288,1.0885,-14.966,-259.6864,-244.7204,-1487.4608,238.2445,-1487.4608,0.1536,0.455,2.9634,0.0,1.96,class2_2026_04_27_15_49_29.csv,manual_annotation,0,55.52,bend
127.628,399,0.63898,-8.429,-11.3613,2.9213,-16.6207,-15.9686,-0.6521,8.871,1184.5473,-2640.1149,-3824.6622,609.7179,9815.047,-2772.7273,2.3246,4.4978,1.9349,2.871,8.996,class2_2026_04_27_15_49_29.csv,manual_annotation,1,127.63,connector
131.776,412,0.659748,-17.968,-19.241,2.9607,-13.3906,-28.2625,14.8719,3.717,-2060.0702,-1226.9931,833.077,-4539.1881,-1547.3408,-6749.2163,3.2196,11.6525,3.6192,0.0,10.151,class2_2026_04_27_15_49_29.csv,manual_annotation,2,131.78,break
159.854,500,0.800322,-25.651,-37.9683,13.3887,-35.9992,-37.3435,1.3443,29.011,2080.5676,4037.4923,1956.9247,-41943.5784,38007.8417,-41943.5784,13.9155,14.0995,1.0132,0.957,29.011,class2_2026_04_27_15_49_29.csv,hard_negative,0,,background
188.889,591,0.945689,-21.913,-40.4331,13.394,-38.0171,-33.6505,-4.3666,6.773,-3298.4796,4091.9707,7390.4502,46023.5125,46023.5125,-46023.5125,13.3945,13.0985,0.9779,0.957,29.363,class2_2026_04_27_15_49_29.csv,hard_negative,1,,background
188.251,589,0.942494,-49.9,-37.7634,13.6334,-36.4762,-34.8406,-1.6357,5.6725,872.4569,1780.0384,907.5816,-0.0,5995.2962,-46023.5125,13.5335,13.5486,1.0011,0.0,29.363,class2_2026_04_27_15_49_29.csv,hard_negative,2,,background
165.597,518,0.829075,-20.479,-37.7774,13.6015,-37.6308,-33.2008,-4.4301,4.978,-362.9998,1816.4138,2179.4136,42869.9091,46114.4232,-46114.4232,13.8025,13.3382,0.9664,0.957,29.421,class2_2026_04_27_15_49_29.csv,hard_negative,3,,background
74.343,232,0.372204,-17.085,-17.1096,0.1587,-17.1414,-17.2082,0.0668,0.207,-8.8953,6.1554,15.0507,-540.7508,523.511,-540.7508,0.3429,0.3112,0.9075,0.0,0.452,class2_2026_04_27_15_49_29.csv,stable_background,4,,background
43.713,136,0.218853,-14.794,-14.6301,0.0931,-14.5706,-14.6159,0.0454,0.0675,-23.587,8.6459,32.2329,-51.4059,332.2884,-156.7398,0.0871,0.0785,0.902,0.0,0.265,class2_2026_04_27_15_49_29.csv,stable_background,5,,background
21.378,66,0.107031,-14.807,-15.2261,0.7518,-14.4851,-15.8177,1.3326,0.607,-31.2459,75.21,106.4559,-1032.9154,-23.511,-2263.3213,0.1406,0.366,2.6024,0.0,2.219,class2_2026_04_27_16_06_07.csv,manual_annotation,0,21.38,bend
131.776,412,0.659748,-18.223,-18.1689,1.9746,-12.6868,-32.6873,20.0005,3.2725,-2120.3214,-6458.199,-4337.8776,-2493.7335,-2225.7069,-45717.8715,3.2191,13.8666,4.3076,0.0,5.979,class2_2026_04_27_16_06_07.csv,manual_annotation,1,131.78,break
127.628,399,0.63898,-7.711,-10.6259,2.904,-15.5812,-16.7799,1.1987,8.6215,1097.6642,-2606.8408,-3704.505,589.3417,9579.9373,-2695.9248,2.2044,8.9425,4.0566,2.871,9.033,class2_2026_04_27_16_06_07.csv,manual_annotation,2,127.63,connector
153.472,480,0.76837,-21.533,-31.0021,13.3735,-34.8432,-33.1651,-1.6781,4.8215,3432.8487,1843.3064,-1589.5423,0.0,1228.837,-2286.8323,13.5724,13.4022,0.9875,0.638,29.287,class2_2026_04_27_16_06_07.csv,hard_negative,0,,background
172.297,539,0.862619,-22.343,-34.8034,13.5698,-40.3674,-39.3742,-0.9932,28.789,-464.115,-2889.2526,-2425.1375,-111.9109,45123.8276,-45023.5157,13.4882,13.2427,0.9818,1.596,28.789,class2_2026_04_27_16_06_07.csv,hard_negative,1,,background
89.02,278,0.445686,-16.406,-16.2579,0.1538,-16.1383,-16.2811,0.1428,0.2005,-42.4886,-12.413,30.0756,94.047,94.047,-119.1223,0.165,0.1868,1.1317,0.0,0.407,class2_2026_04_27_16_06_07.csv,hard_negative,2,,background
79.767,249,0.39936,-16.447,-16.2404,0.2444,-16.1957,-16.2107,0.0151,0.3565,-4.4265,20.4086,24.8351,64.2649,250.7821,-306.8655,0.1787,0.2202,1.2325,0.0,0.686,class2_2026_04_27_16_06_07.csv,hard_negative,3,,background
162.406,508,0.813099,-49.9,-40.6738,13.067,-34.9178,-40.4519,5.5341,29.13,-21.5239,-2027.0365,-2005.5126,2130.094,43528.2163,-45729.7631,13.4352,13.3699,0.9951,0.0,29.13,class2_2026_04_27_16_06_07.csv,stable_background,4,,background
61.261,191,0.306708,-16.233,-16.3039,0.1418,-16.1455,-16.2663,0.1208,0.175,-64.8557,-0.0019,64.8538,173.9812,173.9812,-351.0987,0.1409,0.188,1.335,0.0,0.47,class2_2026_04_27_16_06_07.csv,stable_background,5,,background
24.568,76,0.123002,-14.194,-14.5872,0.3862,-14.6967,-15.5251,0.8284,1.236,50.754,-221.1059,-271.86,-827.5862,824.4514,-1164.5768,0.4042,0.4107,1.0162,1.914,1.275,class2_2026_04_27_16_07_58.csv,manual_annotation,0,24.57,bend
127.628,399,0.63898,-7.517,-10.5679,2.9597,-15.5041,-15.6554,0.1513,8.7,1163.1569,-2791.9262,-3955.0831,603.4483,10097.1854,-3065.8307,2.2739,5.3103,2.3353,2.871,9.388,class2_2026_04_27_16_07_58.csv,manual_annotation,1,127.63,connector
131.776,412,0.659748,-17.768,-19.2983,4.3033,-12.6296,-31.3817,18.7521,3.724,-2159.3852,-7633.0479,-5473.6627,-5485.8934,-1742.9467,-14336.9906,3.288,13.3064,4.0469,0.0,15.54,class2_2026_04_27_16_07_58.csv,manual_annotation,2,131.78,break
166.554,521,0.833867,-49.9,-34.5569,13.795,-39.0166,-32.6589,-6.3576,7.9505,5005.6463,2424.459,-2581.1872,-5830.7194,5142.6332,-41034.4875,13.701,12.4477,0.9085,0.0,29.9,class2_2026_04_27_16_07_58.csv,hard_negative,0,,background
87.744,274,0.439298,-16.458,-16.2519,0.2459,-16.1176,-16.1947,0.0771,0.1105,-15.8481,74.269,90.1171,-532.9169,506.268,-532.9169,0.2586,0.2969,1.1479,0.0,0.798,class2_2026_04_27_16_07_58.csv,hard_negative,1,,background
178.998,560,0.896168,-20.673,-34.072,14.1859,-36.0011,-36.4377,0.4366,18.6195,1124.5187,672.4465,-452.0721,46105.0172,46105.0172,-46105.0172,13.9846,13.5567,0.9694,0.957,29.415,class2_2026_04_27_16_07_58.csv,hard_negative,2,,background
141.986,444,0.710865,-23.206,-30.0229,10.6661,-33.9417,-34.5799,0.6382,1.993,1110.5691,4366.9219,3256.3528,-36318.185,39683.3871,-41840.1301,12.8517,13.7513,1.07,0.638,26.694,class2_2026_04_27_16_07_58.csv,hard_negative,3,,background
5.105,15,0.025559,-8.824,-8.6402,1.9634,-3.5731,-12.8987,9.3257,4.48,-1118.8616,-1009.791,109.0706,-1587.7743,-1587.7743,-2865.2038,2.7955,1.478,0.5287,0.0,5.599,class2_2026_04_27_16_07_58.csv,stable_background,4,,background
117.418,367,0.587863,-16.217,-16.3706,0.3584,-16.3586,-16.3359,-0.0227,0.53,52.6404,21.8108,-30.8296,536.0653,550.1567,-1351.0987,0.2545,0.3046,1.1968,0.0,1.338,class2_2026_04_27_16_07_58.csv,stable_background,5,,background
58.709,183,0.293932,-16.27,-15.9434,0.9215,-14.7062,-17.494,2.7878,1.2765,-113.8506,-276.9735,-163.1229,-1371.4718,-551.7241,-1485.8934,0.2351,0.5483,2.3323,0.0,2.751,class2_2026_04_27_15_51_19.csv,manual_annotation,0,58.71,bend
127.628,399,0.63898,-8.922,-11.8029,2.9024,-16.9142,-18.1407,1.2265,8.6505,1062.8499,-2691.1717,-3754.0217,559.5611,9880.8777,-2675.5486,2.2795,8.925,3.9153,2.871,8.881,class2_2026_04_27_15_51_19.csv,manual_annotation,1,127.63,connector
131.138,410,0.656553,-17.704,-17.7846,2.3808,-13.8309,-34.2166,20.3856,4.0405,-615.5668,-7099.3423,-6483.7755,-2047.2612,-1887.1473,-47206.8997,3.171,14.1416,4.4597,0.0,8.214,class2_2026_04_27_15_51_19.csv,manual_annotation,2,131.14,break
154.749,484,0.774764,-21.841,-32.3588,12.7631,-31.3962,-36.8208,5.4246,4.2015,-1382.5384,-568.1204,814.4181,-16680.2524,43979.627,-44467.0862,13.1857,13.2598,1.0056,0.957,29.01,class2_2026_04_27_15_51_19.csv,hard_negative,0,,background
153.153,479,0.766773,-23.896,-31.8014,12.928,-35.9876,-33.6127,-2.3749,5.8915,2411.1881,-2512.5054,-4923.6935,-3227.2727,40758.6238,-44019.591,13.9946,13.1798,0.9418,0.0,30.261,class2_2026_04_27_15_51_19.csv,hard_negative,1,,background
161.768,506,0.809905,-49.9,-43.5128,11.9498,-39.4173,-33.4334,-5.9839,16.795,-1468.0721,2602.6507,4070.7228,0.0,0.0,-0.0,13.1737,13.1965,1.0017,0.0,28.961,class2_2026_04_27_15_51_19.csv,hard_negative,2,,background
174.212,545,0.872207,-23.684,-38.1204,13.1763,-36.7615,-40.6481,3.8866,27.316,10.6037,1165.1875,1154.5837,-0.0,42003.1395,-41090.9122,13.1902,13.1378,0.996,0.638,27.316,class2_2026_04_27_15_51_19.csv,hard_negative,3,,background
98.592,308,0.493609,-18.333,-17.5623,0.3548,-17.6017,-17.7264,0.1247,0.4575,30.097,-191.2895,-221.3865,713.2512,713.2512,-584.6379,0.3614,0.4891,1.3531,0.0,1.227,class2_2026_04_27_15_51_19.csv,stable_background,4,,background
85.511,267,0.428118,-17.92,-17.6426,0.326,-17.5707,-17.7322,0.1614,0.2425,-26.3464,-18.3776,7.9688,561.1317,561.1317,-1747.6489,0.3285,0.5076,1.5451,0.0,0.875,class2_2026_04_27_15_51_19.csv,stable_background,5,,background
134.328,420,0.672524,-18.644,-18.22,1.6728,-11.2177,-30.3719,19.1542,2.8675,-2494.7523,-3428.2681,-933.5158,-1537.6191,-1537.6191,-4525.0768,4.2086,13.8782,3.2976,0.0,5.971,class3_2026_05_14_13_22_18.csv,manual_annotation,0,134.33,break
127.309,398,0.637383,-2.863,-6.6311,4.9044,-13.9912,-8.7992,-5.1919,12.2455,1090.0385,-2618.7259,-3708.7644,4793.1034,15290.7604,-2652.0376,2.4301,4.2602,1.7531,3.509,12.83,class3_2026_05_14_13_22_18.csv,manual_annotation,1,127.31,connector
193.356,605,0.968053,-49.9,-38.6354,13.1304,-35.0403,-39.4612,4.4208,31.262,4677.8261,1856.8609,-2820.9651,-26020.3793,45206.8981,-26020.3793,13.5935,13.2759,0.9766,0.0,31.262,class3_2026_05_14_13_22_18.csv,hard_negative,0,,background
188.251,589,0.942494,-49.9,-40.2922,13.5884,-39.5419,-36.6521,-2.8898,29.032,3771.5814,4677.8261,906.2447,-0.0,-0.0,-44556.4295,13.05,13.5398,1.0375,0.0,29.032,class3_2026_05_14_13_22_18.csv,hard_negative,1,,background
152.834,478,0.765176,-19.713,-24.2207,9.1869,-39.0451,-35.8056,-3.2396,30.796,3902.0645,-5629.935,-9531.9994,753.9169,47315.0517,-5070.5345,13.6474,14.1397,1.0361,2.872,30.796,class3_2026_05_14_13_22_18.csv,hard_negative,2,,background
59.985,187,0.30032,-14.477,-14.536,0.1037,-14.618,-14.5714,-0.0466,0.28,24.6994,6.8741,-17.8253,429.4671,429.4671,-418.4953,0.0964,0.1081,1.1221,0.957,0.341,class3_2026_05_14_13_22_18.csv,stable_background,3,,background
68.919,215,0.345049,-15.124,-15.1116,0.3484,-14.1819,-15.4852,1.3033,0.8545,-64.3119,-5.5106,58.8012,-216.3009,-101.8809,-597.1787,0.7372,0.1737,0.2356,0.0,1.178,class3_2026_05_14_14_34_45.csv,manual_annotation,0,68.92,bend
66.047,206,0.33067,-12.939,-13.6969,0.7315,-14.5253,-14.8357,0.3104,2.0645,95.1132,-633.6153,-728.7285,1680.2508,2126.9592,-1633.8402,0.2339,0.9405,4.0208,1.596,2.131,class3_2026_05_14_14_34_45.csv,manual_annotation,1,66.05,connector
127.628,399,0.63898,-1.842,-5.3992,4.2225,-14.0303,-9.3482,-4.6821,12.344,2058.4855,-2642.7881,-4701.2736,702.1944,16518.8541,-2700.627,3.8773,4.3099,1.1116,3.828,13.663,class3_2026_05_14_14_34_45.csv,manual_annotation,2,127.63,connector
134.009,419,0.670927,-17.598,-17.5763,1.9824,-10.1416,-23.6875,13.5459,2.7325,-2510.6159,-2046.3083,464.3076,-2405.9545,-1445.1426,-2847.9639,4.2355,9.3608,2.2101,0.0,6.629,class3_2026_05_14_14_34_45.csv,manual_annotation,3,134.01,break
175.488,549,0.878595,-49.9,-33.9072,14.3611,-36.3751,-39.2545,2.8794,31.58,4787.3534,-2330.2604,-7117.6139,-41231.9781,41231.9781,-41231.9781,13.6299,13.458,0.9874,0.0,31.58,class3_2026_05_14_14_34_45.csv,hard_negative,0,,background
157.301,492,0.787541,-22.974,-41.085,12.4898,-34.5605,-37.7465,3.186,15.7235,-3915.5836,2315.7857,6231.3693,0.0,43536.0517,-42203.7633,13.7912,13.6425,0.9892,0.638,27.776,class3_2026_05_14_14_34_45.csv,hard_negative,1,,background
156.025,488,0.781152,-25.267,-38.0528,13.27,-35.9037,-34.7075,-1.1962,3.3965,-3903.0826,3220.9891,7124.0716,43536.0517,43536.0517,-43536.0517,14.0466,13.6438,0.9713,0.0,27.776,class3_2026_05_14_14_34_45.csv,hard_negative,2,,background
194.951,610,0.976038,-49.9,-40.5986,13.1722,-37.7219,-37.2223,-0.4996,29.335,3189.989,4151.2499,961.2609,-41402.8229,41402.8229,-41402.8229,13.6626,13.6147,0.9965,0.0,29.335,class3_2026_05_14_14_34_45.csv,hard_negative,3,,background
153.153,479,0.766773,-20.721,-28.0764,11.7828,-42.0224,-39.4092,-2.6132,30.574,7674.1474,-905.8493,-8579.9967,-47921.6332,38642.6364,-47921.6332,12.7458,13.1696,1.0332,1.914,30.574,class3_2026_05_14_14_34_45.csv,hard_negative,4,,background
166.235,520,0.832269,-49.9,-40.7651,12.9782,-39.3594,-38.0271,-1.3323,30.322,1183.0294,-2702.2405,-3885.2699,-2335.4216,41835.4263,-5426.3354,13.2306,13.3913,1.0121,0.0,30.322,class3_2026_05_14_14_34_45.csv,hard_negative,5,,background
33.821,105,0.169328,-14.549,-14.3853,0.1507,-14.4063,-14.2043,-0.202,0.366,-21.6948,-68.6822,-46.9874,327.5862,327.5862,-141.3454,0.0831,0.3153,3.7925,0.0,0.538,class3_2026_05_14_14_34_45.csv,stable_background,6,,background
144.857,453,0.725239,-49.9,-35.1576,13.4185,-36.5032,-42.326,5.8228,29.448,-2018.964,-6106.3147,-4087.3507,0.0,46156.7429,-2155.1724,13.5863,12.2405,0.9009,0.0,29.448,class3_2026_05_14_14_34_45.csv,stable_background,7,,background
43.393,135,0.217251,-15.848,-15.7088,0.8708,-14.6759,-16.9757,2.2998,0.9595,-21.5639,-158.8224,-137.2585,-2173.5726,-313.4796,-2173.5726,0.1161,0.366,3.1521,0.0,2.096,class2_2026_04_27_15_43_31.csv,manual_annotation,0,43.39,bend
127.628,399,0.63898,-8.282,-11.2113,2.9448,-16.3716,-16.2384,-0.1332,8.8025,1178.0875,-3005.2889,-4183.3764,576.8025,9968.652,-2695.9248,2.297,4.799,2.0893,2.871,9.035,class2_2026_04_27_15_43_31.csv,manual_annotation,1,127.63,connector
131.457,411,0.65815,-18.538,-18.7459,2.9393,-13.2492,-29.5731,16.3238,4.0305,-1403.4258,-4769.2543,-3365.8285,-2884.0125,-2747.6505,-6543.8856,3.2202,12.6546,3.9297,0.0,8.278,class2_2026_04_27_15_43_31.csv,manual_annotation,2,131.46,break
144.857,453,0.725239,-49.9,-40.6719,13.1228,-36.5042,-37.6211,1.1169,29.396,-329.8202,-2326.3327,-1996.5125,-201.6284,45989.0313,-46075.2382,13.4693,13.7838,1.0233,0.0,29.396,class2_2026_04_27_15_43_31.csv,hard_negative,0,,background
171.978,538,0.861022,-27.713,-29.4244,11.1887,-33.3895,-36.1809,2.7914,6.663,1569.4585,-3343.8903,-4913.3487,-4289.9687,45913.7962,-47559.5658,13.2743,13.824,1.0414,0.0,30.343,class2_2026_04_27_15_43_31.csv,hard_negative,1,,background
164.64,515,0.824284,-24.618,-43.9534,11.1468,-40.5341,-37.7489,-2.7852,28.237,365.8714,1855.4633,1489.5919,-0.0,39626.9624,-39626.9624,13.2476,13.6489,1.0303,0.638,28.237,class2_2026_04_27_15_43_31.csv,hard_negative,2,,background
158.897,497,0.795531,-21.67,-27.8322,11.8079,-38.9753,-40.6979,1.7226,29.394,5762.4052,-1907.25,-7669.6552,-1059.234,46072.1019,-45003.1379,13.7143,13.0298,0.9501,1.915,29.394,class2_2026_04_27_15_43_31.csv,hard_negative,3,,background
34.14,106,0.170925,-14.575,-14.5338,0.0408,-14.4708,-14.6092,0.1384,0.093,-38.9832,-34.6603,4.3229,83.0721,242.9467,-402.8213,0.1159,0.1234,1.0648,0.0,0.128,class2_2026_04_27_15_43_31.csv,stable_background,4,,background
111.355,348,0.557508,-18.148,-17.4256,0.4087,-17.2058,-17.3111,0.1053,0.429,-76.9362,30.4031,107.3393,423.1944,891.8495,266.1391,0.3126,0.2491,0.7969,0.0,1.276,class2_2026_04_27_15_43_31.csv,stable_background,5,,background
33.183,103,0.166133,-14.634,-15.2502,0.7488,-14.5122,-17.2389,2.7267,0.5225,-26.8187,-441.7059,-414.8872,-1249.2163,388.7147,-1747.6489,0.1271,0.806,6.3421,10.21,2.146,class2_2026_04_27_16_05_01.csv,manual_annotation,0,33.18,bend
127.947,400,0.640577,-9.42,-11.3786,1.996,-16.4054,-19.0667,2.6613,8.4835,1560.1737,-2900.514,-4460.6878,-1927.8997,9468.652,-3330.721,2.8104,8.6531,3.079,2.871,6.813,class2_2026_04_27_16_05_01.csv,manual_annotation,1,127.95,connector
131.457,411,0.65815,-18.991,-19.1216,3.0092,-13.8975,-37.5718,23.6743,3.876,-1343.4417,-7104.2516,-5760.8099,-7410.6599,-2165.6622,-8456.1129,3.0674,13.8387,4.5116,0.0,10.067,class2_2026_04_27_16_05_01.csv,manual_annotation,2,131.46,break
172.936,541,0.865819,-26.117,-44.0146,11.0841,-40.7399,-40.8984,0.1585,29.186,-4767.9106,446.5012,5214.4118,45746.0831,45746.0831,-45746.0831,12.9977,12.7836,0.9835,0.957,29.186,class2_2026_04_27_16_05_01.csv,hard_negative,0,,background
174.531,546,0.873804,-25.992,-44.0007,11.1065,-40.9517,-37.6422,-3.3095,29.186,-1714.6699,2423.9907,4138.6607,0.0,37473.3558,-37473.3558,12.7264,13.7308,1.0789,0.638,29.186,class2_2026_04_27_16_05_01.csv,hard_negative,1,,background
182.827,572,0.915339,-26.967,-38.4143,12.905,-37.6906,-39.6721,1.9815,28.246,-1863.1474,795.1418,2658.2892,40230.4107,44065.3118,-40230.4107,13.669,12.8516,0.9402,0.957,28.246,class2_2026_04_27_16_05_01.csv,hard_negative,2,,background
140.71,440,0.704476,-23.659,-41.001,12.6058,-37.9324,-31.2232,-6.7093,2.93,-453.2075,2900.5732,3353.7807,44520.3793,44520.3793,-44520.3793,13.412,13.2465,0.9877,0.0,28.404,class2_2026_04_27_16_05_01.csv,hard_negative,3,,background
80.086,250,0.400957,-18.542,-17.8979,0.4497,-17.4658,-17.7058,0.2401,0.5365,-122.1486,27.8218,149.9704,-1344.8276,1973.3558,-1344.8276,0.4614,0.3136,0.6795,0.0,1.548,class2_2026_04_27_16_05_01.csv,stable_background,4,,background
10.848,33,0.054311,-14.184,-14.1884,0.1437,-12.5906,-14.4056,1.815,0.2445,-651.6104,-22.7733,628.8371,-401.2539,32.9154,-401.2539,1.6799,0.0839,0.0499,0.0,0.429,class2_2026_04_27_16_05_01.csv,stable_background,5,,background
96.678,302,0.484026,-16.696,-16.1911,0.8681,-14.8408,-17.3538,2.513,1.359,-132.9661,-157.9465,-24.9803,-1188.0862,-838.558,-1338.558,0.3233,0.3622,1.1201,0.0,2.592,class2_2026_04_27_15_28_02.csv,manual_annotation,0,96.68,bend
131.776,412,0.659748,-20.964,-19.1852,2.0558,-13.5043,-32.8857,19.3814,2.975,-2066.5447,-4946.376,-2879.8314,-4452.9812,-2281.9585,-44802.511,3.153,13.6538,4.3304,0.0,5.401,class2_2026_04_27_15_28_02.csv,manual_annotation,1,131.78,break
127.628,399,0.63898,-8.581,-11.5038,2.9041,-16.7842,-17.6661,0.8818,8.9685,1246.0497,-2835.5175,-4081.5672,620.6897,9747.6489,-2706.8966,2.343,8.7907,3.752,2.871,8.954,class2_2026_04_27_15_28_02.csv,manual_annotation,2,127.63,connector
148.686,465,0.744409,-49.9,-41.887,11.7199,-33.9584,-34.5607,0.6023,3.9435,-210.9388,2751.5582,2962.4969,-0.0,40517.2461,-0.0,12.9718,13.9838,1.078,0.0,29.279,class2_2026_04_27_15_28_02.csv,hard_negative,0,,background
21.697,67,0.108628,-15.294,-14.871,0.3025,-14.5195,-14.5002,-0.0193,0.037,-50.3554,162.7186,213.074,-570.5329,-392.1517,-570.5329,0.168,0.3002,1.7865,0.0,0.904,class2_2026_04_27_15_28_02.csv,hard_negative,1,,background
174.212,545,0.872207,-24.542,-39.1522,12.2579,-39.1482,-39.862,0.7138,29.06,-2017.8926,728.1686,2746.0611,-0.0,9012.5392,-39746.0846,12.4465,12.7829,1.027,0.638,29.06,class2_2026_04_27_15_28_02.csv,hard_negative,2,,background
192.718,603,0.964859,-28.317,-32.1527,12.7286,-35.1411,-31.4071,-3.7339,5.976,2338.8496,-243.7924,-2582.642,-0.0,-0.0,-33829.1583,13.3496,11.8128,0.8849,0.0,30.17,class2_2026_04_27_15_28_02.csv,hard_negative,3,,background
159.854,500,0.800322,-49.9,-34.7386,13.5866,-34.8096,-41.163,6.3534,28.396,1522.8961,-2323.0672,-3845.9633,-44507.8401,1848.9426,-44507.8401,13.5735,12.4033,0.9138,0.0,28.396,class2_2026_04_27_15_28_02.csv,stable_background,4,,background
83.277,260,0.416933,-14.824,-14.7712,0.1694,-14.7246,-14.7816,0.057,0.1425,9.9696,36.2417,26.2721,-766.4577,457.6803,-766.4577,0.0836,0.1261,1.5086,0.0,0.504,class2_2026_04_27_15_28_02.csv,stable_background,5,,background
37.012,115,0.185304,-15.99,-15.662,0.9595,-14.6013,-17.1196,2.5182,1.164,-27.9577,-182.8765,-154.9188,-1200.627,268.0251,-1200.627,0.1929,0.4162,2.1583,0.0,2.688,class2_2026_04_27_15_41_02.csv,manual_annotation,0,37.01,bend
127.628,399,0.63898,-8.488,-11.4096,2.9302,-16.413,-16.0011,-0.4119,8.6185,1112.0036,-2662.1528,-3774.1564,628.5266,9815.047,-2857.3668,2.2239,4.3193,1.9422,2.871,9.021,class2_2026_04_27_15_41_02.csv,manual_annotation,1,127.63,connector
131.457,411,0.65815,-17.219,-18.0291,2.0084,-13.4291,-31.6427,18.2136,3.987,-1466.825,-7583.4839,-6116.6589,-2272.7288,-887.3446,-3089.3433,3.179,13.0899,4.1177,0.0,6.436,class2_2026_04_27_15_41_02.csv,manual_annotation,2,131.46,break
187.613,587,0.9393,-21.427,-27.6733,11.9079,-39.8047,-30.8851,-8.9196,7.8995,-160.3261,-4421.9584,-4261.6323,-2724.1395,47581.5094,-8286.8339,12.7869,11.9527,0.9348,2.233,30.357,class2_2026_04_27_15_41_02.csv,hard_negative,0,,background
154.111,482,0.77157,-49.9,-34.8709,13.5436,-40.7294,-30.8947,-9.8347,6.6585,-3180.4748,-2195.6145,984.8603,37966.8498,37966.8498,-37907.5266,13.0022,11.934,0.9178,0.0,29.671,class2_2026_04_27_15_41_02.csv,hard_negative,1,,background
156.025,488,0.781152,-21.81,-31.2593,13.213,-37.9001,-35.6572,-2.2429,18.1145,5423.22,946.9733,-4476.2467,-41970.2241,41970.2241,-44028.2179,13.4678,12.8555,0.9545,1.276,29.467,class2_2026_04_27_15_41_02.csv,hard_negative,2,,background
158.258,495,0.792332,-24.305,-29.4888,11.0846,-33.3879,-36.8016,3.4137,6.3785,2540.5944,-654.7478,-3195.3421,-35934.1708,46067.3997,-40180.3398,13.2739,13.2031,0.9947,0.0,29.391,class2_2026_04_27_15_41_02.csv,hard_negative,3,,background
117.098,366,0.586261,-17.663,-17.3159,0.3618,-17.3092,-17.3164,0.0072,0.624,47.7841,102.2617,54.4775,342.7271,1536.0533,-1329.1536,0.282,0.3729,1.3224,0.0,1.204,class2_2026_04_27_15_41_02.csv,stable_background,4,,background
22.973,71,0.115016,-14.898,-14.8183,0.4057,-14.6442,-14.429,-0.2152,0.451,-188.7917,29.3829,218.1746,72.1003,1228.8401,72.1003,0.3404,0.1536,0.4511,0.0,1.42,class2_2026_04_27_15_41_02.csv,stable_background,5,,background
82.958,259,0.415336,-16.003,-15.7703,0.8158,-14.7017,-16.979,2.2773,1.4135,-89.2463,-136.1012,-46.8549,-1315.047,-90.9091,-1315.047,0.2302,0.3751,1.6292,0.0,2.209,class2_2026_04_27_15_35_32.csv,manual_annotation,0,82.96,bend
131.457,411,0.65815,-16.613,-17.9308,2.288,-13.2359,-30.5717,17.3358,3.95,-1385.4104,-3894.8392,-2509.4288,-3130.0925,-885.3339,-6086.2053,3.1233,13.704,4.3876,0.0,6.686,class2_2026_04_27_15_35_32.csv,manual_annotation,1,131.46,break
127.947,400,0.640577,-8.734,-10.7042,2.0742,-15.9247,-17.8216,1.8969,8.7035,1659.0127,-2614.5102,-4273.5229,-2031.348,9973.3542,-3239.8119,2.9348,8.5611,2.9172,2.871,7.149,class2_2026_04_27_15_35_32.csv,manual_annotation,2,127.95,connector
159.854,500,0.800322,-49.9,-38.0477,13.2733,-31.7148,-41.3048,9.5899,17.478,-854.2859,531.495,1385.7809,0.0,41472.8562,-39655.1755,12.9767,12.2165,0.9414,0.0,28.481,class2_2026_04_27_15_35_32.csv,hard_negative,0,,background
166.554,521,0.833867,-26.006,-36.1913,12.2905,-41.2928,-28.8415,-12.4513,2.056,-718.4541,208.0123,926.4664,38664.5799,39993.732,-38664.5799,12.233,11.3199,0.9254,0.0,26.25,class2_2026_04_27_15_35_32.csv,hard_negative,1,,background
143.262,448,0.717253,-23.878,-43.7659,11.5001,-37.682,-40.4961,2.8141,29.185,-1400.2811,-54.9332,1345.3479,-0.0,40786.837,-40786.837,13.7079,13.3426,0.9734,0.638,29.185,class2_2026_04_27_15_35_32.csv,hard_negative,2,,background
158.577,496,0.793929,-23.428,-34.2344,14.0571,-36.2354,-39.5354,3.2999,29.945,632.429,-2343.8494,-2976.2784,41472.8562,46935.7398,-44641.0674,13.7697,13.0391,0.9469,1.277,29.945,class2_2026_04_27_15_35_32.csv,hard_negative,3,,background
65.728,205,0.329073,-14.867,-14.6059,0.1163,-14.5991,-14.6112,0.0121,0.1555,-6.0481,-27.3492,-21.3011,158.3072,291.5361,-276.6391,0.0658,0.076,1.1557,0.0,0.403,class2_2026_04_27_15_35_32.csv,stable_background,4,,background
178.041,557,0.891377,-49.9,-41.2946,12.2499,-40.6594,-34.7978,-5.8616,28.524,-1028.1175,1095.3431,2123.4607,-41186.5251,41250.9797,-41186.5251,13.0799,13.6137,1.0408,0.0,28.524,class2_2026_04_27_15_35_32.csv,stable_background,5,,background
130.499,408,0.653354,-15.735,-15.4674,2.0971,-12.5078,-25.7672,13.2593,3.5365,242.4235,-3127.0512,-3369.4748,-3184.953,-1970.2194,-6896.5517,2.3686,11.0339,4.6584,0.0,6.594,class2_2026_04_27_15_22_05.csv,manual_annotation,0,130.5,break
127.628,399,0.63898,-8.321,-10.8396,2.2008,-14.2585,-16.1383,1.8798,6.4865,714.0953,-2836.867,-3550.9623,614.4201,8098.7461,-2730.4075,1.502,4.7672,3.174,2.552,6.532,class2_2026_04_27_15_22_05.csv,manual_annotation,1,127.63,connector
178.998,560,0.896168,-49.9,-37.8599,13.4818,-39.3949,-36.8149,-2.5801,28.532,247.47,2075.845,1828.3751,2645.768,42075.2382,-44721.0063,13.2534,13.1698,0.9937,0.0,28.532,class2_2026_04_27_15_22_05.csv,hard_negative,0,,background
183.146,573,0.916936,-22.106,-32.4549,12.3552,-38.2588,-36.3618,-1.897,27.794,-711.4801,2428.1596,3139.6397,2094.0455,40543.8887,-43564.2649,13.0988,13.5886,1.0374,1.595,27.794,class2_2026_04_27_15_22_05.csv,hard_negative,1,,background
186.337,583,0.932912,-21.607,-34.7206,13.6429,-36.7624,-34.9457,-1.8167,6.634,239.9644,108.4012,-131.5631,-5065.2994,46202.1975,-41133.232,13.233,13.413,1.0136,1.277,29.477,class2_2026_04_27_15_22_05.csv,hard_negative,2,,background
25.526,79,0.127798,-14.375,-14.3816,0.1065,-14.5759,-14.4177,-0.1582,0.281,127.3175,-5.7417,-133.0592,-282.8475,23.2735,-282.8475,0.2856,0.1253,0.4386,0.0,0.413,class2_2026_04_27_15_22_05.csv,stable_background,3,,background
80.725,252,0.404156,-15.927,-15.7914,1.3064,-14.6444,-17.9299,3.2856,1.563,41.9727,-443.4093,-485.382,-2186.1192,517.2414,-2186.1192,0.2104,0.7187,3.4162,0.0,3.666,class2_2026_04_27_15_35_45.csv,manual_annotation,0,80.73,bend
127.628,399,0.63898,-9.593,-12.4947,2.8936,-18.0403,-19.8194,1.7792,8.964,1268.2668,-4557.1352,-5825.402,554.8589,9570.5313,-2725.7053,2.557,11.1471,4.3595,2.871,8.996,class2_2026_04_27_15_35_45.csv,manual_annotation,1,127.63,connector
131.138,410,0.656553,-18.163,-21.6187,10.1775,-14.6947,-32.8217,18.127,4.577,-606.9214,-2378.8713,-1771.9499,-2258.0213,-2003.7039,-48147.3401,3.4496,13.7912,3.9979,0.0,34.647,class2_2026_04_27_15_35_45.csv,manual_annotation,2,131.14,break
193.037,604,0.966456,-29.258,-31.096,10.4012,-34.7876,-38.5392,3.7516,18.8685,2425.9638,-3447.7834,-5873.7472,-6526.6458,32354.2367,-37945.1442,13.6019,12.833,0.9435,1.595,28.373,class2_2026_04_27_15_35_45.csv,hard_negative,0,,background
157.62,493,0.789138,-49.9,-38.957,12.761,-36.0478,-38.8263,2.7785,28.314,4037.834,-315.0585,-4352.8925,-41894.9875,41894.9875,-41894.9875,13.8737,12.7501,0.919,0.0,28.314,class2_2026_04_27_15_35_45.csv,hard_negative,1,,background
151.239,473,0.757191,-20.969,-28.3398,11.605,-40.7004,-36.0682,-4.6322,30.244,3382.2847,-1221.8906,-4604.1753,-1482.7586,45387.1489,-45346.3981,13.0318,13.855,1.0632,1.276,30.244,class2_2026_04_27_15_35_45.csv,hard_negative,2,,background
156.663,490,0.784346,-49.9,-37.6302,13.7252,-34.5097,-38.743,4.2333,20.684,1202.2195,580.8493,-621.3701,-203.7618,42634.8009,-44175.5517,13.7918,12.8411,0.9311,0.0,28.314,class2_2026_04_27_15_35_45.csv,hard_negative,3,,background
167.511,524,0.838658,-22.94,-35.3894,13.0251,-36.3382,-33.9499,-2.3883,3.894,-3185.4092,193.9688,3379.378,38540.7539,44772.732,-42082.3051,13.6201,12.7848,0.9387,0.638,28.565,class2_2026_04_27_15_35_45.csv,stable_background,4,,background
22.335,69,0.111822,-15.138,-14.9326,0.3422,-14.6186,-14.4451,-0.1736,-0.1395,-181.4447,53.9579,235.4027,1236.6771,1236.6771,-62.6959,0.3386,0.1962,0.5795,0.0,0.969,class2_2026_04_27_15_35_45.csv,stable_background,5,,background
84.872,265,0.424919,-15.538,-15.5516,0.7285,-14.7484,-16.7769,2.0286,0.9325,-18.7605,-232.7137,-213.9532,-1153.434,-23.511,-1153.434,0.1417,0.3817,2.6941,0.0,1.95,class2_2026_04_27_15_34_05.csv,manual_annotation,0,84.87,bend
131.457,411,0.65815,-17.742,-20.9861,10.3709,-13.1069,-32.1734,19.0665,3.3545,-1458.0729,-2063.9674,-605.8945,-763.3213,-763.3213,-46463.9514,3.2327,14.2192,4.3986,0.0,35.483,class2_2026_04_27_15_34_05.csv,manual_annotation,1,131.46,break
127.947,400,0.640577,-8.5,-10.4532,2.0045,-15.7633,-19.4693,3.706,9.0025,1730.6354,-4855.1542,-6585.7896,-2039.185,9935.3202,-3092.4765,2.9642,11.3554,3.8309,2.871,6.856,class2_2026_04_27_15_34_05.csv,manual_annotation,2,127.95,connector
185.698,581,0.929713,-23.594,-37.7901,13.6214,-34.6062,-37.5902,2.984,18.757,-1175.8522,2076.0139,3251.8661,-0.0,43500.0047,-47860.5047,13.7381,13.8552,1.0085,0.638,30.535,class2_2026_04_27_15_34_05.csv,hard_negative,0,,background
151.877,475,0.760385,-20.939,-24.4184,9.0372,-33.1766,-38.8785,5.7019,20.587,3969.4385,-4596.7996,-8566.2382,-2242.9467,44155.1755,-44172.4169,13.5158,13.8268,1.023,2.871,30.398,class2_2026_04_27_15_34_05.csv,hard_negative,1,,background
142.305,445,0.712462,-21.641,-34.5898,13.7119,-38.0996,-35.9942,-2.1053,28.633,1669.9031,4305.8465,2635.9434,-43797.8072,44293.105,-44879.3135,13.2253,13.9349,1.0537,0.957,28.633,class2_2026_04_27_15_34_05.csv,hard_negative,2,,background
149.963,469,0.750802,-30.278,-35.1286,13.4655,-37.4999,-32.3418,-5.1581,2.6525,-2899.4531,-1562.2883,1337.1648,-0.0,44515.6755,-0.0,13.8904,14.0174,1.0091,0.0,28.66,class2_2026_04_27_15_34_05.csv,hard_negative,3,,background
76.258,238,0.381792,-14.505,-14.6381,0.0842,-14.6224,-14.7354,0.1131,0.153,11.6208,-23.7078,-35.3286,-86.2069,330.721,-280.5643,0.0789,0.1029,1.303,1.277,0.248,class2_2026_04_27_15_34_05.csv,stable_background,4,,background
172.297,539,0.862619,-49.9,-43.7448,11.5216,-41.6633,-39.8418,-1.8215,28.501,-373.8197,-300.7949,73.0248,0.0,0.0,-0.0,11.8197,12.7188,1.0761,0.0,28.501,class2_2026_04_27_15_34_05.csv,stable_background,5,,background
132.095,413,0.661345,-17.615,-17.5206,2.7177,-10.9914,-27.2794,16.288,2.961,-2446.518,-1991.3303,455.1877,-1865.2038,-1865.2038,-7114.4232,3.3222,12.1826,3.667,0.0,9.468,class1_2026_04_27_14_37_22.csv,manual_annotation,0,132.09,break
127.947,400,0.640577,-6.353,-8.2878,2.0198,-13.4677,-14.3868,0.9191,8.851,1645.4558,-2626.247,-4271.7028,-2010.9718,9655.1724,-3172.4138,2.8918,4.4654,1.5442,2.871,6.919,class1_2026_04_27_14_37_22.csv,manual_annotation,1,127.95,connector
156.982,491,0.785944,-25.427,-34.6813,13.707,-30.0057,-38.3612,8.3555,6.114,263.734,3003.6717,2739.9377,-46556.4279,38358.9373,-47043.8903,12.4198,13.0761,1.0528,0.0,30.014,class1_2026_04_27_14_37_22.csv,hard_negative,0,,background
188.889,591,0.945689,-49.9,-40.4563,13.3708,-35.7224,-35.5882,-0.1342,13.0195,-743.6913,1856.4738,2600.1651,-0.0,42324.4561,-44300.9436,14.1968,13.2657,0.9344,0.0,29.726,class1_2026_04_27_14_37_22.csv,hard_negative,1,,background
152.834,478,0.765176,-49.9,-31.6437,12.9717,-37.3341,-34.8573,-2.4768,17.1225,6844.0163,-1428.0948,-8272.1112,-5020.3746,3766.4577,-5020.3746,14.0938,13.5329,0.9602,0.0,29.359,class1_2026_04_27_14_37_22.csv,hard_negative,2,,background
56.794,177,0.284344,-14.507,-14.5821,0.0535,-14.5905,-14.5902,-0.0003,0.0855,-9.6641,-9.5689,0.0951,43.8871,241.3793,-123.8245,0.0693,0.085,1.2268,0.638,0.182,class1_2026_04_27_14_37_22.csv,stable_background,3,,background
33.502,104,0.167731,-14.708,-14.807,0.3193,-14.4358,-15.7888,1.3531,0.272,-59.217,-306.6408,-247.4238,81.5047,115.9875,-1058.0747,0.133,0.4632,3.484,0.0,1.088,class2_2026_04_27_16_07_33.csv,manual_annotation,0,33.5,bend
127.628,399,0.63898,-7.706,-10.5331,2.7925,-15.5208,-15.2102,-0.3106,8.5665,1112.3813,-2631.6588,-3744.0401,606.5831,9495.2978,-2824.4514,2.2009,4.2794,1.9443,2.871,8.569,class2_2026_04_27_16_07_33.csv,manual_annotation,1,127.63,connector
132.095,413,0.661345,-18.68,-18.9276,2.023,-12.7202,-31.0044,18.2842,3.2435,-2475.4044,-5156.8658,-2681.4615,-1976.4875,-1976.4875,-3978.0564,3.3258,13.4567,4.0461,0.0,5.781,class2_2026_04_27_16_07_33.csv,manual_annotation,2,132.09,break
141.986,444,0.710865,-49.9,-46.6667,9.1452,-37.3003,-36.4927,-0.8077,29.1,-1277.0452,2411.4691,3688.5143,-45611.29,45611.29,-45611.29,14.156,13.5939,0.9603,0.0,29.1,class2_2026_04_27_16_07_33.csv,hard_negative,0,,background
184.422,577,0.923324,-49.9,-43.6904,11.6218,-38.7623,-34.7253,-4.0371,28.65,-12.2798,1022.1634,1034.4432,-0.0,44905.9592,-0.0,13.9671,13.6855,0.9798,0.0,28.65,class2_2026_04_27_16_07_33.csv,hard_negative,1,,background
147.091,460,0.736423,-20.775,-35.6004,13.0799,-37.5343,-33.1134,-4.4209,7.4555,2411.4691,3002.6154,591.1463,-14576.8009,45650.4734,-45650.4734,13.8594,13.6229,0.9829,0.957,29.125,class2_2026_04_27_16_07_33.csv,hard_negative,2,,background
181.87,569,0.910547,-49.9,-40.3013,13.5815,-34.3039,-37.5889,3.285,18.2,-323.7658,6286.3042,6610.07,-44006.0297,46791.5376,-44006.0297,13.9723,13.8371,0.9903,0.0,29.853,class2_2026_04_27_16_07_33.csv,hard_negative,3,,background
71.791,224,0.359428,-16.357,-16.4263,0.1409,-16.3007,-16.2894,-0.0113,0.082,-98.2748,49.6728,147.9475,-213.1661,266.4545,-653.6034,0.2562,0.1895,0.7399,0.0,0.505,class2_2026_04_27_16_07_33.csv,stable_background,4,,background
104.974,328,0.525561,-16.203,-16.3096,0.1738,-16.4151,-16.3591,-0.056,0.5,40.9141,-52.5992,-93.5133,291.5345,338.5611,-849.5298,0.2039,0.248,1.2159,0.0,0.542,class2_2026_04_27_16_07_33.csv,stable_background,5,,background
20.42,63,0.102234,-16.13,-16.453,0.8101,-15.9983,-16.6571,0.6587,0.338,-7.8689,514.0617,521.9305,76.7758,418.4953,-4173.9812,0.1327,1.2756,9.6109,0.0,2.764,class2_2026_04_27_15_57_48.csv,manual_annotation,0,20.42,bend
127.628,399,0.63898,-7.877,-10.7344,2.8207,-15.6564,-16.8108,1.1544,8.5135,1104.3672,-2567.6981,-3672.0653,609.7179,9239.8119,-2818.1818,2.1811,8.8868,4.0744,2.871,8.807,class2_2026_04_27_15_57_48.csv,manual_annotation,1,127.63,connector
131.776,412,0.659748,-18.059,-18.1019,1.8988,-12.7368,-32.6072,19.8704,2.7605,-2038.0236,-5146.263,-3108.2394,-4678.6834,-1648.6791,-45866.7759,3.0861,13.8618,4.4917,0.0,5.355,class2_2026_04_27_15_57_48.csv,manual_annotation,2,131.78,break
83.915,262,0.420127,-16.317,-16.336,0.1476,-16.3382,-16.3634,0.0253,0.179,0.7361,13.8039,13.0678,184.953,379.3103,-214.7351,0.1805,0.1826,1.0117,0.0,0.45,class2_2026_04_27_15_57_48.csv,hard_negative,0,,background
179.636,562,0.899363,-49.9,-37.4296,13.9531,-34.7584,-36.1922,1.4338,8.1985,-1164.1988,236.0682,1400.2669,0.0,42639.5031,0.0,13.7483,13.7981,1.0036,0.0,28.978,class2_2026_04_27_15_57_48.csv,hard_negative,1,,background
112.951,353,0.565499,-16.739,-16.5424,0.2195,-16.4306,-16.5245,0.0939,0.3065,-11.3861,32.5598,43.9459,-736.6682,131.6646,-736.6682,0.1651,0.2583,1.5646,0.0,0.756,class2_2026_04_27_15_57_48.csv,hard_negative,2,,background
140.71,440,0.704476,-49.9,-40.5546,13.2266,-33.0631,-37.9351,4.8721,5.6425,4925.2129,695.188,-4230.0249,-45865.2069,45921.7699,-45865.2069,13.5224,13.4076,0.9915,0.0,29.262,class2_2026_04_27_15_57_48.csv,hard_negative,3,,background
11.486,35,0.057506,-15.804,-15.6736,0.1662,-13.7584,-15.9536,2.1952,0.232,-819.0451,-57.5721,761.4729,-261.2908,28.2132,-343.2602,1.6807,0.1626,0.0967,0.0,0.566,class2_2026_04_27_15_57_48.csv,stable_background,4,,background
43.074,134,0.215654,-16.156,-16.2609,0.1785,-16.2817,-16.1963,-0.0854,0.21,-21.1197,2.8484,23.9681,106.5846,683.384,-179.7173,0.2133,0.2297,1.0771,0.0,0.563,class2_2026_04_27_15_57_48.csv,stable_background,5,,background
125.075,391,0.626198,-16.842,-16.6861,0.9103,-14.9865,-13.4015,-1.585,-0.3935,-269.96,1344.1238,1614.0838,-2084.6395,-714.732,-2084.6395,0.4985,3.1973,6.4133,0.0,2.886,class2_2026_04_27_15_14_19.csv,manual_annotation,0,125.07,bend
131.138,410,0.656553,-17.745,-20.6258,10.5181,-13.4015,-38.4728,25.0713,4.3735,-567.5784,-6856.1131,-6288.5348,-2850.6021,-2285.2665,-49340.1285,3.1973,14.3551,4.4897,0.0,36.052,class2_2026_04_27_15_14_19.csv,manual_annotation,1,131.14,break
127.628,399,0.63898,-8.438,-11.4112,3.0257,-15.2448,-17.5544,2.3096,7.0355,406.0247,-4630.37,-5036.3947,655.1724,10346.5265,-2758.6207,2.0902,8.8229,4.2212,2.552,9.584,class2_2026_04_27_15_14_19.csv,manual_annotation,2,127.63,connector
186.975,585,0.936106,-49.9,-40.3082,13.5765,-37.5061,-38.4624,0.9563,29.82,-2910.6229,1454.2646,4364.8875,-0.0,45286.8331,-0.0,13.902,12.9809,0.9337,0.0,29.82,class2_2026_04_27_15_14_19.csv,hard_negative,0,,background
162.406,508,0.813099,-49.9,-31.3136,13.1796,-35.8971,-36.4449,0.5478,17.711,4079.2503,-1725.2786,-5804.5289,-42554.8621,42282.1348,-45293.1066,14.0217,13.5464,0.9661,0.0,29.134,class2_2026_04_27_15_14_19.csv,hard_negative,1,,background
178.998,560,0.896168,-49.9,-28.3414,11.65,-34.9087,-33.1239,-1.7848,5.6695,5371.5177,-700.242,-6071.7597,-41793.1066,47449.8448,-41793.1066,13.4615,13.4726,1.0008,0.0,30.273,class2_2026_04_27_15_14_19.csv,hard_negative,2,,background
151.239,473,0.757191,-49.9,-31.3662,13.1228,-33.5843,-31.6831,-1.9012,3.6515,2149.5908,-1664.8481,-3814.4389,-41755.489,45181.8229,-41755.489,13.1408,13.0156,0.9905,0.0,28.966,class2_2026_04_27_15_14_19.csv,hard_negative,3,,background
19.463,60,0.097443,-14.474,-14.5013,0.0661,-14.4764,-14.5812,0.1048,0.0965,-21.2355,30.2736,51.5091,40.7524,188.0878,-264.864,0.0855,0.2944,3.4449,0.0,0.207,class2_2026_04_27_15_14_19.csv,stable_background,4,,background
60.623,189,0.303514,-14.772,-14.6851,0.0834,-14.6091,-14.6215,0.0124,0.0585,-11.9887,8.5049,20.4937,-291.5361,115.9875,-305.6426,0.0756,0.0829,1.0971,0.0,0.252,class2_2026_04_27_15_14_19.csv,stable_background,5,,background
24.249,75,0.121405,-14.385,-14.8141,0.3628,-14.7139,-15.6178,0.9039,0.827,-87.0546,-197.7445,-110.6899,-467.0846,573.6677,-938.8715,0.4413,0.3499,0.7929,1.914,1.148,class2_2026_04_27_16_07_48.csv,manual_annotation,0,24.25,bend
131.776,412,0.659748,-18.823,-18.4357,2.3674,-12.5934,-26.5644,13.971,3.4375,-2107.9242,158.9022,2266.8264,-2725.7069,-2429.9221,-4843.2602,3.1409,10.538,3.3551,0.0,7.229,class2_2026_04_27_16_07_48.csv,manual_annotation,1,131.78,break
127.628,399,0.63898,-7.701,-10.5019,2.6934,-15.5346,-15.5079,-0.0267,8.626,1139.154,-2633.0117,-3772.1658,539.185,9434.1693,-2702.1944,2.217,4.714,2.1262,2.871,8.195,class2_2026_04_27_16_07_48.csv,manual_annotation,2,127.63,connector
185.379,580,0.928115,-49.9,-37.482,13.9275,-38.9277,-38.058,-0.8697,30.338,1462.4843,1485.6408,23.1565,-44865.2085,47551.7273,-44865.2085,13.7864,13.2712,0.9626,0.0,30.338,class2_2026_04_27_16_07_48.csv,hard_negative,0,,background
167.511,524,0.838658,-21.512,-40.6522,13.0813,-36.5101,-42.2428,5.7327,28.388,-2827.5303,-932.9249,1894.6054,43277.4326,44495.3025,-44294.4513,13.5367,12.381,0.9146,0.958,28.388,class2_2026_04_27_16_07_48.csv,hard_negative,1,,background
101.145,316,0.506391,-16.879,-16.4306,0.2138,-16.2489,-16.3433,0.0943,0.139,-104.3794,49.7649,154.1443,17.2414,17.2414,-152.0376,0.2123,0.194,0.9138,0.0,0.692,class2_2026_04_27_16_07_48.csv,hard_negative,2,,background
153.472,480,0.76837,-19.109,-28.78,11.668,-31.7339,-37.9805,6.2466,8.85,2299.099,-2534.4753,-4833.5743,-9628.5298,14863.6364,-44354.2367,13.0694,13.4803,1.0314,0.957,30.791,class2_2026_04_27_16_07_48.csv,hard_negative,3,,background
50.732,158,0.253994,-15.911,-16.2263,0.2274,-16.2753,-16.1093,-0.1659,0.2405,36.1182,56.0492,19.9311,-929.4671,915.3621,-929.4671,0.2397,0.1619,0.6753,0.957,0.679,class2_2026_04_27_16_07_48.csv,stable_background,4,,background
114.865,359,0.575081,-16.544,-16.4592,0.1927,-16.4199,-16.3855,-0.0344,0.284,8.6087,0.7629,-7.8458,576.8025,576.8025,-725.7053,0.1695,0.2543,1.5007,0.0,0.725,class2_2026_04_27_16_07_48.csv,stable_background,5,,background
92.849,290,0.464856,-15.687,-15.775,0.9153,-14.8258,-17.1037,2.2779,1.059,-47.7138,-125.9136,-78.1998,-470.2194,275.8621,-1943.5737,0.1954,0.4442,2.2739,0.0,2.574,class2_2026_04_27_15_29_31.csv,manual_annotation,0,92.85,bend
127.628,399,0.63898,-8.623,-11.5591,3.0115,-16.6413,-17.7145,1.0732,8.6895,1181.0796,-2790.9757,-3972.0554,639.4984,10407.0469,-2719.4357,2.2964,8.8023,3.8331,2.871,9.557,class2_2026_04_27_15_29_31.csv,manual_annotation,1,127.63,connector
131.138,410,0.656553,-17.779,-17.7302,2.519,-13.5667,-35.4721,21.9054,4.118,-599.3921,-5014.1327,-4414.7406,-1997.9526,-1997.9526,-48575.2382,3.2017,14.4747,4.521,0.0,8.747,class2_2026_04_27_15_29_31.csv,manual_annotation,2,131.14,break
169.426,530,0.848245,-49.9,-32.1021,12.6509,-36.2008,-41.0841,4.8833,28.37,6775.9752,-1925.8826,-8701.8578,-44018.8119,44299.6254,-44018.8119,13.7352,12.491,0.9094,0.0,28.37,class2_2026_04_27_15_29_31.csv,hard_negative,0,,background
187.932,588,0.940897,-49.9,-43.7479,11.5178,-45.3701,-39.4129,-5.9572,28.612,2546.879,2060.1613,-486.7177,0.0,44846.3981,-2764.8903,10.1498,13.2102,1.3015,0.0,28.612,class2_2026_04_27_15_29_31.csv,hard_negative,1,,background
148.048,463,0.741215,-22.593,-46.8659,8.5818,-37.7748,-35.2054,-2.5694,15.532,-3487.8185,3440.938,6928.7565,-0.0,42800.9436,-42800.9436,13.594,13.2025,0.9712,0.638,27.307,class2_2026_04_27_15_29_31.csv,hard_negative,2,,background
167.511,524,0.838658,-49.9,-31.7948,12.8665,-37.7282,-36.4672,-1.261,28.771,-308.6366,-1033.3646,-724.728,-45095.6144,42868.3433,-45095.6144,13.6267,13.4794,0.9892,0.0,28.771,class2_2026_04_27_15_29_31.csv,hard_negative,3,,background
83.277,260,0.416933,-14.695,-14.7071,0.0815,-14.7464,-14.7933,0.0469,0.1565,26.4637,-22.2429,-48.7066,-261.7555,255.4859,-548.5893,0.1029,0.0988,0.9606,0.0,0.262,class2_2026_04_27_15_29_31.csv,stable_background,4,,background
178.041,557,0.891377,-21.883,-46.787,8.8049,-45.3719,-43.7326,-1.6393,28.017,-287.3629,885.5745,1172.9374,-0.0,43913.7978,-43913.7978,10.1453,11.5835,1.1418,0.638,28.017,class2_2026_04_27_15_29_31.csv,stable_background,5,,background
35.736,111,0.178915,-9.426,-11.4264,1.6247,-14.0156,-13.5324,-0.4832,5.012,647.5378,-1008.9815,-1656.5194,-371.4734,5984.326,-2230.4075,1.2851,1.4678,1.1422,2.233,5.1,class3_2026_04_27_16_18_40.csv,manual_annotation,0,35.74,connector
127.947,400,0.640577,-6.749,-8.6754,2.0,-13.7118,-14.5671,0.8553,8.647,1621.2689,-2536.029,-4157.2979,-2010.9718,9515.674,-3238.2445,2.8208,4.1307,1.4644,2.871,6.848,class3_2026_04_27_16_18_40.csv,manual_annotation,1,127.95,connector
131.776,412,0.659748,-17.645,-16.6571,1.904,-11.257,-24.4405,13.1835,2.909,-2065.5635,-3006.0343,-940.4707,-3056.4263,-1615.5628,-3311.9138,3.1361,9.2667,2.9549,0.0,5.928,class3_2026_04_27_16_18_40.csv,manual_annotation,2,131.78,break
167.511,524,0.838658,-49.9,-44.2633,10.5561,-36.8922,-37.8343,0.9421,26.379,-3790.266,4146.9306,7937.1966,0.0,0.0,-41346.3981,13.0942,13.5173,1.0323,0.0,26.379,class3_2026_04_27_16_18_40.csv,hard_negative,0,,background
148.367,464,0.742812,-49.9,-42.5844,10.3775,-36.3491,-31.5504,-4.7987,-0.7775,-4805.904,2145.1326,6951.0366,0.0,37391.8511,-0.0,13.6052,11.6949,0.8596,0.0,23.856,class3_2026_04_27_16_18_40.csv,hard_negative,1,,background
188.889,591,0.945689,-22.824,-32.1572,12.5846,-34.8031,-33.8659,-0.9372,3.768,-1094.7491,2093.5307,3188.2799,4181.8197,43200.6317,-42438.8762,13.5956,12.8582,0.9458,0.957,27.884,class3_2026_04_27_16_18_40.csv,hard_negative,2,,background
170.064,532,0.85144,-49.9,-44.0812,10.9004,-41.0801,-32.6751,-8.405,27.375,402.3173,3565.218,3162.9007,3731.9749,39175.5517,-42907.5266,12.5174,13.7775,1.1007,0.0,27.375,class3_2026_04_27_16_18_40.csv,hard_negative,3,,background
107.207,335,0.536741,-14.882,-14.9912,0.1051,-15.0292,-15.0317,0.0025,0.167,24.4883,8.1981,-16.2902,-385.5799,274.2947,-385.5799,0.1062,0.1015,0.956,1.276,0.292,class3_2026_04_27_16_18_40.csv,stable_background,4,,background
156.982,491,0.785944,-24.141,-32.0584,12.7563,-30.9341,-35.4412,4.5072,4.7715,-2134.1915,-2890.3427,-756.1512,44670.8495,44670.8495,-45639.5016,11.9951,13.0746,1.09,0.0,29.118,class3_2026_04_27_16_18_40.csv,stable_background,5,,background
14.677,45,0.073482,-14.669,-14.9027,0.6222,-14.2729,-15.8441,1.5712,0.44,-66.3261,-148.0649,-81.7388,81.5047,81.5047,-2114.4201,0.1617,0.3828,2.3676,0.0,1.763,class2_2026_04_27_16_01_55.csv,manual_annotation,0,14.68,bend
127.947,400,0.640577,-8.164,-10.0918,1.9744,-15.0617,-16.1827,1.1211,8.428,1615.7966,-2771.9936,-4387.7902,-2034.4828,9360.5016,-3098.7461,2.7944,4.3158,1.5444,2.871,6.749,class2_2026_04_27_16_01_55.csv,manual_annotation,1,127.95,connector
131.457,411,0.65815,-17.483,-17.6831,2.4261,-12.614,-32.5474,19.9334,3.5335,-1428.3099,-8353.9134,-6925.6035,-2133.2288,-2133.2288,-4217.8683,3.0597,13.9752,4.5675,0.0,7.405,class2_2026_04_27_16_01_55.csv,manual_annotation,2,131.46,break
174.212,545,0.872207,-23.087,-32.0301,12.6433,-34.1502,-39.6044,5.4542,17.153,-128.7152,-2075.0724,-1946.3572,1769.5925,42026.6489,-43219.4389,12.6955,12.9302,1.0185,1.595,27.574,class2_2026_04_27_16_01_55.csv,hard_negative,0,,background
186.337,583,0.932912,-49.9,-44.602,10.0127,-39.33,-41.0797,1.7497,26.851,-3989.2908,850.9115,4840.2022,-0.0,42086.21,-32650.4734,13.299,12.5812,0.946,0.0,26.851,class2_2026_04_27_16_01_55.csv,hard_negative,1,,background
177.722,556,0.88978,-22.768,-40.7687,12.9191,-36.6887,-38.2207,1.5321,28.291,-4821.8566,3644.4951,8466.3517,0.0,42593.2008,-42526.6489,13.2433,13.2316,0.9991,0.638,28.291,class2_2026_04_27_16_01_55.csv,hard_negative,2,,background
179.317,561,0.897766,-49.9,-42.1354,11.1671,-38.0153,-38.4261,0.4108,26.759,-2075.0724,428.4614,2503.5337,-0.0,41942.0078,-38642.6364,13.3029,13.023,0.979,0.0,26.759,class2_2026_04_27_16_01_55.csv,hard_negative,3,,background
146.453,458,0.733229,-22.307,-35.1472,13.3316,-36.4051,-36.1759,-0.2292,17.846,3606.6961,1590.1975,-2016.4986,-42479.627,43249.221,-43749.2179,13.5772,13.7341,1.0116,0.957,28.62,class2_2026_04_27_16_01_55.csv,stable_background,4,,background
51.689,161,0.258785,-16.34,-16.2778,0.1799,-16.2462,-16.2505,0.0043,0.2025,-2.5235,-8.9534,-6.4299,-90.9107,319.7492,-489.0282,0.1379,0.2252,1.6323,0.0,0.605,class2_2026_04_27_16_01_55.csv,stable_background,5,,background
73.067,228,0.365816,-15.981,-15.6649,0.809,-14.7182,-16.8311,2.1129,0.968,-32.9091,-192.1085,-159.1994,-1407.5219,98.7461,-1407.5219,0.1434,0.36,2.5105,0.0,2.193,class2_2026_04_27_15_39_26.csv,manual_annotation,0,73.07,bend
131.776,412,0.659748,-18.121,-20.2258,4.3341,-13.3173,-31.8208,18.5035,3.485,-2087.7892,-5529.8184,-3442.0292,-7758.6223,-1730.4075,-11630.094,3.2127,12.9483,4.0303,0.0,14.674,class2_2026_04_27_15_39_26.csv,manual_annotation,1,131.78,break
127.947,400,0.640577,-8.726,-10.6782,2.0103,-15.9786,-17.2397,1.2611,8.784,1731.3604,-3567.6409,-5299.0013,-2028.2132,9554.8589,-3373.0408,2.9567,5.2443,1.7737,2.871,6.879,class2_2026_04_27_15_39_26.csv,manual_annotation,2,127.95,connector
191.442,599,0.95847,-21.336,-37.5241,13.9049,-36.0502,-38.4501,2.3998,30.074,374.3245,-1777.0355,-2151.36,44313.4828,44313.4828,-44771.163,13.9056,12.8911,0.927,0.957,30.074,class2_2026_04_27_15_39_26.csv,hard_negative,0,,background
174.85,547,0.875401,-49.9,-40.879,12.8804,-35.288,-37.5316,2.2436,18.0195,2569.1552,-979.2684,-3548.4236,-0.0,10437.3056,-1742.9467,13.2304,13.8716,1.0485,0.0,29.38,class2_2026_04_27_15_39_26.csv,hard_negative,1,,background
187.613,587,0.9393,-22.74,-34.2084,14.059,-43.9812,-33.0583,-10.9229,29.574,1689.7555,-2200.8346,-3890.5901,-0.0,46111.2868,-46354.2351,11.113,13.5031,1.2151,0.638,29.574,class2_2026_04_27_15_39_26.csv,hard_negative,2,,background
177.722,556,0.88978,-49.9,-40.3684,13.4824,-34.5531,-42.5733,8.0202,29.128,-53.5818,1351.1451,1404.7269,-45655.1771,45722.2363,-45655.1771,13.8569,11.8626,0.8561,0.0,29.128,class2_2026_04_27_15_39_26.csv,hard_negative,3,,background
82.639,258,0.413739,-17.259,-17.1272,0.2136,-17.075,-17.0889,0.0139,0.27,-102.585,42.9425,145.5274,65.8307,902.8182,-90.9075,0.327,0.238,0.7279,0.0,0.749,class2_2026_04_27_15_39_26.csv,stable_background,4,,background
150.282,470,0.752399,-21.785,-31.3056,13.1935,-36.1114,-34.7456,-1.3658,7.16,-905.8992,895.9306,1801.8298,-241.3809,44562.1056,-46617.5564,13.8291,13.6885,0.9898,1.595,29.742,class2_2026_04_27_15_39_26.csv,stable_background,5,,background
35.417,110,0.177318,-9.429,-11.5544,2.0071,-14.2612,-20.8713,6.6102,5.4245,338.7409,-4713.7585,-5052.4993,2755.4859,6147.3354,-2501.5674,0.8637,13.4691,15.595,2.233,5.49,class3_2026_05_14_13_11_48.csv,manual_annotation,0,35.42,connector
39.565,123,0.198085,-18.878,-25.57,13.159,-13.3918,-40.9943,27.6025,4.76,-1792.2723,-1035.5669,756.7055,-49175.5533,-2334.1686,-49175.5533,2.6809,12.6555,4.7206,0.0,34.552,class3_2026_05_14_13_11_48.csv,manual_annotation,1,39.57,break
52.646,164,0.263577,-20.494,-33.8761,14.3363,-34.5911,-40.7606,6.1694,29.406,-1728.4175,-4119.4696,-2391.0521,1785.8724,46090.9138,-46162.0933,13.7136,12.9858,0.9469,1.277,29.406,class3_2026_05_14_13_11_48.csv,hard_negative,0,,background
160.492,502,0.803517,-49.9,-39.3354,12.1015,-36.4699,-33.5122,-2.9578,4.977,1793.1723,5116.954,3323.7817,0.0,41340.1285,-43771.1614,13.6605,13.1754,0.9645,0.0,27.926,class3_2026_05_14_13_11_48.csv,hard_negative,1,,background
193.675,606,0.96965,-49.9,-34.5159,13.8163,-37.8309,-36.0509,-1.7801,29.427,2124.1516,-2030.5661,-4154.7176,38626.9608,38626.9608,-46123.8276,13.5821,13.8883,1.0225,0.0,29.427,class3_2026_05_14_13_11_48.csv,hard_negative,2,,background
77.215,241,0.386583,-21.214,-34.5609,13.7296,-39.5493,-42.3277,2.7784,28.686,-1429.5596,-4318.7708,-2889.2111,-41634.7994,44962.384,-43415.3636,12.9954,12.2305,0.9411,0.957,28.686,class3_2026_05_14_13_11_48.csv,stable_background,3,,background
69.557,217,0.348243,-18.775,-18.9577,3.0075,-13.7141,-34.3484,20.6343,3.0735,-723.3946,-2302.7724,-1579.3778,-3672.4154,-2106.5831,-6829.1505,1.9299,13.9853,7.2466,0.0,8.602,class3_2026_05_14_13_10_18.csv,manual_annotation,0,69.56,break
66.047,206,0.33067,-10.741,-12.3771,1.6173,-14.4688,-18.7199,4.2512,4.4255,215.2929,-3001.2968,-3216.5897,3236.6771,5208.4639,-2687.7172,0.5452,8.7155,15.9844,2.234,4.422,class3_2026_05_14_13_10_18.csv,manual_annotation,1,66.05,connector
124.756,390,0.624601,-21.395,-37.8844,13.4909,-36.5324,-37.5814,1.0491,28.505,-592.9032,2866.5454,3459.4487,5557.9969,44678.6865,-44678.6865,13.477,13.8125,1.0249,1.276,28.505,class3_2026_05_14_13_10_18.csv,hard_negative,0,,background
155.068,485,0.776361,-25.4,-32.0411,12.69,-36.4382,-30.2597,-6.1785,4.064,-3549.6862,2331.0231,5880.7093,2521.9467,40868.6971,-44305.6473,13.5444,12.3056,0.9085,0.0,29.161,class3_2026_05_14_13_10_18.csv,hard_negative,1,,background
152.834,478,0.765176,-49.9,-38.3517,13.0195,-32.9305,-31.6367,-1.2938,3.372,-197.9714,2843.6235,3041.5949,0.0,606.5846,-40989.6188,13.6326,12.9898,0.9528,0.0,29.444,class3_2026_05_14_13_10_18.csv,hard_negative,2,,background
136.243,426,0.682112,-49.9,-37.7974,13.5607,-39.4765,-33.0701,-6.4064,19.243,-805.0063,79.6301,884.6364,1423.1959,40684.6731,-46221.0078,13.1901,13.476,1.0217,0.0,29.489,class3_2026_05_14_13_10_18.csv,stable_background,3,,background
117.418,367,0.587863,-15.923,-15.7058,0.6781,-14.8423,-16.6444,1.8022,1.0465,-77.4794,-105.3117,-27.8323,-1519.7423,184.953,-1519.7423,0.1947,0.261,1.3403,0.0,1.747,class2_2026_04_27_15_18_47.csv,manual_annotation,0,117.42,bend
126.351,395,0.632587,-16.866,-14.1166,3.6227,-16.7523,-13.1301,-3.6222,8.6395,-10.9906,-1387.1288,-1376.1383,3010.0722,3010.0722,666.1442,0.2603,3.5751,13.7347,0.0,9.29,class2_2026_04_27_15_18_47.csv,manual_annotation,1,126.35,break
178.679,559,0.894571,-21.707,-32.1842,12.7552,-35.412,-40.8168,5.4048,29.524,-135.4763,-2635.8664,-2500.3901,-4658.3088,44189.6567,-41617.558,13.1947,12.8792,0.9761,1.595,29.524,class2_2026_04_27_15_18_47.csv,hard_negative,0,,background
172.297,539,0.862619,-49.9,-32.3263,12.5501,-36.2543,-37.0522,0.7979,19.087,7264.8804,-2323.4105,-9588.2909,-37525.7217,-854.232,-38231.9796,13.7153,13.058,0.9521,0.0,29.201,class2_2026_04_27_15_18_47.csv,hard_negative,1,,background
161.449,505,0.808308,-21.792,-37.5606,13.806,-37.2164,-38.0654,0.8491,28.299,-1421.8683,2142.6813,3564.5496,-0.0,44355.8025,-44056.4295,12.9618,13.3349,1.0288,0.638,28.299,class2_2026_04_27_15_18_47.csv,hard_negative,2,,background
143.262,448,0.717253,-49.9,-34.8364,13.5172,-37.785,-34.2797,-3.5053,17.195,327.7202,-234.2502,-561.9704,-39424.768,42199.0643,-42105.0172,13.5892,14.0085,1.0309,0.0,29.702,class2_2026_04_27_15_18_47.csv,stable_background,3,,background
66.366,207,0.332267,-2.627,-5.7977,3.5672,-13.1806,-9.7513,-3.4293,11.174,1894.8568,-2397.616,-4292.4727,-106.5831,14832.2884,-2813.4796,3.4742,3.659,1.0532,3.51,11.859,class3_2026_05_22_11_06_12.csv,manual_annotation,0,66.37,connector
127.947,400,0.640577,-3.411,-5.3856,2.1625,-13.4217,-11.3759,-2.0458,12.235,2553.5772,-2638.464,-5192.0413,-2095.6113,15685.8388,-3242.9467,4.3289,4.283,0.9894,3.509,7.471,class3_2026_05_22_11_06_12.csv,manual_annotation,1,127.95,connector
72.429,226,0.362622,-14.732,-14.6189,0.4969,-9.7513,-15.2852,5.5339,1.196,-2057.8087,-122.1948,1935.6138,-695.9248,-402.8213,-695.9248,3.659,0.1977,0.054,0.0,1.554,class3_2026_05_22_11_06_12.csv,manual_annotation,2,72.43,bend
133.371,417,0.667733,-16.675,-17.3651,1.9251,-9.7621,-27.1526,17.3905,3.0245,-2617.3499,-3409.2633,-791.9133,-3352.6646,-1081.5031,-3388.7163,4.3125,12.2416,2.8386,0.0,5.488,class3_2026_05_22_11_06_12.csv,manual_annotation,3,133.37,break
184.422,577,0.923324,-22.682,-40.2951,13.5992,-42.1044,-42.0741,-0.0304,29.754,1828.9781,1318.4938,-510.4843,-0.0,46636.3668,-46194.3621,12.6266,12.6433,1.0013,0.638,29.754,class3_2026_05_22_11_06_12.csv,hard_negative,0,,background
151.877,475,0.760385,-49.9,-40.0846,13.9023,-40.388,-34.5952,-5.7928,30.739,3865.5972,1931.3839,-1934.2134,-0.0,0.0,-6757.0549,13.4693,13.7742,1.0226,0.0,30.739,class3_2026_05_22_11_06_12.csv,hard_negative,1,,background
153.153,479,0.766773,-49.9,-40.3263,13.5778,-41.8418,-34.7856,-7.0563,30.739,1156.6489,33.9351,-1122.7138,-6757.0549,48180.2555,-45235.3529,13.0103,13.5819,1.0439,0.0,30.739,class3_2026_05_22_11_06_12.csv,hard_negative,2,,background
166.235,520,0.832269,-49.9,-40.8234,12.8472,-42.1503,-37.7736,-4.3767,28.484,-1110.9092,985.2384,2096.1475,2482.7586,42163.0125,-41230.4122,12.5233,13.5848,1.0848,0.0,28.484,class3_2026_05_22_11_06_12.csv,hard_negative,3,,background
160.811,503,0.805114,-49.9,-34.5441,13.7583,-34.7103,-40.5678,5.8575,28.475,670.7446,-1958.0378,-2628.7824,-0.0,44235.1144,-44631.6661,13.6455,13.2241,0.9691,0.0,28.475,class3_2026_05_22_11_06_12.csv,hard_negative,4,,background
155.387,486,0.777958,-26.404,-34.9624,13.4387,-37.3122,-37.4757,0.1634,29.204,1261.3384,559.0605,-702.2778,4583.0752,42970.221,-45774.2994,14.1105,13.9113,0.9859,1.595,29.204,class3_2026_05_22_11_06_12.csv,hard_negative,5,,background
115.822,362,0.579873,-15.905,-15.6736,0.1114,-15.6001,-15.6197,0.0197,0.084,-30.2489,-1.1627,29.0862,148.9028,195.9248,-253.9185,0.1513,0.1467,0.9701,0.0,0.389,class3_2026_05_22_11_06_12.csv,stable_background,6,,background
21.059,65,0.105434,-15.004,-14.9938,0.5846,-14.4569,-14.7948,0.3379,0.2235,40.3024,405.1282,364.8258,-1333.8558,114.4201,-1333.8558,0.1475,0.6163,4.1781,0.0,1.502,class3_2026_05_22_11_06_12.csv,stable_background,7,,background
89.978,281,0.450482,-16.061,-15.9032,0.627,-14.876,-16.6102,1.7342,0.9885,-145.0515,-24.1905,120.861,-860.2857,-489.0282,-1078.3699,0.271,0.2522,0.9307,0.0,1.881,class2_2026_04_27_15_32_19.csv,manual_annotation,0,89.98,bend
127.947,400,0.640577,-8.529,-10.4897,2.0363,-15.5979,-16.4779,0.88,8.6595,1650.3938,-2737.3891,-4387.7828,-1989.0282,9772.7273,-3150.4702,2.8602,4.2413,1.4829,2.871,6.973,class2_2026_04_27_15_32_19.csv,manual_annotation,1,127.95,connector
131.138,410,0.656553,-16.849,-16.973,2.0727,-13.0998,-30.5091,17.4092,4.055,-664.9811,-3233.5425,-2568.5614,-1316.8812,-1316.8812,-7929.4671,3.1821,13.8291,4.3459,0.0,6.983,class2_2026_04_27_15_32_19.csv,manual_annotation,2,131.14,break
192.08,601,0.961665,-28.039,-35.1694,13.3305,-39.4834,-40.7292,1.2458,30.28,5099.161,1977.5433,-3121.6177,6332.2868,41846.8391,-47460.8166,13.1029,13.056,0.9964,1.276,30.28,class2_2026_04_27_15_32_19.csv,hard_negative,0,,background
168.788,528,0.845051,-49.9,-40.8511,12.8374,-39.7077,-37.5922,-2.1155,29.48,1585.152,1838.1083,252.9563,-41907.5266,45990.4178,-41907.5266,12.8309,13.8172,1.0769,0.0,29.48,class2_2026_04_27_15_32_19.csv,hard_negative,1,,background
186.017,582,0.93131,-49.9,-41.0676,12.5744,-39.2907,-39.4834,0.1927,28.383,70.1369,4017.1073,3946.9704,0.0,0.0,-35982.7602,13.3595,13.1029,0.9808,0.0,28.383,class2_2026_04_27_15_32_19.csv,hard_negative,2,,background
144.538,452,0.723642,-22.718,-37.9764,13.3669,-43.7034,-38.0032,-5.7003,29.042,1016.9148,-1607.6252,-2624.54,-4852.6646,45520.3793,-42417.5201,11.6013,13.3748,1.1529,1.277,29.042,class2_2026_04_27_15_32_19.csv,hard_negative,3,,background
24.249,75,0.121405,-14.091,-14.475,0.2133,-14.6607,-14.3928,-0.2678,0.3955,-56.1885,-7.9367,48.2518,598.7461,921.6301,-652.0376,0.2826,0.111,0.3927,0.957,0.694,class2_2026_04_27_15_32_19.csv,stable_background,4,,background
12.444,38,0.062302,-14.369,-14.3898,0.1163,-13.7987,-14.4691,0.6704,0.0615,-196.4568,4.8953,201.3521,-302.5078,320.5949,-368.3386,0.5908,0.1072,0.1815,0.0,0.359,class2_2026_04_27_15_32_19.csv,stable_background,5,,background
104.017,325,0.52077,-16.296,-15.8433,0.6793,-14.8042,-16.6279,1.8237,1.087,-137.2445,-56.9583,80.2862,-858.9342,-103.4483,-858.9342,0.2534,0.2333,0.9207,0.0,1.798,class2_2026_04_27_15_26_18.csv,manual_annotation,0,104.02,bend
132.414,414,0.662942,-20.201,-25.9911,12.9191,-12.8134,-37.3728,24.5594,3.037,-2526.2621,-1481.637,1044.6251,-4225.7038,-951.4107,-46550.1599,3.4197,14.0244,4.1011,0.0,33.644,class2_2026_04_27_15_26_18.csv,manual_annotation,1,132.41,break
127.947,400,0.640577,-8.114,-10.0301,1.9939,-15.3609,-19.1685,3.8076,8.9235,1714.7819,-2607.6662,-4322.4482,-2021.9436,9462.3824,-3141.0658,2.9665,11.5071,3.879,2.871,6.839,class2_2026_04_27_15_26_18.csv,manual_annotation,2,127.95,connector
22.016,68,0.110225,-15.234,-14.8588,0.3346,-14.5282,-14.4519,-0.0762,-0.0445,-128.4907,97.0591,225.5497,1175.5486,1175.5486,14.1066,0.2884,0.2187,0.7585,0.0,1.127,class2_2026_04_27_15_26_18.csv,hard_negative,0,,background
188.251,589,0.942494,-49.9,-46.9114,8.4529,-39.2364,-42.3231,3.0866,26.897,-2041.5779,2361.5815,4403.1595,-0.0,0.0,-0.0,13.4102,12.2356,0.9124,0.0,26.897,class2_2026_04_27_15_26_18.csv,hard_negative,1,,background
194.951,610,0.976038,-49.9,-44.1893,10.6837,-40.8947,-33.6705,-7.2242,25.711,-780.343,2249.3494,3029.6924,-40.7539,40299.3777,-40070.01,12.7573,13.464,1.0554,0.0,25.711,class2_2026_04_27_15_26_18.csv,hard_negative,2,,background
152.515,477,0.763579,-25.354,-27.655,8.2896,-36.7647,-33.7859,-2.9788,7.7925,5287.002,1177.8909,-4109.111,-7750.7837,3144.2022,-47706.0666,13.2244,13.0251,0.9849,0.0,30.556,class2_2026_04_27_15_26_18.csv,hard_negative,3,,background
92.53,289,0.463259,-14.517,-14.7207,0.1272,-14.733,-14.7316,-0.0014,0.208,12.1777,8.499,-3.6787,159.8746,387.1473,-376.1755,0.1181,0.1013,0.8582,0.638,0.433,class2_2026_04_27_15_26_18.csv,stable_background,4,,background
74.981,234,0.375399,-14.716,-14.6582,0.112,-14.6665,-14.6372,-0.0293,0.227,-8.3736,-18.4883,-10.1147,-12.5392,474.9216,-297.8056,0.1119,0.0866,0.7739,0.0,0.417,class2_2026_04_27_15_26_18.csv,stable_background,5,,background
131.457,411,0.65815,-15.66,-15.5494,2.1653,-10.759,-28.8204,18.0614,3.6905,-1386.3907,-3573.8768,-2187.4861,-3084.6395,-2563.4222,-3084.6395,3.1158,13.2957,4.2671,0.0,6.726,class1_2026_04_27_14_49_30.csv,manual_annotation,0,131.46,break
127.628,399,0.63898,-5.87,-8.7558,2.8523,-13.8649,-13.7503,-0.1146,8.839,1162.8296,-2655.999,-3818.8286,611.2853,9749.2163,-2733.5423,2.2371,5.0821,2.2717,2.871,8.72,class1_2026_04_27_14_49_30.csv,manual_annotation,1,127.63,connector
170.064,532,0.85144,-20.806,-31.4809,13.1009,-35.1236,-33.0928,-2.0307,4.4025,-502.7073,-4626.2087,-4123.5014,-434.1661,45601.884,-45601.884,13.298,13.5815,1.0213,0.638,29.69,class1_2026_04_27_14_49_30.csv,hard_negative,0,,background
190.165,595,0.952077,-21.819,-37.9546,13.371,-34.6448,-39.1771,4.5323,28.081,1724.1739,72.1193,-1652.0546,2971.7868,44014.1097,-44014.1097,13.6806,13.4979,0.9866,1.276,28.081,class1_2026_04_27_14_49_30.csv,hard_negative,1,,background
157.301,492,0.787541,-49.9,-30.2097,10.8722,-29.9218,-39.8786,9.9568,6.795,657.8359,-2452.1183,-3109.9542,-8352.6614,43885.5846,-12492.7276,12.6281,12.7138,1.0068,0.0,27.999,class1_2026_04_27_14_49_30.csv,hard_negative,2,,background
104.974,328,0.525561,-14.855,-14.7402,0.091,-14.7685,-14.8586,0.0901,0.181,45.802,-2.9694,-48.7714,-275.8621,435.6569,-354.232,0.112,0.127,1.1335,0.0,0.308,class1_2026_04_27_14_49_30.csv,stable_background,3,,background
132.414,414,0.662942,-18.51,-17.7574,1.716,-11.0786,-30.6899,19.6114,3.315,-2628.3776,-4244.9713,-1616.5937,-2388.7147,-2388.7147,-48106.5862,3.5457,13.7192,3.8692,0.0,5.392,class1_2026_04_27_14_47_19.csv,manual_annotation,0,132.41,break
127.628,399,0.63898,-5.897,-8.796,2.8882,-13.8958,-13.3672,-0.5286,8.85,1146.6167,-2692.6199,-3839.2366,623.8245,9692.79,-2749.2163,2.2386,4.2249,1.8873,2.871,8.894,class1_2026_04_27_14_47_19.csv,manual_annotation,1,127.63,connector
164.959,516,0.825881,-20.534,-41.0134,12.7468,-35.9402,-36.2486,0.3084,18.645,-3112.4757,2384.7342,5497.2099,0.0,33608.1536,-45722.5737,14.0806,13.7084,0.9736,0.638,29.366,class1_2026_04_27_14_47_19.csv,hard_negative,0,,background
179.317,561,0.897766,-25.817,-31.6981,12.9368,-40.4188,-39.1781,-1.2407,28.977,5321.1098,1367.0613,-3954.0485,45418.4984,45418.4984,-45418.4984,13.4262,13.4559,1.0022,0.957,28.977,class1_2026_04_27_14_47_19.csv,hard_negative,1,,background
178.041,557,0.891377,-21.38,-34.6386,13.7356,-43.5709,-37.8947,-5.6762,30.273,1502.868,-2733.3106,-4236.1786,-5537.616,47524.1012,-41912.2288,11.8641,13.4552,1.1341,1.595,30.273,class1_2026_04_27_14_47_19.csv,hard_negative,2,,background
150.282,470,0.752399,-19.842,-34.2066,14.1309,-33.2427,-29.4574,-3.7853,4.132,-4659.2782,-1518.1559,3141.1223,-45357.3699,47112.8574,-45357.3699,13.4518,12.765,0.9489,0.957,30.671,class1_2026_04_27_14_47_19.csv,stable_background,3,,background
35.736,111,0.178915,-10.603,-12.2663,1.2747,-14.0994,-13.7644,-0.3351,3.7455,416.4384,-702.2785,-1118.7169,-283.6991,4752.3511,-1833.8558,0.9116,1.0426,1.1437,2.233,3.996,class3_2026_05_14_14_36_30.csv,manual_annotation,0,35.74,connector
96.997,303,0.485624,-0.518,-4.0836,4.4836,-13.0369,-7.7799,-5.2569,12.0115,2033.6515,-2654.7964,-4688.4479,1735.1097,16169.279,-5410.6583,3.809,4.1326,1.0849,3.51,14.035,class3_2026_05_14_14_36_30.csv,manual_annotation,1,97.0,connector
127.628,399,0.63898,-1.422,-4.9332,4.3549,-13.8129,-8.861,-4.9519,12.373,2110.8025,-2648.5769,-4759.3793,393.4169,17410.8528,-2818.1818,4.0438,4.3572,1.0775,3.828,14.091,class3_2026_05_14_14_36_30.csv,manual_annotation,2,127.63,connector
133.69,418,0.66933,-16.238,-16.3168,1.7224,-8.861,-24.9981,16.1371,3.166,-2621.7298,-4673.7969,-2052.0672,-2388.7147,-1434.1708,-4012.5376,4.3572,11.2513,2.5823,0.0,5.441,class3_2026_05_14_14_36_30.csv,manual_annotation,3,133.69,break
189.527,593,0.948883,-21.335,-32.0984,12.6893,-33.9984,-34.6304,0.6321,4.7175,1137.2327,4442.3071,3305.0745,-42484.3292,44772.732,-45104.2282,12.9049,13.7525,1.0657,0.957,28.876,class3_2026_05_14_14_36_30.csv,hard_negative,0,,background
170.383,533,0.853037,-27.589,-34.8298,13.6061,-38.2012,-38.0587,-0.1425,29.294,3977.4366,-316.1676,-4293.6042,-53.2884,34970.221,-44413.7978,13.2963,13.3853,1.0067,1.276,29.294,class3_2026_05_14_14_36_30.csv,hard_negative,1,,background
77.534,242,0.38818,-14.701,-14.6547,0.1147,-14.5894,-14.6313,0.0419,0.162,-29.2831,0.7323,30.0153,-108.1505,75.2351,-363.6364,0.088,0.1376,1.5632,0.0,0.404,class3_2026_05_14_14_36_30.csv,hard_negative,2,,background
171.021,535,0.856231,-49.9,-34.6754,13.7513,-36.9919,-39.6329,2.641,29.294,4325.3737,-1629.8716,-5955.2453,-44413.7978,34970.221,-44413.7978,13.1514,13.0139,0.9895,0.0,29.294,class3_2026_05_14_14_36_30.csv,hard_negative,3,,background
164.959,516,0.825881,-49.9,-40.2771,13.6508,-38.0601,-36.9919,-1.0682,31.133,2377.6653,683.6492,-1694.0161,3531.348,45266.4608,-48797.8088,13.377,13.1514,0.9831,0.0,31.133,class3_2026_05_14_14_36_30.csv,hard_negative,4,,background
161.449,505,0.808308,-49.9,-41.3968,12.2493,-36.7068,-39.6591,2.9523,29.975,-1726.7713,-2352.7286,-625.9573,-9667.7132,41318.185,-9667.7132,13.2638,13.0438,0.9834,0.0,29.975,class3_2026_05_14_14_36_30.csv,hard_negative,5,,background
14.358,44,0.071885,-14.402,-14.3281,0.0579,-14.2438,-14.3432,0.0993,0.0385,-16.3002,-16.673,-0.3728,29.7806,200.627,-57.9937,0.1098,0.0852,0.776,0.0,0.2,class3_2026_05_14_14_36_30.csv,stable_background,6,,background
150.92,472,0.755594,-23.316,-30.9883,13.4013,-38.2892,-31.5884,-6.7007,6.6145,1661.1229,-193.787,-1854.9099,-45725.71,42666.5935,-45725.71,13.189,13.1057,0.9937,0.957,29.621,class3_2026_05_14_14_36_30.csv,stable_background,7,,background
102.74,321,0.514376,-19.615,-20.4891,2.966,-11.9336,-36.1738,24.2402,2.7815,-2671.1168,-5102.8516,-2431.7348,-10995.2978,-1976.4875,-44847.9639,4.374,13.7852,3.1516,0.0,9.442,class3_2026_05_14_13_21_55.csv,manual_annotation,0,102.74,break
96.997,303,0.485624,-5.04,-7.9552,2.9536,-13.5774,-12.7433,-0.8342,9.52,1357.0815,-2684.0984,-4041.1799,36.0502,11009.4044,-2752.3511,2.606,4.372,1.6777,3.191,9.504,class3_2026_05_14_13_21_55.csv,manual_annotation,1,97.0,connector
179.955,563,0.90096,-25.779,-41.0631,12.5353,-40.4249,-40.7857,0.3607,27.732,376.4475,-27.8134,-404.2608,43467.0893,43467.0893,-43467.0893,13.4139,12.9342,0.9642,0.957,27.732,class3_2026_05_14_13_21_55.csv,hard_negative,0,,background
115.184,360,0.576678,-23.556,-28.2871,11.6895,-31.6063,-36.646,5.0397,5.671,5087.9845,-2466.4092,-7554.3937,-42601.8856,46642.6364,-42601.8856,13.0221,13.37,1.0267,0.0,30.123,class3_2026_05_14_13_21_55.csv,hard_negative,1,,background
177.083,554,0.886581,-49.9,-37.3457,14.052,-39.5599,-40.752,1.1921,29.859,-288.2661,-2932.5529,-2644.2868,0.0,0.0,-208.4671,13.0519,12.974,0.994,0.0,29.859,class3_2026_05_14_13_21_55.csv,hard_negative,2,,background
82.639,258,0.413739,-14.796,-14.6804,0.0665,-14.6195,-14.6874,0.0679,0.1115,-10.0602,8.1249,18.1851,-159.8746,94.0439,-264.8903,0.1235,0.0827,0.6694,0.0,0.244,class3_2026_05_14_13_21_55.csv,stable_background,3,,background
67.962,212,0.340257,-14.6,-14.9649,2.1216,-13.8348,-27.1422,13.3073,2.916,552.218,-4677.4416,-5229.6595,-1855.7994,-1749.2163,-5963.9514,1.1972,14.3307,11.9698,0.0,7.108,class3_2026_05_14_13_11_09.csv,manual_annotation,0,67.96,break
66.366,207,0.332267,-11.186,-13.0209,1.2395,-14.3817,-22.4252,8.0435,3.491,345.3989,-5311.767,-5657.1659,-380.8777,4865.2038,-2634.6655,0.7841,12.7142,16.2153,1.596,3.475,class3_2026_05_14_13_11_09.csv,manual_annotation,1,66.37,connector
161.13,504,0.806711,-49.9,-40.4709,13.3448,-35.0334,-38.9381,3.9046,28.925,2898.5356,3408.9757,510.4401,-42355.8009,45319.7524,-42355.8009,13.4256,13.749,1.0241,0.0,28.925,class3_2026_05_14_13_11_09.csv,hard_negative,0,,background
119.013,372,0.595849,-14.617,-32.9271,15.34,-34.7857,-31.0606,-3.7251,8.1865,-4314.0128,-3472.0765,841.9364,6134.7994,55302.511,-51277.4342,15.3409,15.1822,0.9897,0.957,35.283,class3_2026_05_14_13_11_09.csv,hard_negative,1,,background
169.426,530,0.848245,-49.9,-37.9013,13.4629,-34.6911,-34.9817,0.2906,4.9385,969.2853,4151.9154,3182.6301,-44250.7884,44277.4342,-44250.7884,13.7088,13.4601,0.9819,0.0,28.249,class3_2026_05_14_13_11_09.csv,hard_negative,2,,background
31.907,99,0.159745,-14.545,-14.4984,0.0919,-14.4101,-14.5841,0.174,0.167,-14.1488,0.9484,15.0972,-233.5423,340.1254,-233.5423,0.0825,0.1091,1.3215,0.0,0.305,class3_2026_05_14_13_11_09.csv,stable_background,3,,background
10.21,31,0.051117,-17.597,-17.4264,1.5326,-10.5811,-29.2979,18.7168,2.347,-2505.4807,-1661.9072,843.5735,-2949.8433,-1716.3009,-48055.0952,3.8615,12.9039,3.3417,0.0,4.752,class3_2026_05_14_14_40_57.csv,manual_annotation,0,10.21,break
145.496,455,0.728438,-20.441,-31.3433,13.2076,-35.5086,-37.1254,1.6168,13.3135,-631.0305,-5821.6914,-5190.6608,858.9357,45965.3663,-46173.9843,12.9561,13.3387,1.0295,1.277,29.459,class3_2026_05_14_14_40_57.csv,hard_negative,0,,background
129.861,406,0.65016,-49.9,-40.383,13.4674,-34.8722,-44.0036,9.1314,29.315,-914.9116,537.1197,1452.0312,-0.0,611.2868,-42765.7846,13.5766,11.1953,0.8246,0.0,29.315,class3_2026_05_14_14_40_57.csv,hard_negative,1,,background
127.628,399,0.63898,-5.953,-8.8418,2.8896,-14.0001,-13.5785,-0.4216,8.8825,1156.8891,-2747.641,-3904.5301,581.5047,9520.3762,-2771.1599,2.279,4.4252,1.9417,2.871,8.989,class1_2026_04_27_14_38_20.csv,manual_annotation,0,127.63,connector
132.095,413,0.661345,-17.345,-17.4154,2.2091,-10.9903,-33.9938,23.0035,3.992,-2464.1332,-861.9563,1602.1769,-4340.1238,-2302.0506,-48057.9969,3.3364,14.3098,4.289,0.0,6.571,class1_2026_04_27_14_38_20.csv,manual_annotation,1,132.09,break
168.788,528,0.845051,-22.331,-32.2076,12.6366,-39.311,-31.9859,-7.3251,6.517,-738.509,-1159.0938,-420.5848,-6061.127,44933.8486,-7673.9812,13.3517,12.7608,0.9557,0.957,28.757,class1_2026_04_27_14_38_20.csv,hard_negative,0,,background
194.951,610,0.976038,-49.9,-31.216,13.2508,-33.8181,-35.9835,2.1654,8.905,2331.944,-2396.0572,-4728.0012,-42741.3809,4866.7696,-42741.3809,13.102,13.1483,1.0035,0.0,29.599,class1_2026_04_27_14_38_20.csv,hard_negative,1,,background
170.702,534,0.854634,-24.372,-31.9802,12.8024,-33.2645,-36.348,3.0835,5.3105,5111.4168,-9.8303,-5121.2472,-45493.7335,6553.29,-45493.7335,13.3487,13.6327,1.0213,0.0,29.025,class1_2026_04_27_14_38_20.csv,hard_negative,2,,background
49.456,154,0.247606,-14.543,-14.5504,0.0656,-14.5889,-14.588,-0.0009,0.217,10.0327,-7.911,-17.9438,-39.185,178.9459,-61.1285,0.1058,0.0883,0.8342,0.0,0.241,class1_2026_04_27_14_38_20.csv,stable_background,3,,background
131.776,412,0.659748,-17.649,-16.5477,2.1165,-10.8736,-27.0057,16.1321,3.359,-2081.6095,-3504.1799,-1422.5704,-3514.1082,-2034.8502,-3514.1082,3.1778,12.3241,3.8782,0.0,6.681,class1_2026_04_27_14_38_26.csv,manual_annotation,0,131.78,break
127.309,398,0.637383,-6.704,-9.4996,3.4237,-14.4031,-12.7321,-1.671,8.84,598.2653,-2712.8218,-3311.0871,4595.6113,9600.3135,-2655.1724,1.4241,4.359,3.0608,2.871,8.941,class1_2026_04_27_14_38_26.csv,manual_annotation,1,127.31,connector
189.527,593,0.948883,-49.9,-37.7186,13.642,-38.3221,-38.6863,0.3643,29.145,-8.92,920.105,929.025,-0.0,41134.7994,-45681.8229,13.0391,14.071,1.0791,0.0,29.145,class1_2026_04_27_14_38_26.csv,hard_negative,0,,background
188.57,590,0.944091,-23.656,-40.9569,12.6543,-41.2468,-38.8873,-2.3595,27.842,1979.1046,1964.425,-14.6796,-2257.0502,43639.5,-41382.4498,12.337,13.8246,1.1206,1.276,27.842,class1_2026_04_27_14_38_26.csv,hard_negative,1,,background
180.912,566,0.905751,-19.678,-34.6972,13.7842,-34.1183,-41.1708,7.0526,30.222,-1254.8384,1070.0881,2324.9265,12390.2821,41550.1583,-47369.9107,12.8568,12.4606,0.9692,1.595,30.222,class1_2026_04_27_14_38_26.csv,hard_negative,2,,background
151.239,473,0.757191,-24.066,-25.5587,9.0355,-40.4667,-34.4964,-5.9702,30.153,3612.0868,-1591.4012,-5203.488,5854.2335,46670.848,-14362.069,13.3664,13.9017,1.04,3.19,30.153,class1_2026_04_27_14_38_26.csv,stable_background,3,,background
110.079,344,0.55112,-15.836,-15.8089,0.4408,-14.9179,-16.3253,1.4074,0.6425,-181.8919,-71.6157,110.2762,-250.7853,-62.6959,-967.0831,0.3178,0.2302,0.7244,0.0,1.239,class2_2026_04_27_15_21_50.csv,manual_annotation,0,110.08,bend
127.947,400,0.640577,-7.762,-9.732,2.0434,-14.9518,-15.5816,0.6298,8.8185,1703.1277,-2631.2009,-4334.3286,-1968.652,9746.0815,-3327.5862,2.9046,4.0319,1.3881,2.871,7.018,class2_2026_04_27_15_21_50.csv,manual_annotation,1,127.95,connector
131.776,412,0.659748,-18.504,-17.8816,1.9555,-12.3463,-29.353,17.0067,3.6325,-2128.6417,-6195.9603,-4067.3186,-1703.7618,-1703.7618,-2865.2053,3.2145,12.8466,3.9965,0.0,6.133,class2_2026_04_27_15_21_50.csv,manual_annotation,2,131.78,break
178.36,558,0.892974,-21.027,-43.8756,11.3013,-36.1896,-35.5997,-0.5899,6.19,-5836.5146,849.5165,6686.031,39728.8448,45255.489,-45255.489,13.7497,12.9049,0.9386,0.638,28.873,class2_2026_04_27_15_21_50.csv,hard_negative,0,,background
178.998,560,0.896168,-49.9,-38.3446,12.9804,-34.6269,-34.3377,-0.2892,5.1825,-929.2429,593.4696,1522.7124,-39728.8448,45255.489,-40952.9828,13.7094,12.5723,0.9171,0.0,28.873,class2_2026_04_27_15_21_50.csv,hard_negative,1,,background
171.978,538,0.861022,-49.9,-37.7409,13.6374,-36.6078,-36.1896,-0.4183,20.1195,2518.2657,-94.7617,-2613.0273,0.0,0.0,0.0,13.4134,13.7497,1.0251,0.0,29.928,class2_2026_04_27_15_21_50.csv,hard_negative,2,,background
155.706,487,0.779555,-49.9,-34.636,13.6954,-29.7667,-39.3725,9.6058,3.7885,1342.4956,-1666.3496,-3008.8451,-3942.0047,4200.6238,-41896.5549,12.5465,13.2479,1.0559,0.0,29.245,class2_2026_04_27_15_21_50.csv,hard_negative,3,,background
98.912,309,0.495211,-14.983,-14.738,0.135,-14.6441,-14.7222,0.0781,0.1775,-52.144,-34.6292,17.5148,181.8847,181.8847,-42.3197,0.1253,0.1062,0.8477,0.0,0.482,class2_2026_04_27_15_21_50.csv,stable_background,4,,background
74.343,232,0.372204,-14.649,-14.601,0.1295,-14.6527,-14.5777,-0.075,0.299,49.6906,14.4318,-35.2588,23.511,473.3542,-369.906,0.122,0.0978,0.8019,0.0,0.483,class2_2026_04_27_15_21_50.csv,stable_background,5,,background
127.947,400,0.640577,-6.337,-8.2576,1.9916,-13.4064,-14.1525,0.7461,8.811,1667.8679,-2615.2226,-4283.0905,-2004.7022,9509.4044,-3175.5486,2.8743,4.0659,1.4146,2.871,6.806,class1_2026_04_27_14_38_09.csv,manual_annotation,0,127.95,connector
132.414,414,0.662942,-18.183,-17.7267,1.6193,-11.1404,-35.5004,24.3599,2.9185,-2651.85,-2092.4316,559.4184,-967.0846,-967.0846,-46826.0219,3.5764,14.5612,4.0715,0.0,4.985,class1_2026_04_27_14_38_09.csv,manual_annotation,1,132.41,break
166.554,521,0.833867,-49.9,-34.5116,13.8017,-33.0003,-37.4152,4.4149,5.32,2731.2011,100.0932,-2631.1079,41797.8088,41797.8088,-47605.0188,13.5353,14.0022,1.0345,0.0,30.372,class1_2026_04_27_14_38_09.csv,hard_negative,0,,background
155.387,486,0.777958,-49.9,-43.8048,11.4379,-32.9932,-36.5524,3.5592,5.2595,-3975.4009,2095.0495,6070.4504,0.0,4148.3613,-0.0,13.5914,13.4824,0.992,0.0,29.32,class1_2026_04_27_14_38_09.csv,hard_negative,1,,background
182.189,570,0.912144,-22.366,-31.8086,12.8484,-35.5477,-31.9709,-3.5768,5.542,-1329.2095,-3235.2712,-1906.0617,-41581.5078,41641.2515,-46362.0737,12.9305,12.8141,0.991,0.638,29.579,class1_2026_04_27_14_38_09.csv,hard_negative,2,,background
8.296,25,0.041535,-13.772,-13.569,0.4673,-8.8084,-14.2366,5.4282,1.029,-1991.5725,-102.7265,1888.846,-357.3668,-357.3668,-409.0909,3.5921,0.178,0.0495,0.0,1.403,class1_2026_04_27_14_38_09.csv,stable_background,3,,background
108.803,340,0.544731,-16.06,-15.7314,0.6538,-14.8399,-16.8079,1.968,1.0555,-70.1627,-249.0814,-178.9187,-813.4796,-166.1442,-813.4796,0.1913,0.4085,2.1357,0.0,1.664,class2_2026_04_27_15_24_02.csv,manual_annotation,0,108.8,bend
127.628,399,0.63898,-7.928,-10.8461,2.9206,-16.0117,-17.3389,1.3272,8.8615,1131.5322,-2675.1061,-3806.6383,623.8245,9985.8934,-2708.4639,2.2798,9.1251,4.0025,2.871,8.905,class2_2026_04_27_15_24_02.csv,manual_annotation,1,127.63,connector
131.776,412,0.659748,-18.354,-19.111,3.0879,-12.8924,-33.3314,20.439,3.4425,-2094.9883,-2593.3024,-498.3141,-2763.3245,-2297.2268,-40587.779,3.2145,13.3535,4.1541,0.0,9.166,class2_2026_04_27_15_24_02.csv,manual_annotation,2,131.78,break
183.784,575,0.92013,-49.9,-41.144,12.4409,-39.4629,-41.1129,1.65,27.825,1700.2401,2202.1393,501.8992,-36565.8354,43612.8542,-36565.8354,13.1365,12.527,0.9536,0.0,27.825,class2_2026_04_27_15_24_02.csv,hard_negative,0,,background
159.854,500,0.800322,-24.422,-39.0241,12.1836,-39.9484,-39.4849,-0.4636,25.478,-489.3632,-1749.6227,-1260.2595,38327.5878,39934.1708,-39934.1708,12.5476,13.0931,1.0435,0.957,25.478,class2_2026_04_27_15_24_02.csv,hard_negative,1,,background
152.196,476,0.761982,-21.357,-25.8543,8.7398,-37.6334,-36.7168,-0.9166,29.895,4686.4759,-1440.5255,-6127.0014,-4299.373,46857.3715,-44738.2476,13.7667,13.2528,0.9627,2.233,29.895,class2_2026_04_27_15_24_02.csv,hard_negative,2,,background
150.601,471,0.753997,-49.9,-31.6564,12.9809,-39.3199,-33.5349,-5.7849,18.3965,-162.6345,-4476.8802,-4314.2457,43724.1411,43724.1411,-6512.5408,13.3199,13.1592,0.9879,0.0,29.895,class2_2026_04_27_15_24_02.csv,hard_negative,3,,background
50.413,157,0.252397,-14.445,-14.5874,0.1001,-14.6124,-14.5934,-0.019,0.152,3.0136,30.3008,27.2872,258.6207,258.6207,-432.6019,0.0887,0.1066,1.2021,0.638,0.281,class2_2026_04_27_15_24_02.csv,stable_background,4,,background
67.005,209,0.335466,-14.434,-14.6493,0.1101,-14.6297,-14.6772,0.0475,0.2205,-39.6664,14.3628,54.0292,210.4041,240.2313,-523.511,0.1047,0.1075,1.0262,0.639,0.336,class2_2026_04_27_15_24_02.csv,stable_background,5,,background
127.628,399,0.63898,-5.884,-8.7549,2.839,-13.8804,-13.6513,-0.2291,8.858,1197.5726,-2611.4154,-3808.9881,608.1505,9498.4326,-2700.627,2.2494,4.7167,2.0968,2.871,8.771,class1_2026_04_27_14_49_22.csv,manual_annotation,0,127.63,connector
131.776,412,0.659748,-16.927,-16.7814,2.8559,-10.8158,-30.6492,19.8334,3.1725,-2096.627,-4984.3839,-2887.7569,-2631.663,-2131.7132,-9686.5204,3.1803,13.7364,4.3193,0.0,10.192,class1_2026_04_27_14_49_22.csv,manual_annotation,1,131.78,break
91.254,285,0.456871,-14.532,-14.7043,0.1699,-14.7222,-14.6758,-0.0464,0.19,-26.8941,-2.4546,24.4395,-195.9248,308.7774,-280.5643,0.1206,0.1282,1.0632,0.638,0.524,class1_2026_04_27_14_49_22.csv,hard_negative,0,,background
157.62,493,0.789138,-49.9,-37.0711,14.3501,-35.1938,-40.8927,5.6989,29.617,1469.2049,77.5483,-1391.6566,-1446.7085,45849.5313,-43626.9624,14.716,12.7831,0.8687,0.0,29.617,class1_2026_04_27_14_49_22.csv,hard_negative,1,,background
177.403,555,0.888183,-49.9,-34.6127,13.6831,-42.1336,-28.9982,-13.1354,4.9365,640.4725,-1468.7351,-2109.2076,42601.05,45141.069,-2962.3824,12.543,11.3107,0.9018,0.0,28.8,class1_2026_04_27_14_49_22.csv,hard_negative,2,,background
82.639,258,0.413739,-14.471,-14.6659,0.1394,-14.6881,-14.6868,-0.0012,0.19,18.0519,16.5425,-1.5093,-272.7273,344.8276,-272.7273,0.1423,0.1108,0.7788,0.638,0.41,class1_2026_04_27_14_49_22.csv,stable_background,3,,background
100.507,314,0.503197,-17.604,-20.9709,10.3849,-12.9769,-37.1397,24.1628,3.673,-1073.0632,-1218.3214,-145.2582,-3341.6928,-2181.8182,-47423.2022,2.4081,14.3325,5.9518,0.0,35.437,class3_2026_05_14_13_00_09.csv,manual_annotation,0,100.51,break
96.678,302,0.484026,-9.421,-11.4277,2.1539,-14.4549,-18.8306,4.3757,5.9395,375.2078,-2593.6663,-2968.8741,3631.6614,6725.7053,-2573.6677,0.8551,11.6005,13.5661,2.233,5.868,class3_2026_05_14_13_00_09.csv,manual_annotation,1,96.68,connector
141.029,441,0.706073,-49.9,-37.4474,13.9234,-28.5276,-37.9007,9.3731,2.3665,2294.2263,1816.422,-477.8043,-44462.384,820.744,-44462.384,11.4778,13.5121,1.1772,0.0,28.367,class3_2026_05_14_13_00_09.csv,hard_negative,0,,background
145.496,455,0.728438,-49.9,-34.6326,13.6887,-34.7419,-36.1877,1.4457,5.443,3194.1309,775.1144,-2419.0165,0.0,44807.2132,-45474.9263,13.651,13.7405,1.0066,0.0,29.013,class3_2026_05_14_13_00_09.csv,hard_negative,1,,background
181.231,567,0.907348,-21.411,-35.0131,13.3815,-34.4127,-41.0011,6.5884,28.708,1668.6778,-1745.2877,-3413.9655,-41517.2429,41517.2429,-44723.4902,13.8986,12.6815,0.9124,1.276,28.708,class3_2026_05_14_13_00_09.csv,hard_negative,2,,background
111.036,347,0.555911,-23.905,-31.7189,12.9366,-37.6608,-36.2716,-1.3893,29.761,-258.727,-3715.9203,-3457.1932,42894.9859,42894.9859,-46647.3386,13.7436,13.7687,1.0018,1.595,29.761,class3_2026_05_14_13_00_09.csv,stable_background,3,,background
23.611,73,0.11821,-14.652,-14.8639,0.1984,-14.7186,-15.5894,0.8708,0.468,-139.5419,-247.3645,-107.8226,-95.6113,1105.0157,-636.3636,0.3324,0.3845,1.1568,2.233,0.519,class2_2026_04_27_16_06_20.csv,manual_annotation,0,23.61,bend
127.628,399,0.63898,-7.713,-10.6239,2.9066,-15.5203,-15.2801,-0.2402,8.458,1150.1051,-2551.4163,-3701.5214,628.5266,9554.6668,-2835.4232,2.1842,4.4281,2.0273,2.871,9.051,class2_2026_04_27_16_06_20.csv,manual_annotation,1,127.63,connector
132.095,413,0.661345,-19.381,-19.041,2.464,-12.7473,-30.0637,17.3164,2.4905,-2431.105,-3948.2484,-1517.1434,-490.5956,-490.5956,-7478.0549,3.3059,12.4721,3.7727,0.0,8.064,class2_2026_04_27_16_06_20.csv,manual_annotation,2,132.09,break
80.086,250,0.400957,-16.549,-16.2502,0.2038,-16.2553,-16.2277,-0.0277,0.3205,-13.7837,-0.3198,13.4639,76.8025,564.2633,-189.6552,0.2096,0.1807,0.8621,0.0,0.672,class2_2026_04_27_16_06_20.csv,hard_negative,0,,background
163.044,510,0.816293,-19.686,-35.0389,13.3929,-39.3371,-35.5299,-3.8072,30.214,-107.722,964.0395,1071.7614,-254.2024,42351.1019,-47398.3981,13.2986,12.9877,0.9766,1.596,30.214,class2_2026_04_27_16_06_20.csv,hard_negative,1,,background
189.527,593,0.948883,-49.9,-34.9142,13.4297,-38.0287,-33.2003,-4.8284,5.126,2414.8575,1817.5552,-597.3023,-0.0,44738.2476,-42926.0432,13.3645,13.3376,0.998,0.0,28.543,class2_2026_04_27_16_06_20.csv,hard_negative,2,,background
186.656,584,0.934509,-20.414,-46.6238,9.2666,-33.8779,-37.9081,4.0302,8.06,-7033.3261,2992.7253,10026.0514,0.0,46288.6301,-46216.3041,12.9519,13.4281,1.0368,0.638,29.486,class2_2026_04_27_16_06_20.csv,hard_negative,3,,background
113.589,355,0.568693,-16.332,-16.3911,0.1798,-16.4319,-16.4032,-0.0287,0.414,-3.5764,-17.4486,-13.8721,-327.5893,510.9718,-598.7461,0.2908,0.2058,0.7076,0.0,0.668,class2_2026_04_27_16_06_20.csv,stable_background,4,,background
15.315,47,0.076676,-14.563,-14.4414,0.1,-14.3067,-14.521,0.2143,0.1155,-46.3861,7.6483,54.0344,-242.9467,155.1724,-242.9467,0.1501,0.1053,0.7014,0.0,0.306,class2_2026_04_27_16_06_20.csv,stable_background,5,,background
35.736,111,0.178915,-10.881,-12.4212,1.1589,-14.1273,-13.7853,-0.342,3.506,407.4064,-647.2027,-1054.6091,-257.0533,4358.9342,-1871.4734,0.8491,0.945,1.113,2.233,3.624,class3_2026_05_14_13_43_30.csv,manual_annotation,0,35.74,connector
127.628,399,0.63898,-1.531,-5.0507,4.1046,-13.2114,-9.0434,-4.168,12.2795,1967.1087,-2638.704,-4605.8127,697.4922,15950.4946,-2830.721,3.6751,4.2825,1.1653,3.828,13.271,class3_2026_05_14_13_43_30.csv,manual_annotation,1,127.63,connector
134.328,420,0.672524,-17.525,-17.5999,1.8469,-10.6205,-27.0492,16.4287,2.362,-2444.3402,-3020.3908,-576.0505,-1457.6771,-1343.2602,-5940.4404,4.143,12.3337,2.977,0.0,6.617,class3_2026_05_14_13_43_30.csv,manual_annotation,2,134.33,break
164.64,515,0.824284,-20.441,-37.7229,13.6985,-38.0318,-34.8677,-3.1641,19.3535,-670.3941,1979.4235,2649.8176,-0.0,46173.9843,-46173.9843,13.306,13.5888,1.0213,0.638,29.459,class3_2026_05_14_13_43_30.csv,hard_negative,0,,background
21.697,67,0.108628,-14.581,-14.5428,0.1451,-14.408,-14.3607,-0.0473,0.143,-11.8243,51.5316,63.3559,-391.8495,17.2414,-391.8495,0.1167,0.1753,1.5027,0.0,0.582,class3_2026_05_14_13_43_30.csv,hard_negative,1,,background
170.702,534,0.854634,-22.531,-28.2703,11.6127,-34.8677,-37.9395,3.0718,19.4515,4028.5673,252.3385,-3776.2288,-6608.1505,1460.8135,-42898.1223,13.5888,13.4302,0.9883,2.871,29.557,class3_2026_05_14_13_43_30.csv,hard_negative,2,,background
171.978,538,0.861022,-21.874,-32.0729,12.6506,-35.0634,-37.9383,2.8749,17.9205,2442.4312,-3757.4649,-6199.8961,43589.3448,43927.9013,-43724.2126,13.4082,13.424,1.0012,0.958,28.026,class3_2026_05_14_13_43_30.csv,hard_negative,3,,background
110.398,345,0.552717,-14.623,-14.6989,0.1384,-14.7161,-14.7064,-0.0097,0.1845,37.9073,11.0744,-26.8329,-186.5204,402.8213,-567.3981,0.1191,0.1156,0.9706,1.276,0.481,class3_2026_05_14_13_43_30.csv,stable_background,4,,background
62.538,195,0.313102,-14.487,-14.5593,0.0774,-14.5592,-14.5241,-0.0352,0.0395,-1.4309,-6.1844,-4.7535,-92.4765,378.2067,-206.8966,0.0785,0.0858,1.0924,1.277,0.243,class3_2026_05_14_13_43_30.csv,stable_background,5,,background
115.822,362,0.579873,-15.797,-15.7742,0.7433,-14.8253,-16.7149,1.8897,1.146,-89.5776,-115.8868,-26.3092,-1771.1599,89.3417,-1771.1599,0.1896,0.2344,1.2361,0.0,1.973,class2_2026_04_27_15_18_09.csv,manual_annotation,0,115.82,bend
127.628,399,0.63898,-7.795,-10.6864,2.8614,-15.9299,-15.1812,-0.7487,8.7965,1161.9336,-2700.4035,-3862.337,653.605,9866.7712,-2647.3354,2.2969,4.1209,1.7942,2.871,8.688,class2_2026_04_27_15_18_09.csv,manual_annotation,1,127.63,connector
131.457,411,0.65815,-17.711,-17.5118,2.2085,-12.6939,-31.456,18.7621,3.747,-1376.8514,-5440.9438,-4064.0924,-2927.8997,-2472.0957,-4548.5909,3.1346,13.2995,4.2428,0.0,6.69,class2_2026_04_27_15_18_09.csv,manual_annotation,2,131.46,break
159.535,499,0.798725,-26.199,-35.448,13.1623,-38.2159,-33.1701,-5.0458,9.3175,-588.5041,1214.788,1803.2922,-5296.2367,47035.0895,-37148.9075,13.2501,13.4539,1.0154,0.0,30.092,class2_2026_04_27_15_18_09.csv,hard_negative,0,,background
177.083,554,0.886581,-49.9,-28.7068,11.5019,-31.4,-33.5433,2.1433,4.9695,151.6642,-4413.9036,-4565.5678,40313.3785,40313.3785,-41128.5298,13.1657,13.1148,0.9961,0.0,30.829,class2_2026_04_27_15_18_09.csv,hard_negative,1,,background
162.406,508,0.813099,-49.9,-32.4353,12.4707,-38.1851,-33.2287,-4.9564,6.5975,-90.8957,-3274.0308,-3183.1351,39960.8166,39960.8166,3136.3636,13.2193,13.421,1.0153,0.0,27.983,class2_2026_04_27_15_18_09.csv,hard_negative,2,,background
178.041,557,0.891377,-23.66,-32.5869,12.33,-31.8173,-36.5758,4.7586,4.2135,-472.1278,-3567.1738,-3095.0461,9081.5031,40313.3785,-41128.5298,12.9027,13.4365,1.0414,0.0,29.03,class2_2026_04_27_15_18_09.csv,hard_negative,3,,background
24.249,75,0.121405,-14.12,-14.3498,0.1288,-14.6012,-14.3979,-0.2032,0.3385,1.5234,-15.734,-17.2574,-79.9373,556.4263,-351.5903,0.2614,0.082,0.3135,1.595,0.377,class2_2026_04_27_15_18_09.csv,stable_background,4,,background
104.017,325,0.52077,-14.579,-14.7409,0.0985,-14.7616,-14.7889,0.0273,0.187,-18.5603,-8.7047,9.8556,29.7806,444.9266,-358.9342,0.0914,0.123,1.3464,0.638,0.293,class2_2026_04_27_15_18_09.csv,stable_background,5,,background
134.328,420,0.672524,-18.113,-18.2333,1.7814,-11.0575,-26.431,15.3735,2.018,-2479.3252,-2439.6447,39.6805,-4003.1364,-1352.663,-8272.2871,4.205,10.6886,2.5419,0.0,5.911,class3_2026_05_14_13_42_19.csv,manual_annotation,0,134.33,break
127.628,399,0.63898,-1.94,-5.4732,4.1861,-13.5808,-9.4683,-4.1126,12.3545,1935.5101,-2635.1088,-4570.6189,673.9812,16374.3887,-2746.0815,3.6563,4.3374,1.1863,3.828,13.57,class3_2026_05_14_13_42_19.csv,manual_annotation,1,127.63,connector
35.417,110,0.177318,-7.216,-9.8179,2.8092,-13.9914,-11.9402,-2.0512,7.509,604.2952,-1799.8138,-2404.109,3260.1881,8593.291,-2443.5737,1.3482,2.6007,1.929,2.552,7.568,class3_2026_05_14_13_42_19.csv,manual_annotation,2,35.42,connector
188.889,591,0.945689,-20.596,-32.2678,12.533,-36.4719,-35.771,-0.7009,17.2135,4647.4362,551.4789,-4095.9574,-39829.1567,8029.779,-45931.0361,13.4917,14.1619,1.0497,2.552,29.304,class3_2026_05_14_13_42_19.csv,hard_negative,0,,background
159.535,499,0.798725,-22.868,-40.8911,12.7449,-35.7543,-37.5017,1.7473,27.735,-3084.7192,2918.8199,6003.5391,41242.9498,42369.9091,-42369.9091,14.1983,13.8889,0.9782,0.957,27.735,class3_2026_05_14_13_42_19.csv,hard_negative,1,,background
183.146,573,0.916936,-49.9,-47.0077,8.1808,-36.2556,-34.8439,-1.4117,1.811,-196.4015,5333.1171,5529.5187,-40800.9451,40800.9451,-40800.9451,13.7024,13.5411,0.9882,0.0,26.031,class3_2026_05_14_13_42_19.csv,hard_negative,2,,background
164.959,516,0.825881,-49.9,-31.2599,13.3441,-35.9999,-39.3001,3.3002,29.912,2776.6842,-2548.5013,-5325.1855,0.0,45344.8323,-35451.4138,13.9285,13.4069,0.9626,0.0,29.912,class3_2026_05_14_13_42_19.csv,hard_negative,3,,background
52.327,163,0.26198,-14.812,-14.8861,0.1354,-14.9166,-14.9552,0.0386,0.2305,-13.1801,-41.4125,-28.2324,-156.7398,529.7806,-561.1285,0.1213,0.1486,1.2245,0.638,0.399,class3_2026_05_14_13_42_19.csv,stable_background,4,,background
84.872,265,0.424919,-14.981,-15.0393,0.0882,-15.0081,-14.9458,-0.0623,0.0495,-26.3171,-12.3489,13.9682,7.5554,333.8558,-143.1503,0.093,0.1236,1.3293,0.0,0.284,class3_2026_05_14_13_42_19.csv,stable_background,5,,background
127.628,399,0.63898,-5.9,-8.8109,2.9333,-13.8946,-13.3883,-0.5063,8.832,1124.9186,-2653.0624,-3777.981,587.7743,9634.3667,-2705.3292,2.2474,4.2736,1.9015,2.871,9.122,class1_2026_04_27_14_47_25.csv,manual_annotation,0,127.63,connector
132.733,415,0.664539,-18.819,-18.4393,1.6404,-11.3571,-29.7166,18.3594,3.228,-2653.0624,-489.8958,2163.1665,-2631.663,-2326.0172,-6532.9154,3.8712,12.6532,3.2685,0.0,5.166,class1_2026_04_27_14_47_25.csv,manual_annotation,1,132.73,break
146.772,459,0.734826,-23.158,-44.2243,10.6333,-39.0473,-40.5328,1.4854,26.742,-4180.1511,2205.327,6385.4781,-0.0,41915.3621,-41915.3621,13.6186,13.307,0.9771,0.638,26.742,class1_2026_04_27_14_47_25.csv,hard_negative,0,,background
165.597,518,0.829075,-49.9,-41.1334,12.419,-40.9372,-42.4709,1.5338,27.41,-3811.5749,606.7149,4418.2898,0.0,38465.5219,-42962.3856,12.7208,11.9895,0.9425,0.0,27.41,class1_2026_04_27_14_47_25.csv,hard_negative,1,,background
111.355,348,0.557508,-14.995,-14.8529,0.0862,-14.7755,-14.7721,-0.0034,0.0875,-30.7125,10.3342,41.0468,-81.5047,70.5329,-139.4984,0.0973,0.0925,0.9505,0.0,0.298,class1_2026_04_27_14_47_25.csv,hard_negative,2,,background
58.071,181,0.290737,-14.624,-14.6193,0.0582,-14.5894,-14.5996,0.0102,0.0535,-13.4784,-13.7477,-0.2693,172.4138,172.4138,-112.8527,0.1137,0.0921,0.8101,0.0,0.199,class1_2026_04_27_14_47_25.csv,stable_background,3,,background
19.782,61,0.09904,-15.873,-16.1741,0.3239,-16.108,-17.1247,1.0167,0.397,48.745,433.9253,385.1802,-454.547,537.6176,-1150.9947,0.1981,2.2457,11.3389,1.595,0.937,class2_2026_04_27_15_58_04.csv,manual_annotation,0,19.78,bend
131.138,410,0.656553,-17.199,-17.1341,2.7157,-12.671,-33.9547,21.2837,3.8305,-657.3246,-2860.6046,-2203.28,-2922.0512,-2214.7335,-5457.6818,3.061,14.3751,4.6961,0.0,7.992,class2_2026_04_27_15_58_04.csv,manual_annotation,1,131.14,break
127.628,399,0.63898,-7.815,-10.6543,2.7522,-15.6542,-18.6671,3.0129,8.6355,1101.725,-2911.8411,-4013.5661,625.3918,9452.9781,-2769.5925,2.1876,11.7104,5.3531,2.871,8.413,class2_2026_04_27_15_58_04.csv,manual_annotation,2,127.63,connector
168.788,528,0.845051,-49.9,-37.448,13.9447,-35.8841,-33.1038,-2.7803,4.419,-3689.2024,-1324.8847,2364.3177,42606.5878,46938.9311,-42606.5878,14.0701,13.4191,0.9537,0.0,30.088,class2_2026_04_27_15_58_04.csv,hard_negative,0,,background
193.356,605,0.968053,-49.9,-40.5878,13.2017,-33.3699,-39.2066,5.8366,19.357,1440.5203,799.9976,-640.5227,-41517.2429,41517.2429,-41517.2429,13.3138,13.4436,1.0097,0.0,30.161,class2_2026_04_27_15_58_04.csv,hard_negative,1,,background
156.025,488,0.781152,-49.9,-38.3173,13.0838,-34.7062,-36.6821,1.9758,7.592,-3372.8596,-2217.8234,1155.0361,0.0,43076.8056,-45532.9185,13.6246,13.3873,0.9826,0.0,29.05,class2_2026_04_27_15_58_04.csv,hard_negative,2,,background
188.889,591,0.945689,-21.517,-31.3106,13.1952,-33.2241,-39.4547,6.2306,18.149,2380.089,-861.8066,-3241.8956,-0.0,722.5674,-0.0,13.3265,13.2019,0.9907,0.638,28.953,class2_2026_04_27_15_58_04.csv,hard_negative,3,,background
68.281,213,0.341855,-16.514,-16.3869,0.1577,-16.2353,-16.2777,0.0424,0.0855,-81.0931,35.1893,116.2824,797.8056,797.8056,-448.2774,0.196,0.1812,0.9241,0.0,0.509,class2_2026_04_27_15_58_04.csv,stable_background,4,,background
110.079,344,0.55112,-16.266,-16.47,0.1394,-16.4186,-16.5024,0.0838,0.2045,26.4363,24.7395,-1.6968,81.5047,112.8495,-305.6411,0.2094,0.1827,0.8724,0.638,0.407,class2_2026_04_27_15_58_04.csv,stable_background,5,,background
90.935,284,0.455274,-15.783,-15.8527,1.1128,-14.7446,-17.7203,2.9757,1.489,5.2453,-274.4342,-279.6795,-2529.7806,312.7261,-2529.7806,0.1381,0.6452,4.6738,0.0,3.045,class2_2026_04_27_15_30_46.csv,manual_annotation,0,90.94,bend
127.628,399,0.63898,-9.003,-11.8481,2.7953,-17.1494,-18.0321,0.8827,8.7075,1310.3765,-2688.4938,-3998.8703,605.0157,9235.1097,-2661.442,2.3803,8.7911,3.6932,2.871,8.7,class2_2026_04_27_15_30_46.csv,manual_annotation,1,127.63,connector
130.818,409,0.654951,-16.939,-17.1377,2.5481,-13.9126,-32.267,18.3544,4.1095,109.3906,-7619.8729,-7729.2635,-1749.0059,-1749.0059,-7177.1176,3.148,14.1755,4.503,0.0,8.743,class2_2026_04_27_15_30_46.csv,manual_annotation,2,130.82,break
139.433,436,0.698083,-21.571,-31.46,13.0618,-37.8181,-33.4052,-4.4129,7.489,1588.4673,-1835.364,-3423.8313,-1852.6661,45426.337,-43376.0109,13.5778,13.3171,0.9808,1.915,28.982,class2_2026_04_27_15_30_46.csv,hard_negative,0,,background
148.048,463,0.741215,-49.9,-41.0923,12.4957,-35.0096,-34.466,-0.5436,2.443,1120.6447,5673.4822,4552.8375,-0.0,0.0,-0.0,13.3728,13.8313,1.0343,0.0,27.828,class2_2026_04_27_15_30_46.csv,hard_negative,1,,background
186.017,582,0.93131,-23.967,-30.0103,10.8018,-39.7388,-35.7761,-3.9627,28.433,2678.7951,412.1696,-2266.6255,-33868.2388,44565.8354,-33868.2388,12.8532,14.1885,1.1039,1.596,28.433,class2_2026_04_27_15_30_46.csv,hard_negative,2,,background
141.986,444,0.710865,-20.218,-32.2331,12.7835,-31.8733,-35.0096,3.1363,4.996,2816.2494,2267.5321,-548.7173,-8286.8354,46523.5141,-40244.5157,12.9447,13.3728,1.0331,0.957,30.381,class2_2026_04_27_15_30_46.csv,hard_negative,3,,background
107.845,337,0.539935,-17.739,-17.9226,0.3521,-17.9686,-18.1988,0.2303,0.781,101.5774,-68.6632,-170.2405,-1367.8962,1460.8166,-1367.8962,0.3595,0.4355,1.2113,0.0,1.028,class2_2026_04_27_15_30_46.csv,stable_background,4,,background
19.463,60,0.097443,-14.461,-14.4528,0.1313,-14.4752,-14.6361,0.1609,0.2745,5.0642,7.9084,2.8442,-64.2633,520.3762,-523.511,0.1055,0.3369,3.1933,0.0,0.375,class2_2026_04_27_15_30_46.csv,stable_background,5,,background
134.328,420,0.672524,-18.012,-18.0912,1.9294,-10.8596,-27.7523,16.8927,2.8595,-2501.325,-5950.5632,-3449.2381,-1493.7288,-1493.7288,-3882.4436,4.225,11.956,2.8298,0.0,6.827,class3_2026_05_14_13_43_49.csv,manual_annotation,0,134.33,break
35.417,110,0.177318,-8.897,-11.0866,2.2429,-14.1444,-12.7346,-1.4098,5.827,390.9882,-1385.4986,-1776.4868,3059.5611,6741.3793,-2294.6708,0.939,1.9783,2.1068,2.552,6.051,class3_2026_05_14_13_43_49.csv,manual_annotation,1,35.42,connector
127.947,400,0.640577,-2.108,-4.1808,2.2476,-12.6258,-10.0461,-2.5797,12.4915,2650.8879,-2629.6443,-5280.5323,-1918.4953,15751.1823,-3236.6771,4.4817,4.2511,0.9485,3.828,7.782,class3_2026_05_14_13_43_49.csv,manual_annotation,2,127.95,connector
182.827,572,0.915339,-28.362,-32.5307,12.6134,-35.2991,-37.9111,2.612,20.5045,2023.0755,-1803.9354,-3827.011,8479.6238,46240.3277,-48177.1191,13.1728,13.5358,1.0276,2.234,30.737,class3_2026_05_14_13_43_49.csv,hard_negative,0,,background
145.177,454,0.726841,-20.286,-37.5667,13.8299,-34.4905,-40.6271,6.1366,29.614,-529.3328,-2305.015,-1775.6823,-3946.0161,46471.3222,-46416.9326,13.8569,13.1371,0.9481,1.277,29.614,class3_2026_05_14_13_43_49.csv,hard_negative,1,,background
163.044,510,0.816293,-21.428,-41.7551,11.6602,-35.6585,-33.3688,-2.2897,3.594,-1855.7842,2723.7461,4579.5303,32759.262,44626.9639,-44621.8419,14.271,13.3387,0.9347,0.639,28.472,class3_2026_05_14_13_43_49.csv,hard_negative,2,,background
186.656,584,0.934509,-49.9,-37.6621,13.7063,-33.6915,-36.9792,3.2877,7.3945,-2175.4956,1360.0252,3535.5208,-41032.9169,41126.5297,-41664.5784,13.1189,13.0853,0.9974,0.0,29.18,class3_2026_05_14_13_43_49.csv,hard_negative,3,,background
77.215,241,0.386583,-14.866,-14.7776,0.0889,-14.7922,-14.7437,-0.0485,0.0975,-14.3528,9.1552,23.508,221.0031,243.8094,-365.2038,0.1197,0.0977,0.8163,0.0,0.261,class3_2026_05_14_13_43_49.csv,stable_background,4,,background
93.487,292,0.46805,-14.897,-14.8287,0.0971,-14.7576,-14.6757,-0.0818,0.0305,-43.9735,116.8936,160.867,92.4765,122.2571,-385.2943,0.1055,0.2246,2.1284,0.0,0.329,class3_2026_05_14_13_43_49.csv,stable_background,5,,background
127.628,399,0.63898,-5.879,-8.7768,2.8957,-13.8492,-13.3797,-0.4695,8.813,1125.0358,-2613.4018,-3738.4376,628.5266,9733.5423,-2744.5141,2.2327,4.3469,1.9469,2.871,8.909,class1_2026_04_27_14_48_38.csv,manual_annotation,0,127.63,connector
132.095,413,0.661345,-17.466,-17.1244,2.2437,-10.8756,-32.2516,21.3759,3.109,-2417.6279,-4830.1358,-2412.5079,-2191.2241,-1829.2487,-11697.4937,3.2836,14.1823,4.3192,0.0,7.486,class1_2026_04_27_14_48_38.csv,manual_annotation,1,132.09,break
141.986,444,0.710865,-22.937,-28.3982,11.5788,-37.5464,-37.6267,0.0803,29.771,508.533,1331.6002,823.0672,41332.29,44360.5047,-46663.0125,13.8374,13.791,0.9966,0.957,29.771,class1_2026_04_27_14_48_38.csv,hard_negative,0,,background
147.091,460,0.736423,-49.9,-41.1082,12.5209,-34.5811,-36.3616,1.7806,11.454,1331.6002,7492.7303,6161.1301,-46631.6646,9708.4639,-46631.6646,13.7717,14.0055,1.017,0.0,29.751,class1_2026_04_27_14_48_38.csv,hard_negative,1,,background
162.087,507,0.811502,-28.699,-34.8643,13.674,-36.2756,-35.8272,-0.4484,17.1375,406.2028,-1770.6965,-2176.8994,-0.0,40014.1097,-0.0,13.662,14.1063,1.0325,0.638,29.689,class1_2026_04_27_14_48_38.csv,hard_negative,2,,background
80.086,250,0.400957,-14.7,-14.6687,0.0972,-14.6743,-14.684,0.0097,0.115,6.6888,-5.9682,-12.657,-153.605,95.6113,-246.0968,0.1157,0.1236,1.0683,0.0,0.296,class1_2026_04_27_14_48_38.csv,stable_background,3,,background
66.366,207,0.332267,-9.828,-11.9171,1.5673,-14.2048,-17.0381,2.8332,4.8645,566.0032,-2344.6255,-2910.6287,-305.6426,5744.5141,-2945.1411,1.154,3.6923,3.1996,2.234,4.862,class3_2026_05_14_13_10_25.csv,manual_annotation,0,66.37,connector
69.876,218,0.34984,-19.255,-18.5119,1.6033,-13.8198,-35.5606,21.7408,3.1155,-1359.8364,-8796.8554,-7437.019,1072.1003,1072.1003,-4051.0802,2.5025,14.4046,5.756,0.0,4.835,class3_2026_05_14_13_10_25.csv,manual_annotation,1,69.88,break
130.499,408,0.653354,-20.356,-28.4359,11.5606,-34.5935,-39.4976,4.9041,29.544,7172.8798,-3878.3327,-11051.2125,-41663.0125,43316.6176,-41663.0125,13.7263,13.1202,0.9558,1.914,29.544,class3_2026_05_14_13_10_25.csv,hard_negative,0,,background
100.826,315,0.504794,-49.9,-40.6262,13.1307,-37.5136,-40.7054,3.1918,29.299,4283.4932,4411.879,128.3859,-45923.2006,45923.2006,-45923.2006,13.8792,13.1106,0.9446,0.0,29.299,class3_2026_05_14_13_10_25.csv,hard_negative,1,,background
165.916,519,0.830672,-22.357,-37.364,14.0386,-38.9716,-39.0628,0.0912,29.502,-3531.5019,3054.6641,6586.166,-0.0,41647.3386,-460.8119,13.718,13.6282,0.9935,0.638,29.502,class3_2026_05_14_13_10_25.csv,hard_negative,2,,background
116.779,365,0.584664,-24.314,-28.2561,11.6453,-33.2278,-38.0561,4.8283,6.2755,1025.6897,-2528.837,-3554.5267,41304.0784,45029.7837,-46572.1034,13.3848,13.278,0.992,0.0,29.713,class3_2026_05_14_13_10_25.csv,stable_background,3,,background
107.526,336,0.538338,-16.321,-16.387,0.5075,-15.0615,-16.9027,1.8412,1.1485,-324.1094,-21.9087,302.2007,-581.5016,-526.6442,-704.9528,0.5105,0.2098,0.4109,0.0,1.779,class2_2026_04_27_15_24_13.csv,manual_annotation,0,107.53,bend
131.776,412,0.659748,-18.49,-18.1669,2.0902,-12.9357,-27.6342,14.6985,2.9155,-2047.4657,-983.5214,1063.9443,-1584.6426,-1584.6426,-4680.2508,3.1981,12.0098,3.7552,0.0,7.403,class2_2026_04_27_15_24_13.csv,manual_annotation,1,131.78,break
127.628,399,0.63898,-7.985,-10.9376,2.9854,-16.1442,-15.2293,-0.9149,8.927,1194.7305,-2505.533,-3700.2635,669.279,9926.5182,-2810.3448,2.306,4.0183,1.7426,2.871,9.327,class2_2026_04_27_15_24_13.csv,manual_annotation,2,127.63,connector
178.998,560,0.896168,-21.325,-37.8698,13.4738,-33.3852,-39.4229,6.0377,16.6595,-46.4317,-1014.2183,-967.7867,0.0,41137.9357,-44788.4028,13.2226,13.1804,0.9968,0.638,28.575,class2_2026_04_27_15_24_13.csv,hard_negative,0,,background
174.531,546,0.873804,-21.577,-28.5423,11.4838,-33.4985,-36.1996,2.7011,4.8215,869.5316,-482.5426,-1352.0742,0.0,40039.1881,-47175.5517,13.161,13.7411,1.0441,0.638,30.098,class2_2026_04_27_15_24_13.csv,hard_negative,1,,background
170.064,532,0.85144,-49.9,-35.057,13.4088,-37.6129,-31.9544,-5.6585,4.9875,4877.7738,242.7717,-4635.0021,-43257.0564,44652.0392,-43257.0564,13.7886,12.7767,0.9266,0.0,29.577,class2_2026_04_27_15_24_13.csv,hard_negative,2,,background
155.387,486,0.777958,-49.9,-40.5699,13.2094,-32.4554,-37.5666,5.1111,3.0935,-5065.6558,3717.0505,8782.7063,0.0,43809.5273,-0.0,13.9461,13.8107,0.9903,0.0,29.265,class2_2026_04_27_15_24_13.csv,hard_negative,3,,background
59.985,187,0.30032,-14.645,-14.5799,0.1103,-14.578,-14.656,0.078,0.177,20.0333,6.301,-13.7323,-474.9216,289.9687,-474.9216,0.1014,0.1153,1.1375,0.0,0.38,class2_2026_04_27_15_24_13.csv,stable_background,4,,background
20.42,63,0.102234,-14.554,-14.5542,0.2403,-14.4571,-14.5706,0.1135,0.1495,12.1871,108.0945,95.9074,-165.3046,94.0439,-1018.8088,0.0923,0.2792,3.0264,0.0,0.866,class2_2026_04_27_15_24_13.csv,stable_background,5,,background
47.541,148,0.238018,-15.876,-15.6003,0.8634,-14.6553,-16.8821,2.2268,1.248,-26.9528,-169.5161,-142.5632,-1545.4545,-73.6677,-1545.4545,0.1728,0.3508,2.0296,0.0,2.557,class2_2026_04_27_15_46_41.csv,manual_annotation,0,47.54,bend
127.628,399,0.63898,-8.431,-11.3119,2.8301,-16.493,-17.4849,0.9919,8.677,1219.6472,-2760.6801,-3980.3273,605.0157,9637.931,-2699.0596,2.2918,8.823,3.8498,2.871,8.683,class2_2026_04_27_15_46_41.csv,manual_annotation,1,127.63,connector
131.138,410,0.656553,-17.026,-17.5002,2.5974,-13.3621,-29.0282,15.6661,3.8895,-643.1115,-2878.1965,-2235.085,-2129.4193,-1793.4712,-7749.2163,3.1501,13.0481,4.1422,0.0,8.993,class2_2026_04_27_15_46_41.csv,manual_annotation,2,131.14,break
158.577,496,0.793929,-49.9,-29.4792,11.1723,-33.0742,-36.5582,3.4841,5.5135,3334.0936,-1899.7045,-5233.7981,-45938.5549,44078.373,-45938.5549,13.5247,13.4149,0.9919,0.0,29.263,class2_2026_04_27_15_46_41.csv,hard_negative,0,,background
146.453,458,0.733229,-21.584,-38.1146,13.2056,-39.751,-34.7581,-4.9929,28.316,-2842.113,4362.6168,7204.7298,41940.442,41940.442,-44382.4483,13.0157,13.6624,1.0497,0.957,28.316,class2_2026_04_27_15_46_41.csv,hard_negative,1,,background
181.55,568,0.908945,-49.9,-34.3788,13.9434,-34.4735,-33.134,-1.3395,3.79,78.4898,-11.4022,-89.892,-44305.9082,44283.7038,-44305.9082,13.8103,13.4189,0.9717,0.0,30.362,class2_2026_04_27_15_46_41.csv,hard_negative,2,,background
140.391,439,0.702879,-22.781,-34.7297,13.6065,-34.5826,-39.751,5.1684,28.617,867.6032,-2071.5521,-2939.1553,-265.6642,38811.9154,-44854.2335,13.7609,13.0157,0.9459,0.639,28.617,class2_2026_04_27_15_46_41.csv,hard_negative,3,,background
168.469,527,0.843454,-49.9,-41.0724,12.554,-45.2928,-37.6601,-7.6327,29.717,1645.244,-1142.4027,-2787.6468,-606.5846,39093.4157,-4402.8213,10.3299,13.7519,1.3313,0.0,29.717,class2_2026_04_27_15_46_41.csv,stable_background,4,,background
66.366,207,0.332267,-17.916,-17.2402,0.3093,-17.0608,-17.2031,0.1423,0.398,67.8356,-33.561,-101.3966,-648.9013,347.9624,-648.9013,0.2267,0.407,1.7951,0.0,1.193,class2_2026_04_27_15_46_41.csv,stable_background,5,,background
36.055,112,0.180512,-13.437,-13.8711,0.3998,-14.3331,-14.4604,0.1273,1.289,205.4502,-137.6491,-343.0993,-1092.4765,1495.2978,-1092.4765,0.3882,0.2338,0.6023,1.276,1.193,class3_2026_05_14_13_18_55.csv,manual_annotation,0,36.05,connector
96.678,302,0.484026,-6.424,-11.8998,2.7984,-14.6962,-16.4532,1.7571,8.2865,19.4329,-1690.583,-1710.016,8081.5047,12890.2821,-5554.8589,0.097,8.6542,89.257,1.276,8.314,class3_2026_05_14_13_18_55.csv,manual_annotation,1,96.68,connector
99.55,311,0.498405,-15.699,-15.5599,2.5164,-12.9834,-21.5175,8.5341,3.6445,496.0345,-1083.6886,-1579.7231,-8296.2398,5762.2153,-8296.2398,2.4327,10.3952,4.273,0.0,8.56,class3_2026_05_14_13_18_55.csv,manual_annotation,2,99.55,break
167.83,525,0.840255,-20.666,-34.6684,13.7516,-39.0441,-37.6238,-1.4203,29.353,3300.1639,131.9224,-3168.2415,286.3832,45327.5878,-3934.1661,13.6933,13.7857,1.0067,0.639,29.353,class3_2026_05_14_13_18_55.csv,hard_negative,0,,background
189.208,592,0.947286,-22.337,-34.1004,14.1508,-39.4101,-31.715,-7.6951,9.3695,780.0038,-564.762,-1344.7658,-3398.1207,47592.4812,-43719.4389,13.2185,13.0537,0.9875,1.914,30.364,class3_2026_05_14_13_18_55.csv,hard_negative,1,,background
126.99,397,0.635786,-13.886,-33.0466,16.2431,-29.0694,-31.7374,2.668,8.096,682.026,-1841.4674,-2523.4934,1231.9749,56192.6421,-56268.0282,15.4443,14.7117,0.9526,1.277,36.014,class3_2026_05_14_13_18_55.csv,hard_negative,2,,background
113.27,354,0.567096,-49.9,-28.3174,15.5101,-28.9414,-24.3856,-4.5558,6.8715,-3132.6199,-1684.6441,1447.9758,41733.5455,41733.5455,-54926.3354,15.1171,12.0287,0.7957,0.0,35.164,class3_2026_05_14_13_18_55.csv,hard_negative,3,,background
59.666,186,0.298723,-14.551,-14.5946,0.0969,-14.6689,-14.6395,-0.0294,0.166,-3.8157,-56.3945,-52.5788,206.8966,206.8966,-183.3856,0.0848,0.1331,1.5698,0.0,0.315,class3_2026_05_14_13_18_55.csv,stable_background,4,,background
86.149,269,0.431312,-14.637,-14.6783,0.0887,-14.6299,-14.7052,0.0752,0.157,-10.1418,29.5049,39.6466,-133.2288,486.0464,-134.7962,0.1011,0.1136,1.124,0.0,0.295,class3_2026_05_14_13_18_55.csv,stable_background,5,,background
35.417,110,0.177318,-9.53,-11.5964,1.933,-14.2643,-21.2223,6.958,5.3275,373.9101,-5066.5341,-5440.4442,2873.0408,6148.9028,-2697.4922,0.8264,13.4852,16.3187,2.233,5.274,class3_2026_04_27_16_18_00.csv,manual_annotation,0,35.42,connector
37.331,116,0.186901,-13.349,-13.2852,2.2173,-12.9404,-29.3184,16.378,4.8285,1113.1738,-7149.2534,-8262.4273,-2929.4671,-2326.0188,-3166.1426,1.9823,14.8102,7.4713,0.0,7.103,class3_2026_04_27_16_18_00.csv,manual_annotation,1,37.33,break
107.526,336,0.538338,-49.9,-43.476,12.0226,-35.9309,-37.1274,1.1964,19.219,-3131.8479,2620.2712,5752.1191,0.0,46396.5549,-44224.1426,14.0278,12.9037,0.9199,0.0,29.601,class3_2026_04_27_16_18_00.csv,hard_negative,0,,background
148.367,464,0.742812,-49.9,-35.5463,12.9471,-42.3089,-34.0479,-8.261,28.226,-2014.8191,-2018.0568,-3.2376,34163.0125,34163.0125,-2486.8293,12.2486,12.7977,1.0448,0.0,28.226,class3_2026_04_27_16_18_00.csv,hard_negative,1,,background
22.016,68,0.110225,-15.217,-15.025,0.2961,-14.6527,-14.4863,-0.1664,-0.06,-133.7462,139.0859,272.832,-37.6176,-37.6176,-37.6176,0.2656,0.3125,1.1764,0.0,0.883,class3_2026_04_27_16_18_00.csv,hard_negative,2,,background
189.846,594,0.95048,-21.418,-34.8916,13.5024,-42.4479,-38.2501,-4.1978,28.482,-275.1711,122.7637,397.9348,43891.8542,44642.6379,-44642.6379,12.0596,13.1422,1.0898,0.957,28.482,class3_2026_04_27_16_18_00.csv,stable_background,3,,background
11.486,35,0.057506,-18.721,-19.617,1.8313,-14.1284,-27.9398,13.8113,1.8395,-1800.0151,-2702.5712,-902.5561,-4856.1713,-178.685,-4856.1713,3.3336,11.7788,3.5334,0.0,5.564,class3_2026_05_14_13_17_52.csv,manual_annotation,0,11.49,break
150.282,470,0.752399,-21.663,-31.6134,13.0175,-39.3513,-35.7824,-3.5688,28.936,1664.6709,-917.3237,-2581.9947,824.4498,45064.2665,-45354.2335,13.3508,12.8684,0.9639,1.595,28.936,class3_2026_05_14_13_17_52.csv,hard_negative,0,,background
118.694,371,0.594251,-49.9,-31.4629,13.057,-36.2075,-37.908,1.7005,28.8,-613.1292,-3411.6844,-2798.5552,0.0,3600.8627,0.0,13.7349,13.4965,0.9826,0.0,28.8,class3_2026_05_14_13_17_52.csv,hard_negative,1,,background
65.728,205,0.329073,-16.035,-15.8304,0.9178,-14.6622,-17.2953,2.6332,1.3125,-110.2104,-336.4482,-226.2379,-1260.1897,173.9812,-1492.3886,0.2404,0.5062,2.1061,0.0,2.698,class2_2026_04_27_15_51_56.csv,manual_annotation,0,65.73,bend
130.818,409,0.654951,-17.125,-16.9703,2.5693,-13.5929,-29.4268,15.8339,4.458,34.1269,-3964.006,-3998.1329,-1899.9899,-1899.9899,-5537.6191,3.1867,12.9026,4.0488,0.0,8.468,class2_2026_04_27_15_51_56.csv,manual_annotation,1,130.82,break
127.628,399,0.63898,-8.631,-11.4908,2.7961,-16.7676,-19.2936,2.5259,8.803,1294.7292,-2694.3593,-3989.0885,586.2069,9382.4451,-2741.3793,2.3388,11.4547,4.8976,2.871,8.655,class2_2026_04_27_15_51_56.csv,manual_annotation,2,127.63,connector
175.169,548,0.876998,-23.218,-43.8991,11.2277,-37.7187,-36.0552,-1.6635,27.326,-1707.7314,1087.3937,2795.1251,0.0,41821.3197,-41821.3197,13.7183,13.9088,1.0139,0.638,27.326,class2_2026_04_27_15_51_56.csv,hard_negative,0,,background
151.558,474,0.758788,-49.9,-31.1676,13.2657,-36.4512,-34.5427,-1.9085,5.821,4533.4665,-4636.7894,-9170.2559,-43863.6379,43863.6379,-43863.6379,13.5118,13.8128,1.0223,0.0,29.484,class2_2026_04_27_15_51_56.csv,hard_negative,1,,background
165.597,518,0.829075,-49.9,-47.1947,7.6518,-40.0673,-38.0633,-2.0041,24.348,58.0277,7864.6574,7806.6297,0.0,38163.0125,-0.0,12.5026,13.3338,1.0665,0.0,24.348,class2_2026_04_27_15_51_56.csv,hard_negative,2,,background
143.581,449,0.71885,-49.9,-41.3794,12.1678,-39.7127,-36.3751,-3.3376,28.838,-1481.3776,-1583.7746,-102.3969,0.0,34064.2665,-0.0,12.8808,13.5968,1.0556,0.0,28.838,class2_2026_04_27_15_51_56.csv,hard_negative,3,,background
84.872,265,0.424919,-17.479,-17.4467,0.2316,-17.4902,-17.5253,0.0351,0.468,43.614,50.403,6.789,-774.3807,1288.4028,-1757.0502,0.3415,0.3648,1.0681,0.0,0.738,class2_2026_04_27_15_51_56.csv,stable_background,4,,background
116.779,365,0.584664,-17.61,-17.8573,0.2538,-17.9451,-17.7398,-0.2053,0.1455,7.6765,72.5698,64.8933,-194.3589,800.9389,-988.6005,0.3594,0.3953,1.0999,0.957,0.646,class2_2026_04_27_15_51_56.csv,stable_background,5,,background
12.125,37,0.060705,-14.232,-14.5662,0.4793,-13.5937,-16.1557,2.5621,0.28,-257.3056,-449.6074,-192.3018,-145.768,159.995,-1489.0282,0.8388,0.7237,0.8628,0.638,1.458,class2_2026_04_27_16_00_46.csv,manual_annotation,0,12.12,bend
131.138,410,0.656553,-16.776,-17.0624,2.1138,-13.1693,-32.1382,18.9689,3.834,-627.3951,-5843.3947,-5215.9995,-2720.186,-1877.1729,-7114.4232,3.061,14.2329,4.6498,0.0,6.293,class2_2026_04_27_16_00_46.csv,manual_annotation,1,131.14,break
127.947,400,0.640577,-8.725,-10.6498,1.9903,-15.7026,-16.5782,0.8756,8.4865,1721.2204,-2722.9844,-4444.2048,-2029.7806,9484.326,-3213.1661,2.849,4.2004,1.4744,2.871,6.817,class2_2026_04_27_16_00_46.csv,manual_annotation,2,127.95,connector
182.827,572,0.915339,-22.685,-31.9487,12.9138,-36.2967,-42.1002,5.8034,30.58,1963.7838,-675.7233,-2639.5071,-2909.0925,34380.0193,-45021.9451,13.7457,12.5915,0.916,2.234,30.58,class2_2026_04_27_16_00_46.csv,hard_negative,0,,background
156.982,491,0.785944,-49.9,-46.8871,8.5217,-39.2719,-40.6208,1.3489,27.116,-43.3003,1612.4631,1655.7634,-0.0,0.0,-0.0,13.4407,13.1319,0.977,0.0,27.116,class2_2026_04_27_16_00_46.csv,hard_negative,1,,background
194.632,609,0.974441,-49.9,-37.5394,13.8317,-31.6222,-38.1614,6.5392,4.1965,1081.4544,2647.2271,1565.7727,-459.2461,44134.7978,-43743.9016,12.9738,13.4142,1.0339,0.0,28.801,class2_2026_04_27_16_00_46.csv,hard_negative,2,,background
181.55,568,0.908945,-21.283,-32.0863,12.8044,-37.8724,-39.382,1.5096,30.58,1647.1268,-3157.8353,-4804.9621,34380.0193,43079.9389,-6290.114,13.5226,13.2923,0.983,2.234,30.58,class2_2026_04_27_16_00_46.csv,hard_negative,3,,background
104.017,325,0.52077,-17.786,-17.1282,0.2808,-17.0588,-17.0777,0.0189,0.207,-36.7813,-8.7591,28.0222,1.5674,247.6505,-219.4373,0.2241,0.1844,0.8228,0.0,0.935,class2_2026_04_27_16_00_46.csv,stable_background,4,,background
28.078,87,0.140575,-16.316,-16.4458,0.2193,-16.8324,-16.7568,-0.0757,0.518,49.9714,-153.6291,-203.6005,-244.5141,1012.5392,-669.279,1.5844,0.2987,0.1885,0.0,0.698,class2_2026_04_27_16_00_46.csv,stable_background,5,,background
104.655,327,0.523964,-15.819,-15.9497,0.6513,-14.8968,-16.8511,1.9543,1.372,-182.701,-116.0026,66.6984,-973.3558,-203.7618,-1194.3558,0.3726,0.355,0.9528,0.0,1.945,class2_2026_04_27_15_26_06.csv,manual_annotation,0,104.66,bend
127.628,399,0.63898,-7.963,-10.8904,2.9082,-15.9495,-15.3426,-0.6069,8.7465,1172.209,-2651.9691,-3824.1781,626.9592,9559.5611,-2684.953,2.2415,4.1417,1.8478,2.871,9.051,class2_2026_04_27_15_26_06.csv,manual_annotation,1,127.63,connector
131.776,412,0.659748,-18.757,-18.5721,2.2181,-12.8908,-33.9298,21.0391,2.857,-2061.6428,-4931.6656,-2870.0228,-4568.9671,-1752.2991,-4568.9671,3.1629,14.3433,4.5349,0.0,6.782,class2_2026_04_27_15_26_06.csv,manual_annotation,2,131.78,break
147.091,460,0.736423,-49.9,-43.4338,12.1016,-37.3379,-37.0648,-0.2731,29.79,-155.0615,3597.8405,3752.902,0.0,46692.7915,-44523.5157,14.1002,14.3643,1.0187,0.0,29.79,class2_2026_04_27_15_26_06.csv,hard_negative,0,,background
140.071,438,0.701277,-21.238,-31.4997,13.0645,-39.1076,-36.0637,-3.0438,30.033,1891.315,-1044.2006,-2935.5156,526.2707,44924.7665,-44982.1402,13.5633,13.8998,1.0248,1.277,30.033,class2_2026_04_27_15_26_06.csv,hard_negative,1,,background
151.239,473,0.757191,-49.9,-30.5079,13.7374,-40.1538,-31.6768,-8.477,18.448,3075.7559,-3008.5843,-6084.3402,-46606.5846,47844.8307,-46606.5846,13.7979,12.9889,0.9414,0.0,30.525,class2_2026_04_27_15_26_06.csv,hard_negative,2,,background
190.803,597,0.955271,-49.9,-41.6379,11.7046,-37.5012,-33.3339,-4.1673,2.918,-2605.6682,1105.8409,3711.5091,1053.0473,36940.4404,-38230.4091,13.9562,13.2947,0.9526,0.0,26.4,class2_2026_04_27_15_26_06.csv,hard_negative,3,,background
7.977,24,0.039938,-13.571,-13.3943,0.5789,-8.3079,-14.1782,5.8703,1.3105,-2089.1792,-124.5077,1964.6715,-822.884,-586.2069,-822.884,3.7048,0.195,0.0526,0.0,1.77,class2_2026_04_27_15_26_06.csv,stable_background,4,,background
16.911,52,0.084666,-14.473,-14.5026,0.0715,-14.3774,-14.6061,0.2287,0.018,-27.7279,-94.2293,-66.5014,-213.1661,205.5917,-213.1661,0.0885,0.3167,3.5799,0.0,0.198,class2_2026_04_27_15_26_06.csv,stable_background,5,,background
62.538,195,0.313102,-15.551,-15.5422,0.6438,-14.6419,-16.4682,1.8263,0.9165,-94.653,-74.8946,19.7584,-1083.0721,-371.4734,-1390.2821,0.1842,0.31,1.6836,0.0,1.825,class2_2026_04_27_15_53_40.csv,manual_annotation,0,62.54,bend
131.457,411,0.65815,-17.922,-20.9166,10.4412,-12.7471,-32.647,19.8999,3.661,-1375.5683,-4233.2246,-2857.6563,-4047.0219,-1611.6272,-48885.5831,3.0769,13.8942,4.5157,0.0,35.841,class2_2026_04_27_15_53_40.csv,manual_annotation,1,131.46,break
127.628,399,0.63898,-7.887,-10.7451,2.8178,-15.9291,-17.1206,1.1915,8.695,1235.181,-5079.249,-6314.43,608.1505,9581.5047,-2888.7147,2.278,8.9956,3.949,2.871,8.639,class2_2026_04_27_15_53_40.csv,manual_annotation,2,127.63,connector
144.857,453,0.725239,-21.762,-37.0156,14.4112,-38.2027,-41.9921,3.7894,29.867,-2998.5559,-5460.5164,-2461.9605,-1644.0732,46813.4812,-44179.1927,13.1939,12.7577,0.9669,1.277,29.867,class2_2026_04_27_15_53_40.csv,hard_negative,0,,background
167.511,524,0.838658,-24.731,-31.7732,12.9097,-38.599,-38.6581,0.0591,29.591,781.9303,-1952.2408,-2734.171,4888.7132,39449.8448,-44437.3072,12.8858,14.0955,1.0939,1.277,29.591,class2_2026_04_27_15_53_40.csv,hard_negative,1,,background
156.025,488,0.781152,-49.9,-40.6247,13.208,-36.6048,-40.9746,4.3698,29.771,52.2199,-812.819,-865.0388,0.0,0.0,-0.0,13.4314,12.7492,0.9492,0.0,29.771,class2_2026_04_27_15_53_40.csv,hard_negative,2,,background
142.624,446,0.714059,-49.9,-41.0969,12.5222,-32.2252,-38.7696,6.5444,6.3,583.0778,4708.7947,4125.7169,-37346.3981,46206.8997,-37346.3981,12.6479,13.9625,1.1039,0.0,29.48,class2_2026_04_27_15_53_40.csv,hard_negative,3,,background
33.821,105,0.169328,-14.466,-14.6006,0.1124,-14.5011,-14.6117,0.1107,0.164,-58.2198,-20.3053,37.9146,404.3887,404.3887,-521.5138,0.1194,0.1027,0.8606,0.957,0.365,class2_2026_04_27_15_53_40.csv,stable_background,4,,background
19.782,61,0.09904,-14.402,-14.5887,0.1524,-14.5041,-14.6756,0.1715,0.1495,9.252,164.3054,155.0534,200.627,280.5643,-475.7163,0.111,0.4584,4.1292,0.638,0.434,class2_2026_04_27_15_53_40.csv,stable_background,5,,background
132.095,413,0.661345,-17.392,-17.3263,2.1191,-10.9676,-29.0333,18.0658,3.7775,-2472.2293,-3154.5339,-682.3046,-3368.3386,-2491.9732,-3368.3386,3.3488,13.0151,3.8865,0.0,6.558,class1_2026_04_27_14_39_28.csv,manual_annotation,0,132.09,break
127.628,399,0.63898,-5.927,-8.8199,2.8946,-13.9174,-13.5112,-0.4063,8.85,1150.4725,-2722.863,-3873.3355,594.0439,9562.183,-2768.0251,2.2548,4.3778,1.9416,2.871,9.028,class1_2026_04_27_14_39_28.csv,manual_annotation,1,127.63,connector
194.951,610,0.976038,-49.9,-38.01,13.3687,-34.5779,-34.1079,-0.47,5.059,2434.1871,1689.4835,-744.7035,42097.1818,46490.5987,-42131.6941,13.749,13.2031,0.9603,0.0,29.661,class1_2026_04_27_14_39_28.csv,hard_negative,0,,background
69.238,216,0.346646,-15.033,-14.7803,0.1041,-14.6638,-14.6733,0.0095,0.002,-59.2018,42.7485,101.9503,122.2571,122.2571,-123.8245,0.1217,0.0945,0.7765,0.0,0.354,class1_2026_04_27_14_39_28.csv,hard_negative,1,,background
153.791,481,0.769968,-25.265,-38.005,13.3468,-37.6472,-36.2064,-1.4408,29.372,854.7465,-1790.5061,-2645.2527,241.3304,41559.5643,-38431.954,13.7631,13.7433,0.9986,0.639,29.372,class1_2026_04_27_14_39_28.csv,hard_negative,2,,background
57.432,179,0.287538,-14.443,-14.5996,0.0805,-14.5857,-14.6128,0.0271,0.151,-23.6355,38.2382,61.8737,-136.2758,293.1034,-308.9594,0.0851,0.0992,1.1645,0.639,0.311,class1_2026_04_27_14_39_28.csv,stable_background,3,,background
35.736,111,0.178915,-9.346,-11.3738,1.6506,-14.0247,-13.4571,-0.5677,5.0845,627.6757,-1018.6772,-1646.353,-358.9342,6183.3856,-2233.5423,1.2978,1.4787,1.1394,2.552,5.154,class3_2026_05_14_13_12_07.csv,manual_annotation,0,35.74,connector
127.947,400,0.640577,-0.157,-1.4353,2.0306,-12.1034,-6.828,-5.2754,10.767,3258.4014,-2605.1636,-5863.565,0.0,20765.8547,-5120.6897,5.4957,4.2477,0.7729,3.828,6.223,class3_2026_05_14_13_12_07.csv,manual_annotation,1,127.95,connector
136.562,427,0.683709,-17.849,-17.4591,0.9498,-12.5661,-25.6717,13.1057,1.832,-1825.1406,-3838.7524,-2013.6118,-1065.8323,-1065.8323,-1684.9545,3.3883,11.3569,3.3518,0.0,2.799,class3_2026_05_14_13_12_07.csv,manual_annotation,2,136.56,break
169.426,530,0.848245,-49.9,-31.8021,13.0476,-38.1698,-35.9898,-2.18,29.753,3973.584,-1104.5468,-5078.1308,1014.1082,33368.9665,-45813.4828,13.2416,13.9443,1.0531,0.0,29.753,class3_2026_05_14_13_12_07.csv,hard_negative,0,,background
192.08,601,0.961665,-23.292,-37.6396,13.7217,-37.8062,-37.6102,-0.1959,29.092,1802.1392,2543.0417,740.9025,2402.8197,43195.9279,-45598.7476,13.5313,13.7757,1.0181,1.595,29.092,class3_2026_05_14_13_12_07.csv,hard_negative,1,,background
157.62,493,0.789138,-49.9,-37.287,14.1104,-27.1505,-44.243,17.0925,18.056,-183.4143,1793.8206,1977.2348,-46125.395,45006.2712,-46125.395,12.2792,10.627,0.8654,0.0,29.428,class3_2026_05_14_13_12_07.csv,hard_negative,2,,background
156.982,491,0.785944,-21.186,-33.9224,14.32,-26.9152,-42.6081,15.6929,7.4035,631.0569,-812.2884,-1443.3453,2921.6301,45006.2712,-46125.395,12.423,11.8269,0.952,1.276,30.703,class3_2026_05_14_13_12_07.csv,hard_negative,3,,background
50.094,156,0.2508,-14.614,-14.7076,0.0919,-14.753,-14.7982,0.0452,0.1625,2.7408,-31.6865,-34.4274,394.9843,394.9843,-275.8621,0.0877,0.1319,1.5042,1.595,0.252,class3_2026_05_14_13_12_07.csv,stable_background,4,,background
98.912,309,0.495211,-14.882,-14.9038,0.1227,-14.8078,-14.9489,0.1412,0.2045,-7.5171,14.412,21.9291,-83.8682,316.6144,-368.3386,0.1279,0.1033,0.8078,0.0,0.394,class3_2026_05_14_13_12_07.csv,stable_background,5,,background
133.371,417,0.667733,-18.38,-18.1531,2.245,-10.2235,-31.1819,20.9584,2.787,-2655.663,-3991.9292,-1336.2662,-4000.0,-1874.6066,-8130.094,4.3601,13.3618,3.0645,0.0,7.926,class3_2026_05_14_13_42_54.csv,manual_annotation,0,133.37,break
37.969,118,0.190095,-14.856,-14.4593,1.2703,-13.1639,-16.2242,3.0603,2.745,447.0742,-241.9646,-689.0388,-1460.815,-1460.815,-1460.815,1.5461,0.4007,0.2592,0.0,3.686,class3_2026_05_14_13_42_54.csv,manual_annotation,1,37.97,bend
35.736,111,0.178915,-10.127,-11.9828,1.3806,-14.0373,-14.8393,0.802,4.3215,532.5804,-1260.602,-1793.1824,-362.069,5065.8307,-2228.8401,1.0552,1.8387,1.7425,2.233,4.298,class3_2026_05_14_13_42_54.csv,manual_annotation,2,35.74,connector
127.628,399,0.63898,-3.469,-6.9587,4.0932,-15.0976,-11.0519,-4.0457,12.49,1931.8673,-2677.2286,-4609.0959,771.1599,15834.933,-2763.3229,3.6533,4.4143,1.2083,3.828,13.202,class3_2026_05_14_13_42_54.csv,manual_annotation,3,127.63,connector
153.791,481,0.769968,-27.759,-31.8683,12.9557,-37.1025,-36.4563,-0.6462,30.627,5223.7289,341.2449,-4882.484,-5258.9543,34703.7633,-40473.3589,14.3835,13.4842,0.9375,1.596,30.627,class3_2026_05_14_13_42_54.csv,hard_negative,0,,background
143.262,448,0.717253,-49.9,-37.8821,13.513,-33.9172,-39.3802,5.4629,17.346,-487.519,-4978.9374,-4491.4185,-753.9201,8315.047,-44123.826,12.8925,13.2615,1.0286,0.0,28.632,class3_2026_05_14_13_42_54.csv,hard_negative,1,,background
142.305,445,0.712462,-26.573,-37.7829,13.6331,-36.8038,-37.7895,0.9857,28.944,-4112.641,-543.9024,3568.7386,0.0,45366.7759,-753.9201,13.2054,13.6167,1.0311,0.638,28.944,class3_2026_05_14_13_42_54.csv,hard_negative,2,,background
154.43,483,0.773167,-24.144,-35.1508,13.3529,-34.4379,-37.8388,3.4009,18.8045,3576.8665,2358.3024,-1218.5641,-40473.3589,34703.7633,-46826.0219,13.9951,13.5192,0.966,1.596,29.875,class3_2026_05_14_13_42_54.csv,hard_negative,3,,background
174.531,546,0.873804,-24.425,-38.2152,13.1004,-40.1717,-38.0444,-2.1273,28.152,5697.2145,4826.2781,-870.9364,-4376.1755,39929.4718,-39929.4718,13.7743,13.3084,0.9662,1.276,28.152,class3_2026_05_14_13_42_54.csv,hard_negative,4,,background
170.383,533,0.853037,-49.9,-49.9,0.0,-34.8735,-39.0857,4.2122,0.0,-5814.2779,3897.4599,9711.7378,-0.0,0.0,-0.0,13.5526,13.6189,1.0049,0.0,0.0,class3_2026_05_14_13_42_54.csv,hard_negative,5,,background
88.701,277,0.444089,-16.475,-16.5677,0.1823,-16.5192,-16.5428,0.0237,0.205,-45.7629,6.2918,52.0546,-155.1708,420.0627,-541.4532,0.2069,0.2297,1.1103,0.0,0.524,class3_2026_05_14_13_42_54.csv,stable_background,6,,background
16.273,50,0.081472,-14.534,-14.4429,0.0771,-14.4086,-14.4502,0.0417,0.1165,17.54,10.1536,-7.3864,-167.1512,42.3197,-167.1512,0.1048,0.1309,1.2491,0.0,0.25,class3_2026_05_14_13_42_54.csv,stable_background,7,,background
131.776,412,0.659748,-16.707,-16.3736,2.1953,-10.8399,-28.5933,17.7534,3.0765,-2065.6684,-4767.0014,-2701.333,-2553.2915,-1982.0924,-4205.3292,3.1898,13.2952,4.168,0.0,7.449,class1_2026_04_27_14_45_33.csv,manual_annotation,0,131.78,break
127.628,399,0.63898,-5.91,-8.801,2.8957,-13.933,-13.4468,-0.4862,8.8685,1147.5282,-2616.7712,-3764.2995,594.0439,9680.2508,-2750.7837,2.2597,4.3833,1.9398,2.871,8.936,class1_2026_04_27_14_45_33.csv,manual_annotation,1,127.63,connector
164.959,516,0.825881,-49.9,-34.6771,13.6614,-36.2939,-33.6925,-2.6014,6.845,1890.5555,161.2972,-1729.2583,40158.3119,40158.3119,-40158.3119,13.6968,13.0471,0.9526,0.0,29.902,class1_2026_04_27_14_45_33.csv,hard_negative,0,,background
153.153,479,0.766773,-19.65,-39.9833,14.0282,-38.2734,-39.196,0.9226,30.25,-305.8893,1495.3083,1801.1976,1721.0016,47413.7962,-47413.7962,13.1169,13.4933,1.0287,1.276,30.25,class1_2026_04_27_14_45_33.csv,hard_negative,1,,background
147.41,461,0.73802,-49.9,-44.4641,10.2449,-34.5935,-36.5928,1.9993,4.78,-3313.8877,1462.5582,4776.4458,-0.0,42463.9514,-34217.8715,13.758,13.4531,0.9778,0.0,27.092,class1_2026_04_27_14_45_33.csv,hard_negative,2,,background
75.3,235,0.376996,-14.631,-14.7053,0.0706,-14.6495,-14.6538,0.0043,0.0075,-3.653,38.636,42.289,-108.1505,57.9937,-108.1505,0.1024,0.0926,0.9041,0.638,0.192,class1_2026_04_27_14_45_33.csv,stable_background,3,,background
131.776,412,0.659748,-17.062,-16.6098,2.411,-10.8288,-29.3778,18.549,3.3705,-2068.7634,-3005.1505,-936.3871,-3095.6113,-2368.0725,-5073.6708,3.1874,12.8947,4.0456,0.0,7.877,class1_2026_04_27_14_47_57.csv,manual_annotation,0,131.78,break
127.628,399,0.63898,-5.893,-8.8061,2.9146,-13.8877,-13.4799,-0.4078,8.8015,1121.8511,-2656.7155,-3778.5666,598.7461,9615.9875,-2700.627,2.2434,4.402,1.9622,2.871,9.051,class1_2026_04_27_14_47_57.csv,manual_annotation,1,127.63,connector
178.998,560,0.896168,-49.9,-34.712,13.6706,-32.7322,-40.8084,8.0762,29.468,-1009.3548,-1533.9637,-524.6089,-493.732,39509.406,-38479.627,13.7828,12.8867,0.935,0.0,29.468,class1_2026_04_27_14_47_57.csv,hard_negative,0,,background
147.41,461,0.73802,-20.677,-40.6874,13.0965,-37.8173,-37.5817,-0.2356,29.317,-1482.7587,4662.9324,6145.6911,-0.0,45951.4138,-38202.1975,13.6283,13.8303,1.0148,0.638,29.317,class1_2026_04_27_14_47_57.csv,hard_negative,1,,background
145.177,454,0.726841,-49.9,-41.0461,12.6649,-33.7755,-40.477,6.7015,28.936,358.52,-1097.9585,-1456.4784,423.8689,45213.1677,-45354.2335,13.1546,13.3665,1.0161,0.0,28.936,class1_2026_04_27_14_47_57.csv,hard_negative,2,,background
49.137,153,0.246009,-14.664,-14.5104,0.1055,-14.5384,-14.5249,-0.0135,0.169,10.3375,11.1753,0.8378,390.2821,390.2821,-224.1379,0.0997,0.0745,0.7471,0.0,0.304,class1_2026_04_27_14_47_57.csv,stable_background,3,,background
132.414,414,0.662942,-18.122,-17.9022,1.7498,-11.1704,-28.2282,17.0578,3.3265,-2663.1358,-6748.4019,-4085.2661,-2001.569,-1652.0361,-2786.8339,3.5933,11.8267,3.2913,0.0,5.743,class1_2026_04_27_14_37_11.csv,manual_annotation,0,132.41,break
127.947,400,0.640577,-6.36,-8.2891,2.0147,-13.4618,-14.2454,0.7837,8.8465,1686.8379,-2654.6996,-4341.5375,-2039.185,9617.5549,-3257.0533,2.8914,4.159,1.4384,2.871,6.904,class1_2026_04_27_14_37_11.csv,manual_annotation,1,127.95,connector
164.002,513,0.82109,-49.9,-38.6362,12.6448,-35.6219,-37.8885,2.2666,16.5195,-254.3454,-1719.2192,-1464.8738,-0.0,6264.8934,-796.2382,12.871,13.4808,1.0474,0.0,27.255,class1_2026_04_27_14_37_11.csv,hard_negative,0,,background
143.581,449,0.71885,-49.9,-37.184,14.2404,-38.3947,-34.9203,-3.4744,19.8285,-1264.935,-3262.6889,-1997.7539,43050.1599,46943.5752,-42810.348,13.0107,13.5105,1.0384,0.0,29.95,class1_2026_04_27_14_37_11.csv,hard_negative,1,,background
178.998,560,0.896168,-22.285,-37.1948,14.2301,-34.4458,-39.2101,4.7643,30.134,2234.4811,1441.0955,-793.3856,0.0,832.2884,-46260.1912,13.8634,13.4764,0.9721,0.638,30.134,class1_2026_04_27_14_37_11.csv,hard_negative,2,,background
27.121,84,0.135784,-14.47,-14.4059,0.0783,-14.5813,-14.4401,-0.1412,0.1345,102.0512,-48.777,-150.8283,86.2069,100.3135,-358.9342,0.363,0.1135,0.3127,0.0,0.273,class1_2026_04_27_14_37_11.csv,stable_background,3,,background
96.997,303,0.485624,-8.567,-10.978,2.0336,-14.1344,-16.0083,1.8738,6.17,707.8945,-2416.5173,-3124.4117,152.0376,7463.9498,-2821.3166,1.4715,4.1392,2.813,2.552,6.21,class3_2026_05_14_13_18_31.csv,manual_annotation,0,97.0,connector
35.736,111,0.178915,-13.152,-13.8534,0.4479,-14.3492,-14.3874,0.0382,1.273,134.5139,-224.1762,-358.6901,-114.4201,1601.8809,-1089.3417,0.2936,0.3399,1.1576,1.276,1.424,class3_2026_05_14_13_18_31.csv,manual_annotation,1,35.74,connector
100.826,315,0.504794,-18.115,-17.991,1.8,-12.9757,-22.4454,9.4697,3.074,-1605.1598,271.0146,1876.1745,-3161.442,-1327.5862,-8131.6614,2.682,6.9127,2.5774,0.0,6.305,class3_2026_05_14_13_18_31.csv,manual_annotation,2,100.83,break
126.671,396,0.634189,-23.218,-31.1696,13.3304,-28.1701,-35.9902,7.8201,5.161,-2705.4602,-1210.4943,1494.9659,3223.1817,41909.0249,-48578.373,11.6991,13.9739,1.1944,0.0,30.993,class3_2026_05_14_13_18_31.csv,hard_negative,0,,background
188.251,589,0.942494,-20.581,-34.5121,13.8122,-39.4391,-34.5466,-4.8925,29.319,-2091.9818,2588.6408,4680.6226,-0.0,45758.6254,-45954.5502,13.1481,13.8248,1.0515,0.638,29.319,class3_2026_05_14_13_18_31.csv,hard_negative,1,,background
130.499,408,0.653354,-21.584,-37.797,13.5804,-32.7999,-37.1429,4.343,4.2675,-3696.8392,3762.2688,7459.108,46214.7351,46214.7351,-44163.0623,13.7004,14.2904,1.0431,0.958,29.485,class3_2026_05_14_13_18_31.csv,hard_negative,2,,background
190.165,595,0.952077,-20.497,-33.8866,14.3475,-42.2061,-33.313,-8.8931,30.165,3759.3875,1452.7239,-2306.6635,-0.0,43137.9342,-0.0,12.4332,13.4363,1.0807,0.638,30.165,class3_2026_05_14_13_18_31.csv,hard_negative,3,,background
6.7,20,0.033544,-12.296,-12.039,1.2314,-5.5277,-13.9475,8.4198,2.198,-2469.1827,-303.1348,2166.0479,-1638.4493,-1590.9091,-1638.4493,3.8736,0.4754,0.1227,0.0,3.802,class3_2026_05_14_13_18_31.csv,stable_background,4,,background
154.111,482,0.77157,-49.9,-34.7229,13.6052,-34.1112,-36.7826,2.6713,7.7535,-571.4833,-3951.5572,-3380.0739,42926.0092,42926.0092,-40771.163,14.139,13.2925,0.9401,0.0,28.937,class3_2026_05_14_13_18_31.csv,stable_background,5,,background
50.732,158,0.253994,-15.809,-15.5176,0.5704,-14.6423,-16.4567,1.8144,1.047,-118.8113,-168.0601,-49.2488,-909.0909,-122.2571,-1427.9013,0.2494,0.3626,1.4538,0.0,1.644,class2_2026_04_27_15_47_51.csv,manual_annotation,0,50.73,bend
131.457,411,0.65815,-17.48,-17.385,2.0662,-12.7561,-35.6707,22.9147,3.1335,-1414.0515,-5438.0449,-4023.9934,-1333.8558,-1333.8558,-5517.2414,3.1172,14.4113,4.6231,0.0,6.968,class2_2026_04_27_15_47_51.csv,manual_annotation,1,131.46,break
127.628,399,0.63898,-7.855,-10.7439,2.8518,-15.9375,-16.7737,0.8362,8.8595,1227.4113,-2688.7517,-3916.163,636.3636,9684.953,-2874.6082,2.2781,8.8787,3.8973,2.871,8.733,class2_2026_04_27_15_47_51.csv,manual_annotation,2,127.63,connector
172.297,539,0.862619,-24.631,-34.5997,13.7208,-37.6454,-35.9296,-1.7159,28.755,-97.2756,-1216.1889,-1118.9133,1003.6868,42106.5878,-39702.5499,13.7237,14.0221,1.0217,1.277,28.755,class2_2026_04_27_15_47_51.csv,hard_negative,0,,background
178.998,560,0.896168,-49.9,-46.6411,9.2175,-37.5261,-39.4932,1.9671,29.33,-231.0818,938.669,1169.7508,0.0,0.0,-0.0,13.8852,13.1966,0.9504,0.0,29.33,class2_2026_04_27_15_47_51.csv,hard_negative,1,,background
188.889,591,0.945689,-22.881,-34.0681,14.187,-38.6966,-32.9574,-5.7392,17.879,-59.9537,-1587.2422,-1527.2885,-0.0,-0.0,-46548.5925,14.076,13.5844,0.9651,0.638,29.99,class2_2026_04_27_15_47_51.csv,hard_negative,2,,background
178.041,557,0.891377,-49.9,-40.4669,13.3472,-34.5257,-41.1092,6.5834,29.33,1504.3129,6251.9434,4747.6305,-45971.79,45770.3301,-45971.79,13.8166,12.5764,0.9102,0.0,29.33,class2_2026_04_27_15_47_51.csv,hard_negative,3,,background
105.612,330,0.528755,-16.913,-16.8521,0.2489,-16.7446,-16.8904,0.1458,0.4175,84.2943,-2.9909,-87.2852,-714.732,689.652,-714.732,0.3312,0.2487,0.7508,0.0,0.694,class2_2026_04_27_15_47_51.csv,stable_background,4,,background
96.04,300,0.480832,-16.964,-16.6024,0.3134,-16.7106,-16.6748,-0.0357,0.4885,-15.9671,-61.9664,-45.9992,1031.3464,1086.2085,-338.558,0.3122,0.3559,1.1401,0.0,1.036,class2_2026_04_27_15_47_51.csv,stable_background,5,,background
37.969,118,0.190095,-15.322,-15.5489,0.9632,-14.5617,-17.2406,2.6789,1.027,-23.2326,-243.5051,-220.2725,-1470.2194,130.094,-1998.4326,0.1339,0.5073,3.7882,0.0,2.485,class2_2026_04_27_15_42_56.csv,manual_annotation,0,37.97,bend
127.628,399,0.63898,-8.845,-11.7892,2.9865,-16.9864,-18.1315,1.1451,8.737,1289.0794,-2857.1698,-4146.2492,557.9937,10057.1694,-2764.8903,2.3414,8.9215,3.8104,2.871,9.372,class2_2026_04_27_15_42_56.csv,manual_annotation,1,127.63,connector
131.138,410,0.656553,-18.068,-18.0107,2.7509,-13.7721,-29.8691,16.0969,3.582,-581.7342,-1465.0289,-883.2947,-1178.6994,-1178.6994,-42909.094,3.1648,12.6853,4.0082,0.0,8.13,class2_2026_04_27_15_42_56.csv,manual_annotation,2,131.14,break
184.741,578,0.924921,-49.9,-37.7994,13.5758,-36.2931,-40.2787,3.9856,29.207,-1444.2119,-292.2328,1151.9791,-2655.1724,44366.7743,-41711.6019,13.6778,12.3249,0.9011,0.0,29.207,class2_2026_04_27_15_42_56.csv,hard_negative,0,,background
140.71,440,0.704476,-49.9,-41.8,11.4834,-36.5512,-38.4204,1.8693,26.26,-2283.9857,4614.1882,6898.1738,-0.0,41159.8793,-36255.4906,13.4546,12.9513,0.9626,0.0,26.26,class2_2026_04_27_15_42_56.csv,hard_negative,1,,background
171.659,537,0.859425,-22.943,-35.3016,13.1227,-36.2449,-36.5461,0.3012,16.8865,682.1654,-1300.689,-1982.8544,-0.0,8076.8025,-42252.3527,13.7858,13.3949,0.9716,0.638,28.06,class2_2026_04_27_15_42_56.csv,hard_negative,2,,background
179.636,562,0.899363,-49.9,-32.1956,12.5566,-34.799,-36.2041,1.4051,4.6,3426.4898,-1444.2119,-4870.7017,3506.2696,3506.2696,-503.1348,13.539,13.7567,1.0161,0.0,28.49,class2_2026_04_27_15_42_56.csv,hard_negative,3,,background
16.911,52,0.084666,-14.453,-14.4461,0.0907,-14.3837,-14.6686,0.2849,0.1505,-28.2549,-135.2197,-106.9648,-247.6489,302.5078,-322.884,0.0927,0.3596,3.8778,0.0,0.358,class2_2026_04_27_15_42_56.csv,stable_background,4,,background
57.432,179,0.287538,-18.225,-17.7806,0.4483,-17.5452,-17.5321,-0.0131,0.2565,-59.4127,35.8318,95.2445,-1377.6468,1418.4922,-1377.6468,0.2738,0.4434,1.6193,0.0,1.323,class2_2026_04_27_15_42_56.csv,stable_background,5,,background
82.958,259,0.415336,-15.29,-15.3694,0.6432,-14.6899,-16.3353,1.6454,0.833,-0.3231,-118.4691,-118.146,-1178.6834,402.8213,-1178.6834,0.1202,0.273,2.2705,0.0,1.925,class2_2026_04_27_15_34_55.csv,manual_annotation,0,82.96,bend
131.457,411,0.65815,-17.586,-17.9238,2.858,-12.5197,-31.027,18.5073,4.4565,-1359.2192,-4262.309,-2903.0898,-6089.3433,-2431.7825,-46318.1834,3.0597,13.384,4.3743,0.0,8.701,class2_2026_04_27_15_34_55.csv,manual_annotation,1,131.46,break
127.947,400,0.640577,-8.087,-10.0079,1.9782,-15.288,-17.8014,2.5134,8.882,1691.4215,-2975.3553,-4666.7768,-1978.0564,9393.4169,-3275.8621,2.9345,8.8755,3.0245,2.871,6.761,class2_2026_04_27_15_34_55.csv,manual_annotation,2,127.95,connector
176.764,553,0.884984,-23.827,-34.8616,13.4604,-32.8688,-37.6494,4.7807,2.8785,1091.6436,-3369.0721,-4460.7157,-0.0,43463.953,-40930.7286,13.6226,13.7411,1.0087,0.0,27.875,class2_2026_04_27_15_34_55.csv,hard_negative,0,,background
143.581,449,0.71885,-20.067,-43.6484,11.723,-40.8595,-38.8432,-2.0163,29.833,-826.9664,3174.3249,4001.2913,0.0,46760.1928,-46760.1928,12.8167,13.9029,1.0847,0.638,29.833,class2_2026_04_27_15_34_55.csv,hard_negative,1,,background
144.219,451,0.722044,-49.9,-43.1644,12.6031,-42.2559,-37.9106,-4.3453,30.787,1993.7445,-1281.0736,-3274.8182,-0.0,46760.1928,-0.0,12.3548,13.6913,1.1082,0.0,30.787,class2_2026_04_27_15_34_55.csv,hard_negative,2,,background
148.367,464,0.742812,-49.9,-39.1567,12.3556,-35.7174,-38.1877,2.4703,27.983,3064.1334,4482.3308,1418.1974,-40626.9624,43860.5047,-40626.9624,14.2356,13.4204,0.9427,0.0,27.983,class2_2026_04_27_15_34_55.csv,hard_negative,3,,background
119.332,373,0.597446,-17.231,-16.8674,0.3384,-16.7384,-16.7669,0.0285,0.25,-52.9413,22.0969,75.0381,253.9201,570.5345,-877.7414,0.2413,0.2395,0.9922,0.0,0.996,class2_2026_04_27_15_34_55.csv,stable_background,4,,background
60.942,190,0.305111,-14.661,-14.6631,0.1287,-14.6774,-14.6182,-0.0592,0.2275,-17.6663,-10.5338,7.1325,208.4639,451.4107,-181.8182,0.0876,0.1187,1.3545,0.0,0.421,class2_2026_04_27_15_34_55.csv,stable_background,5,,background
10.21,31,0.051117,-14.286,-14.3251,0.3625,-11.875,-15.7291,3.8541,0.3395,-1008.6264,-452.1116,556.5148,-272.7273,105.0157,-1363.6299,2.2076,0.6762,0.3063,0.0,1.241,class2_2026_04_27_16_00_02.csv,manual_annotation,0,10.21,bend
127.628,399,0.63898,-8.066,-10.8382,2.6901,-15.8439,-15.4496,-0.3943,8.6015,1142.8912,-2760.8467,-3903.738,575.2351,9300.9404,-2799.373,2.1947,4.0744,1.8565,2.871,8.205,class2_2026_04_27_16_00_02.csv,manual_annotation,1,127.63,connector
131.138,410,0.656553,-16.861,-17.1291,2.366,-12.8866,-27.1823,14.2957,3.7245,-708.1629,-2051.4143,-1343.2514,-2388.9762,-2023.511,-3985.8918,3.052,12.2211,4.0042,0.0,7.426,class2_2026_04_27_16_00_02.csv,manual_annotation,2,131.14,break
37.331,116,0.186901,-16.551,-16.5683,0.3257,-16.5129,-16.4687,-0.0442,0.363,-28.2711,-3.4358,24.8353,227.2727,462.3824,-443.5752,0.2194,0.27,1.2306,0.0,1.037,class2_2026_04_27_16_00_02.csv,hard_negative,0,,background
165.597,518,0.829075,-49.9,-34.6809,13.6437,-30.4309,-34.6377,4.2068,4.2905,4245.4752,3758.6274,-486.8478,-41940.442,4235.1097,-41940.442,12.2216,13.8601,1.1341,0.0,29.269,class2_2026_04_27_16_00_02.csv,hard_negative,1,,background
80.725,252,0.404156,-16.818,-16.6213,0.2327,-16.5892,-16.4082,-0.181,0.056,-68.5064,83.7281,152.2344,531.0621,542.3213,-570.5345,0.2414,0.217,0.8988,0.0,0.7,class2_2026_04_27_16_00_02.csv,hard_negative,2,,background
172.297,539,0.862619,-49.9,-37.4863,13.9154,-34.4362,-40.6154,6.1792,29.487,5119.3393,-604.9261,-5724.2654,-5636.7442,2890.2806,-40344.8307,14.0334,13.1584,0.9376,0.0,29.487,class2_2026_04_27_16_00_02.csv,hard_negative,3,,background
151.877,475,0.760385,-22.395,-32.5329,12.5306,-34.1192,-33.5969,-0.5223,7.1715,1267.0258,2538.7522,1271.7265,-6794.6724,48719.4404,-41924.768,12.7701,13.2206,1.0353,0.957,31.083,class2_2026_04_27_16_00_02.csv,stable_background,4,,background
23.292,72,0.116613,-16.504,-17.1294,1.7937,-17.1192,-15.9457,-1.1736,0.7455,-663.4342,-15.1953,648.239,932.6019,6340.1254,-264.8903,1.4771,0.2511,0.17,0.0,5.618,class2_2026_04_27_16_00_02.csv,stable_background,5,,background
103.059,322,0.515974,-16.056,-16.1476,0.4891,-14.958,-16.6433,1.6853,0.546,-227.2148,-13.6426,213.5722,-1432.6019,-261.7555,-1432.6019,0.4024,0.3159,0.7851,0.0,1.296,class2_2026_04_27_15_25_41.csv,manual_annotation,0,103.06,bend
127.628,399,0.63898,-7.724,-10.5767,2.8275,-15.6794,-15.0276,-0.6518,8.5815,1142.0739,-2721.4329,-3863.5068,677.116,9793.1034,-2716.3009,2.2361,4.0017,1.7896,2.871,8.555,class2_2026_04_27_15_25_41.csv,manual_annotation,1,127.63,connector
131.776,412,0.659748,-18.61,-17.9699,1.6604,-12.6553,-30.7557,18.1004,3.539,-2141.849,-4776.3183,-2634.4693,-2332.29,-2332.29,-2332.29,3.2058,13.624,4.2498,0.0,4.928,class2_2026_04_27_15_25_41.csv,manual_annotation,2,131.78,break
178.041,557,0.891377,-49.9,-43.9758,11.0843,-39.7941,-35.9307,-3.8634,26.992,-1658.2386,3992.5865,5650.8251,-0.0,41263.3276,-42307.2116,12.8643,13.9917,1.0876,0.0,26.992,class2_2026_04_27_15_25_41.csv,hard_negative,0,,background
150.282,470,0.752399,-20.607,-40.32,13.5524,-40.8098,-32.9607,-7.8492,29.293,-5840.5207,1526.8125,7367.3332,45454.5486,45913.7962,-45913.7962,12.9034,13.6039,1.0543,0.957,29.293,class2_2026_04_27_15_25_41.csv,hard_negative,1,,background
179.636,562,0.899363,-49.9,-43.8766,11.269,-41.1053,-32.8561,-8.2493,27.219,-3058.9097,3823.4338,6882.3434,0.0,42307.2116,-747.6505,12.6282,13.6661,1.0822,0.0,27.219,class2_2026_04_27_15_25_41.csv,hard_negative,2,,background
161.768,506,0.809905,-49.9,-38.5512,12.7056,-35.3592,-36.766,1.4068,5.8255,-2983.2934,-812.4294,2170.8639,-725.7069,39636.3668,-38910.6599,13.146,13.2451,1.0075,0.0,27.221,class2_2026_04_27_15_25_41.csv,hard_negative,3,,background
17.549,54,0.087861,-14.698,-14.5033,0.1608,-14.4774,-14.6033,0.1259,0.2625,-17.6063,-164.4378,-146.8316,-369.906,139.6065,-369.906,0.1242,0.2796,2.2505,0.0,0.474,class2_2026_04_27_15_25_41.csv,stable_background,4,,background
84.553,264,0.423322,-14.608,-14.6554,0.121,-14.6781,-14.7279,0.0499,0.302,-28.5426,-59.6902,-31.1477,368.3386,376.1755,-451.4107,0.0881,0.136,1.5442,0.0,0.477,class2_2026_04_27_15_25_41.csv,stable_background,5,,background
134.647,421,0.674121,-18.271,-18.783,1.2761,-12.3089,-34.6086,22.2997,1.888,-2413.7676,-5952.4286,-3538.6609,-3230.406,-175.5486,-6351.2703,4.1017,13.8426,3.3748,0.0,4.007,class3_2026_05_14_13_23_04.csv,manual_annotation,0,134.65,break
127.309,398,0.637383,-3.189,-7.054,5.0669,-14.6127,-9.1364,-5.4763,12.32,1151.1149,-2631.0722,-3782.1871,4804.0752,16205.5207,-2691.2226,2.5294,4.2856,1.6943,3.828,13.423,class3_2026_05_14_13_23_04.csv,manual_annotation,1,127.31,connector
143.9,450,0.720447,-26.972,-37.7233,13.7515,-40.3212,-42.1614,1.8402,30.575,2442.8161,-4002.2538,-6445.0699,3816.6129,42047.0266,-45863.6395,12.1859,12.5146,1.027,1.276,30.575,class3_2026_05_14_13_23_04.csv,hard_negative,0,,background
68.281,213,0.341855,-15.548,-15.2983,0.135,-15.1984,-15.2672,0.0688,0.1785,-17.6352,-8.9103,8.7249,170.8464,170.8464,-4.7022,0.1447,0.1525,1.0543,0.0,0.464,class3_2026_05_14_13_23_04.csv,hard_negative,1,,background
174.212,545,0.872207,-21.901,-37.3553,14.0329,-36.7387,-37.4267,0.688,29.407,-67.8808,4262.7253,4330.6061,-0.0,43507.8401,-43885.5846,13.2864,13.9629,1.0509,0.638,29.407,class3_2026_05_14_13_23_04.csv,hard_negative,2,,background
50.094,156,0.2508,-15.034,-15.1847,0.122,-15.2087,-15.2288,0.0202,0.2095,36.7219,21.9489,-14.773,-390.2821,291.5361,-750.7837,0.1126,0.1398,1.2412,0.957,0.361,class3_2026_05_14_13_23_04.csv,stable_background,3,,background
127.628,399,0.63898,-5.91,-8.801,2.8957,-13.933,-13.4468,-0.4862,8.8685,1147.5282,-2616.7712,-3764.2995,594.0439,9680.2508,-2750.7837,2.2597,4.3833,1.9398,2.871,8.936,class1_2026_04_27_14_44_55.csv,manual_annotation,0,127.63,connector
132.414,414,0.662942,-17.912,-17.8602,2.0627,-11.0536,-30.6062,19.5526,2.9195,-2593.7949,-4497.3791,-1903.5842,-1785.2665,-1785.2665,-4205.3292,3.5047,13.679,3.903,0.0,6.172,class1_2026_04_27_14_44_55.csv,manual_annotation,1,132.41,break
148.367,464,0.742812,-28.069,-44.4971,10.1754,-36.0667,-36.1363,0.0696,15.3985,-5869.5713,1676.5912,7546.1625,0.0,34217.8715,-34217.8715,13.8977,13.8677,0.9978,0.638,26.795,class1_2026_04_27_14_44_55.csv,hard_negative,0,,background
143.581,449,0.71885,-21.252,-31.1726,13.3525,-32.9287,-39.6499,6.7212,19.1485,-1144.503,-3735.7043,-2591.2013,-733.5423,44902.8229,-44843.2618,13.5608,12.9576,0.9555,1.595,30.064,class1_2026_04_27_14_44_55.csv,hard_negative,1,,background
186.656,584,0.934509,-21.533,-37.6932,13.6654,-37.8499,-36.4327,-1.4173,28.395,-3349.7651,494.3582,3844.1233,0.0,44531.9652,-42733.5455,13.5857,13.6207,1.0026,0.638,28.395,class1_2026_04_27_14_44_55.csv,hard_negative,2,,background
89.339,279,0.447283,-14.71,-14.6941,0.0715,-14.7162,-14.7243,0.0081,0.099,-0.8647,-18.9416,-18.077,-50.1567,390.2821,-50.1567,0.0684,0.1075,1.5718,0.0,0.255,class1_2026_04_27_14_44_55.csv,stable_background,3,,background
118.056,369,0.591057,-16.182,-15.9138,0.7601,-14.8468,-16.8377,1.9908,1.4215,-134.2358,-142.9453,-8.7095,-1155.1708,-197.4922,-1155.1708,0.2716,0.3344,1.2312,0.0,2.271,class2_2026_04_27_15_16_58.csv,manual_annotation,0,118.06,bend
126.032,394,0.63099,-17.112,-15.4061,3.039,-17.0422,-13.1509,-3.8913,7.8385,-114.0623,-600.1028,-486.0405,194.3558,677.1176,194.3558,0.3428,3.3435,9.7537,0.0,8.748,class2_2026_04_27_15_16_58.csv,manual_annotation,1,126.03,break
189.208,592,0.947286,-49.9,-37.6317,13.8,-35.1024,-40.9478,5.8454,30.522,4117.7976,1829.3318,-2288.4657,-45387.1489,41142.6379,-45387.1489,13.3466,12.6959,0.9512,0.0,30.522,class2_2026_04_27_15_16_58.csv,hard_negative,0,,background
103.378,323,0.517571,-14.999,-14.8331,0.1155,-14.7758,-14.7469,-0.0289,0.1335,-25.8048,36.5098,62.3146,66.7591,66.7591,-184.953,0.1012,0.1083,1.0705,0.0,0.382,class2_2026_04_27_15_16_58.csv,hard_negative,1,,background
187.613,587,0.9393,-22.183,-34.3353,13.9704,-39.8225,-37.5986,-2.2239,30.522,-1611.0663,-3930.5397,-2319.4734,-0.0,41750.7868,-41142.6379,12.7012,13.808,1.0871,0.638,30.522,class2_2026_04_27_15_16_58.csv,hard_negative,2,,background
168.15,526,0.841857,-49.9,-38.3934,12.9761,-38.0177,-39.9933,1.9757,29.165,1857.8483,-4990.4905,-6848.3388,37696.837,37696.837,-1777.431,13.3301,12.5022,0.9379,0.0,29.165,class2_2026_04_27_15_16_58.csv,stable_background,3,,background
66.047,206,0.33067,-16.008,-15.7198,0.7866,-14.6634,-17.1249,2.4615,1.271,-104.387,-283.1387,-178.7517,-1122.2571,-43.8871,-1122.2571,0.2409,0.4784,1.9858,0.0,2.105,class2_2026_04_27_15_51_44.csv,manual_annotation,0,66.05,bend
127.628,399,0.63898,-8.484,-11.3596,2.8646,-16.4586,-19.1361,2.6775,8.7555,1139.025,-2732.7236,-3871.7487,570.5329,9426.3323,-2700.627,2.2582,11.508,5.0962,2.871,8.922,class2_2026_04_27_15_51_44.csv,manual_annotation,1,127.63,connector
131.776,412,0.659748,-18.143,-25.3589,13.2327,-13.4351,-36.3416,22.9065,3.2985,-2124.7224,484.7531,2609.4755,-3147.3354,-1485.8934,-46141.069,3.2066,13.7256,4.2804,0.0,34.381,class2_2026_04_27_15_51_44.csv,manual_annotation,2,131.78,break
140.391,439,0.702879,-23.68,-28.3409,11.6618,-33.2276,-39.2628,6.0352,19.959,2324.0152,-1286.6721,-3610.6873,-45531.2101,47384.0141,-45531.2101,13.4847,13.3853,0.9926,1.596,30.231,class2_2026_04_27_15_51_44.csv,hard_negative,0,,background
186.656,584,0.934509,-20.417,-38.1996,13.1751,-35.0042,-37.7546,2.7504,17.891,-1287.7721,6666.2842,7954.0563,0.0,36338.5611,-46211.6019,13.4059,13.5871,1.0135,0.638,29.483,class2_2026_04_27_15_51_44.csv,hard_negative,1,,background
149.005,466,0.746006,-49.9,-41.0814,12.5161,-39.3712,-34.4399,-4.9312,28.707,-185.116,2457.596,2642.712,0.0,37963.9514,-41440.442,13.2396,13.8953,1.0495,0.0,28.707,class2_2026_04_27_15_51_44.csv,hard_negative,2,,background
143.581,449,0.71885,-21.008,-40.4289,13.4079,-36.0908,-40.9763,4.8854,29.392,-5736.1568,-1019.3184,4716.8384,46068.9702,46068.9702,-45285.2712,13.8691,12.6545,0.9124,0.957,29.392,class2_2026_04_27_15_51_44.csv,hard_negative,3,,background
176.126,551,0.88179,-49.9,-46.5822,9.3841,-38.9193,-36.1015,-2.8178,29.86,-810.9876,4917.7863,5728.7739,-0.0,6021.942,-0.0,13.8059,13.873,1.0049,0.0,29.86,class2_2026_04_27_15_51_44.csv,stable_background,4,,background
56.794,177,0.284344,-14.598,-14.6406,0.0998,-14.6497,-14.5792,-0.0704,0.108,-5.2592,-9.496,-4.2368,341.6928,351.0972,-373.2156,0.1072,0.0879,0.8193,0.0,0.323,class2_2026_04_27_15_51_44.csv,stable_background,5,,background
38.607,120,0.193289,-17.502,-20.3311,10.599,-13.1851,-31.3087,18.1236,3.0865,-283.5816,376.9357,660.5173,-2221.0031,-2221.0031,-49410.663,2.0219,13.3521,6.6039,0.0,36.126,class3_2026_05_14_12_58_49.csv,manual_annotation,0,38.61,break
35.417,110,0.177318,-9.801,-11.8251,1.8977,-14.2899,-22.8093,8.5193,5.096,304.1607,-4759.4559,-5063.6165,2838.558,5967.0846,-2598.7461,0.7694,14.8518,19.3021,2.233,5.329,class3_2026_05_14_12_58_49.csv,manual_annotation,1,35.42,connector
59.985,187,0.30032,-49.9,-37.3917,14.0207,-43.466,-35.3672,-8.0988,30.362,4814.1962,-2087.8488,-6902.045,0.0,41385.5831,-44843.2618,12.0615,13.0744,1.084,0.0,30.362,class3_2026_05_14_12_58_49.csv,hard_negative,0,,background
88.382,276,0.442492,-49.9,-44.3157,10.4473,-41.1459,-40.9831,-0.1628,25.154,-2006.708,-1340.5949,666.113,0.0,0.0,0.0,12.4197,12.6608,1.0194,0.0,25.154,class3_2026_05_14_12_58_49.csv,hard_negative,1,,background
158.577,496,0.793929,-49.9,-40.5444,13.2619,-35.2596,-35.8931,0.6335,8.671,-3225.365,1819.7079,5045.0729,0.0,44996.8699,-0.0,13.1995,14.1354,1.0709,0.0,29.59,class3_2026_05_14_12_58_49.csv,hard_negative,2,,background
101.145,316,0.506391,-49.9,-35.7358,12.7647,-36.8782,-29.9702,-6.908,4.2215,-930.7253,-2530.8157,-1600.0904,42572.1034,42572.1034,-42572.1034,13.1415,10.8396,0.8248,0.0,27.325,class3_2026_05_14_12_58_49.csv,stable_background,3,,background
107.526,336,0.538338,-16.084,-15.945,0.6224,-14.9109,-16.7626,1.8517,1.0525,-165.2389,-142.4036,22.8354,-451.4107,-451.4107,-1391.8495,0.3191,0.3438,1.0773,0.0,1.977,class2_2026_04_27_15_24_25.csv,manual_annotation,0,107.53,bend
127.947,400,0.640577,-8.246,-10.1938,2.0049,-15.4501,-17.8142,2.3641,8.87,1711.955,-2479.7061,-4191.6611,-1987.4608,9518.8088,-3224.1379,2.9169,8.8689,3.0405,2.871,6.865,class2_2026_04_27_15_24_25.csv,manual_annotation,1,127.95,connector
131.776,412,0.659748,-18.926,-18.3294,2.4741,-12.7711,-35.8112,23.0401,2.985,-2040.1609,-3577.532,-1537.3711,-2341.6912,-2200.9964,-7478.0564,3.1423,14.19,4.5158,0.0,8.826,class2_2026_04_27_15_24_25.csv,manual_annotation,2,131.78,break
167.511,524,0.838658,-22.001,-29.2641,11.2247,-38.5624,-33.5176,-5.0449,9.187,1824.3223,825.8793,-998.443,-2783.6975,43728.8448,-43522.5817,12.8783,13.1418,1.0205,1.277,29.817,class2_2026_04_27_15_24_25.csv,hard_negative,0,,background
172.297,539,0.862619,-25.723,-35.533,12.9318,-31.7965,-41.0351,9.2386,18.1875,-525.8636,427.7543,953.6178,-379.9716,37894.9875,-42175.5502,12.8928,12.666,0.9824,1.277,28.11,class2_2026_04_27_15_24_25.csv,hard_negative,1,,background
193.356,605,0.968053,-22.933,-32.5198,12.3734,-39.7061,-35.1925,-4.5136,28.485,-1482.4173,-1440.8101,41.6072,37205.3323,40210.0345,-37669.2806,12.845,13.2467,1.0313,1.914,28.485,class2_2026_04_27_15_24_25.csv,hard_negative,2,,background
184.741,578,0.924921,-22.164,-28.6813,11.5613,-38.2087,-30.5897,-7.6189,6.5615,2888.144,-2223.1597,-5111.3037,34979.627,47261.7586,-43946.7116,13.199,12.1213,0.9183,0.638,30.153,class2_2026_04_27_15_24_25.csv,hard_negative,3,,background
30.95,96,0.154954,-14.455,-14.5121,0.1174,-14.3904,-14.5331,0.1427,0.153,-50.5567,23.6093,74.166,137.931,216.3009,-333.8558,0.117,0.0955,0.8161,0.0,0.363,class2_2026_04_27_15_24_25.csv,stable_background,4,,background
86.149,269,0.431312,-14.622,-14.7242,0.1002,-14.6599,-14.7184,0.0585,0.147,-34.0019,11.4621,45.4641,28.2132,410.6583,-227.2727,0.0968,0.0566,0.5853,0.0,0.343,class2_2026_04_27_15_24_25.csv,stable_background,5,,background
20.42,63,0.102234,-16.227,-16.7248,1.0083,-16.2106,-16.8476,0.6369,0.3445,36.5238,592.1182,555.5944,-438.6023,443.5737,-5755.4843,0.1709,1.4143,8.2756,0.0,3.475,class2_2026_04_27_15_57_16.csv,manual_annotation,0,20.42,bend
127.628,399,0.63898,-8.085,-10.9596,2.8782,-15.8068,-15.4828,-0.324,8.457,1091.8713,-2680.8148,-3772.6861,645.768,9487.008,-2705.3292,2.1609,4.0917,1.8935,2.871,8.969,class2_2026_04_27_15_57_16.csv,manual_annotation,1,127.63,connector
131.138,410,0.656553,-17.047,-17.0342,2.186,-12.9419,-27.3127,14.3707,4.005,-651.5978,-5218.6972,-4567.0995,-2112.484,-2062.6959,-2957.6787,3.0946,12.1492,3.926,0.0,6.805,class2_2026_04_27_15_57_16.csv,manual_annotation,2,131.14,break
70.195,219,0.351437,-16.59,-16.6297,0.2809,-16.4683,-16.6672,0.1989,0.402,-59.2626,54.3016,113.5643,-410.6599,561.1285,-1288.8526,0.2531,0.2225,0.8789,0.0,0.907,class2_2026_04_27_15_57_16.csv,hard_negative,0,,background
142.624,446,0.714059,-49.9,-40.2263,13.7027,-37.4903,-38.8028,1.3125,30.917,140.759,2348.4584,2207.6994,-0.0,43768.0282,-48459.2508,13.9362,13.9647,1.002,0.0,30.917,class2_2026_04_27_15_57_16.csv,hard_negative,1,,background
181.55,568,0.908945,-49.9,-41.0058,12.7586,-34.3789,-38.0799,3.701,19.1885,-1234.5152,1760.3245,2994.8397,-44900.8818,44830.7241,-44900.8818,13.999,13.312,0.9509,0.0,29.941,class2_2026_04_27_15_57_16.csv,hard_negative,2,,background
173.893,544,0.87061,-20.921,-31.7332,12.9422,-28.3829,-37.3657,8.9828,3.2695,5957.2798,4743.5752,-1213.7047,-5489.0298,7929.4671,-45421.6332,11.5951,14.0452,1.2113,0.957,29.645,class2_2026_04_27_15_57_16.csv,hard_negative,3,,background
111.674,349,0.559105,-16.112,-16.6993,0.3286,-16.7022,-16.7547,0.0526,0.5735,45.7645,-47.2795,-93.044,-639.5,865.2038,-1658.3072,0.1879,0.3121,1.6608,0.638,1.058,class2_2026_04_27_15_57_16.csv,stable_background,4,,background
37.331,116,0.186901,-16.136,-16.444,0.2095,-16.5531,-16.4889,-0.0641,0.3895,-33.9878,-61.4299,-27.4421,-241.3777,824.453,-241.3777,0.2649,0.1941,0.7326,0.638,0.578,class2_2026_04_27_15_57_16.csv,stable_background,5,,background
127.628,399,0.63898,-5.91,-8.801,2.8957,-13.933,-13.4468,-0.4862,8.8685,1147.5282,-2616.7712,-3764.2995,594.0439,9680.2508,-2750.7837,2.2597,4.3833,1.9398,2.871,8.936,class1_2026_04_27_14_45_40.csv,manual_annotation,0,127.63,connector
132.095,413,0.661345,-16.973,-17.2306,2.2479,-10.9354,-28.8291,17.8937,3.2315,-2461.6792,-3437.6475,-975.9683,-1888.7147,-1888.7147,-4205.3292,3.3349,13.1235,3.9352,0.0,6.717,class1_2026_04_27_14_45_40.csv,manual_annotation,1,132.09,break
186.656,584,0.934509,-21.533,-37.6932,13.6654,-37.8499,-36.4327,-1.4173,28.395,-3349.7651,494.3582,3844.1233,0.0,44531.9652,-42733.5455,13.5857,13.6207,1.0026,0.638,28.395,class1_2026_04_27_14_45_40.csv,hard_negative,0,,background
181.55,568,0.908945,-49.9,-35.7502,12.7904,-34.6904,-36.2031,1.5127,6.153,1071.9709,-3349.7651,-4421.736,0.0,2520.3746,-11855.7978,13.6825,13.8076,1.0091,0.0,29.122,class1_2026_04_27_14_45_40.csv,hard_negative,1,,background
100.507,314,0.503197,-15.008,-14.7693,0.1323,-14.7958,-14.7568,-0.039,0.196,3.5778,24.0472,20.4694,286.8339,286.8339,-252.3511,0.1164,0.0876,0.753,0.0,0.423,class1_2026_04_27_14_45_40.csv,hard_negative,2,,background
9.891,30,0.04952,-14.131,-14.1108,0.1105,-11.6848,-14.3001,2.6152,0.222,-1096.752,-38.5018,1058.2502,53.2915,53.2915,-503.1348,2.3544,0.1119,0.0475,0.0,0.419,class1_2026_04_27_14_45_40.csv,stable_background,3,,background
121.246,379,0.607028,-16.651,-16.3329,0.9349,-14.8586,-17.0139,2.1553,1.342,-170.5232,-87.1727,83.3506,-1893.4169,-1247.6473,-1893.4169,0.4461,1.3633,3.0558,0.0,2.926,class2_2026_04_27_15_13_34.csv,manual_annotation,0,121.25,bend
131.457,411,0.65815,-18.03,-18.297,2.0454,-13.6628,-32.3987,18.7358,3.754,-1364.4425,-1720.1324,-355.6899,-4833.8558,-1953.3665,-46274.2962,3.1077,14.0257,4.5132,0.0,5.486,class2_2026_04_27_15_13_34.csv,manual_annotation,1,131.46,break
127.947,400,0.640577,-9.164,-11.1224,2.0586,-16.1267,-18.5141,2.3874,8.4925,1607.2881,-2529.4245,-4136.7126,-1989.0282,9904.3887,-3250.7837,2.8188,8.5983,3.0504,2.871,7.077,class2_2026_04_27_15_13_34.csv,manual_annotation,2,127.95,connector
156.663,490,0.784346,-21.499,-31.1677,13.2816,-37.4114,-37.5395,0.1281,29.536,6165.3686,1795.7073,-4369.6613,-44852.6677,1904.3887,-44852.6677,14.0067,13.8533,0.989,2.233,29.536,class2_2026_04_27_15_13_34.csv,hard_negative,0,,background
191.123,598,0.956873,-23.467,-31.9063,12.7923,-30.6583,-34.6612,4.0028,5.426,-2118.8649,1894.0284,4012.8934,-258.944,885.5815,-39029.7821,12.064,13.7287,1.138,0.0,30.173,class2_2026_04_27_15_13_34.csv,hard_negative,1,,background
178.36,558,0.892974,-49.9,-38.0876,13.2766,-38.2441,-34.9777,-3.2664,21.655,2974.143,-1515.4845,-4489.6275,39826.0235,45246.3451,-2409.0925,13.3732,13.5072,1.01,0.0,28.997,class2_2026_04_27_15_13_34.csv,hard_negative,2,,background
159.216,498,0.797128,-49.9,-37.8459,13.509,-34.4668,-34.6631,0.1963,4.114,-111.6267,3150.226,3261.8526,0.0,43656.7414,-0.0,13.8557,13.6875,0.9879,0.0,29.049,class2_2026_04_27_15_13_34.csv,hard_negative,3,,background
146.772,459,0.734826,-49.9,-28.3889,11.5144,-35.1579,-34.6006,-0.5573,3.8225,1364.2172,-4615.2896,-5979.5068,42898.1223,42898.1223,-2125.3903,13.3259,13.7032,1.0283,0.0,28.957,class2_2026_04_27_15_13_34.csv,stable_background,4,,background
23.93,74,0.119808,-14.357,-14.4407,0.1963,-14.6486,-14.3866,-0.2621,0.452,-71.068,-39.1107,31.9573,724.1379,724.1379,-622.2571,0.2887,0.1254,0.4343,0.0,0.708,class2_2026_04_27_15_13_34.csv,stable_background,5,,background
127.628,399,0.63898,-5.974,-8.8658,2.8784,-13.9979,-13.5111,-0.4868,8.8785,1145.7939,-2611.1539,-3756.9479,579.9373,9655.1724,-2695.9248,2.2627,4.3753,1.9337,2.871,8.891,class1_2026_04_27_14_36_42.csv,manual_annotation,0,127.63,connector
132.095,413,0.661345,-17.207,-17.2667,2.2963,-11.0201,-27.7734,16.7533,3.338,-2481.9748,-4997.247,-2515.2722,-695.9263,-695.9263,-5324.4498,3.3578,11.9686,3.5644,0.0,7.924,class1_2026_04_27_14_36_42.csv,manual_annotation,1,132.09,break
166.235,520,0.832269,-49.9,-38.609,12.9111,-32.2034,-36.4154,4.212,4.0275,2181.7344,1339.618,-842.1164,11211.5987,29266.4592,-40478.058,12.7265,13.5163,1.0621,0.0,29.113,class1_2026_04_27_14_36_42.csv,hard_negative,0,,background
171.659,537,0.859425,-24.051,-32.7814,12.3994,-38.193,-30.3658,-7.8272,6.7595,1502.6956,-2623.1942,-4125.8898,38902.8245,43717.873,-8767.3389,13.2475,12.4253,0.9379,0.0,29.728,class1_2026_04_27_14_36_42.csv,hard_negative,1,,background
186.656,584,0.934509,-20.321,-32.0607,12.8913,-35.6963,-38.8379,3.1417,29.591,3997.2289,2881.0978,-1116.1311,-43905.9592,12273.0365,-46362.0737,12.9161,13.8715,1.074,2.234,29.591,class1_2026_04_27_14_36_42.csv,hard_negative,2,,background
100.188,313,0.5016,-14.638,-14.8257,0.1187,-14.7976,-14.8439,0.0464,0.1805,-27.6495,-11.4418,16.2077,126.9592,443.5737,-255.4859,0.1128,0.1131,1.0026,0.638,0.386,class1_2026_04_27_14_36_42.csv,stable_background,3,,background
20.74,64,0.103837,-17.26,-17.3382,1.6074,-16.2878,-17.0323,0.7445,0.452,44.3458,723.3923,679.0465,-618.6478,-23.5094,-5782.1317,0.2373,1.579,6.655,0.0,4.97,class2_2026_04_27_15_59_08.csv,manual_annotation,0,20.74,bend
127.628,399,0.63898,-8.105,-10.9561,2.8221,-15.898,-18.6777,2.7797,8.57,1057.5467,-4596.5573,-5654.104,622.2571,9296.2382,-2836.9906,2.1972,11.6014,5.2801,2.871,8.783,class2_2026_04_27_15_59_08.csv,manual_annotation,1,127.63,connector
131.138,410,0.656553,-16.766,-20.2077,10.6476,-13.0105,-35.0428,22.0323,4.1905,-625.7112,-5994.5245,-5368.8133,-3494.8141,-2034.4828,-49641.069,3.1416,14.8843,4.7378,0.0,36.274,class2_2026_04_27_15_59_08.csv,manual_annotation,2,131.14,break
157.62,493,0.789138,-49.9,-40.697,13.051,-40.7327,-37.6713,-3.0614,29.421,-355.8193,-4874.3177,-4518.4983,39774.2978,46114.4232,0.0,13.0254,13.7002,1.0518,0.0,29.421,class2_2026_04_27_15_59_08.csv,hard_negative,0,,background
156.344,489,0.782749,-49.9,-43.1818,12.5745,-37.9504,-37.5544,-0.3959,31.043,-3086.7154,1781.6017,4868.3171,-0.0,48656.7429,-46114.4232,13.4347,13.8366,1.0299,0.0,31.043,class2_2026_04_27_15_59_08.csv,hard_negative,1,,background
74.662,233,0.373802,-16.649,-16.583,0.211,-16.5023,-16.5967,0.0944,0.2505,-14.8094,-1.7448,13.0646,-112.8542,456.1097,-503.2422,0.1967,0.2068,1.0514,0.0,0.609,class2_2026_04_27_15_59_08.csv,hard_negative,2,,background
164.959,516,0.825881,-20.382,-37.157,14.3002,-37.3258,-41.3552,4.0293,30.341,605.5167,1120.4084,514.8916,0.0,368.3401,-46266.4608,14.0885,12.3021,0.8732,0.638,30.341,class2_2026_04_27_15_59_08.csv,hard_negative,3,,background
37.969,118,0.190095,-16.672,-16.3753,0.2006,-16.4676,-16.4152,-0.0524,0.308,32.2319,-45.4763,-77.7082,-506.2696,473.3542,-506.2696,0.2589,0.2132,0.8237,0.0,0.571,class2_2026_04_27_15_59_08.csv,stable_background,4,,background
139.433,436,0.698083,-49.9,-40.8847,12.8113,-37.9365,-39.0381,1.1016,29.343,3293.7496,2459.0481,-834.7015,45992.1677,45992.1677,-46064.1429,13.4564,13.7754,1.0237,0.0,29.343,class2_2026_04_27_15_59_08.csv,stable_background,5,,background
99.55,311,0.498405,-16.013,-15.7821,0.5381,-14.8171,-16.7923,1.9752,1.248,-183.7012,-202.4874,-18.7862,-594.0439,-581.5047,-764.8918,0.3204,0.3687,1.1508,0.0,1.676,class2_2026_04_27_15_23_25.csv,manual_annotation,0,99.55,bend
131.457,411,0.65815,-17.296,-20.6782,10.4887,-12.8121,-36.0816,23.2695,4.1565,-1350.412,-3060.9544,-1710.5424,-5297.8072,-2028.3317,-48724.1426,3.1814,14.0195,4.4066,0.0,35.844,class2_2026_04_27_15_23_25.csv,manual_annotation,1,131.46,break
127.309,398,0.637383,-8.653,-11.487,3.4772,-16.4096,-17.7551,1.3455,8.6765,504.4035,-2656.7194,-3161.1229,4728.8401,9757.0533,-2595.6113,1.4624,11.9159,8.1483,2.871,8.984,class2_2026_04_27_15_23_25.csv,manual_annotation,2,127.31,connector
178.041,557,0.891377,-21.064,-30.3334,13.8382,-38.9156,-38.8633,-0.0523,29.751,3955.8221,-6856.0943,-10811.9164,285.2649,45197.4969,-45197.4969,13.8257,13.8647,1.0028,1.276,29.751,class2_2026_04_27_15_23_25.csv,hard_negative,0,,background
179.636,562,0.899363,-22.46,-30.8878,13.501,-36.9409,-37.7936,0.8527,29.731,5629.9844,1425.6258,-4204.3586,-83.0705,46600.315,-43009.4091,14.492,13.5616,0.9358,1.595,29.731,class2_2026_04_27_15_23_25.csv,hard_negative,1,,background
188.57,590,0.944091,-49.9,-40.8166,12.8681,-33.2338,-38.4114,5.1777,6.8825,102.5439,5578.4342,5475.8903,-42065.8339,-0.0,-42065.8339,13.33,12.9499,0.9715,0.0,29.016,class2_2026_04_27_15_23_25.csv,hard_negative,2,,background
142.305,445,0.712462,-49.9,-41.2339,12.2816,-43.7533,-41.1726,-2.5807,27.494,-1349.8042,-500.269,849.5352,0.0,37873.0439,-41282.1348,11.5591,12.3733,1.0704,0.0,27.494,class2_2026_04_27_15_23_25.csv,hard_negative,3,,background
88.382,276,0.442492,-14.824,-14.7318,0.0963,-14.6877,-14.6714,-0.0162,0.1165,-38.429,7.143,45.572,512.5392,512.5392,-346.395,0.097,0.0928,0.9563,0.0,0.327,class2_2026_04_27_15_23_25.csv,stable_background,4,,background
33.502,104,0.167731,-14.458,-14.5207,0.0852,-14.4864,-14.6237,0.1373,0.18,-40.8857,-74.0542,-33.1685,247.6489,247.6489,-401.2539,0.1265,0.1315,1.0389,0.957,0.256,class2_2026_04_27_15_23_25.csv,stable_background,5,,background
132.414,414,0.662942,-18.416,-18.6928,2.9611,-11.0869,-34.0467,22.9598,3.825,-2644.2596,-6702.9518,-4058.6922,-4289.9671,-2599.7027,-7990.5987,3.5632,14.2796,4.0075,0.0,10.495,class1_2026_04_27_14_47_07.csv,manual_annotation,0,132.41,break
127.628,399,0.63898,-5.896,-8.8027,2.9004,-13.8879,-13.5644,-0.3234,8.8115,1134.8882,-2698.7633,-3833.6515,636.3636,9567.3981,-2736.6771,2.2359,4.4967,2.0112,2.871,9.0,class1_2026_04_27_14_47_07.csv,manual_annotation,1,127.63,connector
148.367,464,0.742812,-23.33,-44.3809,10.3576,-39.2885,-33.4846,-5.8039,15.34,367.3198,5444.758,5077.4382,0.0,41645.7712,-41645.7712,13.3567,13.1592,0.9852,0.638,26.57,class1_2026_04_27_14_47_07.csv,hard_negative,0,,background
182.827,572,0.915339,-21.162,-34.1134,14.1544,-39.0499,-39.4328,0.3828,30.607,175.6739,-3164.7672,-3340.4411,-3782.1317,47973.3589,-45043.8887,13.6565,13.199,0.9665,1.276,30.607,class1_2026_04_27_14_47_07.csv,hard_negative,1,,background
155.387,486,0.777958,-23.54,-37.581,13.7886,-31.8662,-39.6602,7.794,5.8255,-1513.1406,3692.3445,5205.4851,0.0,2369.9075,-43509.406,12.828,12.8757,1.0037,0.638,29.132,class1_2026_04_27_14_47_07.csv,hard_negative,2,,background
56.475,176,0.282747,-14.663,-14.5906,0.0674,-14.5937,-14.5831,-0.0107,0.121,2.8653,2.5791,-0.2862,188.0878,277.4295,-208.4639,0.0865,0.0839,0.9701,0.0,0.174,class1_2026_04_27_14_47_07.csv,stable_background,3,,background
67.962,212,0.340257,-15.149,-15.35,0.688,-14.6427,-16.6216,1.9789,0.7015,9.3692,-200.3055,-209.6747,-1487.4608,267.5653,-1832.29,0.0979,0.4303,4.3953,0.0,1.758,class2_2026_04_27_15_39_46.csv,manual_annotation,0,67.96,bend
131.138,410,0.656553,-17.066,-17.7641,3.1987,-13.1308,-27.6571,14.5263,4.374,-594.6136,-4570.1256,-3975.512,-3064.7419,-2131.6614,-8711.6003,3.2413,12.0325,3.7123,0.0,10.198,class2_2026_04_27_15_39_46.csv,manual_annotation,1,131.14,break
127.947,400,0.640577,-8.524,-10.474,2.0133,-15.6849,-16.6329,0.948,8.8485,1607.1098,-2864.7016,-4471.8114,-2006.2696,9676.1845,-3227.2727,2.9047,4.4546,1.5336,2.871,6.891,class2_2026_04_27_15_39_46.csv,manual_annotation,2,127.95,connector
175.169,548,0.876998,-49.9,-34.4533,13.824,-37.3078,-35.9651,-1.3427,28.756,3039.7136,4280.786,1241.0724,0.0,43741.3824,-45072.105,14.1074,13.973,0.9905,0.0,28.756,class2_2026_04_27_15_39_46.csv,hard_negative,0,,background
172.297,539,0.862619,-49.9,-37.0196,14.4391,-37.9268,-35.8141,-2.1128,30.7,-3270.9082,-3441.3459,-170.4377,42055.9613,47531.3495,-6172.4122,13.4954,14.1127,1.0457,0.0,30.7,class2_2026_04_27_15_39_46.csv,hard_negative,1,,background
176.764,553,0.884984,-49.9,-37.289,14.1125,-35.7364,-35.9896,0.2531,17.337,963.1905,978.7688,15.5783,-0.0,45072.105,-0.0,14.193,13.9476,0.9827,0.0,29.638,class2_2026_04_27_15_39_46.csv,hard_negative,2,,background
184.103,576,0.921727,-49.9,-38.5218,12.8994,-36.5997,-35.9997,-0.6,18.704,-3116.9447,486.1495,3603.0942,0.0,39779.0,-43195.9279,13.4272,13.9185,1.0366,0.0,28.958,class2_2026_04_27_15_39_46.csv,hard_negative,3,,background
9.253,28,0.046326,-14.07,-13.9961,0.2313,-10.584,-14.3309,3.7469,0.523,-1479.9479,-50.9975,1428.9504,-492.163,-289.9687,-492.163,2.9231,0.118,0.0404,0.0,0.742,class2_2026_04_27_15_39_46.csv,stable_background,4,,background
18.187,56,0.091055,-14.412,-14.4759,0.0641,-14.4332,-14.6657,0.2324,0.1025,-46.1806,-143.0389,-96.8583,333.8558,333.8558,-178.6834,0.0906,0.2985,3.2961,0.957,0.213,class2_2026_04_27_15_39_46.csv,stable_background,5,,background
52.008,162,0.260382,-15.922,-15.748,0.88,-14.6661,-17.0053,2.3392,1.0715,-86.776,-241.7601,-154.9841,-1352.663,175.5486,-1432.6019,0.1713,0.452,2.6382,0.0,2.45,class2_2026_04_27_15_49_13.csv,manual_annotation,0,52.01,bend
131.457,411,0.65815,-18.174,-19.3263,3.6244,-13.2482,-32.3004,19.0522,4.217,-1403.9476,-3518.2281,-2114.2805,-11783.6991,-2605.0157,-11783.6991,3.1482,12.5839,3.9971,0.0,10.338,class2_2026_04_27_15_49_13.csv,manual_annotation,1,131.46,break
127.947,400,0.640577,-8.713,-10.6817,2.0494,-15.8662,-19.1158,3.2496,8.777,1723.7842,-3291.107,-5014.8912,-2012.5392,9857.3557,-3197.4922,2.9068,9.0626,3.1177,2.871,7.027,class2_2026_04_27_15_49_13.csv,manual_annotation,2,127.95,connector
182.508,571,0.913742,-49.9,-40.654,13.0927,-36.2671,-38.0606,1.7936,28.568,3861.6227,3053.7309,-807.8918,-44777.431,1918.4953,-44777.431,13.6667,13.5037,0.9881,0.0,28.568,class2_2026_04_27_15_49_13.csv,hard_negative,0,,background
141.029,441,0.706073,-21.984,-31.0782,13.3268,-34.6153,-38.4341,3.8188,18.6115,1855.4606,-1324.7143,-3180.1749,-2426.3323,43755.4906,-43686.5235,13.7738,12.8836,0.9354,1.595,29.42,class2_2026_04_27_15_49_13.csv,hard_negative,1,,background
176.445,552,0.883387,-25.716,-37.9616,13.3877,-38.9896,-36.2671,-2.7225,28.017,5064.4141,3874.2832,-1190.1309,0.0,43263.326,-43327.5893,13.703,13.6667,0.9974,0.638,28.017,class2_2026_04_27_15_49_13.csv,hard_negative,2,,background
194.632,609,0.974441,-49.9,-35.5132,12.9304,-32.2521,-38.1038,5.8516,4.1155,2357.5231,-3869.692,-6227.2151,-37310.3464,37799.3762,-37310.3464,12.5622,13.4067,1.0672,0.0,28.152,class2_2026_04_27_15_49_13.csv,hard_negative,3,,background
8.615,26,0.043132,-13.831,-13.7322,0.3561,-9.3336,-14.3019,4.9683,0.7915,-1884.7829,-116.8302,1767.9527,-476.489,-476.489,-476.489,3.4668,0.2045,0.059,0.0,1.048,class2_2026_04_27_15_49_13.csv,stable_background,4,,background
95.402,298,0.477638,-17.387,-17.2209,0.355,-17.0725,-17.1758,0.1033,0.405,-95.8353,67.6414,163.4767,-550.1567,758.6223,-689.6567,0.3139,0.267,0.8505,0.0,1.17,class2_2026_04_27_15_49_13.csv,stable_background,5,,background
52.646,164,0.263577,-15.166,-15.3972,0.9057,-14.5962,-17.0233,2.4271,0.8845,14.5428,-294.8724,-309.4152,-2196.1236,280.5643,-2196.1236,0.1054,0.4729,4.4873,0.0,2.361,class2_2026_04_27_15_48_35.csv,manual_annotation,0,52.65,bend
127.309,398,0.637383,-9.474,-12.2724,3.4657,-17.2731,-17.6322,0.3591,8.6575,653.4431,-4665.1973,-5318.6403,4581.5047,9271.9271,-2634.7962,1.5339,9.4419,6.1555,2.871,9.241,class2_2026_04_27_15_48_35.csv,manual_annotation,1,127.31,connector
131.457,411,0.65815,-19.069,-22.5912,10.4879,-13.6069,-30.3004,16.6936,4.1195,-1422.2152,-259.8395,1162.3757,-51105.0188,-1798.6485,-51105.0188,3.173,12.4087,3.9106,0.0,35.337,class2_2026_04_27_15_48_35.csv,manual_annotation,2,131.46,break
178.998,560,0.896168,-49.9,-34.2702,14.0391,-33.2448,-39.5105,6.2657,20.055,2034.0898,769.1764,-1264.9134,-48518.8119,42120.6928,-48518.8119,13.4534,13.0854,0.9726,0.0,30.955,class2_2026_04_27_15_48_35.csv,hard_negative,0,,background
177.083,554,0.886581,-49.9,-34.4581,13.825,-36.6362,-36.2599,-0.3763,18.236,-861.4863,-492.6442,368.8421,0.0,1741.3793,0.0,13.3929,13.7239,1.0247,0.0,29.136,class2_2026_04_27_15_48_35.csv,hard_negative,1,,background
172.936,541,0.865819,-21.867,-38.5593,12.7737,-42.4978,-33.2448,-9.2529,28.033,-2030.0973,-1351.6041,678.4932,-0.0,39956.1144,-41913.7962,11.9706,13.4534,1.1239,0.638,28.033,class2_2026_04_27_15_48_35.csv,hard_negative,2,,background
171.021,535,0.856231,-49.9,-43.9692,11.1098,-39.3057,-36.6362,-2.6695,27.885,530.063,4311.3564,3781.2934,-0.0,0.0,-0.0,13.3202,13.3929,1.0055,0.0,27.885,class2_2026_04_27_15_48_35.csv,hard_negative,3,,background
150.601,471,0.753997,-20.324,-32.1557,12.8289,-33.8777,-33.0802,-0.7976,5.024,-113.6597,3728.917,3842.5767,-46126.9608,46357.3715,-46225.7069,12.9029,13.5693,1.0517,0.957,29.576,class2_2026_04_27_15_48_35.csv,stable_background,4,,background
140.071,438,0.701277,-49.9,-38.0046,13.4203,-32.1797,-32.1313,-0.0483,5.51,-1123.8858,-592.454,531.4317,-37974.7007,7021.9436,-37974.7007,12.6732,12.7642,1.0072,0.0,29.904,class2_2026_04_27_15_48_35.csv,stable_background,5,,background
111.674,349,0.559105,-15.896,-15.7423,0.5254,-14.9087,-16.5588,1.6502,1.0085,-114.8235,-117.2719,-2.4484,-355.7994,-355.7994,-427.9013,0.2488,0.2869,1.1533,0.0,1.516,class2_2026_04_27_15_20_40.csv,manual_annotation,0,111.67,bend
127.947,400,0.640577,-8.047,-9.9727,1.9726,-15.1946,-15.9637,0.7691,8.7925,1689.9928,-2728.1644,-4418.1573,-1990.5956,9400.1553,-3260.1881,2.9041,4.201,1.4466,2.871,6.728,class2_2026_04_27_15_20_40.csv,manual_annotation,1,127.95,connector
130.818,409,0.654951,-15.874,-15.9827,2.5432,-12.6367,-24.1999,11.5632,4.4395,140.1544,-4473.9925,-4614.1469,-2719.0603,-2073.6677,-6169.2806,3.2302,9.392,2.9076,0.0,7.954,class2_2026_04_27_15_20_40.csv,manual_annotation,2,130.82,break
173.255,542,0.867416,-49.9,-43.3301,12.2924,-35.8756,-35.9466,0.071,17.973,-1995.6708,1621.2372,3616.9081,0.0,0.0,-0.0,14.0855,13.9681,0.9917,0.0,29.943,class2_2026_04_27_15_20_40.csv,hard_negative,0,,background
176.764,553,0.884984,-49.9,-34.6139,13.6818,-37.3004,-39.6564,2.3561,28.426,2763.0021,-4610.7864,-7373.7885,43142.6364,43142.6364,-42893.4201,14.1005,12.8696,0.9127,0.0,28.426,class2_2026_04_27_15_20_40.csv,hard_negative,1,,background
194.632,609,0.974441,-25.507,-31.162,13.3343,-35.5241,-34.5058,-1.0183,8.366,1226.813,-4024.6889,-5251.5019,3854.2304,43053.2962,-38233.5455,13.1209,13.7068,1.0447,0.0,29.927,class2_2026_04_27_15_20_40.csv,hard_negative,2,,background
22.016,68,0.110225,-15.108,-14.7749,0.269,-14.5622,-14.4664,-0.0958,0.0575,-78.3959,50.07,128.4659,663.0094,663.0094,195.9248,0.2219,0.19,0.8566,0.0,0.873,class2_2026_04_27_15_20_40.csv,hard_negative,3,,background
163.044,510,0.816293,-21.295,-31.0329,13.4267,-39.678,-37.5679,-2.1101,31.031,3882.0602,730.6425,-3151.4177,1116.0824,44313.4828,-45351.1003,12.8529,13.866,1.0788,1.915,31.031,class2_2026_04_27_15_20_40.csv,stable_background,4,,background
79.767,249,0.39936,-14.57,-14.6402,0.1177,-14.6374,-14.6626,0.0252,0.1745,-13.5831,-20.8727,-7.2896,293.1034,324.4514,-167.7116,0.0985,0.0924,0.9377,0.0,0.405,class2_2026_04_27_15_20_40.csv,stable_background,5,,background
98.912,309,0.495211,-16.064,-15.8164,0.6971,-14.8188,-16.9347,2.1159,1.068,-109.8932,-216.8093,-106.9161,-717.5762,-275.8621,-763.326,0.2559,0.3979,1.5545,0.0,2.046,class2_2026_04_27_15_25_30.csv,manual_annotation,0,98.91,bend
131.457,411,0.65815,-17.908,-20.8567,10.4174,-13.0295,-30.7134,17.6839,3.4795,-1330.4332,-1998.3503,-667.9171,-3112.8527,-1348.5265,-50144.2022,3.096,13.6651,4.4137,0.0,35.585,class2_2026_04_27_15_25_30.csv,manual_annotation,1,131.46,break
127.628,399,0.63898,-8.137,-11.0904,2.9532,-16.2111,-18.7384,2.5273,8.6915,1151.2545,-4594.072,-5745.3265,633.2288,9826.0188,-2791.5361,2.2775,11.6126,5.0989,2.871,9.125,class2_2026_04_27_15_25_30.csv,manual_annotation,2,127.63,connector
151.558,474,0.758788,-20.705,-25.2928,8.8303,-33.5517,-35.0868,1.5351,5.959,1454.8999,460.0244,-994.8755,-41057.9969,2733.5408,-41721.0063,13.2287,13.4192,1.0144,0.638,30.478,class2_2026_04_27_15_25_30.csv,hard_negative,0,,background
193.037,604,0.966456,-49.9,-37.1584,14.2537,-31.6628,-39.5921,7.9293,6.899,-1991.1923,-1272.2775,718.9148,0.0,46141.069,-45905.9592,12.9563,13.0374,1.0063,0.0,29.438,class2_2026_04_27_15_25_30.csv,hard_negative,1,,background
165.597,518,0.829075,-23.139,-26.9329,8.587,-36.5035,-35.4617,-1.0418,7.5115,3646.0376,-172.1381,-3818.1757,-6053.29,44111.2884,-34047.0266,13.5216,13.0226,0.9631,0.957,28.888,class2_2026_04_27_15_25_30.csv,hard_negative,2,,background
176.445,552,0.883387,-49.9,-37.6318,13.7709,-36.6217,-33.3758,-3.2459,5.721,-674.4531,781.9174,1456.3705,-47605.0188,47605.0188,-47605.0188,13.4379,13.2424,0.9855,0.0,30.372,class2_2026_04_27_15_25_30.csv,hard_negative,3,,background
111.036,347,0.555911,-16.797,-17.1336,0.4091,-17.1172,-17.3303,0.2131,0.866,41.9123,-0.0371,-41.9494,-927.8981,659.873,-927.8981,0.3262,0.275,0.8431,0.638,1.61,class2_2026_04_27_15_25_30.csv,stable_background,4,,background
83.596,261,0.41853,-14.629,-14.5883,0.1055,-14.6162,-14.6744,0.0582,0.185,17.46,-27.2346,-44.6946,239.8119,239.8119,-493.7304,0.0644,0.1094,1.7003,0.0,0.317,class2_2026_04_27_15_25_30.csv,stable_background,5,,background
75.619,236,0.378593,-15.498,-15.6542,0.8757,-14.7176,-17.0411,2.3235,1.327,-37.3046,-212.752,-175.4475,-2106.3556,498.4326,-2106.3556,0.1707,0.411,2.4074,0.0,2.175,class2_2026_04_27_15_37_57.csv,manual_annotation,0,75.62,bend
131.138,410,0.656553,-17.286,-17.2472,2.017,-13.3868,-26.388,13.0012,3.871,-624.1605,-1789.6058,-1165.4453,-3426.9416,-1915.3605,-3426.9416,3.0579,10.6998,3.4991,0.0,6.105,class2_2026_04_27_15_37_57.csv,manual_annotation,1,131.14,break
127.628,399,0.63898,-8.532,-11.4161,2.8223,-16.5482,-15.9611,-0.5871,8.7065,1188.1763,-2541.3361,-3729.5124,622.2571,9603.4483,-2716.3009,2.2793,4.2249,1.8536,2.871,8.659,class2_2026_04_27_15_37_57.csv,manual_annotation,2,127.63,connector
142.305,445,0.712462,-26.253,-41.028,12.6074,-33.2663,-42.2561,8.9898,28.586,-4597.4371,1628.8595,6226.2966,0.0,44805.6473,-43283.7022,13.369,12.379,0.9259,0.638,28.586,class2_2026_04_27_15_37_57.csv,hard_negative,0,,background
151.239,473,0.757191,-49.9,-27.9651,11.7763,-39.2539,-25.9964,-13.2574,5.724,3753.0291,432.1767,-3320.8524,-46465.5219,41836.9937,-46465.5219,13.3811,8.8006,0.6577,0.0,30.281,class2_2026_04_27_15_37_57.csv,hard_negative,1,,background
175.169,548,0.876998,-31.16,-35.6586,12.9985,-35.1434,-35.0832,-0.0602,4.403,832.6084,-542.6892,-1375.2975,0.0,42520.3809,0.0,13.3224,13.3212,0.9999,0.0,28.164,class2_2026_04_27_15_37_57.csv,hard_negative,2,,background
191.761,600,0.960067,-19.996,-34.8024,13.5496,-33.7675,-38.3104,4.5429,6.5025,-3758.8314,-3013.4774,745.354,-384.0141,46871.4765,-42114.4232,12.9413,12.9879,1.0036,1.276,29.904,class2_2026_04_27_15_37_57.csv,hard_negative,3,,background
29.354,91,0.146963,-14.296,-14.384,0.0896,-14.4083,-14.4918,0.0834,0.199,-7.1849,-30.9329,-23.748,-101.8809,271.1599,-417.2595,0.161,0.0747,0.464,1.276,0.297,class2_2026_04_27_15_37_57.csv,stable_background,4,,background
96.678,302,0.484026,-17.283,-17.3573,0.3286,-17.4183,-17.4661,0.0477,0.7345,-12.6355,-34.098,-21.4626,1173.9828,1173.9828,-241.3824,0.3348,0.3533,1.0552,0.0,1.28,class2_2026_04_27_15_37_57.csv,stable_background,5,,background
