file,m,label,m_norm,db_at_event,local_mean_db,local_std_db,pre_mean_db,post_mean_db,loss_dB,peak_above_bg_dB,pre_slope_dB_per_km,post_slope_dB_per_km,slope_change_dB_per_km,derivative_at_event_dB_per_km,max_pre_derivative,min_post_derivative,pre_std_db,post_std_db,post_to_pre_std_ratio,peak_width_m,local_range_db
class1_2026_04_27_14_36_42.csv,127.62799999999999,connector,0.8508533333333332,-5.974,-8.865777777777776,2.8783992765184143,-13.997888888888887,-13.511055555555556,-0.48683333333333145,8.878499999999999,1145.7939384757772,-2611.153926147345,-3756.947864623122,579.9373040753908,9655.17241379335,-2695.9247648903,2.262656621684855,4.375253266500685,1.9336788847632709,2.8709999999999845,8.891
class1_2026_04_27_14_36_42.csv,132.095,break,0.8806333333333334,-17.207001,-17.266666666666666,2.2962730597403547,-11.020111055555557,-27.773389444444447,16.75327838888889,3.3379995000000005,-2481.9748026828815,-4997.247025049547,-2515.2722223666656,-695.9263322883453,-695.9263322883453,-5324.4498432606015,3.357831140681941,11.9685727789723,3.5643749531034046,0.0,7.923999999999998
class1_2026_04_27_14_36_42.csv,176.764,background,1.1784266666666667,-49.900002,-35.12333422222222,13.393492942721931,-30.13394505555555,-36.648667666666675,6.514722611111125,4.4569994999999984,-2623.1941511543046,-1807.1656336670542,816.0285174872504,33098.747648905715,33098.747648905715,-33222.391006935664,12.484956393475414,13.39885298852527,1.0731997367910486,0.0,29.153002
class1_2026_04_27_14_36_42.csv,157.939,background,1.0529266666666666,-49.900002,-37.61533444444444,13.743503731223322,-31.26822272222222,-36.13472322222222,4.866500500000001,2.5299985000000014,3245.7171488213917,3342.727142511611,97.00999369021929,-41684.956112856315,42971.791536054254,-41684.956112856315,13.218018932534518,13.812076384874887,1.0449429230226968,0.0,28.617001000000002
class1_2026_04_27_14_36_42.csv,170.064,background,1.1337599999999999,-22.759001,-34.658001,13.644311402436834,-36.668556888888894,-31.693722999999995,-4.974833888888899,3.5614999999999988,1147.785256930367,2836.413489310934,1688.628232380567,7.4069248512387276e-09,41565.83228840502,-42540.753918491624,13.405582160627025,13.088552937762296,0.976350881638938,0.6379999999999997,28.647002
class1_2026_04_27_14_36_42.csv,110.717,background,0.7381133333333333,-14.886,-14.932,0.1212637162917616,-14.856166666666667,-14.8735,0.0173333333333332,0.18149999999999977,-30.713591431272974,-1.383618787499981,29.329972643772994,28.21316614419993,335.4231974921604,-159.87460815047234,0.11417347911548163,0.12514535992641143,1.0960887310012013,0.0,0.40199999999999925
class1_2026_04_27_14_36_42.csv,194.632,background,1.2975466666666666,-49.900002,-40.81877933333333,12.86103490229211,-35.739389833333334,-41.5449390625,5.805549229166665,28.227002000000002,-537.6822197330968,-192.58474527997822,345.09747445311854,1.4551915228366852e-11,6.984919309616089e-09,-43570.77131748431,14.183248253674671,12.41815649152138,0.8755508888983262,0.0,28.227002000000002
class1_2026_04_27_14_36_49.csv,131.776,break,0.8785066666666668,-16.909,-16.550333444444444,2.2648498093774645,-10.893611111111111,-26.09722277777778,15.203611666666669,3.2285000000000004,-2078.66752425028,-1563.7667385251038,514.9007857251763,-3114.420062695812,-2322.292129650068,-5079.93573667702,3.1734713754794845,10.96437975979155,3.455010304961273,0.0,7.499000000000002
class1_2026_04_27_14_36_49.csv,127.62799999999999,connector,0.8508533333333332,-5.958,-8.845888888888888,2.8606458650857323,-13.962944444444444,-13.615222333333332,-0.3477221111111124,8.8085,1162.8586428874885,-2619.540528101578,-3782.399170989066,576.8025078371484,9711.598746081754,-2744.5141065830176,2.2541636160724208,4.505933797142903,1.9989373291618284,2.8709999999999845,8.79
class1_2026_04_27_14_36_49.csv,192.718,background,1.2847866666666665,-23.395,-34.63166755555556,13.768849162162086,-33.558834166666664,-41.223057,7.6642228333333335,31.282002000000002,2940.3690349725625,-78.1256122676844,-3018.494647240247,-7.232301868498325e-09,3551.722570525999,-44874.61128526258,13.163949391503172,12.316060954586378,0.9355900461715448,0.6379999999999997,31.282002000000002
class1_2026_04_27_14_36_49.csv,110.398,background,0.7359866666666667,-15.117,-14.901444444444444,0.15295395902116082,-14.865555555555558,-14.793666666666667,-0.07188888888889089,0.13450000000000095,-14.141512835855513,9.881722252862293,24.023235088717804,-562.6959247648883,257.0532915360491,-562.6959247648883,0.09893276180328059,0.13070322617798436,1.321118532194035,0.0,0.47199999999999953
class1_2026_04_27_14_36_49.csv,164.959,background,1.0997266666666667,-21.797001,-31.215778555555556,13.227502440053856,-31.208111777777773,-41.027112555555554,9.81900077777778,16.684001000000006,1594.9109754100823,-2605.891576463227,-4200.802551873309,44053.29310345213,44053.29310345213,-44053.2931034448,13.248941341831245,12.569756400180935,0.9487365916367606,1.2759999999999994,29.285002000000002
class1_2026_04_27_14_36_49.csv,180.274,background,1.2018266666666666,-25.773001,-34.70077877777778,13.663144159410761,-42.0260015,-32.18888983333333,-9.837111666666672,29.435002,2471.68033358007,100.19624284074033,-2371.4840907393295,-46136.36677115733,43626.96238244869,-46136.36677115733,12.706054527875049,12.701507983047543,0.999642096257369,0.9570000000000134,29.435002
class1_2026_04_27_14_36_49.csv,177.403,background,1.1826866666666667,-49.900002,-46.721112999999995,8.991255874157291,-36.28805666666666,-34.767445499999994,-1.5206111666666686,4.219499500000001,-4753.605418719311,3964.1199797803824,8717.725398499693,-44633.16861795369,44843.26175548981,-44633.16861795369,13.657171437124644,13.580936304540131,0.9944178684910445,0.0,28.610001
class1_2026_04_27_14_37_00.csv,132.095,break,0.8806333333333334,-18.087999,-17.623555222222222,2.628169988150977,-10.999722166666666,-27.226556,16.22683383333333,3.2964994999999977,-2463.4833303831992,-1499.6806785974738,963.8026517857254,-1819.750783699299,-1819.750783699299,-6286.832288401212,3.3270489118115583,12.223728443490499,3.6740442035733554,0.0,8.617999
class1_2026_04_27_14_37_00.csv,127.62799999999999,connector,0.8508533333333332,-5.968,-8.84911111111111,2.8603714383681185,-14.015444444444446,-13.6921665,-0.32327794444444535,8.866,1167.6000726676668,-2670.8829303109374,-3838.4830029786044,576.8025078371465,9592.476489028457,-2730.407523510916,2.2767533956692274,4.619060426759504,2.028791702585812,2.8709999999999845,8.839
class1_2026_04_27_14_37_00.csv,160.492,background,1.0699466666666666,-22.837999,-44.12166822222222,10.821804296220876,-42.296834777777775,-38.96089022222222,-3.3359445555555567,27.062003,-940.5452511075378,1930.1445376014387,2870.6897887089763,7.392372936010361e-09,42416.93260188458,-42416.93260187722,12.30776739375199,13.749534313663798,1.117142756817208,0.6379999999999997,27.062003
class1_2026_04_27_14_37_00.csv,182.827,background,1.2188466666666666,-49.900002,-31.482000777777778,13.097111092450934,-39.01516794444445,-34.85688972222222,-4.158278222222229,30.097003,3753.122068960839,-1392.3013874432436,-5145.423456404083,40782.13322883661,40782.13322883661,-9659.874608150232,13.685357019100442,13.550435907836938,0.9901411339714172,0.0,30.097003
class1_2026_04_27_14_37_00.csv,156.025,background,1.0401666666666667,-49.900002,-37.59389,13.836060691312403,-26.641333666666664,-44.005168222222224,17.36383455555556,7.820999999999998,-3162.2567062688945,-334.1601039260057,2828.0966023428887,1.4551915228366852e-11,46478.05956113245,-43887.15047022328,10.734352620245836,11.041177349783455,1.0285833446886756,0.0,29.653002
class1_2026_04_27_14_37_00.csv,152.196,background,1.01464,-24.784,-22.279111,3.112800354898642,-37.33188994444444,-33.2581675,-4.073722444444442,7.9879999999999995,7909.1337267132085,-4878.549330212211,-12787.68305692542,-14598.744514106365,46739.81504702572,-14598.744514106365,14.122504882660833,13.481489606747264,0.9546103020781469,0.0,10.188999000000003
class1_2026_04_27_14_37_00.csv,140.71,background,0.9380666666666667,-49.900002,-37.11744566666667,14.339409091685651,-33.88955655555556,-31.197723000000003,-2.6918335555555544,3.703501499999998,-2244.3803965966617,-149.515752764755,2094.8646438319065,-1753.9216300858388,40586.208463953386,-46274.296238248426,14.365429771945301,13.2799751247527,0.924439742571979,0.0,30.642003
class1_2026_04_27_14_37_06.csv,127.62799999999999,connector,0.8508533333333332,-5.961,-8.832666666666666,2.8376755354417185,-13.964777777777776,-13.604110944444447,-0.3606668333333296,8.802999999999999,1165.031333365601,-2741.2344685134462,-3906.265801879047,547.0219435738236,9543.887147335668,-2818.181818181767,2.2638686788463964,4.4130658142639145,1.9493462258448937,2.8709999999999845,8.770999999999999
class1_2026_04_27_14_37_06.csv,132.095,break,0.8806333333333334,-18.365,-17.461555222222223,2.112262542803005,-11.01544438888889,-31.141389388888893,20.125945,3.500498999999998,-2494.730113354788,-4368.848887381089,-1874.1187740263013,-2036.0501567400352,-2036.0501567400352,-3957.6802507833672,3.358200846347261,13.394159986117504,3.9884916389663783,0.0,6.183
class1_2026_04_27_14_37_06.csv,165.59699999999998,background,1.10398,-49.900002,-38.33933444444445,12.996066891432724,-34.96133438888889,-36.58750077777777,1.6261663888888762,5.0939995000000025,4932.626531416436,43.65194079272044,-4888.974590623715,-42833.85736677491,43620.6927899653,-42833.85736677491,13.407816020792062,13.41701961762669,1.0006863605626746,0.0,27.830002
class1_2026_04_27_14_37_06.csv,147.41000000000003,background,0.9827333333333335,-22.924,-37.57422333333333,13.784938197625221,-34.0719455,-35.991001,1.919055499999999,2.9065005,-837.112991057443,5491.167787830695,6328.280778888137,-7.363269105553627e-09,44567.40125391658,-43489.03291536431,14.174078887894414,13.956318022211741,0.9846366136352417,0.0,28.434002
class1_2026_04_27_14_37_06.csv,161.13,background,1.0742,-49.900002,-38.212668,13.130308490646982,-37.94844561111111,-36.632167777777774,-1.3162778333333378,28.707001,-373.43003251871795,93.85389473992578,467.28392725864376,1.4551915228366852e-11,43153.608150467124,-7733.5423197420605,13.485475791247492,13.342877635776222,0.9894257238599217,0.0,28.707001
class1_2026_04_27_14_37_06.csv,160.811,background,1.0720733333333334,-49.900002,-37.70033466666666,13.670722904603293,-36.609278833333335,-37.88944572222222,1.2801668888888855,28.707001,1714.0923574677868,2513.2391627570732,799.1468052892865,-43153.6081504665,43153.608150467124,-43153.6081504665,13.428888747651827,13.467029572903046,1.002840132428512,0.0,28.707001
class1_2026_04_27_14_37_06.csv,181.87,background,1.2124666666666668,-21.698,-33.99666766666667,14.265180366402701,-40.408001277777785,-37.46405694444444,-2.9439443333333486,30.526001,5030.220586432034,6486.177429276154,1455.9568428441198,-41110.71033612405,45148.907523515096,-44203.764890286,13.444648204310436,13.978359679200317,1.0396968687527206,1.5959999999999863,30.526001
class1_2026_04_27_14_37_17.csv,127.62799999999999,connector,0.8508533333333332,-5.964,-8.82311111111111,2.8213295701158128,-13.946722222222222,-13.40611122222222,-0.540611000000002,8.79,1171.4006847688913,-2639.6997325993343,-3811.100417368226,579.9373040753926,9484.326018809019,-2719.4357366770637,2.2556692233263567,4.1535393231645426,1.8413770240932938,2.8709999999999845,8.716
class1_2026_04_27_14_37_17.csv,132.095,break,0.8806333333333334,-17.336,-17.056777999999998,1.7392836820064745,-11.017222222222223,-30.435611944444442,19.41838972222222,3.1075,-2497.292012833462,-5852.722613100569,-3355.430600267107,-1829.153605015712,-1829.153605015712,-3771.159874607689,3.35783831844827,13.857280188273,4.126844340686542,0.0,5.207001
class1_2026_04_27_14_37_17.csv,144.21900000000002,background,0.9614600000000002,-49.900002,-34.77033422222222,13.553104634243105,-39.59283455555555,-39.23122344444444,-0.36161111111110955,28.331002,3916.394094028382,-4061.9222383195374,-7978.316332347919,-40230.410658303736,43529.78369905581,-44405.95924765279,12.957985868536296,13.37940896447754,1.0325221888412708,0.0,28.331002
class1_2026_04_27_14_37_17.csv,185.06,background,1.2337333333333333,-49.900002,-40.44677911111111,13.406897621220109,-37.49666777777777,-38.312501166666664,0.8158333888888905,30.671002,4283.465764254811,1587.4116025143105,-2696.0541617405006,-43827.58934168901,43827.58934168942,-47848.44306533212,13.917772428659841,13.133236667467898,0.9436305839282881,0.0,30.671002
class1_2026_04_27_14_37_17.csv,184.422,background,1.22948,-23.454,-37.81511222222222,13.523430377544644,-40.51933466666666,-38.341223388888885,-2.1781112777777736,28.126002,4096.413500876045,2820.0988601974095,-1276.3146406786354,43827.58934168942,43827.58934168942,-43827.58934168901,13.313815871129295,13.096778492675629,0.9836982601943167,0.9570000000000134,28.126002
class1_2026_04_27_14_37_17.csv,150.282,background,1.00188,-22.681999,-34.46944533333333,13.821789199525677,-39.23122344444444,-31.036278333333332,-8.194945111111107,3.7019994999999994,-2465.672344394143,1127.642195807606,3593.314540201749,7.436028681695461e-09,41701.82569933835,-44263.3260188046,13.37940896447754,13.392785342471978,1.0009996986436585,0.0,29.522002
class1_2026_04_27_14_37_17.csv,172.297,background,1.1486466666666666,-23.349001,-43.72911277777778,11.558945909811632,-38.9722235,-35.697167666666665,-3.275055833333333,28.987002,-1317.73717883881,1286.610076130752,2604.347254969562,260.0999314193614,41615.98902820958,-41421.01584018339,13.726923805979304,14.220276301214758,1.0359404238173255,0.6390000000000007,28.987002
class1_2026_04_27_14_37_28.csv,127.62799999999999,connector,0.8508533333333332,-5.948,-8.818444444444445,2.829906677342759,-13.967666666666666,-13.567611055555556,-0.4000556111111102,8.858999999999998,1162.6481152156841,-2575.3129165141418,-3737.9610317298257,587.7742946710059,9565.830721003382,-2742.946708463898,2.2606170494899054,4.511050631708051,1.9954943882386242,2.8709999999999845,8.716
class1_2026_04_27_14_37_28.csv,132.733,break,0.8848866666666667,-18.849001,-19.583999888888894,3.5884866848793093,-11.364333277777778,-25.763000277777778,14.398667,3.3144989999999996,-2575.3129165141418,-7.061759553831439,2568.2511569603103,-3271.1598746082163,-1191.2194357366097,-7912.225705330391,3.781011676336475,8.826832791418875,2.3345155245476272,0.0,12.478
class1_2026_04_27_14_37_28.csv,187.932,background,1.25288,-49.900002,-33.057334,12.038201053562826,-33.399000666666666,-34.082945222222214,0.6839445555555486,3.3235009999999967,5855.169987419258,-698.357418244252,-6553.52740566351,-2181.8197492224936,38735.11285266879,-43833.858934165495,13.24108407295688,12.707638321467273,0.9597127615636954,0.0,27.966002
class1_2026_04_27_14_37_28.csv,183.14600000000002,background,1.2209733333333335,-49.900002,-34.242223111111116,14.051192081022121,-37.55605672222222,-35.270334166666665,-2.2857225555555587,19.2375015,5888.888064544892,3467.2607109744786,-2421.627353570413,-47409.09404388306,5691.716598352752,-47409.09404388306,13.858164267828485,13.180683607537253,0.9511131778848103,0.0,30.247002000000002
class1_2026_04_27_14_37_28.csv,161.768,background,1.0784533333333333,-49.900002,-41.013668111111116,12.600512371110915,-37.917334444444435,-38.30955672222222,0.3922222777777833,28.133002,-1229.7639751481474,251.19208005828563,1480.9560552064331,1.4551915228366852e-11,44095.61442006636,-38393.84775389002,13.424207316206145,13.043962835723255,0.9716746439323468,0.0,28.133002
class1_2026_04_27_14_37_28.csv,191.123,background,1.2741533333333332,-25.384001,-32.447556222222225,12.413755507328544,-30.861167111111115,-38.53472333333333,7.673556222222217,4.543500500000004,35.22168607257974,-706.2744173173127,-741.4961033898924,38343.63513966165,38343.63513966165,-39327.589341689396,11.930674382614095,12.775357534432027,1.0707991898806366,0.0,28.538002000000002
class1_2026_04_27_14_37_28.csv,176.126,background,1.1741733333333333,-21.441999,-40.25233444444444,13.64610430208868,-37.845834444444435,-40.60039022222223,2.754555777777796,29.500002000000002,-5073.7785565464255,-4209.520328939326,864.2582276070998,45252.35579936924,45252.35579936924,-45252.355799369136,13.524380296878443,13.191264425842853,0.9753691600581776,0.9570000000000134,29.500002000000002
class1_2026_04_27_14_37_34.csv,131.776,break,0.8785066666666668,-17.184999,-16.517555444444444,2.107913627877792,-10.882,-24.527111388888883,13.645111388888884,3.096500500000001,-2086.154585062007,-2169.0347013101664,-82.88011624815954,-2559.562695924513,-1870.4370839281692,-3688.086206896587,3.177070768281164,9.310204285778411,2.930435622741802,0.0,6.266000000000002
class1_2026_04_27_14_37_34.csv,127.62799999999999,connector,0.8508533333333332,-5.95,-8.818333333333335,2.8346282531106852,-13.923444444444446,-13.576500000000001,-0.3469444444444445,8.8095,1157.7780674467765,-2659.720606170402,-3817.4986736171786,597.1786833857386,9498.432601881119,-2768.025078369852,2.2474940420690332,4.433033089181492,1.9724328669043305,2.8709999999999845,8.764
class1_2026_04_27_14_37_34.csv,88.063,background,0.5870866666666666,-14.855,-14.783555555555555,0.11388796747594766,-14.725055555555555,-14.815111111111113,0.09005555555555844,0.16300000000000026,-20.363910744764567,-5.953984175774433,14.409926568990134,-288.4012539184987,156.7398119122263,-327.58620689655436,0.1083920211404583,0.11405597499516988,1.0522446352646024,0.0,0.40500000000000114
class1_2026_04_27_14_37_34.csv,164.002,background,1.0933466666666667,-25.773001,-32.12733377777778,12.66511790433932,-34.42072288888889,-33.77044522222222,-0.6502776666666676,4.685000500000001,794.484429579751,-1701.1742446992491,-2495.658674279,-7515.673981190637,37816.61598746539,-37816.6159874576,13.895712680255425,12.982521598749651,0.9342824627422096,0.0,28.704003
class1_2026_04_27_14_37_34.csv,167.511,background,1.11674,-20.778,-32.435556333333324,12.484453220574665,-29.372055777777778,-38.73494566666667,9.36288988888889,5.234000000000002,1210.41731934538,1359.7402581532663,149.3229388078862,-37409.09247648436,5098.746081505778,-45717.20429157633,11.115455936967587,12.693164955861757,1.1419382062150822,0.6379999999999997,29.122002000000002
class1_2026_04_27_14_37_34.csv,181.231,background,1.2082066666666667,-49.900002,-34.72600088888889,13.641547449920992,-33.200222833333335,-33.631112,0.43088916666666677,4.752001,-2208.9199908475407,-2572.9796380602925,-364.05964721275177,-4666.147335415659,45666.14890282531,-4666.147335415659,13.38947951623929,13.10057873374778,0.9784232269399012,0.0,29.135003
class1_2026_04_27_14_37_34.csv,142.30499999999998,background,0.9486999999999999,-22.283001,-35.70400122222222,12.895320363372159,-34.68661216666666,-37.59172322222222,2.905111055555558,9.0055005,3351.06145224743,1772.1959561844624,-1578.8654960629678,-44855.80250783338,43286.83542319348,-44855.80250783338,13.694935438670939,12.590420183918352,0.9193485665523997,0.9570000000000134,28.618002
class1_2026_04_27_14_37_39.csv,127.62799999999999,connector,0.8508533333333332,-5.943,-8.852555555555556,2.9263330907510663,-13.978333333333332,-13.582444333333335,-0.3958889999999968,8.8475,1163.72566888091,-2702.2292150557705,-3865.9548839366807,573.6677115989023,9640.900843059293,-2741.3793103447733,2.2685844827899966,4.512206228235092,1.9889954610331904,2.8709999999999845,9.097
class1_2026_04_27_14_37_39.csv,132.41400000000002,break,0.8827600000000001,-19.386999,-21.448222222222224,10.279124255886359,-11.065888888888889,-35.64177872222221,24.575889833333324,3.2314999999999987,-2562.5441784385,-4528.694583436131,-1966.1504049976315,-2606.583072099911,-2291.5360501567957,-44380.88244513678,3.4642747339232156,14.294139638561845,4.126155287983976,0.0,35.227002
class1_2026_04_27_14_37_39.csv,187.613,background,1.2507533333333334,-21.788,-37.36711233333333,14.029606835563671,-37.584112,-33.88727872222222,-3.6968332777777775,17.0805,-2910.1245086069594,48.426963909723035,2958.551472516682,-7.683411240577698e-09,42578.37147335056,-3634.7931034561225,13.79993120344819,14.334703831067703,1.0387517575981924,0.6379999999999997,29.919001
class1_2026_04_27_14_37_39.csv,157.301,background,1.0486733333333333,-22.65,-34.32866755555555,13.943151565359742,-32.85433405555555,-36.77394555555556,3.919611500000009,5.2620000000000005,-4363.065123802781,1212.7870533855873,5575.852177188369,-993.7319749219823,42711.601880873604,-45538.241276292916,13.653822741866021,13.343013909847032,0.9772364256420004,1.2759999999999994,29.008002
class1_2026_04_27_14_37_39.csv,154.111,background,1.0274066666666666,-49.900002,-34.74244522222222,13.632678231530514,-33.15888966666667,-39.055334499999994,5.896444833333327,18.469502000000002,5161.0247371771,970.1764460222597,-4190.848291154841,2610.1822688781394,2610.1822688781394,-44713.1708463989,13.482073708486045,13.607340709991025,1.009291300056818,0.0,30.232003000000002
class1_2026_04_27_14_37_39.csv,158.577,background,1.05718,-49.900002,-37.56244566666666,13.808111686647784,-34.53555638888889,-36.97850105555555,2.442944666666655,8.384,2627.9822063677784,2005.5415690914106,-622.4406372763679,-45538.241276292916,1195.9263322805928,-45538.241276292916,13.790340773848845,13.156194388147485,0.9540151073772575,0.0,29.008002
class1_2026_04_27_14_37_39.csv,187.932,background,1.25288,-49.900002,-34.097778777777776,14.155910767934698,-37.448834222222224,-33.88727872222222,-3.5615555000000043,16.559999500000004,-127.23644640128344,-629.0626361561295,-501.8261897548461,2832.2868338478875,42578.37147335056,-3634.7931034561225,13.941453497093889,14.334703831067703,1.0282071956018497,0.0,29.919001
class1_2026_04_27_14_37_46.csv,131.776,break,0.8785066666666668,-16.811001,-16.532111444444446,2.1662122312210275,-10.875555555555557,-28.93711188888889,18.061556333333332,3.587999999999999,-2086.7179028991377,-4241.932816581987,-2155.2149136828493,-3490.5956112852546,-2393.128897032544,-3490.5956112852546,3.1750528643406906,13.282192086672298,4.183296616112806,0.0,6.883001000000002
class1_2026_04_27_14_37_46.csv,127.30900000000001,connector,0.8487266666666667,-6.693,-9.496666666666666,3.401342904729771,-14.385666666666667,-12.727944611111111,-1.6577220555555563,8.784,613.005167310812,-2673.9905106861206,-3286.9956779969325,4586.20689655153,9655.172413793354,-2642.6332288401445,1.4136641908333267,4.359124286143188,3.083562016246275,2.8709999999999845,8.797
class1_2026_04_27_14_37_46.csv,155.068,background,1.0337866666666669,-24.079,-37.25455688888889,14.189935985615904,-37.67850127777778,-39.275279,1.596777722222221,30.873002,-1310.7650579592237,-3136.0984072717674,-1825.3333493125438,4352.666144201627,44037.619122260905,-45484.32758620297,13.693987158139102,13.403246417895488,0.9787686584152032,1.2759999999999994,30.873002
class1_2026_04_27_14_37_46.csv,148.686,background,0.99124,-49.900002,-43.97922388888889,11.081324241678443,-39.358779111111104,-39.23939022222222,-0.11938888888888499,27.318001,37.104706914534226,2633.9871053826846,2596.8823984681503,-1.4551915228366852e-11,40703.76489028569,-1.4551915228366852e-11,13.255094109343169,13.393542599703135,1.0104448507700543,0.0,27.318001
class1_2026_04_27_14_37_46.csv,157.62,background,1.0508,-49.900002,-40.82877911111112,12.828911243597394,-37.65533461111111,-39.52589005555555,1.8705554444444417,27.323002,-421.2699486475011,-350.0817215517872,71.1882270957139,-1.4551915228366852e-11,42799.3761755449,-42628.426315145014,13.739026421788171,13.092056243964775,0.9529099725940288,0.0,27.323002
class1_2026_04_27_14_37_46.csv,171.659,background,1.1443933333333334,-49.900002,-41.38077922222222,12.07000114732269,-35.29422316666666,-43.248890388888896,7.954667222222234,26.948002,2384.7758838597065,2621.4118985100763,236.63601465036982,-42238.247648899174,42238.247648899465,-42238.247648899174,13.158410779944296,10.826167262491044,0.8227563815104193,0.0,26.948002
class1_2026_04_27_14_37_46.csv,100.188,background,0.6679200000000001,-14.915,-14.904111111111112,0.12103575637384067,-14.780722222222222,-14.847833333333332,0.06711111111111023,0.05850000000000044,-90.77944376111796,48.46929218926008,139.24873595037803,145.76802507837056,640.5628958354791,53.29153605015381,0.1767232002487869,0.1357756523747089,0.7682912254437598,0.0,0.402000000000001
class1_2026_04_27_14_38_03.csv,132.095,break,0.8806333333333334,-16.82,-17.40011088888889,2.299470216891392,-10.954111055555554,-25.782611499999998,14.828500444444444,3.839499499999997,-2458.3494933008724,-2056.0416192952734,402.30787400559893,-3899.688087774004,-2128.526645767888,-6297.804075235028,3.3155973014593454,10.836166379078387,3.2682386084915347,0.0,6.917999
class1_2026_04_27_14_38_03.csv,127.62799999999999,connector,0.8508533333333332,-5.932,-8.804777777777778,2.836843111542507,-13.939,-13.552666555555556,-0.3863334444444444,8.862,1143.702533219391,-2692.8432065742495,-3836.5457397936407,572.1003134797829,9470.21943573691,-2764.890282131606,2.2585073733675425,4.449055375561751,1.9699087362372711,2.8709999999999845,8.79
class1_2026_04_27_14_38_03.csv,176.764,background,1.1784266666666667,-49.900002,-40.682557,13.045321828208438,-40.45244594444444,-36.42477872222222,-4.02766722222222,28.688002,2600.1844141109373,786.6631366591187,-1813.5212774518186,-1.4551915228366852e-11,43465.51880878123,-1542.3181818104931,13.382925908880345,13.59653776903168,1.0159614456243942,0.0,28.688002
class1_2026_04_27_14_38_03.csv,173.255,background,1.1550333333333334,-49.900002,-40.32622377777778,13.55954401215181,-37.11750116666667,-37.40861238888889,0.2911112222222201,30.532002000000002,-4913.845767915068,-1573.509559464822,3340.336208450246,1.4551915228366852e-11,47631.595451881876,-1.4551915228366852e-11,14.319894287798471,13.978222978988269,0.9761400274273423,0.0,30.532002000000002
class1_2026_04_27_14_38_03.csv,182.508,background,1.21672,-49.900002,-35.99400077777778,12.594463322119903,-36.42477872222222,-36.223223222222224,-0.20155549999999778,17.341001,-83.51097294869147,-1116.1327169122333,-1032.6217439635418,-42489.03134795871,42355.4459652663,-42489.03134795871,13.596537769031679,13.732069669514358,1.0099680442783991,0.0,27.553002
class1_2026_04_27_14_38_03.csv,140.391,background,0.93594,-49.900002,-37.86655666666667,13.463672479318083,-31.108222888888893,-36.04800083333333,4.93977794444444,1.966998499999999,-3060.357787644813,1831.960868280948,4892.318655925761,0.0,1260.1896551723912,-44260.18965516916,13.316392582055899,13.909753020716611,1.0445585687299206,0.0,28.238001
class1_2026_04_27_14_38_03.csv,159.535,background,1.0635666666666665,-24.677,-35.533111999999996,12.931735067736442,-36.76372311111112,-37.43472322222222,0.6710001111110984,29.181002,1126.0125426530442,39.360506630754436,-1086.6520360222898,5131.661442006898,40443.624649877405,-40547.02507836641,13.213948592432384,13.966787400904444,1.0569729590086532,1.596000000000014,29.181002
class1_2026_04_27_14_38_09.csv,127.947,connector,0.8529800000000001,-6.337,-8.257555555555555,1.9915691809397778,-13.406444444444444,-14.152500111111111,0.7460556666666669,8.811,1667.8679026757477,-2615.222597042582,-4283.09049971833,-2004.7021943574364,9509.404388714973,-3175.5485893416826,2.874344818528645,4.065911207411649,1.414551854269559,2.8709999999999845,6.806000000000001
class1_2026_04_27_14_38_09.csv,132.41400000000002,break,0.8827600000000001,-18.183001,-17.726666888888886,1.6192598529141118,-11.140444444444444,-35.50039,24.35994555555556,2.9185000000000016,-2651.8500300500605,-2092.431645805863,559.4183842441976,-967.0846394983746,-967.0846394983746,-46826.021943578075,3.5763954886670497,14.561161728356252,4.0714618120496215,0.0,4.984999999999999
class1_2026_04_27_14_38_09.csv,155.387,background,1.0359133333333332,-49.900002,-43.80477944444445,11.437925682853058,-32.99322294444445,-36.55239005555555,3.559167111111101,5.259499500000004,-3975.4008740656277,2095.0495473949536,6070.450421460581,1.4551915228366852e-11,4148.361288294549,-1.4551915228366852e-11,13.59143747546667,13.482449344218375,0.9919810451671451,0.0,29.320002000000002
class1_2026_04_27_14_38_09.csv,187.932,background,1.25288,-21.655001,-38.49533444444444,12.822167445921943,-32.010389277777776,-34.77050072222222,2.7601114444444477,2.8084990000000047,-2661.106884391015,3841.162346613033,6502.2692310040475,-37891.85266457241,37891.85266457987,-42277.432601877226,12.783262547258083,13.564426974948988,1.0611082940442436,0.6379999999999997,28.245001000000002
class1_2026_04_27_14_38_09.csv,182.189,background,1.2145933333333332,-22.365999,-31.808556111111116,12.848400996028342,-35.547723222222224,-31.97088938888889,-3.5768338333333354,5.5420005,-1329.2095187823763,-3235.2712209014994,-1906.061702119123,-41581.50783698672,41641.251455810416,-46362.07366771526,12.93052400275997,12.814063763758,0.9909933093221573,0.6379999999999997,29.579003
class1_2026_04_27_14_38_09.csv,157.62,background,1.0508,-49.900002,-35.46689022222222,13.122910807106951,-39.163668,-35.101278611111105,-4.062389388888896,29.759001,1569.1778154974504,-2667.8130671021427,-4236.9908825995935,40009.405956116345,46644.2021943603,-40009.40595611717,13.521197436597298,13.355981785262616,0.9877809166022224,0.0,29.759001
class1_2026_04_27_14_38_09.csv,178.35999999999999,background,1.1890666666666665,-26.000999,-32.252445111111115,12.58675263570968,-31.756889722222223,-34.92527861111111,3.168388888888888,4.598002000000001,2000.9227006449232,3189.97383981204,1189.0511391671166,-7539.188087775405,37459.25235109217,-40064.264890278726,12.927701981178782,13.438435192951436,1.039506802756547,0.0,30.371003
class1_2026_04_27_14_38_20.csv,127.62799999999999,connector,0.8508533333333332,-5.953,-8.841777777777779,2.8896266878373287,-14.000055555555555,-13.578499944444447,-0.42155561111110806,8.8825,1156.8890800598292,-2747.6410348883146,-3904.530114948144,581.5047021945138,9520.376175548836,-2771.1598746080927,2.279038600234324,4.425184008760433,1.9416880726010417,2.8709999999999845,8.989
class1_2026_04_27_14_38_20.csv,132.095,break,0.8806333333333334,-17.344999,-17.415444333333333,2.2091348885206927,-10.990333333333334,-33.99383427777778,23.003500944444447,3.991999999999999,-2464.1332344561138,-861.9563093694729,1602.176925086641,-4340.1238244512315,-2302.0506025529685,-48057.99686519995,3.3364356896411342,14.309811413020261,4.2889503815399594,0.0,6.571001000000001
class1_2026_04_27_14_38_20.csv,140.071,background,0.9338066666666667,-23.01,-34.37033433333334,13.933494199478105,-34.469278777777774,-39.03683461111111,4.567555833333337,30.425002,1164.4554792788826,-540.5283587102007,-1704.9838379890834,2384.512276112986,42147.338557997966,-47688.09090908679,13.866763949316468,13.675780520320677,0.9862271820648979,1.2770000000000004,30.425002
class1_2026_04_27_14_38_20.csv,181.54999999999998,background,1.2103333333333333,-21.403,-37.344223333333325,14.05483580180431,-32.766334055555554,-37.66116766666667,4.8948336111111175,4.215499000000001,2007.8416946686177,2385.0339833905414,377.19228872192366,-44596.602298509264,41615.989028208794,-44596.602298509264,13.729588181465278,13.695558157097716,0.9975213370248905,0.9580000000000144,29.368002
class1_2026_04_27_14_38_20.csv,145.815,background,0.9721,-20.663,-32.402222888888886,12.58172934636614,-39.1672235,-39.46855677777778,0.3013332777777791,29.705002,1475.9185856399201,-1258.981868327827,-2734.900453967747,-231.97335423273034,45826.021943576954,-41373.043887145555,13.51016308342416,13.165338737736082,0.9744765982441953,1.595000000000013,29.705002
class1_2026_04_27_14_38_20.csv,22.016000000000002,background,0.14677333333333334,-15.704,-14.914222222222223,0.41576990906503886,-14.547277777777778,-14.485833333333334,-0.06144444444444375,-0.005000000000000782,-115.90479350299559,82.34149176109119,198.2462852640868,710.0313479623837,710.0313479623837,141.0658307210033,0.26388692981728934,0.23332696419878723,0.8841896041260323,0.0,1.2200000000000006
class1_2026_04_27_14_38_20.csv,194.632,background,1.2975466666666666,-22.631001,-31.22088988888889,13.247940990864684,-35.33300083333333,-36.853251,1.5202501666666706,10.0504985,556.2621787450148,-58.84696215690257,-615.1091409019174,-46304.07836990257,41940.44200626779,-46304.07836990257,13.295967765425106,13.168938084470835,0.9904459251375047,1.9140000000000268,29.599001
class1_2026_04_27_14_38_31.csv,127.62799999999999,connector,0.8508533333333332,-5.935,-8.830888888888888,2.8847709496767266,-13.917,-13.697277666666665,-0.21972233333333513,8.8215,1151.1430814116968,-2702.2957777475963,-3853.4388591592933,586.2068965518829,9484.326018809013,-2761.7554858933618,2.246365657382312,4.647130726828617,2.068732061863806,2.8709999999999845,8.986
class1_2026_04_27_14_38_31.csv,132.095,break,0.8806333333333334,-17.57,-17.672999777777775,2.6088294981125912,-10.974722166666666,-27.91511144444444,16.940389277777776,3.4999990000000007,-2455.2294879392043,-4695.121194286289,-2239.891706347085,-3296.239811912208,-1967.395589577176,-5967.084639497698,3.324770889270722,11.943143730145534,3.5921693661712304,0.0,7.898999999999999
class1_2026_04_27_14_38_31.csv,181.231,background,1.2082066666666667,-49.900002,-34.51188977777778,13.994661758949691,-35.03233433333334,-38.88711227777778,3.854777944444443,29.747002000000002,758.8179440681098,1065.816097983882,306.99815391577215,-589.340125383791,46625.39498432439,-45820.37342037925,13.49105316820501,13.823286729941408,1.0246261380018313,0.0,29.747002000000002
class1_2026_04_27_14_38_31.csv,159.535,background,1.0635666666666665,-49.900002,-43.655445888888885,11.684433404599458,-32.94122294444444,-40.7342235,7.793000555555558,28.552002,-5265.616149162949,1505.4528914489638,6771.069040611913,-1.4551915228366852e-11,43336.99529780943,-44752.35423197106,13.570494347319517,13.034399143648297,0.9604954579806764,0.0,28.552002
class1_2026_04_27_14_38_31.csv,173.893,background,1.1592866666666666,-49.900002,-37.60755644444444,13.7788810471813,-33.15955622222222,-38.03861216666667,4.8790559444444455,6.026,3024.627209020144,4202.017909317615,1177.3907002974706,-45932.606583076114,45932.60658307591,-45932.606583076114,13.425561330054817,13.361796129426821,0.9952503888432854,0.0,29.305003
class1_2026_04_27_14_38_31.csv,167.83,background,1.1188666666666667,-22.618,-40.77055711111112,12.91526793321537,-40.506779,-33.15955622222222,-7.34722277777778,28.141001,-1313.0568569803513,3998.939201410329,5311.99605839068,-2190.9315863987795,44108.1520376214,-42823.388452285915,13.33826066904051,13.425561330054817,1.0065450553588209,1.2770000000000004,28.141001
class1_2026_04_27_14_38_31.csv,148.686,background,0.99124,-49.900002,-41.743112222222216,11.84541924106193,-37.88039005555555,-32.86972305555556,-5.010666999999991,6.655501000000001,-17.89767142002424,1027.1560945493745,1045.0537659693987,-28120.692789966226,44708.468652033764,-28120.692789966226,13.661809523187593,13.613869318557015,0.9964908600840856,0.0,28.524003
class1_2026_04_27_14_38_38.csv,132.41400000000002,break,0.8827600000000001,-17.556999,-17.98522211111111,2.0824236835423524,-11.118388888888887,-30.688556444444444,19.570167555555557,2.5814995000000014,-2606.0463231916583,-805.7536537074473,1800.292669484211,-1885.5815047021933,-1631.6583072100038,-46473.357366775046,3.5220934072238896,13.665094897216296,3.879820730866526,0.0,6.013
class1_2026_04_27_14_38_38.csv,127.62799999999999,connector,0.8508533333333332,-5.944,-8.837666666666667,2.888347855320293,-13.993222222222222,-13.470111055555556,-0.5231111666666663,8.895,1180.9286739404786,-2591.783929795313,-3772.712603735791,572.1003134797793,9645.768025078622,-2733.5423197491673,2.2772149304591722,4.321390444778438,1.8976638916745516,2.8709999999999845,8.934000000000001
class1_2026_04_27_14_38_38.csv,139.75199999999998,background,0.9316799999999998,-24.027,-32.07744488888889,12.717433324153802,-34.5909455,-34.34883405555556,-0.24211144444443988,3.077501999999999,-3606.3353929074406,-87.6096014500386,3518.725791457402,8869.905956112976,40553.29467084377,-44545.45768024689,13.808336207279071,13.93169799053056,1.0089337898835828,0.0,28.562003
class1_2026_04_27_14_38_38.csv,175.807,background,1.1720466666666667,-22.438999,-31.420667555555553,13.086291507796929,-40.75366811111111,-34.25088955555555,-6.502778555555558,28.936001,4533.120628642885,-152.24239519321063,-4685.363023836096,-4438.869905956126,43042.32445140653,-40915.36363635969,12.964648401341554,12.690638679734821,0.9788647796693694,1.595000000000013,28.936001
class1_2026_04_27_14_38_38.csv,119.651,background,0.7976733333333333,-14.984,-14.947666666666667,0.10431256449302333,-14.9105,-14.892333333333333,-0.018166666666667552,0.06250000000000178,-44.05922519362668,-29.99498326041829,14.06424193320839,336.99059561128524,336.99059561128524,-39.18495297804475,0.13238338683955445,0.14133805023575388,1.0676338321304535,0.0,0.3680000000000003
class1_2026_04_27_14_38_38.csv,145.815,background,0.9721,-24.708,-35.62222311111111,12.947988355279197,-34.34883405555556,-36.21283427777778,1.8640002222222236,8.097500499999999,1701.9868315829672,1497.6647208712086,-204.32211071175857,-43507.84012539497,39485.89655172831,-43507.84012539497,13.93169799053056,12.599466099080209,0.9043739825016406,0.9569999999999856,28.618002
class1_2026_04_27_14_38_38.csv,159.85399999999998,background,1.0656933333333332,-49.900002,-46.73555733333333,8.950401129958415,-40.7185571111111,-38.67338983333333,-2.0451672777777716,28.480002,561.7199410477853,3462.118919722554,2900.398978674769,1.4551915228366852e-11,44709.35994231194,-1.4551915228366852e-11,13.009693747444508,12.778038828510471,0.9821935930526318,0.0,28.480002
class1_2026_04_27_14_38_57.csv,127.62799999999999,connector,0.8508533333333332,-5.938,-8.844999999999999,2.906184707749243,-13.938444444444444,-13.577166666666667,-0.3612777777777776,8.847999999999999,1132.0480637095507,-2676.0955889185598,-3808.1436526281104,578.3699059562714,9600.31347962407,-2733.5423197491564,2.253902251213369,4.42973558435867,1.96536190361053,2.8709999999999845,9.033999999999999
class1_2026_04_27_14_38_57.csv,132.733,break,0.8848866666666667,-19.302,-22.000666777777777,9.991847716717606,-11.440277777777776,-36.03727861111111,24.597000833333336,2.9800005000000027,-2676.0955889185598,-3300.4849749860036,-624.3893860674439,-2775.8620689655327,-2600.3150470220135,-46021.94670846811,3.9061399343648224,13.965752648232044,3.575332504100499,0.0,34.101002
class1_2026_04_27_14_38_57.csv,173.255,background,1.1550333333333334,-49.900002,-40.878668,12.82066592817155,-34.20922288888889,-36.457723055555554,2.248500166666666,5.108500500000002,-88.81160006261194,-40.15751667782238,48.654083384789566,-5782.130094050968,43615.17221755803,-37764.893416931205,14.08148902498479,13.49749749233677,0.9585276464627079,0.0,29.315003
class1_2026_04_27_14_38_57.csv,194.95100000000002,background,1.2996733333333335,-49.900002,-32.38155611111111,12.423719953364653,-30.73483377777778,-37.39540099999999,6.6605672222222125,2.0799989999999973,-262.49165256556876,-452.5578536697526,-190.06620110418385,-42769.59404388345,38724.14106582738,-42769.59404388345,12.147708584728345,13.38213360371711,1.1016178408266064,0.0,27.486002
class1_2026_04_27_14_38_57.csv,179.317,background,1.1954466666666668,-21.893999,-34.56422311111111,13.738912878560221,-36.457723055555554,-37.860056722222225,1.4023336666666708,29.314002000000002,-63.74467934930605,2569.5218273417304,2633.2665066910363,-7.654307410120964e-09,45946.7115987501,-43896.55642633613,13.49749749233677,13.510682228053906,1.0009767540055383,0.6379999999999997,29.314002000000002
class1_2026_04_27_14_38_57.csv,104.017,background,0.6934466666666667,-14.864,-14.859555555555554,0.1013849770934874,-14.817833333333333,-14.820500000000001,0.0026666666666681493,0.1590000000000007,-17.347107144219606,26.79094252070483,44.13804966492444,307.21003134796047,307.21003134796047,-173.98119122256685,0.12920924029564518,0.11857967316909288,0.9177265896090854,0.0,0.37900000000000134
class1_2026_04_27_14_38_57.csv,167.192,background,1.1146133333333335,-49.900002,-46.947446222222226,8.35108884919275,-38.22900111111111,-34.20922288888889,-4.019778222222222,16.3910005,-29.349214573584916,6286.509290293098,6315.858504866683,-1.4551915228366852e-11,1.4551915228366852e-11,-1.4551915228366852e-11,13.17542396551672,14.08148902498479,1.068769247431446,0.0,26.573002
class1_2026_04_27_14_39_05.csv,132.41400000000002,break,0.8827600000000001,-18.003,-18.095221888888886,1.863546651501226,-11.177888833333334,-30.926556000000005,19.74866716666667,3.6769989999999986,-2697.9237038812034,-3978.054227373531,-1280.1305234923275,-2699.0595611286735,-1626.9592476489524,-47695.92946708844,3.6370518494269235,13.500291677144494,3.711876685891898,0.0,5.994001000000001
class1_2026_04_27_14_39_05.csv,127.947,connector,0.8529800000000001,-6.317,-8.259777777777778,2.016347786236722,-13.441666666666668,-14.33933316666667,0.8976665000000015,8.829999999999998,1640.808965743636,-2720.9670066438002,-4361.775972387436,-2007.8369905956843,9648.902821316862,-3203.7617554858844,2.8932270717814195,4.2811224969497355,1.479704465301196,2.8709999999999845,6.898000000000001
class1_2026_04_27_14_39_05.csv,171.02100000000002,background,1.1401400000000002,-24.514,-31.295778444444448,13.254677344311464,-37.80827877777778,-34.657501,-3.150777777777776,19.283000499999996,3230.276263860696,55.128219167889135,-3175.1480446928067,-41841.69592476821,46793.10658307517,-41841.69592476821,13.622896516202939,13.758551450154789,1.0099577886268691,1.5949999999999853,30.734002
class1_2026_04_27_14_39_05.csv,51.37,background,0.34246666666666664,-14.801,-14.637666666666668,0.1474132513265569,-14.569555555555556,-14.610499999999998,0.040944444444441785,0.1819999999999986,-8.15522536451219,-0.5167036826040863,7.638521681908104,-205.32915360501647,233.5423197492164,-205.32915360501647,0.10666313651565855,0.08031483189437812,0.7529694095689576,0.0,0.3979999999999997
class1_2026_04_27_14_39_05.csv,155.387,background,1.0359133333333332,-49.900002,-43.42955711111111,12.112378697453247,-29.240000388888884,-39.76277894444444,10.522778555555558,5.190999999999999,-2403.340323515511,5370.966575716929,7774.30689923244,-44241.38244514494,44241.38244513726,-44241.38244514494,12.868650605405419,12.921743420943349,1.0041256704405324,0.0,30.008002
class1_2026_04_27_14_39_05.csv,151.239,background,1.00826,-19.648001,-27.60188922222222,12.018626433617138,-36.28727877777778,-35.59888972222222,-0.688389055555561,17.9375,1910.625181679268,-7273.988589185517,-9184.613770864786,39799.37774294193,41595.61442006719,-1205.3275862081173,13.64496563602027,14.335110543369337,1.050578643814871,2.8710000000000124,30.252001
class1_2026_04_27_14_39_05.csv,162.08700000000002,background,1.08058,-49.900002,-34.50966744444444,13.79657595901034,-38.13272327777778,-36.393445388888885,-1.7392778888888927,29.341002,55.31962185092899,-2812.8890207079417,-2868.2086425588705,41945.144200630624,45989.031347965545,-41945.144200631235,13.382576820780592,13.584519108716188,1.0150898646464077,0.0,29.341002
class1_2026_04_27_14_39_17.csv,131.776,break,0.8785066666666668,-16.815001,-16.637111333333333,2.2479016955682622,-10.882777777777777,-28.841056,17.95827822222222,3.396000000000001,-2101.0150186060855,-2879.3171495497713,-778.3021309436858,-3025.0783699058848,-2379.90639763344,-47951.415360505605,3.210148898511919,13.136499915362158,4.092176481058298,0.0,6.766000999999999
class1_2026_04_27_14_39_17.csv,127.62799999999999,connector,0.8508533333333332,-5.933,-8.818222222222223,2.8907425335130985,-13.940777777777777,-15.21705577777778,1.2762780000000031,8.8895,1141.5440439746635,-2715.6099585744914,-3857.154002549155,565.8307210032908,9590.117021355098,-2731.974921630046,2.268490456364603,9.36333748298237,4.127561272806243,2.8709999999999845,9.028
class1_2026_04_27_14_39_17.csv,24.567999999999998,background,0.16378666666666666,-14.129,-14.412777777777778,0.19385434267211943,-14.65688888888889,-14.427777777777777,-0.22911111111111282,0.43799999999999883,26.190800081773407,25.45535135291095,-0.7354487288624583,-537.6175548589345,868.3385579937312,-688.0877742946723,0.40310901322497106,0.0985306244302615,0.244426139757716,0.9569999999999995,0.5839999999999996
class1_2026_04_27_14_39_17.csv,182.189,background,1.2145933333333332,-26.18,-31.80555633333333,12.890506479940337,-37.85094555555556,-33.393611944444444,-4.4573336111111175,6.2734995,2171.3084048960745,-359.37752621968156,-2530.685931115756,6.475602276623249e-09,6.475602276623249e-09,-45446.710031351875,13.525355294903406,13.28625323277047,0.982321865914687,0.0,28.995001000000002
class1_2026_04_27_14_39_17.csv,193.994,background,1.2932933333333334,-23.264999,-38.13544544444445,13.220667826316642,-33.04111188888889,-41.157112500000004,8.116000611111112,28.569003000000002,-4213.745953190181,-65.54290158300775,4148.203051607174,7.275957614183426e-09,5362.072100320285,-41747.65360501207,13.526156481829094,12.407943788262418,0.9173295375964037,0.6379999999999997,28.569003000000002
class1_2026_04_27_14_39_17.csv,144.21900000000002,background,0.9614600000000002,-19.898001,-33.68355644444444,14.539651179788578,-37.75633433333333,-40.030279166666666,2.2739448333333385,30.798003,-991.8505019463119,-2084.2952688228506,-1092.4447668765388,-8.192728273570538e-09,48272.73197491829,-3765.670748309818,13.673177293815534,12.490586575486969,0.9135101076782229,0.6379999999999997,30.798003
class1_2026_04_27_14_39_17.csv,191.442,background,1.27628,-22.712,-34.65722288888889,13.655793048612914,-33.461612,-39.61905672222221,6.157444722222209,17.874502000000003,3088.502483897948,41.3110892295093,-3047.1913946684385,45388.719435733234,45388.719435733234,-45388.71943573276,13.242658482071915,12.945853568189605,0.9775871369127833,0.9570000000000134,28.958003
class1_2026_04_27_14_39_22.csv,127.62799999999999,connector,0.8508533333333332,-5.927,-8.781999999999998,2.801677037458497,-13.944444444444445,-13.602166666666667,-0.34227777777777746,8.849499999999999,1167.2388252852124,-2639.2294163253114,-3806.468241610524,568.965517241535,9456.112852664812,-2703.7617554858425,2.269797818265422,4.561286705464211,2.009555502786781,2.8709999999999845,8.648
class1_2026_04_27_14_39_22.csv,131.776,break,0.8785066666666668,-16.740999,-16.706666555555557,2.7063785546850907,-10.857888888888887,-27.280278166666665,16.42238927777778,3.2620000000000022,-2083.1452192170323,-3973.874753969281,-1890.7295347522486,-4048.58934169279,-2113.9917570557373,-8542.319749215749,3.1727199492774663,12.225271617380761,3.853245152292659,0.0,9.665000000000001
class1_2026_04_27_14_39_22.csv,149.96300000000002,background,0.9997533333333335,-25.264,-32.63188955555555,12.244075750256766,-37.771168,-30.145722833333334,-7.625445166666669,1.8805014999999976,672.8074449328236,134.53604978187104,-538.2713951509526,3636.3636363640544,40719.43887147009,-42854.235109714165,13.612681778453691,12.330465022971987,0.9058071229345613,0.0,27.392003
class1_2026_04_27_14_39_22.csv,159.216,background,1.0614400000000002,-49.900002,-41.268668,12.21366628730115,-35.06277883333333,-39.296056722222225,4.2332778888888924,26.907002000000002,-1022.8935220632471,427.93816365500584,1450.831685718253,1.4551915228366852e-11,42173.984326022495,-39617.556426335825,13.345561433986568,13.323922369954094,0.998378482425187,0.0,26.907002000000002
class1_2026_04_27_14_39_22.csv,167.192,background,1.1146133333333335,-24.281,-38.11755677777778,13.181823438263631,-40.76439033333333,-36.36916761111111,-4.395222722222222,27.612002,-2270.355349597602,1896.2871466911133,4166.642496288716,43278.9999999968,43278.9999999968,-43346.72926447207,12.942115485296593,13.570004011983274,1.0485150575951019,0.9570000000000134,27.612002
class1_2026_04_27_14_39_22.csv,137.2,background,0.9146666666666666,-24.568001,-31.90322288888889,12.866117695831512,-26.61416694444445,-32.77116755555555,6.157000611111101,2.331999500000002,-2677.0378487049716,232.76079757479366,2909.7986462797653,5899.686520375337,41595.614420066595,-47495.300940436675,12.621096294587165,13.775722355733661,1.0914837303125524,0.0,30.302002
class1_2026_04_27_14_39_22.csv,172.617,background,1.15078,-22.209999,-31.515445,13.155691042163676,-36.48422322222222,-37.32072311111111,0.8364998888888877,18.916500999999997,1953.2580048784523,-1803.3233431808806,-3756.581348059333,-271.25786637204874,45503.13949842868,-44978.05956112445,13.457780938271636,12.772842342372842,0.9491045702003135,0.6390000000000007,29.361002
class1_2026_04_27_14_39_34.csv,127.62799999999999,connector,0.8508533333333332,-5.928,-8.822777777777778,2.8792935776285193,-13.954777777777776,-13.54083322222222,-0.4139445555555561,8.869499999999999,1172.5073355264346,-2657.7555209167217,-3830.262856443156,579.9373040753926,9697.492163009661,-2778.996865203708,2.261201636189522,4.418850699643612,1.9542037626004463,2.8709999999999845,8.873000000000001
class1_2026_04_27_14_39_34.csv,132.095,break,0.8806333333333334,-17.441,-17.362999777777777,2.2386167825492786,-10.987333277777777,-26.151167055555554,15.163833777777777,3.514499500000001,-2489.2226098272135,-3010.9551375686165,-521.7325277414029,-1484.3275862069022,-1484.3275862069022,-4600.311912225487,3.362843737710587,11.142081533402207,3.313290503262335,0.0,6.922998999999999
class1_2026_04_27_14_39_34.csv,182.189,background,1.2145933333333332,-20.641001,-38.515890222222225,12.925627449174002,-38.28983455555555,-39.409223222222224,1.1193886666666728,29.259001,2981.505075391233,-1569.107472885354,-4550.6125482765865,7.989001460373402e-09,45932.27231028513,-45860.503134792285,13.071679019798134,13.206917372892008,1.0103458279952573,0.6379999999999997,29.259001
class1_2026_04_27_14_39_34.csv,158.577,background,1.05718,-49.900002,-41.21522366666667,12.287765623243054,-36.33188994444444,-43.72950155555556,7.397611611111117,26.627001,-3142.3044239288715,-2109.4094846465887,1032.8949392822828,39241.62088223431,41351.100313483235,-41735.11128526285,13.627985025507092,11.58052782908547,0.8497607649002974,0.0,26.627001
class1_2026_04_27_14_39_34.csv,153.472,background,1.0231466666666666,-23.436001,-28.682222666666664,11.452815533191371,-37.529278833333336,-36.54483438888889,-0.9844444444444491,30.122002000000002,6425.78674697542,-3142.3044239288715,-9568.091170904292,-2678.683385580436,41479.625391845206,-41189.65830721364,13.931869078380801,13.411950578375889,0.9626812842009119,1.915,30.122002000000002
class1_2026_04_27_14_39_34.csv,191.442,background,1.27628,-22.215,-32.19155655555555,12.779952196972971,-39.86827905555556,-39.09655677777777,-0.7717222777777906,30.441002,824.8524926955316,1598.138067632508,773.2855749369763,41487.46394983933,46514.1081504722,-41487.46394984799,12.719457484670993,13.631973754184639,1.0717416760008591,1.2759999999999994,30.441002
class1_2026_04_27_14_39_34.csv,157.301,background,1.0486733333333333,-49.900002,-40.47411255555556,13.37081975612069,-31.377111777777777,-43.91966827777778,12.542556500000003,30.703001,-2606.946606911703,-3211.867783907839,-604.9211769961362,1.4551915228366852e-11,7.58154783397913e-09,-41351.100313476054,13.184787216437341,11.213135624508881,0.8504600483858801,0.0,30.703001
class1_2026_04_27_14_44_55.csv,127.62799999999999,connector,0.8508533333333332,-5.91,-8.800999999999998,2.8956712136873857,-13.933,-13.446833444444444,-0.4861665555555561,8.868500000000001,1147.5282149880495,-2616.771239618747,-3764.2994546067966,594.0438871474889,9680.250783699306,-2750.7836990595097,2.259671805078487,4.383306108601566,1.9397968142778605,2.8709999999999845,8.936
class1_2026_04_27_14_44_55.csv,132.41400000000002,break,0.8827600000000001,-17.912001,-17.860222555555556,2.062697886055063,-11.053555611111111,-30.606167333333335,19.552611722222224,2.9194999999999975,-2593.7949027511436,-4497.379113169914,-1903.58421041877,-1785.2664576801508,-1785.2664576801508,-4205.329153604733,3.504731625098135,13.678955346200029,3.9029954091910244,0.0,6.172000000000002
class1_2026_04_27_14_44_55.csv,162.08700000000002,background,1.08058,-49.900002,-35.44811188888889,13.024666658730217,-36.516278722222225,-34.63933427777778,-1.8769444444444474,6.039498999999999,585.7882026397191,-1302.0235714373339,-1887.811774077053,-42282.1347962346,42051.72884012779,-42282.1347962346,13.497165749296517,13.703993483832631,1.0153237148490364,0.0,28.481001
class1_2026_04_27_14_44_55.csv,178.35999999999999,background,1.1890666666666665,-20.896,-34.41188977777778,13.925383237090923,-31.29561188888889,-35.04788977777778,3.7522778888888944,4.500000500000002,-4374.664538815746,875.654607650645,5250.3191464663905,44318.18495298214,47255.65828268531,-44318.18495297442,13.22141193852416,13.42244102892895,1.0152047357827425,0.9569999999999856,30.102002000000002
class1_2026_04_27_14_44_55.csv,176.126,background,1.1741733333333333,-22.188,-31.85877866666667,12.816821862645625,-33.06850083333333,-37.68966783333333,4.621167,5.600000000000001,1609.9987175810859,842.9951124602167,-767.0036051208692,5877.742946708582,41876.17711598391,-47061.13166143795,13.492358068664528,13.727065756012456,1.017395526323712,0.9570000000000134,30.025002
class1_2026_04_27_14_44_55.csv,119.01299999999999,background,0.7934199999999999,-14.954,-14.899000000000001,0.08862404990871393,-14.839777777777776,-14.81961111111111,-0.020166666666666444,0.176499999999999,-4.991435463145549,10.859945203822853,15.851380666968403,72.1003134796265,72.1003134796265,-324.45141065830467,0.13087931487339155,0.08059786245365783,0.6158134822003218,0.0,0.33000000000000007
class1_2026_04_27_14_44_55.csv,174.85,background,1.1656666666666666,-23.474001,-25.938333888888888,8.520062147847625,-34.66511183333333,-33.24900083333333,-1.4161110000000008,4.069999000000003,2248.304148561265,-1470.443433960372,-3718.747582521637,41876.17711598391,43471.78840124995,-1896.5501567395695,13.764193153636235,13.369611222004792,0.971332652879849,0.0,28.495001000000002
class1_2026_04_27_14_45_04.csv,132.41400000000002,break,0.8827600000000001,-17.912001,-17.860222555555556,2.062697886055063,-11.053555611111111,-30.606167333333335,19.552611722222224,2.9194999999999975,-2593.7949027511436,-4497.379113169914,-1903.58421041877,-1785.2664576801508,-1785.2664576801508,-4205.329153604733,3.504731625098135,13.678955346200029,3.9029954091910244,0.0,6.172000000000002
class1_2026_04_27_14_45_04.csv,127.62799999999999,connector,0.8508533333333332,-5.91,-8.800999999999998,2.8956712136873857,-13.933,-13.446833444444444,-0.4861665555555561,8.868500000000001,1147.5282149880495,-2616.771239618747,-3764.2994546067966,594.0438871474889,9680.250783699306,-2750.7836990595097,2.259671805078487,4.383306108601566,1.9397968142778605,2.8709999999999845,8.936
class1_2026_04_27_14_45_04.csv,164.321,background,1.0954733333333333,-23.056,-34.45333422222222,13.858808554235981,-36.52027866666666,-33.69250072222221,-2.827777944444449,7.017501500000002,1741.8385090256313,3857.450071156942,2115.611562131311,7.334165275096893e-09,46662.68297902454,-42075.238244510474,13.508476713913646,13.047076648448934,0.9658435927988043,0.6379999999999997,29.902003
class1_2026_04_27_14_45_04.csv,174.85,background,1.1656666666666666,-23.474001,-25.938333888888888,8.520062147847625,-34.66511183333333,-33.24900083333333,-1.4161110000000008,4.069999000000003,2248.304148561265,-1470.443433960372,-3718.747582521637,41876.17711598391,43471.78840124995,-1896.5501567395695,13.764193153636235,13.369611222004792,0.971332652879849,0.0,28.495001000000002
class1_2026_04_27_14_45_04.csv,141.66699999999997,background,0.9444466666666664,-49.900002,-34.761778444444445,13.554366125603785,-34.41416744444445,-34.59350111111111,0.17933366666665762,2.558999,3397.3341362142633,-2243.6756511678477,-5641.0097873821105,-380.87774295397685,43642.63636363294,-380.87774295397685,13.873355099637255,13.758019269982988,0.9916864507170488,0.0,28.603001
class1_2026_04_27_14_45_04.csv,187.932,background,1.25288,-49.900002,-33.73188977777778,14.490251854442919,-36.2031121111111,-33.120389777777774,-3.0827223333333293,7.670500500000003,-955.8777109476739,-2502.716114383851,-1546.8384034361773,1.4551915228366852e-11,7.741618901491165e-09,-45482.76175548151,13.807645513615116,13.559531700704436,0.9820306224767542,0.0,30.663002000000002
class1_2026_04_27_14_45_04.csv,163.364,background,1.0890933333333335,-21.419001,-37.578445555555554,13.817484324399945,-38.14772327777777,-33.10183405555556,-5.045889222222215,7.460501000000001,-915.7234928084848,2264.9253541877943,3180.648846996279,46662.68297902454,46662.68297902454,-44641.06739811487,13.253323897049146,13.467302972183239,1.0161452372741375,0.9580000000000144,29.902003
class1_2026_04_27_14_45_10.csv,127.62799999999999,connector,0.8508533333333332,-5.91,-8.800999999999998,2.8956712136873857,-13.933,-13.446833444444444,-0.4861665555555561,8.868500000000001,1147.5282149880495,-2616.771239618747,-3764.2994546067966,594.0438871474889,9680.250783699306,-2750.7836990595097,2.259671805078487,4.383306108601566,1.9397968142778605,2.8709999999999845,8.936
class1_2026_04_27_14_45_10.csv,132.095,break,0.8806333333333334,-16.973,-17.230555777777777,2.247887861428085,-10.935388944444444,-28.829056166666664,17.89366722222222,3.2315010000000015,-2461.6791867355355,-3437.6474624803786,-975.9682757448431,-1888.714733542227,-1888.714733542227,-4205.329153604733,3.3349001302804404,13.123541860838479,3.935211674396742,0.0,6.717000000000002
class1_2026_04_27_14_45_10.csv,170.702,background,1.1380133333333333,-49.900002,-38.56211199999999,12.829512302011269,-33.69250072222221,-29.8608895,-3.8316112222222145,4.663500500000001,803.7309329101844,2648.302315418175,1844.5713825079906,1.4551915228366852e-11,36228.844827583096,-47526.650470222325,13.047076648448932,12.510982072981237,0.9589106779377965,0.0,30.322003000000002
class1_2026_04_27_14_45_10.csv,170.064,background,1.1337599999999999,-26.785999,-35.16133388888889,13.387938434861113,-33.485278555555546,-33.06850083333333,-0.4167777222222142,4.706000500000002,161.29721271071978,3909.5780584130357,3748.280845702316,-36050.159874605,46678.688087777475,-36228.84482758308,13.184026965253059,13.492358068664528,1.0233866390623627,0.0,30.322003000000002
class1_2026_04_27_14_45_10.csv,172.617,background,1.15078,-21.372999,-30.871778444444445,13.523192642157948,-35.04433405555555,-31.269111944444447,-3.7752221111111055,4.962000000000003,-3526.922416828648,-3292.40530893042,234.517107898228,47710.89123819581,47710.89123819581,-44713.170846399466,13.425457319546494,13.2417358842673,0.9863153695831965,0.9579999999999866,30.570002000000002
class1_2026_04_27_14_45_10.csv,150.282,background,1.00188,-21.271999,-32.28922266666667,12.579235506243304,-39.697223444444454,-37.48061216666667,-2.216611277777787,28.976002,-570.236780076817,-2177.7310286896586,-1607.4942486128416,3590.9106583080356,41801.67076487044,-45416.93103448673,12.878365345293359,13.973788814623571,1.0850591169687105,2.2339999999999858,28.976002
class1_2026_04_27_14_45_10.csv,156.025,background,1.0401666666666667,-49.900002,-37.59277899999999,13.779442176156858,-35.89016755555556,-36.516278722222225,0.6261111666666679,18.340000500000002,519.4639430083508,-2091.5371019187837,-2611.0010449271344,-3155.173981198961,41277.4310344792,-42921.63166144576,14.098361947598129,13.497165749296517,0.9573569498433125,0.0,29.397002
class1_2026_04_27_14_45_19.csv,132.41400000000002,break,0.8827600000000001,-17.912001,-17.860222555555556,2.062697886055063,-11.053555611111111,-30.606167333333335,19.552611722222224,2.9194999999999975,-2593.7949027511436,-4497.379113169914,-1903.58421041877,-1785.2664576801508,-1785.2664576801508,-4205.329153604733,3.504731625098135,13.678955346200029,3.9029954091910244,0.0,6.172000000000002
class1_2026_04_27_14_45_19.csv,127.62799999999999,connector,0.8508533333333332,-5.91,-8.800999999999998,2.8956712136873857,-13.933,-13.446833444444444,-0.4861665555555561,8.868500000000001,1147.5282149880495,-2616.771239618747,-3764.2994546067966,594.0438871474889,9680.250783699306,-2750.7836990595097,2.259671805078487,4.383306108601566,1.9397968142778605,2.8709999999999845,8.936
class1_2026_04_27_14_45_19.csv,156.025,background,1.0401666666666667,-49.900002,-37.59277899999999,13.779442176156858,-35.89016755555556,-36.516278722222225,0.6261111666666679,18.340000500000002,519.4639430083508,-2091.5371019187837,-2611.0010449271344,-3155.173981198961,41277.4310344792,-42921.63166144576,14.098361947598129,13.497165749296517,0.9573569498433125,0.0,29.397002
class1_2026_04_27_14_45_19.csv,164.321,background,1.0954733333333333,-23.056,-34.45333422222222,13.858808554235981,-36.52027866666666,-33.69250072222221,-2.827777944444449,7.017501500000002,1741.8385090256313,3857.450071156942,2115.611562131311,7.334165275096893e-09,46662.68297902454,-42075.238244510474,13.508476713913646,13.047076648448934,0.9658435927988043,0.6379999999999997,29.902003
class1_2026_04_27_14_45_19.csv,153.15300000000002,background,1.02102,-19.65,-39.98333455555556,14.028158499835957,-38.27338983333333,-39.19600138888889,0.9226115555555552,30.250002000000002,-305.88925117245765,1495.3083206724239,1801.1975718448816,1721.0015673979142,47413.79623824832,-47413.796238240466,13.116862909028766,13.493301764916989,1.028698769652486,1.2759999999999994,30.250002000000002
class1_2026_04_27_14_45_19.csv,190.803,background,1.27202,-49.900002,-35.98155666666666,12.573675961366977,-35.95583438888888,-33.853167666666664,-2.1026667222222173,5.950499499999999,2707.179028076057,-1205.919515502816,-3913.098543578873,0.0,45365.205329155775,-37380.87931034883,14.046694010573676,13.060544235278543,0.9297948183147136,0.0,28.943001
class1_2026_04_27_14_45_19.csv,187.932,background,1.25288,-49.900002,-33.73188977777778,14.490251854442919,-36.2031121111111,-33.120389777777774,-3.0827223333333293,7.670500500000003,-955.8777109476739,-2502.716114383851,-1546.8384034361773,1.4551915228366852e-11,7.741618901491165e-09,-45482.76175548151,13.807645513615116,13.559531700704436,0.9820306224767542,0.0,30.663002000000002
class1_2026_04_27_14_45_33.csv,131.776,break,0.8785066666666668,-16.707001,-16.373555777777778,2.195252705422963,-10.839944444444445,-28.593333944444446,17.7533895,3.0764999999999993,-2065.6684230794067,-4767.001396330699,-2701.3329732512925,-2553.2915360500083,-1982.0924304973232,-4205.329153604733,3.189778318180717,13.295152817137453,4.168047846244207,0.0,7.448999999999998
class1_2026_04_27_14_45_33.csv,127.62799999999999,connector,0.8508533333333332,-5.91,-8.800999999999998,2.8956712136873857,-13.933,-13.446833444444444,-0.4861665555555561,8.868500000000001,1147.5282149880495,-2616.771239618747,-3764.2994546067966,594.0438871474889,9680.250783699306,-2750.7836990595097,2.259671805078487,4.383306108601566,1.9397968142778605,2.8709999999999845,8.936
class1_2026_04_27_14_45_33.csv,176.445,background,1.1763,-19.875,-31.450334111111108,13.132211233203735,-31.528945166666663,-37.7398345,6.210889333333338,5.259000000000004,3105.5445049321934,1071.9709122205165,-2033.5735927116768,-43435.739811907835,5877.742946708582,-47061.13166143795,13.058008972150878,13.663371219047697,1.046359380042433,0.9570000000000134,30.102002000000002
class1_2026_04_27_14_45_33.csv,190.165,background,1.2677666666666667,-20.957001,-34.943445555555556,13.601138866185435,-37.56377888888889,-36.19805672222222,-1.3657221666666715,30.663002000000002,559.3605616185454,1058.3907072593495,499.0301456408041,-34967.08777429954,45365.205329155775,-45365.20532915757,13.893461882298816,13.782834051969072,0.99203734653722,0.9569999999999856,30.663002000000002
class1_2026_04_27_14_45_33.csv,178.679,background,1.1911933333333333,-21.625,-34.41188977777777,13.925383237090923,-31.269111944444447,-36.618723222222215,5.349611277777768,5.259000000000004,-2637.1208400473092,3066.2239157442427,5703.3447557915515,-2291.5360501567447,47255.65828268531,-44318.18495297442,13.2417358842673,13.41415207458802,1.0130205872407547,1.2759999999999994,30.102002000000002
class1_2026_04_27_14_45_33.csv,148.367,background,0.9891133333333333,-28.069,-44.497112666666666,10.1753725684986,-36.06666794444444,-36.13627861111111,0.06961066666666937,15.398501,-5869.571317336821,1676.5912325121105,7546.162549848932,5.966285243630409e-09,34217.87147335722,-34217.87147335128,13.897732306501876,13.867697640513777,0.9978388082915617,0.6379999999999997,26.795002
class1_2026_04_27_14_45_33.csv,193.994,background,1.2932933333333334,-49.900002,-33.87577888888889,14.33747819434555,-33.120389777777774,-30.626889444444444,-2.49350033333333,4.147498999999996,1744.7990740513615,3726.308679564584,1981.5096055132226,-1598.7460815124905,46007.83855799775,-43959.25078370291,13.559531700704436,12.251089829140417,0.9035038374518582,0.0,29.353001
class1_2026_04_27_14_45_40.csv,127.62799999999999,connector,0.8508533333333332,-5.91,-8.800999999999998,2.8956712136873857,-13.933,-13.446833444444444,-0.4861665555555561,8.868500000000001,1147.5282149880495,-2616.771239618747,-3764.2994546067966,594.0438871474889,9680.250783699306,-2750.7836990595097,2.259671805078487,4.383306108601566,1.9397968142778605,2.8709999999999845,8.936
class1_2026_04_27_14_45_40.csv,132.095,break,0.8806333333333334,-16.973,-17.230555777777777,2.247887861428085,-10.935388944444444,-28.829056166666664,17.89366722222222,3.2315010000000015,-2461.6791867355355,-3437.6474624803786,-975.9682757448431,-1888.714733542227,-1888.714733542227,-4205.329153604733,3.3349001302804404,13.123541860838479,3.935211674396742,0.0,6.717000000000002
class1_2026_04_27_14_45_40.csv,187.932,background,1.25288,-49.900002,-33.73188977777778,14.490251854442919,-36.2031121111111,-33.120389777777774,-3.0827223333333293,7.670500500000003,-955.8777109476739,-2502.716114383851,-1546.8384034361773,1.4551915228366852e-11,7.741618901491165e-09,-45482.76175548151,13.807645513615116,13.559531700704436,0.9820306224767542,0.0,30.663002000000002
class1_2026_04_27_14_45_40.csv,138.476,background,0.9231733333333333,-49.900002,-37.42077877777778,13.967876479772228,-30.606167333333335,-30.033222888888886,-0.5729444444444489,1.495499500000001,-4146.612647044531,-1144.50299495712,3002.1096520874107,43891.85423197114,44959.250783702984,-2349.531347969816,13.678955346200029,12.384932289883094,0.905400381171886,0.0,29.122002000000002
class1_2026_04_27_14_45_40.csv,114.54599999999999,background,0.76364,-14.853,-14.83911111111111,0.1427184052947501,-14.814222222222222,-14.851388888888888,0.037166666666665904,0.18099999999999916,5.927793646691255,-38.82137054926974,-44.749164195960994,-9.404388714730885,164.57680250783596,-83.07210031347859,0.08518904178065491,0.12817312029217373,1.5045551993294066,0.0,0.3999999999999986
class1_2026_04_27_14_45_40.csv,141.029,background,0.9401933333333333,-22.056,-31.60977822222223,12.955974596787158,-34.328500777777776,-33.10683427777778,-1.2216664999999978,2.6114995000000008,1667.7462436830415,1220.9559615472783,-446.79028213576316,376.17554858967924,43642.63636363294,-43642.6363636399,13.947778678477057,13.466431987282071,0.9654892963402801,0.6379999999999997,29.122002000000002
class1_2026_04_27_14_45_40.csv,160.492,background,1.0699466666666666,-49.900002,-35.00933388888889,13.452878015860824,-37.637778999999995,-35.06261194444445,-2.5751670555555464,18.343000500000002,-701.5551810713451,-283.69236179683816,417.862819274507,1.4551915228366852e-11,8.032657206058502e-09,-42051.72884012171,13.780066791861408,13.352392299366914,0.9689641953178865,0.0,29.400002
class1_2026_04_27_14_46_10.csv,127.62799999999999,connector,0.8508533333333332,-5.889,-8.802333333333333,2.9082009712000456,-13.959722222222222,-13.483611111111111,-0.47611111111111093,8.934000000000001,1143.4235042424752,-2659.2337424394896,-3802.657246681965,612.8526645769616,9663.009404388962,-2724.1379310344364,2.2691749064743423,4.402127978866709,1.9399677064729506,2.8709999999999845,9.0
class1_2026_04_27_14_46_10.csv,132.095,break,0.8806333333333334,-17.423,-17.296777777777777,2.2047086640379887,-10.924777722222224,-36.58111216666666,25.656334444444433,3.274499500000001,-2445.095974734809,-7632.369373419476,-5187.273398684667,-2703.763322884024,-1866.462248762542,-3009.4043887146945,3.3178262123018274,14.9137356110205,4.495030830937611,0.0,6.2620000000000005
class1_2026_04_27_14_46_10.csv,145.49599999999998,background,0.9699733333333332,-49.900002,-37.428223333333335,13.949929895559102,-36.21211211111111,-38.89422338888889,2.6821112777777785,28.996003,-983.2776473948946,-424.44880799867417,558.8288393962205,42750.786833852115,42750.786833852115,-730.4106582993627,13.785665083080968,13.849799221203739,1.0046521610008734,0.0,28.996003
class1_2026_04_27_14_46_10.csv,181.231,background,1.2082066666666667,-49.900002,-37.657445555555555,13.721873497956725,-38.01388983333333,-33.07244505555556,-4.941444777777768,5.355499000000002,-1308.204628652026,-3875.543915492165,-2567.339286840139,1231.9780564334724,40434.17084639852,-4799.373040753111,13.360380724576814,13.47676632493594,1.008711173285194,0.0,29.532002000000002
class1_2026_04_27_14_46_10.csv,153.15300000000002,background,1.02102,-21.413,-28.897444666666665,11.411698053987575,-36.2136675,-40.978556722222216,4.764889222222216,29.108002,7339.11792320619,-462.5557632288201,-7801.6736864350105,780.5626959244546,10293.103448276386,-44650.47335422835,13.819004713252342,12.654310956453488,0.9157179046766065,3.1899999999999986,29.108002
class1_2026_04_27_14_46_10.csv,168.78799999999998,background,1.1252533333333332,-20.450001,-34.16522333333333,14.12808214169023,-35.8895565,-33.26961194444445,-2.6199445555555485,4.423499500000002,-120.18588685616005,3598.6719986322737,3718.8578854884336,8.047209121286869e-09,2227.52563579072,-46159.8761755446,14.048153486015279,13.406962134406692,0.9543575384049995,0.6379999999999997,30.088002
class1_2026_04_27_14_46_10.csv,170.702,background,1.1380133333333333,-22.407,-35.199112333333325,13.35775486766832,-37.304167888888884,-34.91166749999999,-2.392500388888891,18.535501500000002,671.7532233816526,90.65562446288001,-581.0975989187725,-13227.274294670016,44145.76959247269,-43092.47962382624,14.115041747265145,13.543413959014313,0.9595021567779816,1.2759999999999994,28.632002
class1_2026_04_27_14_46_34.csv,127.62799999999999,connector,0.8508533333333332,-5.891,-8.792,2.8942595675655016,-13.935333333333332,-13.405888777777779,-0.5294445555555534,8.899,1139.3370361880095,-2697.891525095513,-3837.228561283522,594.0438871474944,9699.059561128772,-2802.507836990535,2.2611599776319333,4.285709971322884,1.8953581871075886,2.8709999999999845,8.927
class1_2026_04_27_14_46_34.csv,132.095,break,0.8806333333333334,-18.063999,-17.150444222222223,1.9807216606300497,-10.92811111111111,-32.194167444444446,21.266056333333335,3.2314995000000017,-2457.170371130468,-4623.615577467077,-2166.445206336609,-2579.9373040754544,-2429.0419984203436,-8225.705329153032,3.3264462500273457,14.2179622279264,4.2742184556840686,0.0,6.0489999999999995
class1_2026_04_27_14_46_34.csv,174.21200000000002,background,1.1614133333333334,-28.898001,-44.49177955555555,10.239270022107524,-38.663557,-38.90122349999999,0.237666499999996,27.672001,-2742.0238773441038,5.683292755308425,2747.707170099412,-5.73345459997654e-09,32918.49686520093,-32918.49686520664,12.679975162071633,13.791991775074298,1.0876985570626645,0.6379999999999997,27.672001
class1_2026_04_27_14_46_34.csv,155.70600000000002,background,1.03804,-49.900002,-31.70822288888889,13.000069377186248,-33.48200083333333,-38.19433444444444,4.712333611111113,6.838500500000002,2484.3880626257546,-1444.4627731646442,-3928.850835790399,-1771.158307202386,34976.493730402995,-43072.103448272144,13.27070922160702,13.151214603958506,0.990995537114965,0.0,29.347003
class1_2026_04_27_14_46_34.csv,176.445,background,1.1763,-49.900002,-37.37844555555556,14.007448561641704,-39.90277922222222,-36.99583444444444,-2.906944777777781,28.952002,-462.3406418560593,-757.934580292555,-295.5939384364957,274.2931034404028,43373.04231974548,-45182.96086965088,12.701276386526146,13.113541856189656,1.0324585045359966,0.0,28.952002
class1_2026_04_27_14_46_34.csv,163.683,background,1.0912199999999999,-20.458,-28.476889444444446,11.60849240746717,-36.544501,-35.035334444444445,-1.5091665555555522,6.737500500000003,3002.453398961908,-2674.7105302327,-5677.1639291946085,-5343.260188087188,45457.17979638782,-45421.633228844024,13.453506777156694,13.385182602669854,0.9949213858854825,0.9580000000000144,29.442002000000002
class1_2026_04_27_14_46_34.csv,160.811,background,1.0720733333333334,-49.900002,-40.835445666666665,12.888381701924223,-36.529334388888884,-32.955723,-3.573611388888885,6.335000999999998,-1444.4627731646442,217.36832550412862,1661.831098668773,-1.4551915228366852e-11,38543.89028212834,-41984.32915360045,13.447184572548494,13.609135247053944,1.012043388085315,0.0,30.204003
class1_2026_04_27_14_46_41.csv,132.095,break,0.8806333333333334,-16.844,-17.13622211111111,2.095924959852674,-10.939277777777777,-30.695945166666668,19.756667388888893,3.42,-2472.5062788536607,-5387.523198326983,-2915.0169194733226,-1670.8463949841862,-1670.8463949841862,-2888.7147335422887,3.3475366034934395,13.738045926606537,4.103925796761692,0.0,6.502999000000001
class1_2026_04_27_14_46_41.csv,127.62799999999999,connector,0.8508533333333332,-5.884,-8.794555555555554,2.898687983328209,-13.927444444444445,-13.403833277777778,-0.523611166666667,8.840499999999999,1144.774375519015,-2613.5385743231864,-3758.3129498422013,606.5830721004731,9661.442006269841,-2742.946708463898,2.259060134515685,4.304558155256069,1.9054633314201626,2.8709999999999845,8.962
class1_2026_04_27_14_46_41.csv,171.02100000000002,background,1.1401400000000002,-49.900002,-40.51055677777778,13.339698400213852,-35.917778777777784,-43.87689044444445,7.959111666666665,30.977002000000002,-2642.042487893586,77.9307412204178,2719.973229114004,-40100.3166144166,48553.29467084221,-43867.92137008376,14.058003075269445,11.28399158186306,0.802673802158987,0.0,30.977002000000002
class1_2026_04_27_14_46_41.csv,137.2,background,0.9146666666666666,-25.885,-38.06988988888889,13.359325744034061,-27.747222888888885,-35.31800094444444,7.570778055555557,2.4939999999999998,-5387.523198326983,2222.5039182597934,7610.027116586776,36979.62852664913,46113.000903925196,-37641.068965520426,13.8431938575721,13.252897752164793,0.9573583185470789,0.0,29.557002
class1_2026_04_27_14_46_41.csv,157.939,background,1.0529266666666666,-20.844999,-35.160000888888895,13.258717206426919,-29.06161161111111,-37.800834333333334,8.739222722222223,4.1825009999999985,1984.9848686912023,1087.2413424295219,-897.7435262616805,-38581.50783698604,38581.50783699494,-41450.65844091956,11.308047989180082,13.565216540140092,1.19960716062689,0.6379999999999997,29.055003
class1_2026_04_27_14_46_41.csv,171.34,background,1.1422666666666668,-49.900002,-40.51055677777778,13.339698400213852,-35.917778777777784,-43.87689044444445,7.959111666666665,30.977002000000002,-2493.4752485820527,1309.149478646331,3802.6247272283836,1.4551915228366852e-11,48553.29467084221,-43867.92137008376,14.058003075269447,11.28399158186306,0.8026738021589869,0.0,30.977002000000002
class1_2026_04_27_14_46_41.csv,178.35999999999999,background,1.1890666666666665,-19.907,-28.116000333333332,11.818785323233,-40.83144577777777,-34.97511205555555,-5.8563337222222245,30.332001,5833.618014305177,1495.0081538482077,-4338.609860456969,-3515.673981189764,44548.92722026199,-47542.32131661858,12.849282726793069,13.464736326951765,1.0478978138583217,2.553,30.332001
class1_2026_04_27_14_46_48.csv,127.62799999999999,connector,0.8508533333333332,-5.899,-8.821333333333335,2.937174227798624,-13.923499999999997,-13.384000055555553,-0.5394999444444437,8.850999999999999,1122.0179655144773,-2707.967877877263,-3829.9858433917407,606.5830721004731,9764.890282131917,-2736.6771159874115,2.2510415182014447,4.2502865714757325,1.8881413998664311,2.8709999999999845,9.079999999999998
class1_2026_04_27_14_46_48.csv,132.733,break,0.8848866666666667,-18.462999,-18.899888999999998,2.25170288081206,-11.40311122222222,-31.939945055555558,20.53683383333334,2.979501000000001,-2707.967877877263,-6207.504787229577,-3499.536909352314,-1007.8369905955842,-1007.8369905955842,-6371.474921630372,3.9400199983230144,13.146711656975278,3.3367110638676527,0.0,8.263999999999998
class1_2026_04_27_14_46_48.csv,143.9,background,0.9593333333333334,-22.618,-35.07266744444444,13.411793928656301,-33.74566761111111,-40.03894555555555,6.293277944444441,22.320501500000006,-670.3652335741067,-3678.647826974125,-3008.2825934000184,39090.91379310177,39090.91379310177,-42761.758620692766,13.251187743845096,12.491364843568917,0.9426599443292134,0.9570000000000134,30.195002000000002
class1_2026_04_27_14_46_48.csv,171.02100000000002,background,1.1401400000000002,-49.900002,-35.131556666666675,13.628346775865198,-39.34200116666667,-41.91455705555555,2.5725558888888784,30.228001,6535.7466156312275,-1319.0122692230875,-7854.758884854315,16496.86363636992,45454.548589345315,-44315.048589337865,13.457260414570147,12.890252376415761,0.9578659416142065,0.0,30.228001
class1_2026_04_27_14_46_48.csv,153.15300000000002,background,1.02102,-22.208,-34.21066777777777,14.048587044146602,-36.54683433333334,-39.096278944444435,2.549444611111099,29.469002,5371.9522781284695,282.7792693614342,-5089.173008767035,-44722.57210031717,44722.57210030936,-44722.57210031717,13.47811315481103,13.557213162231857,1.0058686999169386,1.2759999999999994,29.469002
class1_2026_04_27_14_46_48.csv,172.936,background,1.1529066666666667,-49.900002,-40.361779222222225,13.511728333781974,-37.70705677777778,-43.512668222222224,5.805611444444445,30.228001,-1295.8882406145972,-3474.6226117936344,-2178.734371179037,-1.4551915228366852e-11,47379.311912221616,-44987.463949846715,13.860690107141963,11.96146111351573,0.8629772513545432,0.0,30.228001
class1_2026_04_27_14_46_48.csv,144.538,background,0.9635866666666667,-49.900002,-35.964223,12.602893647168036,-34.05350088888889,-38.835445444444446,4.781944555555555,10.443500499999999,606.5850488185805,-2513.0759944241695,-3119.66104324275,-39090.91379310687,39090.91379310177,-44628.529780562116,12.980732010321251,12.515098051492464,0.9641287623388795,0.0,28.473002
class1_2026_04_27_14_46_55.csv,132.41400000000002,break,0.8827600000000001,-18.177999,-18.19544411111111,2.337475162574898,-11.062999944444444,-30.749278388888886,19.68627844444444,3.1069999999999993,-2606.283307420608,-3854.32006396804,-1248.036756547432,-3811.9106583072353,-2186.520376175522,-7227.274294670577,3.515324208550653,13.603609297590884,3.869801082557471,0.0,7.856000000000002
class1_2026_04_27_14_46_55.csv,127.62799999999999,connector,0.8508533333333332,-5.898,-8.786222222222223,2.8703252923581006,-13.930055555555557,-13.58155538888889,-0.34850016666666583,8.894,1162.9970978965787,-2645.8468311447077,-3808.843929041286,592.476489028375,9465.517241379544,-2736.6771159874097,2.2628464982608425,4.57775084123549,2.023004574879135,2.8709999999999845,8.926
class1_2026_04_27_14_46_55.csv,141.66699999999997,background,0.9444466666666664,-49.900002,-38.41500122222222,12.94588209624979,-39.32294566666667,-34.927778777777775,-4.395166888888895,27.806002,50.60388882885387,643.080743320014,592.4768544911601,1.4551915228366852e-11,5.9371814131736755e-09,-150.47178682628146,13.350324278905708,13.455751167729012,1.0078968779127715,0.0,27.806002
class1_2026_04_27_14_46_55.csv,168.469,background,1.1231266666666666,-49.900002,-40.61133488888889,13.171654761041777,-33.15072305555556,-32.42788983333334,-0.7228332222222207,3.2009989999999995,-4302.2598559827775,4319.885059981101,8622.14491596388,-44059.56269592096,44104.95355508087,-46681.81974922039,13.423472344767879,13.95671326282639,1.0397244367655676,0.0,29.783001000000002
class1_2026_04_27_14_46_55.csv,193.675,background,1.2911666666666668,-22.67,-37.95400122222222,13.383432706820804,-36.17738988888888,-36.29444538888889,0.11705550000000642,18.2355005,-201.5442880051691,125.73885538031374,327.28314338548284,40105.018808773515,42680.253918493465,-42680.253918492046,13.858835759743473,13.691041205489402,0.9878925224993287,0.9570000000000134,28.825001
class1_2026_04_27_14_46_55.csv,152.196,background,1.01464,-19.598,-24.76144477777778,9.119394682162977,-40.50716805555555,-28.385667166666664,-12.121500888888889,6.0124995000000006,5704.010994487726,-4812.524187783686,-10516.535182271411,-92.47648902808214,46086.21003134399,-9123.822884012934,13.323346710037654,11.654505953912366,0.8747430606447356,1.913999999999999,30.302002
class1_2026_04_27_14_46_55.csv,187.932,background,1.25288,-49.900002,-37.75544544444445,13.86839147566322,-31.371500611111117,-34.664612,3.2931113888888817,4.650500000000001,-2909.192644050867,5327.097292966559,8236.289937017425,-45847.965517245386,45075.23824451256,-45847.965517245386,13.265938437615802,13.764201693358682,1.0375595153351937,0.0,31.138003
class1_2026_04_27_14_47_07.csv,132.41400000000002,break,0.8827600000000001,-18.416,-18.692777888888887,2.961063612060198,-11.086888944444446,-34.046723,22.959834055555554,3.8250005,-2644.2596161103224,-6702.95181129722,-4058.6921951868976,-4289.967084639633,-2599.7026788036274,-7990.598746080897,3.5631829767935246,14.27955934726846,4.007527941377448,0.0,10.495001
class1_2026_04_27_14_47_07.csv,127.62799999999999,connector,0.8508533333333332,-5.896,-8.802666666666667,2.9003857214745303,-13.887888888888888,-13.564444444444446,-0.3234444444444424,8.811499999999999,1134.888163041846,-2698.7633480381824,-3833.6515110800283,636.3636363637979,9567.398119122498,-2736.677115987408,2.2358819758378448,4.496735332194077,2.0111675703908567,2.8709999999999845,9.0
class1_2026_04_27_14_47_07.csv,193.356,background,1.28904,-20.400999,-36.97766744444444,14.457512433113504,-40.49744583333333,-40.87305683333333,0.37561099999999925,29.866002,2470.2479373163083,-1018.5265174532238,-3488.774454769532,-2253.9184952977084,46811.91536050566,-46236.6818181854,13.330917476320138,12.854110172067982,0.9642328992485314,1.2759999999999994,29.866002
class1_2026_04_27_14_47_07.csv,152.51500000000001,background,1.0167666666666668,-22.721001,-26.28533411111111,8.514454521285403,-38.35755672222222,-37.77339027777777,-0.584166444444449,28.155001000000002,5853.349178894886,-4983.473679776805,-10836.82285867169,3681.816614420015,6158.308777430473,-42600.31504701799,12.97805942159289,13.584446824713314,1.0467239620884734,2.5519999999999987,28.155001000000002
class1_2026_04_27_14_47_07.csv,158.89700000000002,background,1.0593133333333336,-49.900002,-38.43466766666666,12.869825414744428,-39.337557,-31.909778333333332,-7.427778666666665,4.193998999999998,-3324.08198611737,-1244.1946021057854,2079.887384011585,-1.4551915228366852e-11,38905.960815043676,-44902.82288401564,13.266029827670472,12.802757680532006,0.9650782398174317,0.0,28.648001
class1_2026_04_27_14_47_07.csv,111.993,background,0.74662,-14.971,-14.835888888888888,0.10208323885105229,-14.785333333333334,-14.796388888888888,0.011055555555554264,0.16999999999999993,-15.42232896410568,14.567806733895205,29.990135698000884,-4.7021943573672615,-4.7021943573672615,-275.8620689655181,0.09845077732326729,0.0770830280274233,0.7829521225840391,0.0,0.33999999999999986
class1_2026_04_27_14_47_07.csv,142.94299999999998,background,0.9529533333333332,-20.476,-46.630668444444446,9.24707170837624,-40.70577888888889,-39.44705661111111,-1.2587222777777782,29.424002,-4035.5760649005797,2175.623033746339,6211.199098646919,8.032657206058502e-09,46119.125391853566,-46119.12539184555,13.0290861801672,13.1477781460983,1.0091096915915776,0.6379999999999997,29.424002
class1_2026_04_27_14_47_13.csv,127.62799999999999,connector,0.8508533333333332,-5.902,-8.82088888888889,2.939572207895581,-13.965833333333334,-13.390166722222222,-0.575666611111112,8.873999999999999,1147.1170738454148,-2689.3066885933986,-3836.4237624388134,611.2852664578386,9697.111796081497,-2761.7554858933618,2.273363104643769,4.254764290662028,1.871571862145127,2.8709999999999845,9.146
class1_2026_04_27_14_47_13.csv,132.095,break,0.8806333333333334,-17.951,-17.107111222222223,1.9484305364594674,-10.946666722222222,-30.0480005,19.10133377777778,3.4069999999999983,-2460.0927812675336,-4580.4301073647175,-2120.337326097184,-2159.871473354404,-2159.871473354404,-3131.663009404183,3.3451734001615225,13.08097032122962,3.910400103683085,0.0,6.093999999999999
class1_2026_04_27_14_47_13.csv,164.64000000000001,background,1.0976000000000001,-49.900002,-31.349334,13.209918094051783,-34.394278722222225,-36.261612222222226,1.8673335000000009,6.474499999999999,5977.434163198412,-1923.3456713837622,-7900.779834582174,-3032.9137930957622,9448.275862069258,-8241.379310337805,13.920995043358243,13.696262495487488,0.98385650371778,0.0,30.053002
class1_2026_04_27_14_47_13.csv,145.49599999999998,background,0.9699733333333332,-21.645,-28.668666999999996,11.441532594630884,-31.93755605555556,-37.71461216666666,5.777056111111101,5.061,3437.140340699389,-1004.1452586838489,-4441.285599383238,4130.094043887271,40236.68025078809,-45684.95611285,12.781865653448397,13.783003897221025,1.0783248073944296,0.9569999999999856,29.147002
class1_2026_04_27_14_47_13.csv,57.113,background,0.38075333333333333,-14.642,-14.633444444444443,0.1447811460339834,-14.559777777777779,-14.612055555555555,0.052277777777776535,0.14949999999999974,-42.04582068408105,5.547289165034177,47.59310984911523,136.36363636363603,327.58620689655436,-385.57993730407543,0.1222109085672776,0.10608773739076263,0.8680638297401384,0.0,0.4380000000000006
class1_2026_04_27_14_47_13.csv,172.617,background,1.15078,-49.900002,-40.83644555555556,12.87939434579018,-39.23522344444444,-42.16755688888889,2.9323334444444455,29.104002,1791.8476490481562,3131.0802412434077,1339.2325921952515,0.0,45617.55799372648,-44398.123824447575,13.415712456927663,12.478227122306988,0.9301202774171827,0.0,29.104002
class1_2026_04_27_14_47_13.csv,164.002,background,1.0933466666666667,-19.847,-28.248556,11.677941434315791,-36.157223277777774,-37.766279,1.609055722222223,30.053002,3976.669171036298,-2599.6463174195737,-6576.315488455872,1680.2476489024302,44448.278996861474,-47105.018808773595,13.78018241662982,13.627940296657908,0.988952025138636,2.2340000000000138,30.053002
class1_2026_04_27_14_47_25.csv,127.62799999999999,connector,0.8508533333333332,-5.9,-8.81088888888889,2.9333471380146543,-13.89461111111111,-13.388277833333335,-0.5063332777777756,8.831999999999999,1124.9186095319917,-2653.0623718914417,-3777.980981423433,587.7742946710023,9634.366736819615,-2705.3291536049655,2.247444453370907,4.273553736402517,1.9015161102097866,2.8709999999999845,9.122
class1_2026_04_27_14_47_25.csv,132.733,break,0.8848866666666667,-18.819,-18.439333444444443,1.6404248084409325,-11.357111166666668,-29.716556166666667,18.359445,3.227999999999998,-2653.0623718914417,-489.89582379000547,2163.166548101436,-2631.663009404321,-2326.017241379166,-6532.915360501149,3.8712102656487475,12.653224875967046,3.268544134556962,0.0,5.166
class1_2026_04_27_14_47_25.csv,163.364,background,1.0890933333333335,-25.343,-47.171446222222215,7.717521173249605,-42.14472355555555,-45.51672383333333,3.3720002777777793,24.557002,-1515.3674424642413,85.81847816312477,1601.1859206273662,-240.56624216993805,38310.268182703876,-38490.59874608488,12.51548574074549,9.81474954376557,0.7842083769552979,0.6390000000000007,24.557002
class1_2026_04_27_14_47_25.csv,148.686,background,0.99124,-49.900002,-44.041223888888894,11.002280847578291,-39.19194566666667,-37.176556777777776,-2.015388888888893,28.390002,-2624.841963253282,3233.111896781034,5857.953860034316,-1.4551915228366852e-11,38148.904388711446,-278.1152233467874,13.458369333196252,14.257514322201429,1.059378956680514,0.0,28.390002
class1_2026_04_27_14_47_25.csv,190.803,background,1.27202,-49.900002,-43.47177944444444,12.033785359581149,-33.421501000000006,-37.889167888888885,4.467666888888878,5.6764994999999985,-1521.6215496270424,6651.256534429017,8172.878084056059,-43979.37922203698,46769.59404388312,-43979.37922203698,13.246887939701196,13.454086020864285,1.0156411880635698,0.0,29.839001
class1_2026_04_27_14_47_25.csv,179.955,background,1.1997,-19.503,-24.354778,9.100738906731388,-32.79650077777777,-32.72416722222221,-0.07233355555555931,3.6869999999999976,-2778.8963257122155,-1204.2389433290662,1574.6573823831493,-2684.951410658585,44641.06739812302,-42090.91222570927,13.710762038984841,13.732412824993231,1.0015790358236687,0.9569999999999856,30.397002
class1_2026_04_27_14_47_25.csv,159.85399999999998,background,1.0656933333333332,-22.719999,-37.46977866666666,13.916066567728771,-35.97844555555556,-42.447168,6.468722444444438,29.829003,-4527.113399437652,-3006.4288396777756,1520.6845597598767,7.4214767664670944e-09,42954.26651164769,-42601.88557993362,13.947466915024554,12.064966093280214,0.86502913408989,0.6379999999999997,29.829003
class1_2026_04_27_14_47_36.csv,127.62799999999999,connector,0.8508533333333332,-5.9,-8.824333333333334,2.9505795664204313,-13.932055555555557,-13.5983335,-0.33372205555555645,8.870499999999998,1138.664343969825,-2638.321301517256,-3776.985645487081,589.3416927901253,9732.640391285588,-2750.7836990595097,2.259771460229803,4.617043648856331,2.0431453741970156,2.8709999999999845,9.195
class1_2026_04_27_14_47_36.csv,131.776,break,0.8785066666666668,-16.693001,-16.817778,2.8663318389042507,-10.842888888888888,-30.43766755555555,19.594778666666663,3.422500000000001,-2080.5044835310014,-6357.176923385895,-4276.672439854894,-3278.9968652037314,-2329.8058597142226,-8733.543887147,3.195775473424754,13.869389637705128,4.3399123039547245,0.0,10.007001
class1_2026_04_27_14_47_36.csv,22.016000000000002,background,0.14677333333333334,-15.053,-14.744777777777777,0.2231191897607787,-14.499277777777776,-14.385388888888887,-0.11388888888888893,-0.07199999999999918,-85.19521991493905,86.47397140789231,171.66919132283135,626.9592476489015,626.9592476489015,-105.01567398119005,0.21920330633038576,0.17991885173565478,0.8207815564739875,0.0,0.7060000000000013
class1_2026_04_27_14_47_36.csv,185.379,background,1.23586,-22.761999,-40.57944555555556,13.232138749395764,-36.16144549999999,-38.02994533333333,1.8684998333333382,30.727002000000002,-1558.9955096619847,-419.09930721573005,1139.8962024462546,40783.70376175936,42536.05485893789,-42536.0548589376,13.91482577833517,13.301229247028788,0.9559033295145486,0.9569999999999856,30.727002000000002
class1_2026_04_27_14_47_36.csv,148.367,background,0.9891133333333333,-24.313,-47.05700177777778,8.04121894419278,-40.64733461111111,-33.497389777777784,-7.149944833333329,25.587002000000002,-6556.620055689921,5549.091659019247,12105.711714709169,6.984919309616089e-09,40105.01880878094,-40105.018808773966,13.12515795258753,13.300391917240118,1.0133509213325027,0.6379999999999997,25.587002000000002
class1_2026_04_27_14_47_36.csv,156.025,background,1.0401666666666667,-21.207001,-37.553334666666665,13.81476618504838,-30.07238966666667,-39.87639022222222,9.80400055555555,6.845499999999998,-3281.4696853239884,2334.3482557236184,5615.817941047607,7.843482308089733e-09,42065.833855795274,-42481.19278996498,12.492319337498952,12.693476803642813,1.0161024101775584,0.6379999999999997,28.693001
class1_2026_04_27_14_47_36.csv,159.216,background,1.0614400000000002,-19.85,-41.15022366666667,12.58349216445359,-37.68616788888889,-35.22694544444445,-2.4592224444444355,19.656501499999997,-4824.319920036929,2145.058225484999,6969.378145521929,32581.506269597863,47174.02603009627,-47100.31661442167,13.681229868965818,13.262186029946749,0.9693708232079016,0.9569999999999856,30.050002
class1_2026_04_27_14_47_43.csv,131.776,break,0.8785066666666668,-16.75,-16.37622233333333,2.156525571817161,-10.817055555555555,-32.20394511111111,21.386889555555555,3.083499999999999,-2060.0713201596786,-6427.665633763185,-4367.594313603506,-2587.774294670675,-1904.8366588419485,-3721.000000000142,3.1677603281993387,14.32976970370076,4.523626693759242,0.0,6.6899999999999995
class1_2026_04_27_14_47_43.csv,127.62799999999999,connector,0.8508533333333332,-5.899,-8.77111111111111,2.853140859724962,-13.895777777777779,-13.482277777777778,-0.41350000000000087,8.799,1165.6704379828875,-2616.7156141152523,-3782.3860520981398,630.0940438873058,9496.86520376199,-2791.5360501566865,2.2483452817956677,4.435583619767609,1.9728204928580124,2.8709999999999845,8.823
class1_2026_04_27_14_47_43.csv,164.64000000000001,background,1.0976000000000001,-23.684999,-34.93755633333333,13.481676412369074,-37.65083433333333,-37.99861222222222,0.34777788888889205,29.244002000000002,585.5361758315757,-668.7824916664302,-1254.318667498006,43810.349529777246,43810.349529777246,-41089.3463949803,13.801120298049126,13.390861502837916,0.9702734447186403,0.9570000000000134,29.244002000000002
class1_2026_04_27_14_47_43.csv,151.239,background,1.00826,-21.132999,-24.699444444444445,9.004656504191042,-32.38022294444445,-29.979445055555555,-2.400777888888893,3.198498999999998,3004.85737697175,168.87652441085638,-2835.9808525608937,890.283699059255,4495.297805642644,-46064.26645768374,14.023115293169337,12.418088433532677,0.8855441382584506,0.6379999999999997,30.297001
class1_2026_04_27_14_47_43.csv,172.617,background,1.15078,-49.900002,-37.803889777777776,13.565493147585416,-36.240778666666664,-39.882167777777774,3.64138911111111,28.984002,-121.93630796114152,-286.3470214153007,-164.41071345415915,0.0,39064.26802507454,-945.1394984247818,13.707637017014864,12.899023823752795,0.9410099542854604,0.0,28.984002
class1_2026_04_27_14_47_43.csv,148.686,background,0.99124,-23.055,-37.22322333333333,14.20294773430705,-34.11155655555555,-29.339000444444448,-4.772556111111104,2.544999999999998,-2320.5259646067275,1749.1437483499853,4069.669712956713,-7.334165275096893e-09,43067.40125391479,-42076.805642636915,14.146367682173679,12.804361086325287,0.9051341283406885,0.0,29.966002
class1_2026_04_27_14_47_43.csv,138.476,background,0.9231733333333333,-21.246,-34.58577855555556,13.722700377868135,-32.86244516666667,-36.498056666666656,3.635611499999989,5.724500500000001,2126.346451836365,4250.674749313387,2124.3282974770223,-41686.521943569496,41514.10971786402,-44912.22884012152,13.759724133779626,13.537763665671259,0.9838687571190314,1.595000000000013,29.159003000000002
class1_2026_04_27_14_47_50.csv,127.62799999999999,connector,0.8508533333333332,-5.902,-8.791555555555556,2.8891294771613247,-13.873111111111111,-13.286055611111111,-0.5870555,8.791999999999998,1133.0185117287137,-2618.835857862556,-3751.85436959127,644.2006269594058,9595.611285266707,-2727.2727272726697,2.234509985778361,4.1363267054660975,1.8511104809024983,2.8709999999999845,8.934000000000001
class1_2026_04_27_14_47_50.csv,131.457,break,0.8763799999999999,-15.407,-15.553888777777779,2.193658184065744,-10.784388888888891,-27.16961166666667,16.385222777777777,3.6420000000000012,-1401.270072827162,-6089.619316041694,-4688.349243214532,-3338.5579937302828,-2386.5507153859653,-3952.9780564263165,3.1196811649570306,12.426966211548828,3.9834077814526316,0.0,7.0649999999999995
class1_2026_04_27_14_47_50.csv,190.165,background,1.2677666666666667,-25.914,-32.49288933333334,12.419649044933193,-31.42711161111111,-36.97238977777778,5.5452781666666695,5.847499500000001,233.97122654002894,856.4559491086412,622.4847225686123,9032.91536050228,37189.65830720572,-46294.909463744785,11.593860322539006,13.13132983443574,1.1326105659818289,0.0,29.490002
class1_2026_04_27_14_47_50.csv,193.356,background,1.28904,-49.900002,-36.240667333333334,12.527762283336132,-35.71127855555555,-37.92416772222222,2.2128891666666703,20.768500999999997,-3371.880877220726,-2534.41028028684,837.4705969338856,2478.0548589340688,29004.70532915614,-47054.86206896262,12.901550146128777,13.44704202949004,1.0422810309537813,0.0,30.021002
class1_2026_04_27_14_47_50.csv,182.189,background,1.2145933333333332,-24.736,-36.01366766666667,12.455883071750153,-39.150390055555555,-34.678667444444436,-4.471722611111119,15.402501,-208.64319522112817,2642.556811248335,2851.2000064694635,6.868503987789154e-09,41617.55799372696,-37929.470219439056,13.502827034965406,12.243925362021029,0.9067674808799709,0.6379999999999997,26.552002
class1_2026_04_27_14_47_50.csv,171.02100000000002,background,1.1401400000000002,-25.745001,-31.937667555555556,12.792035477051693,-36.30794544444444,-38.04305672222222,1.7351112777777757,29.641001,233.9627768966413,-1062.8561254023066,-1296.818902298948,-6.592017598450184e-09,44028.21786833471,-39910.29994153259,13.694655215416603,13.29708561188865,0.9709689241355038,0.6379999999999997,29.641001
class1_2026_04_27_14_47_50.csv,178.35999999999999,background,1.1890666666666665,-49.900002,-40.40400133333334,13.440694982428095,-36.15883433333333,-39.74172344444444,3.5828891111111076,29.414002,1862.741309897601,4472.796142135028,2610.054832237427,-46103.45141066234,42674.25901073446,-46103.45141066234,13.790508233052547,12.800093187580387,0.9281813290042713,0.0,29.414002
class1_2026_04_27_14_47_57.csv,131.776,break,0.8785066666666668,-17.062,-16.60977777777778,2.410960528492916,-10.828777777777779,-29.377778222222226,18.549000444444445,3.3705,-2068.7633847925536,-3005.150527587043,-936.3871427944896,-3095.6112852662955,-2368.0725111729334,-5073.670846394951,3.1873650656503707,12.894727276713384,4.0455746252924545,0.0,7.877001
class1_2026_04_27_14_47_57.csv,127.62799999999999,connector,0.8508533333333332,-5.893,-8.806111111111111,2.914599741700563,-13.887666666666666,-13.47988888888889,-0.4077777777777758,8.8015,1121.851072956518,-2656.715512381415,-3778.5665853379332,598.746081504858,9615.98746081529,-2700.6269592476,2.2434166898827432,4.402019954595212,1.9621936541051757,2.8709999999999845,9.051000000000002
class1_2026_04_27_14_47_57.csv,31.906999999999996,background,0.2127133333333333,-14.717,-14.518666666666668,0.14369257307027244,-14.364888888888892,-14.477388888888889,0.11249999999999716,0.1639999999999997,-72.37434559461911,27.09583492484694,99.47018051946606,242.94670846395093,242.94670846395093,67.39811912225923,0.13540633863748736,0.08701668989905115,0.6426290537473179,0.0,0.4540000000000006
class1_2026_04_27_14_47_57.csv,191.761,background,1.2784066666666667,-49.900002,-37.329778555555556,11.373567100111655,-41.28977916666666,-33.985833944444444,-7.303945222222218,25.668002,3594.35598730727,-1575.4932518633016,-5169.849239170571,1921.6300940370566,7944.548638961001,-35940.44357366524,12.326409776844185,12.824665431511471,1.0404217142919887,0.0,25.668002
class1_2026_04_27_14_47_57.csv,143.9,background,0.9593333333333334,-27.997,-38.245890222222215,13.209042000806205,-34.994556555555555,-42.08361266666666,7.0890561111111055,29.842001,-1940.8627359101963,87.41207130236413,2028.2748072125605,0.0,38081.50783699545,-34330.724137928075,13.567972523930646,12.642895779474044,0.9318190190432649,0.6380000000000274,29.842001
class1_2026_04_27_14_47_57.csv,139.75199999999998,background,0.9316799999999998,-31.726999,-35.136112,13.593318346440668,-34.75794522222222,-34.66844566666666,-0.08949955555555533,5.0784984999999985,-2302.7809731075404,-2169.4081519891156,133.37282111842478,5006.266457677455,45150.47335423592,-46848.4463957394,13.567645048500966,13.755048183188155,1.0138124280377947,0.0,30.030001000000002
class1_2026_04_27_14_47_57.csv,193.675,background,1.2911666666666668,-23.506001,-35.80333411111111,12.82346230401026,-40.43322344444445,-37.616889722222226,-2.8163337222222253,28.600003,324.62432211776684,-1274.4891787631434,-1599.1135008809101,-7.203198038041592e-09,32271.16144200284,-7.814378477633e-09,12.055270630819429,13.767172690363326,1.1420043539431666,0.6379999999999997,28.600003
class1_2026_04_27_14_48_20.csv,131.776,break,0.8785066666666668,-16.334,-16.47455577777778,2.3039090509634454,-10.842055555555556,-27.661278388888885,16.819222833333328,3.378000499999999,-2098.2398332697694,-3906.0858751249107,-1807.8460418551413,-2721.004702194383,-2311.8223731977487,-5269.590909090679,3.2195954968878073,12.142650494848986,3.771482080623011,0.0,7.962
class1_2026_04_27_14_48_20.csv,127.62799999999999,connector,0.8508533333333332,-5.864,-8.801888888888888,2.9437284915730197,-13.914888888888889,-13.53511122222222,-0.37977766666666923,8.858,1166.7882448476862,-2620.0534151747993,-3786.8416600224855,623.824451410821,9682.601083688,-2703.7617554858425,2.257181573183909,4.530521232885873,2.0071576339060893,2.8709999999999845,9.184999999999999
class1_2026_04_27_14_48_20.csv,192.718,background,1.2847866666666665,-49.900002,-32.737222555555554,12.362159204291476,-36.458389833333335,-34.50050061111111,-1.957889222222228,7.0535,4895.88186905671,602.5845127758265,-4293.297356280883,-1.4551915228366852e-11,45042.32288400863,-43778.99999999716,13.591363181665079,12.437630416779173,0.9151127326539962,0.0,28.763003
class1_2026_04_27_14_48_20.csv,179.636,background,1.1975733333333334,-22.148001,-34.53288988888889,13.813284365393011,-36.52822322222222,-37.60494555555555,1.0767223333333291,30.154002000000002,4363.131400596388,2040.333996990298,-2322.7974036060896,8354.231974921713,43498.43416927603,-47263.32601881291,13.44728648297395,13.790570974362415,1.0255280845169041,1.2759999999999994,30.154002000000002
class1_2026_04_27_14_48_20.csv,151.877,background,1.0125133333333334,-49.900002,-34.28155677777778,14.05787053763441,-37.19989022222222,-28.613722666666668,-8.586167555555555,5.0339995,801.0671075411691,3141.6169954675424,2340.5498879263732,-1.4551915228366852e-11,7009.404388715542,-2493.7304075231878,14.271191618021412,11.45836943468149,0.8029020237742474,0.0,30.846001
class1_2026_04_27_14_48_20.csv,192.08,background,1.2805333333333335,-28.493999,-35.65400077777778,12.930090149904919,-36.092834333333336,-37.26233416666667,1.169499833333333,17.756501500000002,5501.858053697705,12.193369972857399,-5489.664683724848,-45042.322884014495,45042.32288400863,-45042.322884014495,13.88595444625016,12.727349814531147,0.91656277191701,1.2759999999999994,28.763003
class1_2026_04_27_14_48_20.csv,158.89700000000002,background,1.0593133333333336,-20.048,-34.77266755555556,13.638034101851355,-27.33194472222222,-37.14261227777777,9.81066755555555,3.4735000000000014,616.5810008957186,1551.1581004501431,934.5770995544245,-44050.41677398513,46845.532912298055,-46789.97178683795,10.232956817717875,14.290684420574532,1.3965350659250153,0.6390000000000007,29.852002000000002
class1_2026_04_27_14_48_26.csv,127.62799999999999,connector,0.8508533333333332,-5.867,-8.779222222222224,2.928876378324318,-13.885166666666667,-13.5374445,-0.3477221666666672,8.817,1128.624549082785,-2725.766090011194,-3854.390639093979,609.7178683387137,9623.348391025589,-2719.4357366770564,2.255590960997435,4.533192693134342,2.0097574257755992,2.8709999999999845,9.114999999999998
class1_2026_04_27_14_48_26.csv,132.095,break,0.8806333333333334,-17.712999,-17.450222333333333,2.4007926737529837,-10.915555555555557,-30.724722833333335,19.809167277777778,3.696000500000002,-2475.2548770572103,-4970.5435182992815,-2495.288641242071,-2924.7664576802963,-2594.858431326378,-5412.224137931196,3.35956990008844,13.645998394827133,4.0618277752280525,0.0,8.1
class1_2026_04_27_14_48_26.csv,187.932,background,1.25288,-21.950001,-30.968555666666663,10.768653941051552,-36.319723055555556,-39.53800077777778,3.2182777222222256,25.593003000000003,3214.162165874906,-3491.986466425424,-6706.14863230033,27083.07836991125,27083.07836991125,-27083.078369902323,12.982434524514428,11.978473111540179,0.9226676372797316,1.2759999999999994,29.246003
class1_2026_04_27_14_48_26.csv,163.683,background,1.0912199999999999,-49.900002,-43.88877933333333,11.246108936327879,-40.88611227777777,-44.06544583333333,3.1793335555555586,27.170002,-75.6507326885145,-93.23125836203197,-17.58052567351747,1.4551915228366852e-11,42211.60188087411,-1.4551915228366852e-11,12.765054040829025,10.93404109466356,0.8565604346938601,0.0,27.170002
class1_2026_04_27_14_48_26.csv,147.72899999999998,background,0.9848599999999998,-49.900002,-38.211778888888894,13.112660511531132,-33.61450061111111,-41.22955694444444,7.615056333333328,28.008002,4979.683639703882,6162.392962721798,1182.7093230179153,-37028.2178683418,-332.2915360501429,-37028.2178683418,13.073130208958778,12.445045504159214,0.9519559855431461,0.0,28.008002
class1_2026_04_27_14_48_26.csv,171.02100000000002,background,1.1401400000000002,-21.431999,-29.61833377777778,11.301691593991798,-41.08455677777778,-36.42938977777778,-4.655166999999999,28.468003,5527.818777969247,-2210.3528363760006,-7738.171614345248,1252.3542319748012,43368.34012538826,-44620.6943573629,12.486929883971625,13.704366715335986,1.097496802270851,1.595000000000013,28.468003
class1_2026_04_27_14_48_26.csv,194.95100000000002,background,1.2996733333333335,-49.900002,-45.28422344444444,8.855099104851561,-41.72044555555556,-35.326267466666664,-6.394178088888893,24.930003,-1260.8022947578784,1577.9512623570463,2838.7535571149247,-1.4551915228366852e-11,1.4551915228366852e-11,-1.4551915228366852e-11,11.851655524029589,13.687003583709027,1.1548599603741652,0.0,24.930003
class1_2026_04_27_14_48_38.csv,127.62799999999999,connector,0.8508533333333332,-5.879,-8.776777777777777,2.895666638953907,-13.849222222222224,-13.379722166666665,-0.4695000555555584,8.813,1125.0358258387782,-2613.401760389357,-3738.4375862281354,628.526645768181,9733.542319749477,-2744.5141065830194,2.232692334767241,4.346930265144707,1.9469446150328007,2.8709999999999845,8.909
class1_2026_04_27_14_48_38.csv,132.095,break,0.8806333333333334,-17.466,-17.12444433333333,2.2436781122154956,-10.875611111111112,-32.25155616666667,21.375945055555555,3.1090005000000005,-2417.627899788051,-4830.135767074271,-2412.50786728622,-2191.2241379311417,-1829.2487005803487,-11697.493730407321,3.283557422790933,14.182314773560314,4.319190630238808,0.0,7.486000000000001
class1_2026_04_27_14_48_38.csv,156.34400000000002,background,1.0422933333333335,-49.900002,-28.041556111111113,11.732868987415346,-30.860889444444442,-35.09777861111111,4.236889166666668,3.529,-370.2065752539174,-1487.2503466669004,-1117.043771412983,-70.53291535322205,41854.233542315385,-45452.98275862451,13.513731348656744,13.346938325298517,0.987657442144412,0.0,29.646002
class1_2026_04_27_14_48_38.csv,147.72899999999998,background,0.9848599999999998,-49.900002,-45.145779222222224,9.727748736014833,-36.12872322222222,-34.76505622222222,-1.3636669999999995,11.453999500000002,-957.1676143930343,5411.281240764624,6368.448855157659,1.4551915228366852e-11,9708.463949842844,-1.4551915228366852e-11,13.84080425247338,14.00914543612521,1.0121626004109658,0.0,29.751002
class1_2026_04_27_14_48_38.csv,194.95100000000002,background,1.2996733333333335,-22.761999,-27.768555333333335,8.631236532505074,-35.265556277777776,-32.2781342,-2.9874220777777794,5.229000000000003,-980.2168315740485,-5595.35646416258,-4615.139632588532,37891.85266457272,39385.58463949614,-18257.054858932388,13.187156230337717,12.83620456995987,0.9733867842592745,0.6379999999999997,29.404002000000002
class1_2026_04_27_14_48_38.csv,192.399,background,1.28266,-49.900002,-38.548112,12.844074546148276,-34.06411183333333,-29.57150038888889,-4.492611444444439,4.4884995,-1991.8149151931932,1432.7928545538912,3424.6077697470846,6147.333855791963,39526.65047021603,-45673.9843260228,12.764067967803891,11.31489699460411,0.8864647333969149,0.0,29.140002
class1_2026_04_27_14_48_38.csv,38.926,background,0.25950666666666666,-14.845,-14.58711111111111,0.11579430464256175,-14.494444444444444,-14.551277777777777,0.05683333333333351,0.08200000000000074,-33.77505501278189,-6.311018058994876,27.464036953787016,168.80184800898496,168.80184800898496,34.4827586206884,0.1245486171127218,0.10644237123937877,0.854618213262307,0.0,0.39800000000000146
class1_2026_04_27_14_48_51.csv,127.62799999999999,connector,0.8508533333333332,-5.869,-8.762555555555556,2.8843017299054896,-13.90772222222222,-13.328666666666667,-0.5790555555555539,8.889,1166.4655316419871,-2634.1873429474,-3800.652874589387,608.1504702195925,9620.689655172659,-2733.5423197491637,2.262908595531069,4.233824514155821,1.870964939349338,2.8709999999999845,8.916
class1_2026_04_27_14_48_51.csv,131.776,break,0.8785066666666668,-16.563,-16.313000000000002,2.0930489270705865,-10.784444444444444,-29.091445000000004,18.30700055555556,3.093499999999999,-2053.107340530867,-4967.358441544346,-2914.2511010134785,-3142.633228840037,-2098.6067265662896,-3142.633228840037,3.159695207210521,13.120129757309689,4.15233898985895,0.0,6.032001000000001
class1_2026_04_27_14_48_51.csv,185.06,background,1.2337333333333333,-49.900002,-40.54600155555555,13.242645683808405,-32.707834166666665,-38.1413345,5.433500333333335,7.3129994999999965,803.1452019885295,2575.7361858484574,1772.5909838599277,-1.4551915228366852e-11,3358.932601873108,-42732.91594919949,13.75883287713149,13.254065533601418,0.9633131449919572,0.0,29.554001
class1_2026_04_27_14_48_51.csv,138.476,background,0.9231733333333333,-49.900002,-37.70300088888889,13.652708622760601,-31.127000666666667,-35.92527866666667,4.798278000000003,2.629500499999999,-1263.1198121144632,1069.4443108091,2332.5641229235634,1.4551915228366852e-11,2409.0924764964293,-45208.46865204157,13.424948858292872,14.003690398717227,1.0431093260334865,0.0,28.843003
class1_2026_04_27_14_48_51.csv,180.91199999999998,background,1.2060799999999998,-49.900002,-31.65388966666667,12.947354721951902,-39.04961244444444,-34.290778777777774,-4.758833666666668,29.355002,4468.185663296113,-2423.9670593071055,-6892.152722603218,1.4551915228366852e-11,46010.97492163311,-1626.823592914101,13.626688924045057,13.990998413406802,1.0267349217889594,0.0,29.355002
class1_2026_04_27_14_48_51.csv,183.46499999999997,background,1.2230999999999999,-20.865,-30.87777844444444,13.498509208889338,-35.87477883333333,-38.955612388888895,3.0808335555555644,29.720002,1965.0502840269844,-1629.079067999458,-3594.1293520264426,-3619.1222570531645,45509.407523506845,-46322.88557994136,14.063196478471298,13.729576248728478,0.9762770002872003,1.2759999999999994,29.720002
class1_2026_04_27_14_48_51.csv,144.538,background,0.9635866666666667,-49.900002,-38.711112111111106,12.757604341511174,-35.92527866666667,-41.05839011111111,5.133111444444438,28.218003,3744.8228866898157,-2663.4705999093267,-6408.293486599143,-42150.47492163378,42150.47492162828,-42150.47492163378,14.003690398717227,12.678250018022316,0.9053505720058695,0.0,28.218003
class1_2026_04_27_14_48_58.csv,132.095,break,0.8806333333333334,-16.580999,-17.345555444444443,2.4480463568898783,-10.920555499999999,-27.10194511111111,16.18138961111111,3.436999499999999,-2477.409639397325,-3661.373840790131,-1183.964201392806,-1799.3746081502504,-1579.935736676911,-4235.11285266457,3.352215143731716,12.273935159474672,3.6614390699196444,0.0,7.966000000000001
class1_2026_04_27_14_48_58.csv,127.62799999999999,connector,0.8508533333333332,-5.875,-8.774888888888889,2.888790306010245,-13.883888888888889,-13.493999944444445,-0.38988894444444355,8.8555,1153.5323196496797,-2611.4107162407768,-3764.9430358904565,658.3072100315076,9622.257053291782,-2724.1379310344273,2.242652618091375,4.497613952382623,2.0054875688784906,2.8709999999999845,8.922
class1_2026_04_27_14_48_58.csv,158.258,background,1.0550533333333334,-23.84,-41.830001333333335,11.474321164525053,-36.52127877777778,-36.173723333333335,-0.3475554444444455,15.389501,-1891.3707629752105,-740.6251441491786,1150.745618826032,39543.89028212801,40846.39811911874,-40663.171180628735,13.5490858371723,13.774341736125498,1.016625098182647,0.9580000000000144,26.060002
class1_2026_04_27_14_48_58.csv,153.472,background,1.0231466666666666,-49.900002,-32.10833411111111,12.737851045322202,-39.203223611111106,-36.88000105555555,-2.323222555555553,28.961003,3415.5893229865064,-1899.279435347595,-5314.868758334102,34967.08777429166,45117.55799373396,-35079.56797209138,13.452801731964845,13.17228969804925,0.9791483574460603,0.0,28.961003
class1_2026_04_27_14_48_58.csv,171.97799999999998,background,1.1465199999999998,-25.663,-39.18600133333333,12.442785517417118,-35.67305638888889,-39.49072366666666,3.8176672777777725,28.304001,-806.2259272326681,4466.1097769832,5272.335704215869,44363.637931037265,44363.637931037265,-44155.79185739801,12.98554295972341,13.112932483031072,1.0098100259567697,0.9579999999999866,28.304001
class1_2026_04_27_14_48_58.csv,177.72199999999998,background,1.1848133333333333,-49.900002,-41.06611244444444,12.499181061627954,-38.144223555555556,-37.63861222222222,-0.5056113333333343,27.396002,3123.041304032374,4473.361039310552,1350.319735278178,1.4551915228366852e-11,8609.71786833903,-40355.802507840526,13.218883189455521,13.73990372273675,1.0394147891617689,0.0,27.396002
class1_2026_04_27_14_48_58.csv,156.663,background,1.0444200000000001,-19.948,-40.929223444444446,12.889428449533009,-34.69611211111111,-36.40211222222222,1.7060001111111092,8.127000000000002,-1217.4331418811616,3255.958616107103,4473.3917579882645,-12700.628526644534,46946.71159874215,-46946.71159874785,13.701370741701153,13.608997395055615,0.9932580220150958,0.9570000000000134,29.952002
class1_2026_04_27_14_49_08.csv,127.62799999999999,connector,0.8508533333333332,-5.877,-8.779777777777776,2.8949780186376306,-13.862944444444445,-13.477944444444445,-0.3849999999999998,8.832,1138.8594004362865,-2766.538769582931,-3905.398170019217,625.3918495299404,9648.902821316859,-2719.435736677062,2.237418340464499,4.389694526757759,1.9619453749096656,2.8709999999999845,8.945
class1_2026_04_27_14_49_08.csv,132.095,break,0.8806333333333334,-17.719,-17.29877777777778,2.1203963282461435,-10.940222222222221,-30.587445111111112,19.64722288888889,3.3654995000000003,-2485.3604649113718,-4722.158304008574,-2236.7978390972025,-3929.4670846394984,-2509.8023858055894,-48721.00626958886,3.360295647633728,13.717979743974695,4.082371642287801,0.0,7.087000999999999
class1_2026_04_27_14_49_08.csv,190.48399999999998,background,1.269893333333333,-49.900002,-40.834223333333334,12.874283138796619,-33.522834,-38.07794561111112,4.555111611111116,9.462501499999998,-72.94696338579224,1770.0494578919902,1842.9964212777825,1.4551915228366852e-11,1.4551915228366852e-11,0.0,13.141962035213826,13.450711749740226,1.0234933482691368,0.0,29.402003
class1_2026_04_27_14_49_08.csv,22.016000000000002,background,0.14677333333333334,-15.063,-14.748222222222223,0.22134426568270793,-14.488666666666667,-14.408388888888888,-0.08027777777777878,-0.025500000000000966,-101.8600864854383,79.51476198772032,181.37484847315864,620.689655172413,620.689655172413,70.53291536050165,0.20247606168521637,0.1809131586912746,0.8934995262452674,0.0,0.7199999999999989
class1_2026_04_27_14_49_08.csv,188.889,background,1.25926,-21.403999,-31.804555777777775,12.853616076549628,-33.48255638888889,-36.740334277777784,3.2577778888888957,4.997000499999999,3519.99575788442,2570.5232661870564,-949.4724916973637,-1373.039184953086,44763.32601880566,-43390.286833858736,13.1749759559127,13.399223741804121,1.0170206586806048,1.2759999999999994,28.559002
class1_2026_04_27_14_49_08.csv,153.472,background,1.0231466666666666,-21.634001,-33.84600122222222,14.3797245509085,-40.52750133333333,-37.213389944444444,-3.3141113888888896,30.151001,2993.1035145793753,-1266.8270861461262,-4259.930600725502,-2156.73981191251,47258.62225704922,-44093.06149036265,13.342702540510924,14.223765097694427,1.066033210923741,1.2770000000000004,30.151001
class1_2026_04_27_14_49_08.csv,146.134,background,0.9742266666666666,-22.899,-40.55844588888889,13.234491439117514,-40.92989027777777,-42.20466805555556,1.2747777777777856,29.956002,-696.3632980644157,3110.6836900000517,3807.0469880644673,46952.98119122589,46952.98119122589,-46952.981191218525,12.718506471645844,12.49088270657773,0.9821028713018748,0.9570000000000134,29.956002
class1_2026_04_27_14_49_15.csv,131.776,break,0.8785066666666668,-16.768,-16.274444222222222,1.9673909195796897,-10.804833333333335,-27.848000388888888,17.043167055555553,3.421000000000001,-2064.753178370611,-5516.239858551264,-3451.486680180653,-3460.8150470218643,-2084.8993057088737,-3808.778996865254,3.1717122478770574,12.036244754079743,3.794871671370682,0.0,6.036
class1_2026_04_27_14_49_15.csv,127.62799999999999,connector,0.8508533333333332,-5.866,-8.787555555555555,2.9071657488622873,-13.923555555555554,-13.367499888888888,-0.5560556666666656,8.900500000000001,1175.1221306071275,-2671.844553352054,-3846.9666839591814,606.5830721004768,9724.137931034735,-2769.5924764889714,2.2583233510781158,4.271191259304089,1.891309925106656,2.8709999999999845,8.978
class1_2026_04_27_14_49_15.csv,180.91199999999998,background,1.2060799999999998,-27.544001,-38.27311233333334,13.132867681966884,-37.85627888888889,-36.14055672222222,-1.7157221666666658,28.927002,1211.544030779505,1736.2678300071743,524.7237992276694,6.111804395914078e-09,45340.12852664857,-35040.75391849227,13.498866542582215,13.81261381372743,1.0232424142362684,0.6379999999999997,28.927002
class1_2026_04_27_14_49_15.csv,141.66699999999997,background,0.9444466666666664,-26.563999,-32.26433355555556,12.597065930290109,-39.57500127777777,-37.472501,-2.1025002777777715,29.281003000000002,2291.236055838625,-2556.952930322729,-4848.1889861613545,7200.62695924666,39462.385579940754,-44920.067398115534,12.981433703306212,13.911961128352079,1.0716813238531233,1.5949999999999853,29.281003000000002
class1_2026_04_27_14_49_15.csv,175.16899999999998,background,1.1677933333333332,-49.900002,-38.43722322222223,12.963599568327924,-33.393167444444444,-36.61427883333333,3.221111388888886,6.577500499999999,78.43773998626722,3798.720706154659,3720.282966168392,-34180.25391849829,34180.253918499446,-39648.90595610943,13.267546771986638,13.361376378736368,1.0070720383572196,0.0,30.049002
class1_2026_04_27_14_49_15.csv,140.071,background,0.9338066666666667,-49.900002,-35.19588977777778,13.206103965257377,-34.946167611111115,-37.99105644444444,3.0448888333333244,17.305500000000006,-156.57437203567187,-2467.91346842816,-2311.339096392488,-40379.71242291445,40316.61912225294,-40379.71242291445,13.451403548445448,13.389581800059451,0.9954039930801768,0.0,28.707001
class1_2026_04_27_14_49_15.csv,184.74099999999999,background,1.2316066666666665,-22.719999,-34.48844555555556,13.858766762295435,-36.80466777777778,-34.55166766666667,-2.2530001111111133,7.3129995,786.3673173790893,479.4808631193362,-306.88645425975307,7.4214767664670944e-09,42545.4561128496,-47834.99119351524,13.170098233864108,13.813712953543302,1.0488693143650945,0.6379999999999997,30.651001
class1_2026_04_27_14_49_30.csv,131.457,break,0.8763799999999999,-15.66,-15.549444555555555,2.1652841631664326,-10.759,-28.820445,18.061445,3.6904999999999983,-1386.3907383242558,-3573.876830890609,-2187.4860925663534,-3084.639498432589,-2563.4222261468494,-3084.639498432589,3.1158254836310144,13.295697561846367,4.267149544974752,0.0,6.725999999999999
class1_2026_04_27_14_49_30.csv,127.62799999999999,connector,0.8508533333333332,-5.87,-8.755777777777777,2.852318307692019,-13.864888888888888,-13.750277833333334,-0.11461105555555484,8.838999999999999,1162.8296159593683,-2655.998961077793,-3818.8285770371613,611.2852664578404,9749.216300940694,-2733.542319749158,2.2371099135787,5.082114609209649,2.2717311771904076,2.8709999999999845,8.719999999999999
class1_2026_04_27_14_49_30.csv,193.994,background,1.2932933333333334,-23.415001,-38.053223333333335,13.306665283429796,-34.556612,-40.487223666666665,5.930611666666664,29.583003,-1658.4115981049113,-780.2734810024863,878.138117102425,7.232301868498325e-09,41512.540752354726,-41512.540752347515,13.792838300828128,13.332415061086541,0.9666186033419571,0.6379999999999997,29.583003
class1_2026_04_27_14_49_30.csv,59.985,background,0.3999,-14.702,-14.616000000000001,0.08140570550575014,-14.549166666666666,-14.566611111111111,0.01744444444444504,0.06599999999999895,-59.572419311321944,24.593194877126088,84.16561418844803,3.1347962382460537,3.1347962382460537,-31.347962382445985,0.1234473572013593,0.09649187581742522,0.7816375851809451,0.0,0.22900000000000098
class1_2026_04_27_14_49_30.csv,146.134,background,0.9742266666666666,-49.900002,-35.526112,13.005279605935781,-38.219167722222224,-34.59316755555556,-3.626000166666664,17.915002499999996,3576.901982175024,383.36207340131324,-3193.5399087737105,-4721.004702201848,34669.08097240463,-40634.799373043774,13.215887959661133,13.802095548785912,1.0443561981274252,0.0,28.937003
class1_2026_04_27_14_49_30.csv,141.986,background,0.9465733333333333,-25.027,-41.90633455555556,11.331166762639318,-40.73655683333333,-38.21777888888889,-2.5187779444444445,24.982003000000002,395.6187998189783,3200.332228507256,2804.7134286882774,-6.79574441164732e-09,38985.896551720776,-38985.89655172755,13.004760401754833,13.221345527815616,1.0166542175876874,0.6379999999999997,24.982003000000002
class1_2026_04_27_14_49_30.csv,148.048,background,0.9869866666666667,-20.865999,-41.35989011111111,12.157696834330208,-38.21777888888889,-34.14827872222222,-4.069500166666664,18.012002499999998,-1881.976572867348,4743.312733263228,6625.289306130577,37416.93103447811,45507.84169278605,-45507.841692787435,13.221345527815616,14.175242470435883,1.072148168918606,0.9570000000000134,29.034003000000002
class1_2026_04_27_14_49_38.csv,127.62799999999999,connector,0.8508533333333332,-5.9,-8.775444444444442,2.8615119978047003,-13.884555555555556,-13.50711111111111,-0.37744444444444625,8.77,1140.7607028184898,-2647.5511357686228,-3788.3118385871126,628.526645768181,9700.626959247902,-2747.648902821262,2.2387825615777635,4.505308244194852,2.01239115808934,2.8709999999999845,8.766
class1_2026_04_27_14_49_38.csv,131.776,break,0.8785066666666668,-16.665001,-16.376888888888892,2.20970540683325,-10.808499999999999,-31.986945277777775,21.178445277777776,2.9344994999999994,-2068.077006229064,-3935.033341373678,-1866.956335144614,-2010.970219435574,-2010.970219435574,-6153.606583071982,3.15986239591396,14.38242506191369,4.551597097682039,0.0,7.293999999999999
class1_2026_04_27_14_49_38.csv,156.34400000000002,background,1.0422933333333335,-23.122,-31.13311177777778,13.311168388059894,-28.880500555555557,-37.53061244444445,8.650111888888894,4.232001499999999,-869.1773106590512,-264.21991214255956,604.9573985164916,-802.5094043881218,45813.482758617465,-45010.97335422809,11.404428445476825,13.84899406991645,1.2143522072828623,0.0,30.020003
class1_2026_04_27_14_49_38.csv,140.71,background,0.9380666666666667,-49.900002,-40.192668,13.728682878306724,-35.98916777777778,-30.244722722222225,-5.7444450555555555,3.9319989999999976,-2328.2076944568867,667.9380565199494,2996.145750976836,-1.4551915228366852e-11,45443.57680250392,-641.0626959327201,13.944526541062931,12.308467243776473,0.8826736658901713,0.0,29.391001
class1_2026_04_27_14_49_38.csv,189.527,background,1.2635133333333333,-49.900002,-37.53644544444444,13.87476803802193,-38.89239011111111,-37.33933438888889,-1.5530557222222257,29.730002,2593.60782536759,5716.410933793741,3122.8031084261506,-42821.319749212606,42821.319749211936,-45634.79937304474,13.833922682121912,14.055431053865416,1.0160118977690882,0.0,29.730002
class1_2026_04_27_14_49_38.csv,22.016000000000002,background,0.14677333333333334,-15.123,-14.75022222222222,0.19553503680231787,-14.502333333333334,-14.484055555555553,-0.018277777777781168,-0.0005000000000006111,-59.2508817633727,84.0318331850377,143.2827149484104,21.943573667711462,21.943573667711462,21.943573667711462,0.14229234382464542,0.17126797463566398,1.2036260448466607,0.0,0.661999999999999
class1_2026_04_27_14_49_38.csv,158.577,background,1.05718,-49.900002,-40.73522377777778,12.976177259781085,-28.759500722222224,-36.22189,7.462389277777778,2.6910000000000025,-1155.5140960624103,3330.0125321032115,4485.526628165622,-40960.55415741063,45054.8605015638,-40960.55415741063,11.428322022577198,13.860385927103023,1.2128101296857963,0.0,28.745001000000002
class1_2026_04_27_14_49_51.csv,127.62799999999999,connector,0.8508533333333332,-5.894,-8.803888888888888,2.9196294454545826,-13.896277777777776,-13.476777666666669,-0.4195001111111072,8.7755,1146.346867426839,-2691.9776426769586,-3838.3245101037974,663.0094043888748,9586.20689655197,-2752.3510971786272,2.2419725889283693,4.398650186870627,1.961954506775933,2.8709999999999845,9.064
class1_2026_04_27_14_49_51.csv,131.776,break,0.8785066666666668,-16.481001,-16.456555444444444,2.1928624046446745,-10.822833333333334,-27.79311155555556,16.970278222222227,3.3509994999999986,-2064.092253549195,-981.5737823957819,1082.518471153413,-3445.1394984326143,-2258.202532856485,-3445.1394984326143,3.175845001290558,12.02157512402879,3.785314249854565,0.0,6.414999
class1_2026_04_27_14_49_51.csv,22.016000000000002,background,0.14677333333333334,-15.127,-14.761888888888889,0.18527483755788018,-14.380944444444443,-14.435166666666666,0.05422222222222217,-0.18799999999999883,-144.2616050731315,70.79598162453755,215.05758669766905,490.5956112852655,490.5956112852655,-31.347962382442347,0.23975994295735392,0.16078116597827408,0.6705894796504537,0.0,0.6000000000000014
class1_2026_04_27_14_49_51.csv,173.893,background,1.1592866666666666,-49.900002,-37.322112222222216,14.091839856363988,-34.25533405555555,-42.23889038888889,7.98355633333334,30.075001,5169.676997853643,588.2710026061839,-4581.405995247459,-41175.553291539654,2184.9514106586357,-41175.553291539654,14.071241993393162,12.364158428317879,0.8786827456624261,0.0,30.075001
class1_2026_04_27_14_49_51.csv,148.686,background,0.99124,-49.900002,-40.30500122222222,13.60567013105611,-37.43338988888889,-32.478056333333335,-4.955333555555555,6.222001500000001,-2230.679575672975,4370.089659571451,6600.769235244426,-1.4551915228366852e-11,41318.184952974494,-8.236384019255638e-09,13.995264235637794,13.977460923196853,0.9987278331534866,0.0,30.173003
class1_2026_04_27_14_49_51.csv,137.838,background,0.91892,-26.358,-24.28966711111111,1.9663904623749038,-27.79311155555556,-40.212557,12.419445444444438,4.164500499999999,3065.462885348524,-4775.764566914382,-7841.227452262907,550.1598746071322,1689.6567398107873,-36915.36363635989,12.02157512402879,12.204587835890896,1.0152236037915447,0.0,6.099001000000001
class1_2026_04_27_14_49_51.csv,191.761,background,1.2784066666666667,-27.183001,-40.884890444444444,12.87131413355556,-34.625723111111114,-33.10088972222222,-1.5248333888888936,4.432500000000001,-394.5655933998157,2218.8939866188184,2613.4595800186344,-412.2272727290401,46061.001663057,-45576.804075239095,13.750794322377692,13.526416916018508,0.9836825142765353,0.0,29.341002
class2_2026_04_27_15_12_38.csv,125.713,bend,0.8380866666666666,-16.966999,-15.544000111111112,1.4681352362020672,-14.856666666666667,-14.399277777777778,-0.4573888888888895,2.2749999999999986,-38.053311146719004,-96.45938300159528,-58.40607185487628,-1818.1833855800833,-163.00940438871112,-1818.1833855800833,0.33164556046746313,3.0879875688717395,9.31107973657002,0.0,4.770001000000001
class2_2026_04_27_15_12_38.csv,129.223,break,0.8614866666666667,-13.484,-13.368555555555556,2.206582330267084,-13.809166722222223,-25.94083372222222,12.131666999999997,6.494,1313.1225456749291,-5617.048431269071,-6930.170976944,-3199.059561128488,-2045.4545454546205,-3285.266457680271,2.4639320834758505,13.032492689156147,5.289304639219875,0.0,6.885000000000002
class2_2026_04_27_15_12_38.csv,127.947,connector,0.8529800000000001,-9.942,-11.861333333333334,1.9183182449450065,-14.62355561111111,-22.21416688888889,7.59061127777778,5.6105,596.6368224504153,-4119.832857795423,-4716.4696802458375,-2045.4545454546205,8959.247648903005,-3199.059561128488,1.9910839026260194,12.796226128478231,6.426760662793151,2.233000000000013,6.479000000000001
class2_2026_04_27_15_12_38.csv,183.784,background,1.2252266666666667,-21.0,-31.516111555555554,13.162675548636313,-37.506278888888886,-40.942556777777774,3.4362778888888883,29.749003000000002,2961.0321220292476,124.03482070372725,-2836.9973013255203,34753.923197487326,42655.17398118684,-45318.184952982025,13.905104903963277,12.73986023431538,0.9162001585823395,1.2759999999999994,29.749003000000002
class2_2026_04_27_15_12_38.csv,152.51500000000001,background,1.0167666666666668,-19.849001,-33.89277877777778,14.343710970501501,-32.746723277777775,-45.04727938888889,12.300556111111113,30.051001,-2180.4238461654236,-3905.0077250879117,-1724.583878922488,44771.16300940011,44771.16300940011,-47101.882445137395,13.71537402863355,10.852945828010155,0.7912977811654797,0.9570000000000134,30.051001
class2_2026_04_27_15_12_38.csv,181.231,background,1.2082066666666667,-49.900002,-37.692112333333334,13.733722784989485,-37.565723444444444,-40.70805677777778,3.142333333333333,29.749003000000002,5049.188245845377,-1988.2287855961126,-7037.41703144149,-43180.25391849157,45184.954545458495,-43180.25391849157,13.833518833742902,13.081279401024506,0.9456219066615628,0.0,29.749003000000002
class2_2026_04_27_15_12_38.csv,141.348,background,0.94232,-49.900002,-36.39911211111111,12.628462232965381,-33.04283422222222,-38.58216783333333,5.539333611111111,11.347500499999999,3985.6116659399513,974.556431681823,-3011.055234258128,-1.4551915228366852e-11,7620.359798830599,-1.4551915228366852e-11,13.542492673001425,12.946443713345927,0.9559866909265172,0.0,30.432002
class2_2026_04_27_15_12_38.csv,164.64000000000001,background,1.0976000000000001,-49.900002,-35.72489011111111,12.745177423643375,-34.09527872222222,-37.89616766666667,3.800888944444452,6.410999999999998,1177.6741637663438,4178.587552050751,3000.913388284407,-1.4551915228366852e-11,5344.827586207059,-44067.40125392127,12.7938182370621,13.47759601445637,1.0534458682528087,0.0,28.115002
class2_2026_04_27_15_13_52.csv,123.161,bend,0.8210733333333333,-16.750999,-16.475333111111112,1.155103673237404,-14.880944388888887,-14.825277944444444,-0.055666444444442575,0.20699999999999896,-167.28734264134962,1925.8725149689521,2093.159857610302,-2073.6677115987477,-942.8682005828414,-2073.6677115987477,0.4029421060107132,3.48186303667903,8.641078566030751,0.0,3.3540009999999985
class2_2026_04_27_15_13_52.csv,127.947,connector,0.8529800000000001,-9.477,-11.450111111111111,2.0481800292207635,-15.964333388888889,-20.293222333333333,4.328888944444444,8.235499999999998,1474.623288525754,-6344.331508122251,-7818.954796648005,-1998.4326018809534,9841.69278996891,-3097.1786833855585,2.697180637560289,11.075223615079427,4.106220901421166,2.8709999999999845,7.018000000000001
class2_2026_04_27_15_13_52.csv,131.138,break,0.8742533333333333,-17.823999,-20.977222111111114,10.363078289528149,-13.958500055555556,-28.214111499999998,14.255611444444442,3.8130000000000006,-580.440481125001,-777.4553714966795,-197.01489037167846,-2806.449472260214,-1979.1364194395537,-49042.32288401659,3.0767659450486944,11.775993749399762,3.827392181377387,0.0,35.427002
class2_2026_04_27_15_13_52.csv,136.243,background,0.9082866666666667,-26.174,-29.006556000000003,11.346336421564002,-27.095555833333336,-36.07905644444445,8.983500611111111,2.436500500000001,-777.4553714966795,-2031.6907226134856,-1254.2353511168062,7782.131661442567,36610.811926309885,-44279.00000000338,12.422987852889923,13.843316341828187,1.114330577428463,0.0,29.086003
class2_2026_04_27_15_13_52.csv,157.301,background,1.0486733333333333,-49.900002,-40.99222355555556,12.631172002199031,-32.668723055555546,-40.76711233333333,8.098389277777784,18.059001500000004,495.28585674011157,1474.140021906166,978.8541651660546,1.4551915228366852e-11,43606.5862068937,-43772.15888854937,12.386339566993108,12.94979842681154,1.0454902605633116,0.0,27.883002
class2_2026_04_27_15_13_52.csv,136.56199999999998,background,0.9104133333333332,-21.65,-32.19733388888889,12.659439397859428,-27.629833666666666,-37.648500999999996,10.01866733333333,2.879000999999999,391.45729615974363,531.5217933750121,140.06449721526843,4178.684952978925,36610.811926309885,-44279.00000000338,12.162330789143859,13.719324137989586,1.1280175854300822,0.6379999999999997,29.086003
class2_2026_04_27_15_13_52.csv,182.189,background,1.2145933333333332,-49.900002,-37.15589,14.286861214078721,-35.63639,-37.61866777777778,1.9822777777777816,30.025002,837.3235900417056,483.7275011417218,-353.59608889998384,-47061.131661446125,45833.8573667743,-47061.131661446125,14.302494817851882,13.775231721836752,0.9631348190742335,0.0,30.025002
class2_2026_04_27_15_13_52.csv,166.873,background,1.1124866666666666,-49.900002,-37.736223333333335,13.667278022224876,-32.95877838888889,-32.88950061111111,-0.06927777777777777,4.540499499999999,562.0486528716606,2527.440102382948,1965.3914495112876,1.4551915228366852e-11,8904.388714741079,-1353.3015665018393,13.60619742784725,13.623810224772384,1.0012943951257605,0.0,30.459002
class2_2026_04_27_15_14_19.csv,125.07499999999999,bend,0.8338333333333332,-16.841999,-16.686110555555555,0.9103416135350403,-14.986499944444445,-13.401499833333332,-1.5850001111111123,-0.3934999999999995,-269.95997849844434,1344.123828042455,1614.0838065408993,-2084.639498432567,-714.7319749216331,-2084.639498432567,0.4985465463057447,3.197333126016487,6.413296283792471,0.0,2.8859990000000018
class2_2026_04_27_15_14_19.csv,131.138,break,0.8742533333333333,-17.745001,-20.625778,10.51808737876727,-13.401499833333332,-38.472834500000005,25.071334666666672,4.373499499999999,-567.5783745564078,-6856.1131388983895,-6288.534764341982,-2850.6020985871874,-2285.2664576803,-49340.12852665005,3.197333126016487,14.355149988219527,4.489724696400248,0.0,36.052002
class2_2026_04_27_15_14_19.csv,127.62799999999999,connector,0.8508533333333332,-8.438,-11.41122211111111,3.0256697391560343,-15.244833055555555,-17.554389,2.309555944444446,7.035499999999999,406.0246512643039,-4630.370029779945,-5036.3946810442485,655.1724137932688,10346.526509004096,-2758.6206896551193,2.0901612361827357,8.822901444618841,4.2211562776735025,2.5519999999999987,9.583999
class2_2026_04_27_15_14_19.csv,161.449,background,1.0763266666666667,-22.924,-34.24066755555556,14.023571963247152,-37.996445666666666,-36.156834277777776,-1.8396113888888905,29.134001,958.2402300755864,591.5474898131133,-366.6927402624731,-89.3401253912707,45664.57836990995,-45575.238244517575,13.41483040915478,13.79956686998563,1.0286798580687562,1.5949999999999853,29.134001
class2_2026_04_27_15_14_19.csv,148.048,background,0.9869866666666667,-49.900002,-41.617000999999995,11.756737889341101,-36.296278722222226,-32.99588961111111,-3.300389111111116,3.6060000000000016,3277.3976152051223,4384.8014176360175,1107.4038024308952,-1.4551915228366852e-11,42716.305642635874,-37741.38401254249,13.716600171304378,13.53889736975302,0.9870446184640025,0.0,27.253003
class2_2026_04_27_15_14_19.csv,173.255,background,1.1550333333333334,-49.900002,-37.44700088888889,13.970093974383735,-39.014612388888885,-34.908723055555555,-4.10588933333333,30.649003,1551.5583324497634,1251.0304075139247,-300.52792493583866,-3716.3025078450264,48114.36835572416,-44322.88714733189,13.742590818000165,13.461524440141467,0.9795477169386234,0.0,30.649003
class2_2026_04_27_15_14_19.csv,162.72500000000002,background,1.0848333333333335,-49.900002,-34.55066766666667,13.7566447386951,-37.48611233333333,-36.44488988888889,-1.0412224444444433,29.077002,4140.037109864637,-3865.6804975662667,-8005.7176074309045,40821.31818182175,40821.31818182175,-45293.10658307606,13.897357486245175,13.546396751510056,0.9747461551716838,0.0,29.077002
class2_2026_04_27_15_14_19.csv,139.433,background,0.9295533333333332,-49.900002,-34.03888966666667,14.208097789642732,-40.380279,-38.926334555555556,-1.4539444444444456,29.868002,4230.518341626785,-3849.0036416627904,-8079.521983289575,-44087.778996861394,44087.778996860965,-46861.64778552565,13.46994328089789,13.780046452827186,1.0230217857967727,0.0,29.868002
class2_2026_04_27_15_14_43.csv,125.394,bend,0.83596,-15.896,-15.53722188888889,0.8491663574020303,-14.782722222222223,-13.397055388888887,-1.3856668333333353,0.36650000000000027,21.3954056667418,563.4314246436032,542.0360189768614,-1887.1457680250642,688.0877742946723,-1887.1457680250642,0.18791836453203584,2.964147924453748,15.773509727617402,0.0,2.462999
class2_2026_04_27_15_14_43.csv,127.947,connector,0.8529800000000001,-9.034,-10.96111111111111,1.9842870224980862,-14.333055388888889,-18.410444611111114,4.077389222222225,6.1945,823.676959479673,-2647.2617568488304,-3470.9387163285032,-1987.4608150470904,9479.623824451639,-3250.783699059579,2.1660258755864428,8.60613256761256,3.9732344342599557,2.5519999999999987,6.805999999999999
class2_2026_04_27_15_14_43.csv,131.776,break,0.8785066666666668,-18.285999,-22.258778,10.000001722735707,-13.453555444444444,-32.824723,19.371167555555555,3.135999,-2043.542410897857,-1791.7945768296154,251.74783406824167,-8557.995297806163,-796.1896753779729,-44918.496865199566,3.030466835385363,13.652849322042048,4.505195258178977,0.0,34.125002
class2_2026_04_27_15_14_43.csv,24.249,background,0.16166,-14.103,-14.41511111111111,0.20879838464916042,-14.619166666666665,-14.402555555555555,-0.21661111111110998,0.3360000000000003,-14.172897219515992,26.376931662429943,40.549828881945935,-152.03761755485903,785.2664576802526,-506.2695924764921,0.24233201512708874,0.10929634649897803,0.4510171527460211,0.9569999999999995,0.6980000000000004
class2_2026_04_27_15_14_43.csv,170.064,background,1.1337599999999999,-27.172001,-44.18244611111111,10.789712365092619,-40.504834611111114,-32.86727861111111,-7.637556000000004,28.730002,-1898.236987871898,3509.671702558347,5407.908690430245,6.213667802512646e-09,35623.82601881189,-35623.8260188057,13.291973504754433,13.637267055337738,1.02597752128247,0.6379999999999997,28.730002
class2_2026_04_27_15_14_43.csv,187.932,background,1.25288,-49.900002,-40.97944588888888,12.624608027775116,-32.733834111111115,-36.628501,3.894666888888885,5.203999499999998,-1535.6131059279896,2535.713946382416,4071.3270523104056,1.4551915228366852e-11,1.4551915228366852e-11,-1.4551915228366852e-11,13.772500943378867,13.441806554473626,0.975988720839192,0.0,27.801001
class2_2026_04_27_15_14_43.csv,190.48399999999998,background,1.269893333333333,-49.900002,-31.364889555555553,13.149948580796108,-39.56477922222223,-36.64694561111111,-2.9178336111111207,29.717001,-150.58835613717454,-436.57687963247764,-285.98852349530307,-41479.62539185316,41479.625391853624,-46578.37147335055,12.990954497946037,13.439890563957553,1.0345575093442894,0.0,29.717001
class2_2026_04_27_15_14_43.csv,163.04399999999998,background,1.08696,-49.900002,-40.97433466666667,12.633765209047311,-35.90161211111111,-39.063612277777764,3.162000166666651,28.045002,-4223.8079799100005,-770.5442230182622,3453.2637568917385,1.4551915228366852e-11,41291.539184956586,-40661.44514106174,14.033019267403654,13.598035900755287,0.9690027978040648,0.0,28.045002
class2_2026_04_27_15_15_26.csv,120.927,bend,0.80618,-17.329,-17.18833344444444,0.5994275192340904,-15.179889,-17.876499833333337,2.696610833333338,0.49949900000000014,-495.7327923801152,-28.15210087181056,467.58069150830465,-710.0313479623837,-452.9764890281913,-1092.1966508210498,0.7982578541292975,0.5945391302423759,0.7447949085273482,0.0,2.0389990000000004
class2_2026_04_27_15_15_26.csv,127.62799999999999,connector,0.8508533333333332,-9.231,-12.179333333333334,2.9912468229077245,-17.166166555555556,-21.289555944444444,4.123389388888889,8.526500999999998,1102.1557373979322,-4605.684330171283,-5707.8400675692155,652.0376175550173,9973.141075642547,-2724.1379310344837,2.2522713798972216,13.231165321380592,5.874584903440663,2.8709999999999845,9.293000000000001
class2_2026_04_27_15_15_26.csv,131.457,break,0.8763799999999999,-19.664,-22.015444777777777,10.040609599961558,-14.106944444444444,-35.15633427777778,21.049389833333336,3.5719995000000004,-1356.2418614843202,-1668.403000609714,-312.1611391253937,-3062.6927899689435,-2023.426864581419,-47391.852664580976,3.1059089343311626,13.342007670925629,4.295684019504172,0.0,34.423002
class2_2026_04_27_15_15_26.csv,138.79500000000002,background,0.9253000000000001,-23.424999,-34.30988933333333,13.982279147540831,-36.77555649999999,-34.79988977777777,-1.975666722222222,7.981001500000001,727.1478817472502,673.1911571145249,-53.95672463272524,-7.232301868498325e-09,46786.83855799756,-41496.86990595974,13.261894891286554,13.559061138911575,1.0224074483815144,0.6379999999999997,29.850003
class2_2026_04_27_15_15_26.csv,176.445,background,1.1763,-49.900002,-34.316445222222214,13.967988834243707,-37.51838994444444,-33.476000777777784,-4.042389166666659,5.764999999999997,-36.61398622097589,-991.2040090972856,-954.5900228763097,41652.04075234751,43228.84326018447,-46572.10344827993,13.871671942281473,13.19221441441045,0.9510182707811685,0.0,29.713002
class2_2026_04_27_15_15_26.csv,158.577,background,1.05718,-21.415001,-46.73500188888889,8.951972164091371,-37.593390055555545,-42.20394594444445,4.6105558888889036,28.485001,-6763.472630947158,3282.8398857553807,10046.31251670254,279.0458561992564,44647.33699059951,-44438.161771318344,13.792478730302943,12.441000028783547,0.9020132907246469,0.6390000000000007,28.485001
class2_2026_04_27_15_15_26.csv,179.317,background,1.1954466666666668,-22.898001,-32.467222888888884,12.432468654834132,-37.75850111111111,-37.59322333333333,-0.1652777777777814,29.468003,-93.63509417659989,-3455.4126487215754,-3361.7775545449754,39048.59247648508,40650.47335423473,-42322.88557993421,13.646183214193426,13.806652795044219,1.0117592272192757,0.9570000000000134,29.468003
class2_2026_04_27_15_15_26.csv,109.75999999999999,background,0.7317333333333332,-14.986,-14.803,0.13215563215811554,-14.731055555555555,-14.707333333333331,-0.023722222222223976,0.08349999999999902,-42.7990894114257,9.299611393907913,52.09870080533361,393.41692789968874,393.41692789968874,-211.59874608150494,0.13123281780536378,0.08815516623166994,0.6717412303162217,0.0,0.3849999999999998
class2_2026_04_27_15_15_45.csv,121.56500000000001,bend,0.8104333333333334,-16.473,-16.15322188888889,0.6793160675668894,-14.931499944444445,-15.86455538888889,0.9330554444444452,0.14400000000000013,-186.46804104913505,-12.950800396845496,173.51724065228956,-683.3871473354193,-683.3871473354193,-683.3871473354193,0.3473013703304178,2.218518745692273,6.387859500013232,0.0,1.9879990000000003
class2_2026_04_27_15_15_45.csv,131.138,break,0.8742533333333333,-16.561001,-16.575889111111113,2.029863378635641,-12.816500055555556,-31.969667333333334,19.153167277777776,4.041500000000001,-582.9754261047327,-4389.020121310863,-3806.04469520613,-2270.7646615500234,-2148.902821316664,-48771.16300940847,3.120683894695404,14.427886467459128,4.6233076886371665,0.0,6.255000000000001
class2_2026_04_27_15_15_45.csv,127.30900000000001,connector,0.8487266666666667,-8.708,-11.496444333333333,3.420515557454786,-16.29594427777778,-16.093944666666665,-0.2019996111111162,8.649499999999998,592.662715188804,-2549.859186756984,-3142.521901945788,4677.11598746062,9619.122257053536,-2719.435736677122,1.3823700006815511,9.028588628569725,6.5312341072826,2.8709999999999845,9.048
class2_2026_04_27_15_15_45.csv,143.9,background,0.9593333333333334,-24.271999,-43.82266822222222,11.39852498881296,-35.96594505555556,-40.934557,4.96861194444444,29.068001,-4084.547206222572,104.42928290957606,4188.976489132148,45561.13009404193,45561.13009404193,-45561.13009404787,13.963850937493534,12.715675438820407,0.9106137400868796,0.9570000000000134,29.068001
class2_2026_04_27_15_15_45.csv,188.57,background,1.2571333333333332,-19.622,-30.864444888888883,13.520807452994969,-35.369112,-33.82561194444444,-1.5435000555555618,8.158999999999999,8123.192428765158,1717.3610619294684,-6405.83136683569,3349.5313479628894,6747.648902821526,-47457.683385583885,13.282253583113247,12.997600120636516,0.9785688144512278,1.2759999999999994,30.278002
class2_2026_04_27_15_15_45.csv,180.59300000000002,background,1.2039533333333334,-49.900002,-34.55922288888889,13.752408554548234,-33.05977855555555,-43.12933477777777,10.069556222222218,29.372002000000002,5751.85065105678,-1878.7452507118028,-7630.595901768584,-40318.184952974574,600.3150470222681,-46109.667044416165,13.460613786528283,11.144124920160804,0.8279060872698119,0.0,29.372002000000002
class2_2026_04_27_15_15_45.csv,159.85399999999998,background,1.0656933333333332,-22.931,-34.10977855555556,14.143475180711729,-32.37038961111111,-39.07639005555555,6.706000444444442,17.033001,248.10976804759753,-2638.233180559161,-2886.342948606759,1778.9968652030948,45216.30407523878,-46995.3009404352,14.00064173847774,13.59616060171536,0.971109745151146,1.913999999999999,29.983002
class2_2026_04_27_15_15_45.csv,175.807,background,1.1720466666666667,-49.900002,-37.77622344444444,13.573796576282449,-33.96011194444444,-35.97927872222222,2.0191667777777766,4.9999985,-3.2221570356193703,3276.4388081551106,3279.6609651907297,-44537.61912226095,43785.269592472716,-44537.61912226095,12.844414692033059,13.942071180203882,1.0854577985086282,0.0,28.415001
class2_2026_04_27_15_16_03.csv,117.098,bend,0.7806533333333333,-16.816999,-16.588333111111112,0.9471079616587711,-14.912555555555555,-17.935944555555558,3.0233890000000034,1.9164995000000005,-244.2302902075528,-258.195364979849,-13.965074772296191,-974.1362998611658,-974.1362998611658,-974.1362998611658,0.5140559007888174,0.5538881906163438,1.0774842041151582,0.0,2.7620000000000005
class2_2026_04_27_15_16_03.csv,127.62799999999999,connector,0.8508533333333332,-9.09,-11.949889,2.8182253346764954,-17.31494438888889,-17.74233338888889,0.4273890000000016,8.8595,1131.975337355081,-2389.3950878610062,-3521.370425216087,623.8244514108192,9710.031347962646,-2721.003134796174,2.3799400754167026,8.56629088613341,3.5993709989788476,2.8709999999999845,8.582001000000002
class2_2026_04_27_15_16_03.csv,131.138,break,0.8742533333333333,-18.063,-17.535777777777778,1.6946871200430924,-14.102944333333333,-27.642944777777775,13.540000444444441,4.372999500000001,-654.7225811838401,-5243.26384628888,-4588.54126510504,-1298.2316296922727,-1298.2316296922727,-4358.9341692790695,3.2778400328758677,12.017420685578664,3.6662609824720453,0.0,5.468000999999999
class2_2026_04_27_15_16_03.csv,139.75199999999998,background,0.9316799999999998,-27.551001,-32.313667333333335,12.645516136647936,-33.35377827777777,-34.03727844444444,0.6835001666666685,4.715999,-2356.1666031727677,-2089.98470510223,266.18189807053795,3021.9420062690333,36772.73197491847,-34835.88510962957,13.27755518563217,12.79430267928848,0.9636037310189186,0.0,29.587002000000002
class2_2026_04_27_15_16_03.csv,24.567999999999998,background,0.16378666666666666,-14.325,-14.359333333333334,0.10349879226348475,-14.553166666666666,-14.359611111111109,-0.19355555555555704,0.26950000000000074,13.475539133267326,-9.38154012289615,-22.857079256163473,-327.5862068965507,578.3699059561113,-327.5862068965507,0.24277773328247768,0.04424946815611158,0.18226253822910626,0.0,0.3689999999999998
class2_2026_04_27_15_16_03.csv,184.74099999999999,background,1.2316066666666665,-21.917999,-38.19488966666667,13.15718623688406,-38.26477877777777,-34.977445277777775,-3.2873334999999955,17.435502000000003,-2064.5568052547296,1418.8882799435721,3483.445085198302,44800.9451410696,44800.9451410696,-44800.94514106975,13.101477866241607,13.423653811092686,1.0245907311793039,0.9569999999999856,28.583003
class2_2026_04_27_15_16_03.csv,152.196,background,1.01464,-49.900002,-40.89433466666666,12.794792586170056,-34.681167499999994,-38.044112166666665,3.362944666666671,17.787499499999996,3415.5651259234696,1912.445308843571,-1503.1198170798987,-5291.534482765681,43202.197492159285,-37910.663009407705,13.721241898022823,13.313901727708814,0.9703130996702416,0.0,29.301001
class2_2026_04_27_15_16_03.csv,174.85,background,1.1656666666666666,-23.355,-34.40922322222222,13.868405600394828,-31.439333944444442,-39.431779000000006,7.992445055555564,6.897000500000001,1071.2681544742609,-1942.6394250834521,-3013.907579557713,44918.49686520045,44993.73354232337,-44918.49686520753,13.164339487719355,13.194512316537994,1.0022919362232225,1.2759999999999994,28.706002
class2_2026_04_27_15_16_23.csv,119.01299999999999,bend,0.7934199999999999,-16.445999,-15.909110666666667,0.8835441182331779,-14.814166666666665,-16.85744422222222,2.043277555555555,0.9449999999999985,-48.69302244551777,-130.6161217975691,-81.92309935205132,-1119.1222570532918,-387.1473354232003,-1410.656739811915,0.1818522752126021,0.4427416962022685,2.434609416215712,0.0,2.5699989999999975
class2_2026_04_27_15_16_23.csv,131.457,break,0.8763799999999999,-18.045,-18.162555666666666,2.5024134059635315,-13.119277833333335,-34.75800088888889,21.638723055555552,4.1559995,-1409.9798318758014,-3903.813707121303,-2493.833875245502,-3769.5893416928047,-1973.965535040279,-5103.449843260318,3.1886435245741733,13.739367207594112,4.308842551030028,0.0,7.969000000000001
class2_2026_04_27_15_16_23.csv,127.947,connector,0.8529800000000001,-8.561,-10.501888888888889,1.991377381749429,-15.643999888888889,-18.15872233333333,2.514722444444441,8.637000500000001,1617.7258178322118,-2795.6502779471766,-4413.376095779388,-2009.4043887148036,9708.52600435225,-3202.1943573667486,2.8839071942611874,8.774801563360057,3.042677149300873,2.8709999999999845,6.813000000000001
class2_2026_04_27_15_16_23.csv,181.87,background,1.2124666666666668,-49.900002,-36.24555655555556,13.105757493408232,-32.482556277777775,-40.49289022222222,8.010333944444447,22.595002,4092.14724855239,3615.4642442335366,-476.68300431885336,-44391.36168818063,1474.9216300944609,-44391.36168818063,13.932316990288806,12.535661400161828,0.8997541836828241,0.0,28.550002
class2_2026_04_27_15_16_23.csv,152.834,background,1.0188933333333334,-20.837,-43.45122377777778,12.064576762486393,-46.8162795,-39.99205688888888,-6.824222611111118,29.063002,-931.2625442228403,-1617.6777706885807,-686.4152264657404,45416.93103448676,45553.29467085037,-45553.294670850366,8.722090289635279,12.643885731815626,1.4496392335219803,0.9569999999999856,29.063002
class2_2026_04_27_15_16_23.csv,164.959,background,1.0997266666666667,-49.900002,-40.334668,13.53282170942602,-45.36844611111111,-34.40011194444443,-10.96833416666668,29.569003000000002,3047.725029353319,587.6969376509629,-2460.028091702356,1.4551915228366852e-11,43835.42476489411,-46346.399686524164,10.1454198717007,13.887663654566213,1.3688602799420575,0.0,29.569003000000002
class2_2026_04_27_15_16_23.csv,170.702,background,1.1380133333333333,-49.900002,-34.97911199999999,13.379111525164566,-34.40011194444444,-35.788001111111114,1.3878891666666746,3.4345,-603.7392217051553,-6031.481969457637,-5427.742747752482,42009.407523507354,42009.407523507354,-42009.40752350771,13.887663654566213,14.14527899163223,1.0185498673444218,0.0,29.161002
class2_2026_04_27_15_16_23.csv,191.123,background,1.2741533333333332,-20.862,-38.85489011111112,12.506692164505553,-34.51444516666666,-39.68333455555555,5.168889388888886,29.038002000000002,-1863.4460927003627,-46.104737545368295,1817.3413551549943,-284.4631857290515,45300.87362089577,-45514.10971786441,13.813610597355934,12.925745437281696,0.9357252696865905,0.6390000000000007,29.038002000000002
class2_2026_04_27_15_16_58.csv,118.056,bend,0.78704,-16.181999,-15.913777777777776,0.7601413121226253,-14.846833333333333,-16.837666999999996,1.9908336666666635,1.4215005000000005,-134.2358032981595,-142.94532239578191,-8.709519097622405,-1155.1708463949872,-197.49216300940316,-1155.1708463949872,0.27159186086642756,0.33439817483636014,1.2312480297514925,0.0,2.271001000000002
class2_2026_04_27_15_16_58.csv,126.03200000000001,break,0.8402133333333334,-17.112,-15.406111000000001,3.0389974584303294,-17.042222388888888,-13.15094438888889,-3.891277999999998,7.8385,-114.06231156001758,-600.102802055435,-486.0404904954174,194.35579937291186,677.117554858858,194.35579937291186,0.34278952773031285,3.343463429010372,9.753663414062625,0.0,8.747999
class2_2026_04_27_15_16_58.csv,158.577,background,1.05718,-21.666,-30.51977811111111,10.537231533434708,-36.44888983333333,-41.369501444444445,4.920611611111113,28.234002,2323.2998327547557,2500.415052601845,177.11521984708952,-42420.223935593924,40490.600313482886,-44046.58958332933,13.552015845453441,12.107369646041603,0.8933998373905134,1.915,28.234002
class2_2026_04_27_15_16_58.csv,134.647,background,0.8976466666666666,-22.75,-27.62722266666667,11.925032485442761,-19.189944500000003,-36.27872327777777,17.08877877777777,0.6650005000000014,-3151.050550846776,1585.1540821543524,4736.204633001128,-46010.97492162671,45332.28996864834,-46010.97492162671,8.323035514938066,13.714873986506777,1.6478209559565815,0.0,29.383002
class2_2026_04_27_15_16_58.csv,188.57,background,1.2571333333333332,-23.650999,-37.29500122222222,14.131793998168376,-38.169445555555555,-40.75250138888888,2.583055833333326,30.522002,-303.784076725267,2597.9311470427615,2901.7152237680284,-2452.979623825402,41142.637931029756,-45387.14890282529,13.21479311031704,12.972106004738304,0.9816351201878156,1.2759999999999994,30.522002
class2_2026_04_27_15_16_58.csv,153.472,background,1.0231466666666666,-22.582001,-37.155334555555555,14.263942662480089,-39.42416794444444,-38.055112055555554,-1.3690558888888873,29.828001,68.53727856032131,2323.2998327547557,2254.7625541944344,7.465132512152195e-09,46752.35266458089,-42885.19149729083,13.23102626076793,13.329921359770589,1.0074744082264797,0.6379999999999997,29.828001
class2_2026_04_27_15_16_58.csv,155.387,background,1.0359133333333332,-49.900002,-40.41311222222222,13.42167980335746,-33.16305633333333,-40.209890055555555,7.046833722222225,18.584001,1295.5681206895968,2970.3009934161137,1674.732872726517,-43614.4247648941,46000.003134792576,-43614.4247648941,13.46137842343155,12.223538509387136,0.9080450171481116,0.0,29.348002
class2_2026_04_27_15_17_37.csv,122.52300000000001,bend,0.8168200000000001,-16.011999,-15.898777777777777,0.6859015735641144,-14.902944444444447,-14.431555611111113,-0.47138883333333403,0.15399999999999991,-121.81974615059283,1040.0736493995669,1161.8933955501598,-725.7068965517101,-382.445141065833,-1266.4592476489051,0.30867017136639247,3.433564409629496,11.123696438608638,0.0,2.2539999999999996
class2_2026_04_27_15_17_37.csv,127.62799999999999,connector,0.8508533333333332,-7.945,-10.793777777777779,2.8049130221324856,-15.655777777777777,-15.396555444444443,-0.25922233333333367,8.3760005,1040.0736493995669,-2614.7985696229234,-3654.8722190224903,688.0877742948305,9515.673981191461,-2774.294670846346,2.1616244341430555,4.3889144210200035,2.0303769338094986,2.8709999999999845,8.585999999999999
class2_2026_04_27_15_17_37.csv,131.138,break,0.8742533333333333,-16.701,-16.743333444444445,2.2367226600874033,-12.802333388888888,-29.934500555555555,17.13216716666667,4.1045,-599.534192889254,-4111.055821288925,-3511.5216283996706,-3453.46897214013,-2289.9686520376526,-5587.775862068855,3.101701903000049,14.193467065578732,4.576024045323758,0.0,6.924000999999999
class2_2026_04_27_15_17_37.csv,146.453,background,0.9763533333333334,-21.636999,-38.57877855555556,12.795260325156363,-36.84483422222221,-32.57811183333334,-4.266722388888873,4.684501000000001,-653.0665868200559,6784.091460339617,7437.158047159673,0.0,38225.71003135049,-43684.95768024701,13.19484619482454,13.855525806705169,1.0500709558910064,0.6380000000000274,28.263003
class2_2026_04_27_15_17_37.csv,146.77200000000002,background,0.9784800000000001,-49.900002,-38.57877855555556,12.795260325156361,-35.274667388888886,-30.955167277777782,-4.319500111111104,2.1245005,1800.8299797257118,6120.679924078451,4319.84994435274,-614.4200626882666,38225.71003135049,-43684.95768024701,13.229459144085926,13.436063196537635,1.0156168921635151,0.0,28.263003
class2_2026_04_27_15_17_37.csv,161.449,background,1.0763266666666667,-22.858,-37.09666766666666,14.36249465769947,-40.5672235,-38.89244561111111,-1.6747778888888902,30.782002000000002,-1463.2277180538324,2079.4541166951976,3542.68183474903,-7.392372936010361e-09,47548.59404388305,-48247.652037614396,13.253102046638222,13.819960471236683,1.04277167562975,0.6379999999999997,30.782002000000002
class2_2026_04_27_15_17_37.csv,145.177,background,0.9678466666666666,-49.900002,-35.508778444444445,13.03007873753919,-34.72650083333334,-33.18566716666667,-1.5408336666666713,3.421999999999997,2271.451153157162,1522.6009774414588,-748.8501757157032,-11152.544637778541,44909.095611281395,-33493.73354232352,13.650171283750389,13.47373625279118,0.9870744465863451,0.0,28.652003
class2_2026_04_27_15_17_37.csv,155.70600000000002,background,1.03804,-49.900002,-37.50211244444444,13.921479171801904,-29.527611722222225,-39.064890055555544,9.537278333333319,4.3984999999999985,-2634.256587350704,-3392.100800792437,-757.8442134417328,4106.581504709891,39520.37774294199,-46263.32445140666,12.715532459245686,13.637152252188116,1.0724797583912853,0.0,29.955002
class2_2026_04_27_15_17_53.csv,119.651,bend,0.7976733333333333,-16.261999,-16.333889,0.4457447519618773,-15.0374445,-16.845611111111108,1.8081666111111083,0.8144999999999989,-348.6393668788928,24.13690423656948,372.7762711154623,-514.1050156739766,-219.4341692789967,-920.0626959247165,0.5426945535195702,0.24066062062901633,0.44345419649792256,0.0,1.6099999999999994
class2_2026_04_27_15_17_53.csv,131.138,break,0.8742533333333333,-16.482,-16.390111333333337,1.8851960899612301,-12.747111055555557,-29.028667333333335,16.281556277777778,4.018500499999998,-569.7970181311664,-4565.432012122394,-3995.634993991227,-3058.994654534734,-2189.6551724137935,-7083.0705329156335,3.1316994596828636,13.0766625254306,4.1755789526418585,0.0,5.905999999999999
class2_2026_04_27_15_17_53.csv,127.62799999999999,connector,0.8508533333333332,-7.848,-10.765888888888888,2.9261764374708985,-15.913722222222223,-15.301611277777779,-0.6121109444444439,8.8569995,1150.3396903381881,-2473.6707964375846,-3624.0104867757727,630.0940438873095,9607.081699094113,-2738.244514106522,2.2749920616115604,4.317923850494932,1.8979942942930117,2.8709999999999845,9.135000000000002
class2_2026_04_27_15_17_53.csv,189.527,background,1.2635133333333333,-21.801001,-31.731778666666667,12.907930707364532,-32.867056444444444,-36.79172338888888,3.9246669444444393,4.302999500000002,285.26079119952715,-1682.3680533165432,-1967.6288445160703,-4253.916927899852,45246.08307209757,-44042.32131661114,13.648734131434807,13.302823056017496,0.9746561075377139,0.9569999999999856,28.867001000000002
class2_2026_04_27_15_17_53.csv,183.784,background,1.2252266666666667,-49.900002,-34.139223,14.126209622724767,-36.36344533333333,-31.30600083333334,-5.057444499999992,4.209000000000003,-1259.756229388526,-894.6268590332786,365.1293703552474,-159.87617554061944,41242.94984326379,-43296.24137931465,13.60310248658626,13.211222558142703,0.9711917998102431,0.0,29.473002
class2_2026_04_27_15_17_53.csv,191.761,background,1.2784066666666667,-49.900002,-34.56066755555556,13.787625673565822,-33.129612055555555,-36.99689016666667,3.867278111111112,7.6915005,469.9554496125174,-4098.888496095503,-4568.84394570802,40382.448275858595,46397.9392608667,-40382.44827585743,13.435752237355821,13.202326228200386,0.9826264292718304,0.0,29.948002
class2_2026_04_27_15_17_53.csv,136.56199999999998,background,0.9104133333333332,-23.51,-31.45388977777778,13.071842935037788,-28.273945055555558,-36.85400105555556,8.580055999999999,2.7720014999999982,-5285.654538018671,-1929.5992833476614,3356.0552546710096,43210.03291536396,46518.03072861889,-43210.03291535673,13.592294543874003,13.410985954329513,0.9866608558532849,0.0,29.642003
class2_2026_04_27_15_17_53.csv,137.838,background,0.91892,-23.231001,-36.29589022222222,12.771573640504915,-31.05238966666667,-37.00861211111112,5.95622244444445,2.5189984999999986,-611.158020879623,-450.1672640224612,160.99075685716178,7.290509529411793e-09,43210.03291536396,-41800.942006265985,13.408279793849827,13.264417845147056,0.9892705895025141,0.6379999999999997,27.686001
class2_2026_04_27_15_18_09.csv,115.82199999999999,bend,0.7721466666666665,-15.797,-15.774222222222221,0.7433461058362723,-14.825277777777778,-16.71494427777778,1.8896665000000006,1.1460000000000008,-89.57757512391123,-115.88680148021301,-26.309226356301778,-1771.1598746081509,89.34169278996706,-1771.1598746081509,0.18962149595548225,0.23438654684085075,1.2360693052784084,0.0,1.972998999999998
class2_2026_04_27_15_18_09.csv,127.62799999999999,connector,0.8508533333333332,-7.795,-10.686444444444444,2.861446142196522,-15.929888722222223,-15.181222277777778,-0.7486664444444457,8.796500499999999,1161.933550148663,-2700.403499066336,-3862.337049214999,653.6050156741403,9866.771159874866,-2647.3354231974536,2.2968686350855743,4.120944986452835,1.7941571099655818,2.8709999999999845,8.688
class2_2026_04_27_15_18_09.csv,131.457,break,0.8763799999999999,-17.711,-17.511778111111113,2.208518493241136,-12.69388888888889,-31.45600055555555,18.762111666666662,3.7470000000000017,-1376.851382766065,-5440.943787922879,-4064.092405156814,-2927.8996865204354,-2472.095679981605,-4548.5909090911155,3.134612815943407,13.299525432911814,4.242795512884936,0.0,6.6900010000000005
class2_2026_04_27_15_18_09.csv,189.84599999999998,background,1.2656399999999999,-49.900002,-41.208445999999995,12.310832387390393,-33.17383433333333,-33.50066744444444,0.3268331111111067,2.9879994999999973,-1844.1407496214943,5713.0785221135575,7557.219271735052,1.4551915228366852e-11,40357.369905952866,-43429.92979822141,13.447763067006134,13.143941937535235,0.9774072382622833,0.0,27.665001
class2_2026_04_27_15_18_09.csv,181.87,background,1.2124666666666668,-49.900002,-40.7026678888889,13.00892334180805,-32.019723,-34.74394538888889,2.72422238888889,2.8955015000000017,-1431.911226253767,3455.441893787301,4887.353120041068,-1.4551915228366852e-11,1.4551915228366852e-11,-44103.45297805262,12.712445974889913,13.729754198018979,1.0800245008013396,0.0,28.138003
class2_2026_04_27_15_18_09.csv,152.196,background,1.01464,-49.900002,-27.807000888888886,11.938856298583326,-31.271056388888887,-36.349778833333325,5.078722444444438,5.2609995000000005,6626.0963900051165,-2079.8179071427994,-8705.914297147916,-38299.376175551944,2272.7257053290377,-41656.74294670412,13.26331726172017,13.660947799938445,1.0299796423769676,0.0,30.582001
class2_2026_04_27_15_18_09.csv,151.558,background,1.0103866666666665,-20.087,-27.751334,11.958033844128984,-32.90966755555556,-36.48233438888889,3.5726668333333294,5.9879985,2878.8998852750947,864.8579027804248,-2014.0419824946698,-9634.794670845768,6805.644200627037,-46728.843260190726,13.62982427031636,13.542598364090813,0.9936002916768483,1.595000000000013,30.582001
class2_2026_04_27_15_18_09.csv,141.986,background,0.9465733333333333,-49.900002,-38.29777888888889,13.108004640066358,-39.59622338888889,-34.480000999999994,-5.116222388888893,28.950001,4205.045073467954,3958.816108429731,-246.22896503822358,-37799.37617554533,45150.47335423422,-37799.37617554533,12.996677590330107,13.828081814148298,1.0639704381423096,0.0,28.950001
class2_2026_04_27_15_18_47.csv,117.41799999999999,bend,0.7827866666666666,-15.923,-15.705777888888889,0.6780525641704324,-14.842277777777777,-16.644444888888888,1.8021671111111104,1.0464995000000012,-77.47935188358355,-105.31166660136593,-27.83231471778238,-1519.7422623515376,184.95297805642622,-1519.7422623515376,0.19469999873182559,0.2609642765401015,1.3403335280243973,0.0,1.746999999999998
class2_2026_04_27_15_18_47.csv,126.35099999999998,break,0.8423399999999999,-16.865999,-14.116555555555554,3.6227129240425486,-16.752333500000002,-13.130111388888889,-3.622222111111114,8.639500000000002,-10.990568532462918,-1387.1288327732002,-1376.1382642407373,3010.072158554085,3010.072158554085,666.1442006271191,0.26029426424812363,3.575070900996,13.73467516331032,0.0,9.29
class2_2026_04_27_15_18_47.csv,193.675,background,1.2911666666666668,-49.900002,-49.900002,0.0,-40.41916805555555,-39.08944594444444,-1.32972211111111,0.0,-698.2225598435409,3653.8808330809397,4352.10339292448,-1.4551915228366852e-11,1.4551915228366852e-11,-1.4551915228366852e-11,13.412818288093929,13.594740206676448,1.013563212526393,0.0,0.0
class2_2026_04_27_15_18_47.csv,167.192,background,1.1146133333333335,-49.900002,-44.134890444444444,10.827159226849684,-36.50388988888889,-36.45222294444444,-0.05166694444444886,17.013500999999998,190.05561839380536,7264.880362231276,7074.824743837471,-43816.61755485515,6307.210031355047,-43816.61755485515,13.502342829926874,13.531796299435237,1.0021812856996786,0.0,27.955002
class2_2026_04_27_15_18_47.csv,137.838,background,0.91892,-49.900002,-37.281001,14.14109108899001,-32.44827866666666,-39.430001166666656,6.9817224999999965,20.1055005,-2639.6418743204463,184.9294711180138,2824.57134543846,-46410.65987461221,46410.65987461217,-46410.65987461221,14.140042441399142,13.157089672635779,0.9304843883374873,0.0,29.610001
class2_2026_04_27_15_18_47.csv,138.157,background,0.9210466666666668,-49.900002,-34.070112,14.191987159869567,-34.16172316666666,-37.77988994444444,3.6181667777777804,20.1055005,-2432.742283179515,327.7202177769291,2760.4625009564443,-1.4551915228366852e-11,46410.65987461217,-40735.11442006707,14.281595496637888,13.59574994942256,0.9519768992649535,0.0,29.610001
class2_2026_04_27_15_18_47.csv,145.49599999999998,background,0.9699733333333332,-49.900002,-28.385000333333334,11.552121842665047,-37.86161222222222,-31.06227844444445,-6.799333777777772,3.762000499999999,2687.119407940902,-3036.3518107330287,-5723.471218673931,949.8448275784322,1719.0071048401587,221.00156739714294,13.494134602224925,13.390395760736014,0.9923122277301107,0.0,28.949002
class2_2026_04_27_15_19_06.csv,116.14099999999999,bend,0.7742733333333333,-17.046,-17.075222,0.5552004525342377,-15.1965555,-17.69566644444444,2.499110944444441,0.8389999999999986,-501.60816045440885,-8.914912804987527,492.6932476494213,-713.1661442006298,-224.13793103448552,-1205.3307210031344,0.7962656263094793,0.30381082485125915,0.3815440893954774,0.0,1.6170009999999984
class2_2026_04_27_15_19_06.csv,127.62799999999999,connector,0.8508533333333332,-8.918,-11.771333333333335,2.8824642620893357,-16.94955566666667,-17.85116683333333,0.9016111666666617,8.799499500000003,1157.756772613118,-2804.1370956105857,-3961.893868223704,680.2507836992136,9562.695924765143,-2874.6081504701615,2.298985528012906,8.7610881266066,3.8108479627234324,2.8709999999999845,8.879999999999999
class2_2026_04_27_15_19_06.csv,131.457,break,0.8763799999999999,-17.971001,-21.808333666666666,10.218131879066775,-13.791277722222222,-35.652278777777774,21.86100105555555,3.5814995000000014,-1362.6198123008778,-6821.896870975906,-5459.277058675028,-1531.3463949843172,-1531.3463949843172,-43680.25391849898,3.168224118279562,14.283581275827643,4.508385844622064,0.0,34.934002
class2_2026_04_27_15_19_06.csv,183.784,background,1.2252266666666667,-49.900002,-37.714667999999996,13.71424440372534,-38.97839011111111,-34.34811222222223,-4.630277888888884,30.105002,1858.822056221806,1342.9516264485612,-515.8704297732447,-1.4551915228366852e-11,44485.89655172781,-47186.52351096946,13.70028976882664,14.008265013847573,1.0224793947966195,0.0,30.105002
class2_2026_04_27_15_19_06.csv,141.348,background,0.94232,-22.829,-37.549223444444436,13.8315062276138,-42.545557111111115,-35.79333433333333,-6.752222777777789,29.355002,4590.57658282429,2604.2699531750172,-1986.306629649273,-7.392372936010361e-09,44412.707701118794,-46010.974921626126,11.912848384951955,14.144590082599743,1.1873389501983358,0.6379999999999997,29.355002
class2_2026_04_27_15_19_06.csv,141.029,background,0.9401933333333333,-49.900002,-34.31755666666667,13.965411714299798,-42.545557111111115,-34.28938977777778,-8.256167333333337,29.355002,6073.055719300937,94.18090418659521,-5978.874815114342,-2169.278996872781,44412.707701118794,-42431.03761755857,11.912848384951957,14.003198683918525,1.175470135768446,0.0,29.355002
class2_2026_04_27_15_19_06.csv,51.37,background,0.34246666666666664,-14.807,-14.667000000000002,0.08259270885226819,-14.653555555555556,-14.658833333333332,0.005277777777775938,0.16900000000000048,3.632159785455402,18.745425236285108,15.113265450829706,-131.66144200626877,117.55485893416699,-229.2398854989915,0.1279514761419874,0.1014184127485953,0.7926256357559852,0.0,0.3179999999999996
class2_2026_04_27_15_19_06.csv,175.16899999999998,background,1.1677933333333332,-23.163,-30.925445111111117,13.458397676720901,-34.70372311111112,-34.39388972222222,-0.30983338888889733,4.653998999999999,-1564.3493202058903,-6340.489611477073,-4776.140291271182,45009.40752351438,48059.562695928966,-42445.144200622824,13.638589442073753,13.895948248530605,1.0188698243817724,0.0,30.662001
class2_2026_04_27_15_19_23.csv,115.82199999999999,bend,0.7721466666666665,-16.497999,-16.24044466666667,0.6089576913280229,-14.988222222222223,-17.011888833333337,2.023666611111114,1.4124999999999996,-236.13666405081386,-114.48769610961097,121.6489679412029,-485.89498432601613,-485.89498432601613,-670.8495297805639,0.4700803188528952,0.3393941158368754,0.7219902221706531,0.0,1.986001
class2_2026_04_27_15_19_23.csv,131.457,break,0.8763799999999999,-17.596001,-17.595666666666666,2.0351360141825623,-12.996333333333332,-24.141611166666664,11.145277833333331,3.6790000000000003,-1352.936874538591,-2684.252446932232,-1331.315572393641,-3362.070532915306,-2322.0741791089968,-3362.070532915306,3.136275398657193,9.156522112487696,2.9195520255829783,0.0,6.019999
class2_2026_04_27_15_19_23.csv,127.62799999999999,connector,0.8508533333333332,-8.128,-11.039222222222223,2.9626631704816524,-16.21983327777778,-15.384722222222223,-0.8351110555555579,8.813999500000001,1152.7760830840182,-2601.7780309047844,-3754.554113988803,653.605015674133,9815.047021943836,-2789.96865203756,2.2912332090391803,4.044373038742409,1.7651504253851027,2.8709999999999845,9.14
class2_2026_04_27_15_19_23.csv,168.78799999999998,background,1.1252533333333332,-49.900002,-47.04455733333334,8.076417148411842,-34.97033422222221,-37.07783422222222,2.107500000000009,7.010499000000003,-795.1592024413648,1158.0069024115805,1953.1661048529454,1.4551915228366852e-11,1.4551915228366852e-11,-1.4551915228366852e-11,13.43001647851921,13.211688000359885,0.9837431724486931,0.0,25.699002
class2_2026_04_27_15_19_23.csv,180.274,background,1.2018266666666666,-49.900002,-32.966444888888894,12.227254280184805,-40.15783466666667,-26.58744438888889,-13.570390277777783,4.7805,3171.971831129922,-1666.1411062786092,-4838.112937408531,10658.308777423314,42730.41065831094,494.58388157006993,12.47013575134613,8.578810063294036,0.6879483548861618,0.0,27.889002
class2_2026_04_27_15_19_23.csv,182.827,background,1.2188466666666666,-23.625999,-27.596666444444445,8.3155258162112,-34.59861172222222,-33.456834055555554,-1.1417776666666697,4.9325009999999985,3759.8678558744746,-1492.2925890158472,-5252.160444890322,-32217.873040748003,4645.769592477649,-33694.36050156347,12.437781199680716,13.227082085009355,1.0634598574453975,0.6379999999999997,28.041003
class2_2026_04_27_15_19_23.csv,152.834,background,1.0188933333333334,-24.003,-43.76700155555555,11.501794931053183,-37.87077883333333,-37.51755672222222,-0.35322211111111557,29.300002,-3065.282383338116,1465.7425984913166,4531.024981829432,45924.76802508147,45924.76802508147,-45924.76802508238,13.54700621497766,13.936073024479255,1.0287196871845938,0.9569999999999856,29.300002
class2_2026_04_27_15_19_23.csv,149.644,background,0.9976266666666667,-49.900002,-34.95888955555555,13.532121742974866,-36.63072322222222,-35.4774455,-1.1532777222222208,19.2985015,-4.798361505313037,-4397.4323781437,-4392.634016638387,38787.883497428535,38787.883497428535,-6.752088665962219e-09,13.305110758245272,14.492583388627088,1.0892492789206323,0.0,31.171002
class2_2026_04_27_15_19_40.csv,114.865,bend,0.7657666666666666,-16.617001,-16.444666555555553,0.5904150234593195,-15.042666666666666,-17.229500222222224,2.186833555555559,1.2574989999999993,-291.6881786860664,-118.26744352630348,173.42073515976293,26.64576802508236,26.64576802508236,-576.8025078369901,0.5585880760155715,0.36187644561301063,0.6478401765288421,0.0,2.038999999999998
class2_2026_04_27_15_19_40.csv,127.62799999999999,connector,0.8508533333333332,-8.356,-11.258888777777777,2.894770933187931,-16.503555555555558,-17.429722222222225,0.926166666666667,8.962998999999998,1153.700734419883,-2760.7808874730486,-3914.481621892932,666.1442006271209,9600.313479624061,-2703.761755485837,2.293135036272522,8.85001345956641,3.8593495194258303,2.8709999999999845,8.946999
class2_2026_04_27_15_19_40.csv,131.138,break,0.8742533333333333,-17.528999,-17.44544433333333,2.5629821889335167,-13.33116661111111,-32.70783405555555,19.376667444444443,4.1395,-607.1473265544388,-5463.220456678186,-4856.0731301237465,-2693.438231866334,-2266.4576802507872,-7189.6551724143355,3.2201456709314518,13.852470470421832,4.301813515349877,0.0,8.961999999999998
class2_2026_04_27_15_19_40.csv,186.337,background,1.2422466666666665,-30.273001,-35.850556444444436,12.885073632382834,-35.25461211111111,-35.18500083333333,-0.0696112777777742,7.3554995000000005,899.8339838135579,-2598.3669418784034,-3498.2009256919614,39820.093368741924,47677.119122259144,-44131.66614420449,13.291119324412312,13.204318249105786,0.993469167896472,0.0,30.418002
class2_2026_04_27_15_19_40.csv,167.511,background,1.11674,-49.900002,-33.91122311111111,14.312593799929454,-33.564223,-34.96394533333333,1.3997223333333295,4.941501000000002,-227.6699574801416,-742.6849169197646,-515.014959439623,-125.39498433410336,44970.222570536724,-46475.72490689396,13.141652144965366,13.548214186391762,1.0309368263597911,0.0,29.697003000000002
class2_2026_04_27_15_19_40.csv,165.27800000000002,background,1.1018533333333336,-22.412001,-29.073889444444447,11.191723812363454,-35.354167499999996,-35.96211211111111,0.6079446111111153,5.175000000000001,4606.541949709289,1567.4399266432333,-3039.1020230660556,-41380.879310348755,40484.330720999526,-44155.17554859336,13.092422018873323,13.962363991431076,1.0664461399775804,0.9569999999999856,28.691002
class2_2026_04_27_15_19_40.csv,89.97800000000001,background,0.5998533333333333,-14.759,-14.732777777777777,0.08413980135963907,-14.671444444444445,-14.676722222222221,0.005277777777775938,0.025500000000000966,-43.27138378862531,18.729811676271378,62.00119546489668,124.26558874318653,124.26558874318653,-97.17868338558037,0.12562166401196828,0.08956673834233334,0.7129823192875464,0.0,0.2710000000000008
class2_2026_04_27_15_19_40.csv,182.508,background,1.21672,-49.900002,-35.56366777777778,13.008406500629906,-33.276334055555566,-35.80883433333333,2.532500277777764,7.029499000000001,4435.65256342156,1510.4413170418286,-2925.211246379732,-38048.59247648574,37834.23360855868,-38048.59247648574,13.412512015563339,12.834612543162814,0.9569133337108452,0.0,28.928002
class2_2026_04_27_15_19_54.csv,112.631,bend,0.7508733333333333,-16.045,-15.956888999999999,0.7524860977019223,-14.841888888888889,-16.821333166666665,1.9794442777777768,1.237,-168.69857411165535,-89.37286581747446,79.32570829418088,-823.0026981967567,-238.24451410658367,-1120.689655172413,0.3045628723430952,0.2588654794382703,0.849954649731584,0.0,2.1450000000000014
class2_2026_04_27_15_19_54.csv,131.457,break,0.8763799999999999,-17.311001,-17.584444555555557,2.255432381590334,-12.892666722222224,-28.988556,16.095889277777776,3.9734999999999996,-1373.1813393697673,-3607.8126426908466,-2234.631303321079,-3788.401253918404,-1913.636149008329,-3949.843260187685,3.1778583596562466,13.017309882369831,4.096251095195708,0.0,7.1899999999999995
class2_2026_04_27_15_19_54.csv,127.62799999999999,connector,0.8508533333333332,-7.972,-10.889777777777779,2.950330368611389,-16.032055833333335,-15.396055500000001,-0.6360003333333335,8.697500499999997,1074.91010952548,-2689.8892174059033,-3764.7993269313833,670.8463949844845,9784.565482410497,-2724.1379310344255,2.30297411183279,4.22369170111067,1.8340153479771235,2.8709999999999845,9.247
class2_2026_04_27_15_19_54.csv,159.535,background,1.0635666666666665,-49.900002,-34.70844544444444,13.689657272530935,-34.86744522222222,-32.84155644444445,-2.025888777777773,4.530000000000001,1688.199743848169,-993.1237965205356,-2681.3235403687045,-46898.12225704925,47089.733326498535,-46898.12225704925,13.52820774943153,13.64009487412567,1.0082705794068147,0.0,30.031003000000002
class2_2026_04_27_15_19_54.csv,166.554,background,1.11036,-49.900002,-34.281334,14.098287630039858,-31.31683405555556,-37.47727883333333,6.160444777777769,5.1140004999999995,48.27447836993642,-2558.915887576314,-2607.1903659462505,-2158.3087774214036,11094.04545455275,-46680.25391849938,13.224480063306746,13.934556065006516,1.0536939784858537,0.0,30.253003
class2_2026_04_27_15_19_54.csv,190.803,background,1.27202,-27.205999,-32.81811155555556,12.364770694077286,-30.94250061111111,-36.1515565,5.209055888888887,6.123500500000002,-268.90096739885854,-1131.2452875147833,-862.3443201159248,-33873.28139461639,34042.322884009256,-44170.84952977672,11.972707764455649,13.803449936389853,1.1529095218092396,0.0,29.935002
class2_2026_04_27_15_19_54.csv,144.85700000000003,background,0.9657133333333335,-49.900002,-37.432001222222226,13.946364312058806,-32.24561205555555,-39.615168000000004,7.369555944444457,7.7865005000000025,-1013.6933281186207,-4657.3801958731,-3643.6868677544794,0.0,1.4551915228366852e-11,-816.6144200625931,12.67535119884042,12.99767814856436,1.0254293486025128,0.0,28.750002000000002
class2_2026_04_27_15_19_54.csv,171.34,background,1.1422666666666668,-49.900002,-37.65611211111111,13.716178416700723,-37.50061211111111,-34.732112055555554,-2.768500055555556,17.387501999999998,-658.817111757446,437.0904235050555,1095.9075352625016,1.4551915228366852e-11,45415.36520376572,-40110.38462269223,13.952704442360915,13.585398071687978,0.973674827997316,0.0,28.975003
class2_2026_04_27_15_20_40.csv,111.67399999999999,bend,0.7444933333333332,-15.896,-15.742333666666667,0.5253969058406122,-14.908666666666667,-16.558833500000002,1.6501668333333352,1.0084999999999997,-114.82348932986068,-117.27193078088659,-2.4484414510259143,-355.79937304075065,-355.79937304075065,-427.9012539184987,0.24875333610269862,0.28689249738539274,1.1533165687891718,0.0,1.5160009999999993
class2_2026_04_27_15_20_40.csv,127.947,connector,0.8529800000000001,-8.047,-9.972666666666665,1.9725719815059277,-15.194611222222221,-15.96372227777778,0.7691110555555589,8.792500500000003,1689.992842653315,-2728.1644092774077,-4418.157251930723,-1990.5956112853364,9400.155252746212,-3260.1880877742788,2.9041272759197487,4.2009840825406055,1.4465559656486378,2.8709999999999845,6.728000000000001
class2_2026_04_27_15_20_40.csv,130.81799999999998,break,0.8721199999999999,-15.874,-15.982666777777776,2.5431671353882424,-12.636722222222224,-24.19988927777778,11.563167055555555,4.439499999999999,140.15439245367676,-4473.992487684719,-4614.146880138395,-2719.0603368557495,-2073.6677115987404,-6169.280564263245,3.230207127957304,9.392007263913726,2.9075548360572596,0.0,7.954000999999998
class2_2026_04_27_15_20_40.csv,159.85399999999998,background,1.0656933333333332,-49.900002,-41.50022344444445,11.896000547367358,-38.131723444444454,-37.594945499999994,-0.5367779444444594,26.694003000000002,-737.8479090775282,2240.020583931904,2977.8684930094323,-38901.258620693065,38901.25862069287,-41840.13009404755,13.200015257691836,13.820183307082633,1.0469822943611464,0.0,26.694003000000002
class2_2026_04_27_15_20_40.csv,193.994,background,1.2932933333333334,-21.032,-34.325000888888894,14.010481025519633,-37.05911227777777,-33.33511188888889,-3.724000388888882,8.365999500000001,-3322.608780867085,-2300.9951022011737,1021.6136786659113,43053.29623824867,46268.02664576404,-38233.545454550316,13.09588871197354,13.350204457753302,1.019419432461106,0.9569999999999856,29.927002
class2_2026_04_27_15_20_40.csv,121.24600000000001,background,0.8083066666666667,-16.701,-16.694222666666665,0.22090387697920616,-16.669222,-16.16155572222222,-0.5076662777777798,0.23149850000000072,-65.36193539151574,-20.292652694310917,45.06928269720483,12.54075235109849,282.1316614419593,12.54075235109849,0.19390037832952575,1.4500641231629419,7.478359027951983,0.0,0.6319999999999979
class2_2026_04_27_15_20_40.csv,187.613,background,1.2507533333333334,-26.517,-31.939223111111104,12.799436482656425,-35.341334277777776,-35.620223277777775,0.2788889999999995,8.509498999999998,-2006.2315029361357,-3825.2155222613624,-1818.9840193252267,-1579.9357366762997,43053.167125361324,-36650.47335422812,13.118030711129979,13.02865678559443,0.9931868646528947,0.0,29.325001
class2_2026_04_27_15_20_40.csv,58.39,background,0.38926666666666665,-14.937,-14.638444444444445,0.14200399924815188,-14.60988888888889,-14.654611111111112,0.044722222222222996,0.15750000000000064,-10.256412511512172,-35.469245501961645,-25.21283299044947,-47.02194357366898,305.64263322883926,-147.33542319749176,0.088559389293845,0.11309589779813164,1.2770483361684124,0.0,0.472999999999999
class2_2026_04_27_15_20_55.csv,112.631,bend,0.7508733333333333,-16.399,-16.28177777777778,0.6353081463665712,-14.962111111111113,-17.02922227777778,2.067111166666667,1.1329999999999991,-230.30799160902606,-82.40703648962669,147.90095511939938,-360.58571693133126,-360.58571693133126,-1244.5109717868363,0.4527396711980774,0.24121117772533907,0.5327800064593874,0.0,2.2839990000000014
class2_2026_04_27_15_20_55.csv,130.81799999999998,break,0.8721199999999999,-16.396,-16.09555577777778,2.11619414184998,-13.006500166666665,-27.095056,14.088555833333334,4.336500500000001,161.98445735608843,-3957.042174205093,-4119.026631561182,-3742.379458146879,-1956.112852664588,-3742.379458146879,3.1882153337547687,12.357302274466376,3.87592966751825,0.0,5.962999999999999
class2_2026_04_27_15_20_55.csv,127.62799999999999,connector,0.8508533333333332,-8.073,-10.988666777777778,2.9459906546707693,-16.2008335,-15.6379445,-0.562889000000002,8.928498999999999,1211.9074399111128,-2594.995020490542,-3806.902460401655,633.2288401255428,9694.35736677141,-2721.003134796196,2.310004822421716,4.42456826432791,1.9153926892224769,2.8709999999999845,9.134001000000001
class2_2026_04_27_15_20_55.csv,136.56199999999998,background,0.9104133333333332,-49.900002,-37.698112333333334,13.708890557657393,-25.233722555555556,-36.62250088888889,11.388778333333331,2.9144995000000016,-3975.499834632601,-548.1306802489814,3427.3691543836194,-2973.354231982794,46803.54119141483,-43757.05642632851,11.256343073101446,13.427420903803165,1.1928758410903413,0.0,29.814002000000002
class2_2026_04_27_15_20_55.csv,172.936,background,1.1529066666666667,-49.900002,-40.942445888888884,12.7065025995471,-35.87377866666667,-37.57994577777778,1.7061671111111139,29.232003000000002,205.2135602178833,2994.7807707696393,2789.567210551756,-6304.07836989854,45603.525806928665,-39514.10815046681,14.084055286817252,13.826862585804816,0.981738662798929,0.0,29.232003000000002
class2_2026_04_27_15_20_55.csv,186.65599999999998,background,1.244373333333333,-24.732,-47.10355733333333,7.909539948051819,-35.91133422222222,-38.13316772222222,2.2218334999999954,25.168002,-6781.266691151248,5043.913426653918,11825.180117805165,6.868503987789154e-09,39510.01339279495,-39448.2789968618,14.031530754354952,13.331952187007325,0.9501423237608753,0.6379999999999997,25.168002
class2_2026_04_27_15_20_55.csv,182.508,background,1.21672,-21.618999,-27.974555777777777,11.810520042722786,-36.2979455,-39.08066783333333,2.782722333333332,30.112002,744.7644175239362,-4800.853084342067,-5545.617501866003,2583.0736677116547,43192.81830755651,-44327.59090908679,13.657710519350058,13.59968850909629,0.9957516301196169,1.596000000000014,30.112002
class2_2026_04_27_15_20_55.csv,183.784,background,1.2252266666666667,-21.083,-30.900889333333332,13.465669710752897,-34.706278555555556,-41.033168,6.326889444444447,30.112002,2998.314225952869,-1289.7190926982728,-4288.033318651142,-3431.032915360447,45167.714733546636,-45167.714733538654,13.651384033116607,12.548262117091085,0.919193333617836,1.2759999999999994,30.112002
class2_2026_04_27_15_21_13.csv,111.35499999999999,bend,0.7423666666666666,-16.545,-16.115889,0.8022121312077554,-14.908833333333332,-17.172000222222223,2.2631668888888914,1.3415,-154.41758226340008,-92.57198079673178,61.8456014666683,-1159.8746081504687,-288.4012539184914,-1159.8746081504687,0.31026265754464655,0.3458935777249918,1.1148375561040957,0.0,2.352999999999998
class2_2026_04_27_15_21_13.csv,127.62799999999999,connector,0.8508533333333332,-8.038,-10.991222222222222,3.0048122802441704,-16.233166444444446,-18.325666666666667,2.0925002222222204,8.8995,1154.2714438203252,-3633.4488056182736,-4787.720249438598,625.3918495299386,10042.501063942214,-2695.9247648902965,2.3467724812002553,9.933878918467762,4.23299436355787,2.8709999999999845,9.370999999999999
class2_2026_04_27_15_21_13.csv,130.81799999999998,break,0.8721199999999999,-16.525999,-16.384555333333335,2.8411445026109545,-13.037055500000001,-29.822833777777777,16.785778277777776,4.535499,155.21866645050332,-4599.21668159421,-4754.4353480447135,-2825.806850100238,-2329.153605015672,-18217.86990595565,3.2664255724853843,12.971457170899603,3.9711461081550588,0.0,9.913000000000002
class2_2026_04_27_15_21_13.csv,149.96300000000002,background,0.9997533333333335,-21.778999,-38.05022322222222,13.311514629120367,-37.78766783333333,-31.91350038888889,-5.8741674444444385,5.712500000000002,-2821.7855003094037,1003.0801545328155,3824.865654842219,-4291.534482758827,44826.616969878516,-44076.80721002811,13.692203538611993,12.84043136673511,0.9377913783368571,1.2770000000000004,28.734002
class2_2026_04_27_15_21_13.csv,179.636,background,1.1975733333333334,-30.820999,-38.40722288888888,13.158460963446501,-38.76539005555555,-37.72788994444444,-1.0375001111111075,30.649003,-2387.6827125655554,-2010.040635272485,377.64207729307054,5.209585651755333e-09,48039.18965517661,-40746.086206900596,13.974824076160568,13.676333141253798,0.9786407390947625,0.6379999999999997,30.649003
class2_2026_04_27_15_21_13.csv,169.745,background,1.1316333333333333,-21.827,-43.69477922222222,11.609122736687842,-39.73839016666667,-42.00505694444444,2.266666777777772,28.073002,-2232.6923433040874,1965.8559182678887,4198.548261571976,-7.668859325349331e-09,44001.570532911566,-44001.570532919206,12.846902039082135,12.742669141317833,0.9918864571914954,0.6379999999999997,28.073002
class2_2026_04_27_15_21_13.csv,165.916,background,1.1061066666666666,-49.900002,-38.20933455555556,13.17648725791799,-36.135612055555555,-41.032112444444444,4.896500388888889,29.569003000000002,550.7714581970993,-2153.6567611807877,-2704.428219377887,-46346.39968651638,11014.108150477336,-46346.39968651638,13.835760307143358,12.610125993802813,0.9114154048966027,0.0,29.569003000000002
class2_2026_04_27_15_21_13.csv,179.317,background,1.1954466666666668,-49.900002,-38.40722288888889,13.158460963446503,-38.76539005555556,-36.667945333333336,-2.097444722222221,30.649003,-462.76985386367005,-1052.7042562990903,-589.9344024354202,-18134.79623823775,48039.18965517661,-40746.086206900596,13.974824076160568,13.428989644381396,0.9609415195679047,0.0,30.649003
class2_2026_04_27_15_21_50.csv,110.079,bend,0.73386,-15.836,-15.80888888888889,0.4408285200607914,-14.91788888888889,-16.325333277777776,1.4074443888888872,0.6425000000000001,-181.89187254564095,-71.61571743940242,110.27615510623853,-250.78526645768216,-62.69592476489197,-967.0830721003149,0.31775827445977584,0.23018325847410398,0.7243950907977107,0.0,1.2389989999999997
class2_2026_04_27_15_21_50.csv,127.947,connector,0.8529800000000001,-7.762,-9.732,2.043431754019041,-14.951777666666667,-15.581611166666667,0.6298335000000002,8.818499999999998,1703.127670668579,-2631.200898590032,-4334.3285692586105,-1968.6520376176286,9746.081504702459,-3327.5862068965544,2.9045981106421404,4.031939297069508,1.388122471805804,2.8709999999999845,7.017999999999999
class2_2026_04_27_15_21_50.csv,131.776,break,0.8785066666666668,-18.504,-17.881555555555558,1.9554605417260038,-12.346277777777777,-29.3530005,17.00672272222222,3.6325009999999978,-2128.6417470337647,-6195.960334390546,-4067.318587356782,-1703.761755485768,-1703.761755485768,-2865.2053291535813,3.2144943144478257,12.846602806574591,3.9964602682213997,0.0,6.132998999999998
class2_2026_04_27_15_21_50.csv,183.46499999999997,background,1.2230999999999999,-49.900002,-33.07233411111111,12.053946947726029,-36.649500833333335,-29.84816716666667,-6.801333666666665,4.2920005,849.5164674939003,-1751.2054942024693,-2600.7219616963694,-6484.327586214022,44164.579937300274,-6484.327586214022,13.356038385158792,10.919730172289624,0.817587449197223,0.0,28.177002
class2_2026_04_27_15_21_50.csv,141.029,background,0.9401933333333333,-19.337999,-23.661,4.517573784209666,-37.942223388888884,-35.37666766666667,-2.5655557222222143,22.803002000000003,1990.6520686734355,-1008.9483424802826,-2999.600411153718,-10037.61598745759,44059.562695928915,-40031.349529776766,13.463393403108952,13.35060751428359,0.9916227003793845,1.915,15.044000999999998
class2_2026_04_27_15_21_50.csv,164.959,background,1.0997266666666667,-49.900002,-31.938000444444445,12.866929557409362,-38.17211227777778,-34.87244527777778,-3.2996669999999995,19.2265015,2887.6730179790675,-1612.607235243748,-4500.280253222815,1.4551915228366852e-11,43757.05642633619,-3103.4467084639546,13.204852896494636,13.57203004095624,1.0278061497188604,0.0,29.035002000000002
class2_2026_04_27_15_21_50.csv,153.791,background,1.0252733333333333,-22.781,-31.137556333333333,13.32324142095915,-35.835778777777776,-34.52705644444444,-1.3087223333333355,4.380499500000003,-56.926962068297364,-1929.0529444693093,-1872.125982401012,41388.70958306287,46752.3526645809,-45694.36050156415,14.104205676340207,13.79368326478281,0.9779836315020611,0.0,29.837002000000002
class2_2026_04_27_15_21_50.csv,194.632,background,1.2975466666666666,-22.443001,-40.541667999999994,13.241306271042774,-40.808612555555555,-36.3683131875,-4.440299368055555,29.093003,2765.154041150523,986.6358412485016,-1778.5181999020215,-2222.5721003137332,45600.31818181425,-43445.62987819323,12.904786506202557,13.565756752183635,1.0512189174493103,1.2759999999999994,29.093003
class2_2026_04_27_15_22_05.csv,130.499,break,0.8699933333333333,-15.735,-15.467444222222221,2.097113760174036,-12.507833333333332,-25.767167055555554,13.259333722222221,3.5364999999999984,242.4235437589463,-3127.0512141134186,-3369.474757872365,-3184.9529780563607,-1970.2194357367043,-6896.551724138306,2.3685927197857852,11.033902912261134,4.6584193904132425,0.0,6.593998999999998
class2_2026_04_27_15_22_05.csv,127.62799999999999,connector,0.8508533333333332,-8.321,-10.839555555555556,2.2007807761545353,-14.258500000000002,-16.13833322222222,1.8798332222222172,6.486500000000001,714.0952966749977,-2836.8670402830935,-3550.9623369580913,614.4200626960883,8098.746081504845,-2730.407523510916,1.5019650924335388,4.767211691319367,3.1739809009904887,2.5519999999999987,6.532
class2_2026_04_27_15_22_05.csv,148.048,background,0.9869866666666667,-49.900002,-43.68922377777777,11.632620768326644,-42.133668166666666,-36.50055661111111,-5.633111555555558,29.129002,897.2797305014241,712.8298390607774,-184.44989144064664,-1.4551915228366852e-11,45656.74294670453,-1.4551915228366852e-11,12.540171388244907,13.478879413226359,1.0748559904855368,0.0,29.129002
class2_2026_04_27_15_22_05.csv,174.21200000000002,background,1.1614133333333334,-23.719999,-37.75977877777777,13.724436876517293,-37.32316772222222,-40.89800122222222,3.574833499999997,30.777003,-2820.07578704299,804.1695397864148,3624.245326829405,-7.144990377128124e-09,46092.47962382048,-48239.816614418036,14.093219294496219,12.8092914103093,0.9088974090124506,0.6379999999999997,30.777003
class2_2026_04_27_15_22_05.csv,171.97799999999998,background,1.1465199999999998,-23.419001,-40.51355688888889,13.315779624878227,-34.535612,-42.300779111111105,7.765167111111104,30.682002,-1490.4787704611767,-423.1890264196602,1067.2897440415165,7.232301868498325e-09,5277.427899694438,-41571.226200809855,13.842296111913749,12.337409315302882,0.8912833769970416,0.6379999999999997,30.682002
class2_2026_04_27_15_22_05.csv,179.636,background,1.1975733333333334,-49.900002,-38.55144544444444,12.812843892049338,-39.44355661111111,-38.40000111111111,-1.0435555000000036,28.532002000000002,1545.2878101615815,4560.720295173521,3015.432485011939,-44721.00626959639,42075.23824451742,-44721.00626959639,13.185373659807384,12.930119990373084,0.9806410757358011,0.0,28.532002000000002
class2_2026_04_27_15_22_05.csv,156.34400000000002,background,1.0422933333333335,-49.900002,-46.60377944444445,9.32312528533354,-38.03266766666666,-40.70044583333333,2.667778166666672,29.666003,-365.8664768575553,2169.5048745321906,2535.371351389746,-1.4551915228366852e-11,1.4551915228366852e-11,-1.4551915228366852e-11,13.3610080587216,13.051922890266315,0.9768665549812255,0.0,29.666003
class2_2026_04_27_15_22_37.csv,125.394,bend,0.83596,-14.998,-15.256222222222224,0.6980659035711585,-14.809166666666666,-12.849222277777777,-1.9599443888888892,0.1534999999999993,26.326345684584794,587.611075501228,561.2847298166432,-1377.7429467085421,271.15987460815086,-2445.142633228821,0.10070377351420338,2.963949192122167,29.43206253975768,0.0,1.920001000000001
class2_2026_04_27_15_22_37.csv,127.62799999999999,connector,0.8508533333333332,-8.015,-10.929999888888888,2.687671797919797,-14.489888888888892,-17.48605572222222,2.9961668333333265,6.839499999999999,581.8815864885498,-2774.8111098703976,-3356.6926963589476,611.285266457835,9299.373040752573,-3318.181818181849,1.7612892101743696,9.009387759770119,5.115220483101521,2.5519999999999987,8.294999
class2_2026_04_27_15_22_37.csv,131.776,break,0.8785066666666668,-19.606001,-22.178556,10.078927002854279,-12.985888888888887,-32.776000611111115,19.79011172222223,3.4695,-2125.6188887570456,-3609.669780761849,-1484.0508920048032,-1377.7460815044324,-1377.7460815044324,-48369.9075235145,3.1435652325715018,13.703773466060827,4.359308012686871,0.0,34.769002
class2_2026_04_27_15_22_37.csv,157.939,background,1.0529266666666666,-24.780001,-40.89011244444444,12.768598757203948,-35.27055644444444,-34.45638961111111,-0.8141668333333243,4.262000999999998,-5466.191897035904,2081.1865501553307,7547.378447191235,44761.76018809077,44761.76018809077,-44831.809891046505,13.14124117594151,13.841968850419471,1.0533227121984576,0.0,28.558003
class2_2026_04_27_15_22_37.csv,159.85399999999998,background,1.0656933333333332,-49.900002,-37.41822333333333,13.959084780533587,-33.61094516666667,-32.75605622222222,-0.854888944444447,3.261999999999997,-258.35499947128324,588.2918518340427,846.646851305326,-43724.14106583455,43724.14106583442,-43724.14106583455,13.04877178122718,13.734166183243595,1.052525506689983,0.0,28.792002
class2_2026_04_27_15_22_37.csv,169.426,background,1.1295066666666667,-49.900002,-37.40522355555556,13.990292743018593,-34.334501,-42.9110015,8.576500499999995,29.839001,-261.01574627725455,-1018.2574794557166,-757.241733178462,-42260.191222574234,42260.19122257503,-42659.87617555232,13.992984689391916,11.438179953301669,0.8174224005655173,0.0,29.839001
class2_2026_04_27_15_22_37.csv,146.77200000000002,background,0.9784800000000001,-22.155001,-34.47944544444445,13.87440955421259,-42.37744588888889,-36.54066788888889,-5.8367780000000025,29.674002,2729.411183519585,3850.6433162575936,1121.2321327380087,-2702.1943573665194,46510.974921632645,-43554.86206896176,12.18565889348201,13.425320010786997,1.1017310616036535,1.2760000000000271,29.674002
class2_2026_04_27_15_22_37.csv,141.029,background,0.9401933333333333,-49.900002,-41.56722355555556,11.865415731941447,-33.24144505555555,-40.836056944444444,7.594611888888892,28.127001,1217.7205815018804,2787.8829822298158,1570.1624007279354,-44086.2084639537,9367.536460365678,-44086.2084639537,13.407037255898057,12.872057758881537,0.9600970410611628,0.0,28.127001
class2_2026_04_27_15_22_54.csv,109.441,bend,0.7296066666666667,-16.351999,-15.839110999999999,0.7985619697037364,-14.79888888888889,-16.90488883333333,2.1059999444444415,0.9275000000000002,-89.96040624088923,-156.9583247649007,-66.99791852401148,-503.1347962382424,-65.18922836917045,-2006.269592476492,0.22541243406719796,0.41314281143748904,1.83282248969388,0.0,2.3680000000000003
class2_2026_04_27_15_22_54.csv,131.138,break,0.8742533333333333,-16.632999,-16.736889,1.8904807732166382,-12.992722111111112,-35.11694583333334,22.124223722222226,3.977500499999998,-646.4350145655916,-8089.178475289335,-7442.743460723744,-1784.549029636033,-1784.549029636033,-2847.9655172414714,3.2199449304814878,14.859082589475237,4.614699411195801,0.0,5.817001000000001
class2_2026_04_27_15_22_54.csv,127.62799999999999,connector,0.8508533333333332,-8.024,-10.941777777777778,2.9327153052637747,-16.055444555555557,-15.548500166666665,-0.5069443888888916,8.728000000000003,1180.8129686687782,-2524.135490762539,-3704.948459431317,521.9435736678661,9805.642633229098,-2692.789968652045,2.283337790271471,4.4116150639407845,1.9320895710865045,2.8709999999999845,9.070000000000002
class2_2026_04_27_15_22_54.csv,160.492,background,1.0699466666666666,-49.900002,-40.17233477777778,13.771028499842783,-29.663334000000003,-35.67744538888889,6.014111388888889,3.7499995000000013,2669.1337524363753,6791.3611551054255,4122.22740266905,-46573.66927900094,4059.561128526326,-46573.66927900094,12.618385695902486,14.26897190831163,1.1308079433756086,0.0,30.153002
class2_2026_04_27_15_22_54.csv,154.43,background,1.0295333333333334,-21.999001,-24.900111666666668,8.911864382020834,-31.01122316666667,-29.663334000000003,-1.3478891666666684,2.508999499999998,2709.8518703144837,547.8024516061151,-2162.0494187083686,-1141.0642633225289,43440.44357366338,-43758.62382444763,13.407066578660782,12.618385695902486,0.9411741696585767,0.0,29.790001
class2_2026_04_27_15_22_54.csv,144.21900000000002,background,0.9614600000000002,-23.6,-44.18789044444444,10.69006870795925,-37.57494561111111,-37.741945611111106,0.1669999999999945,26.300002,258.99827337843385,-4.882626257542348,-263.8808996359762,-7.188646122813225e-09,41222.573667709825,-41222.5736677152,13.827352660652156,13.66157038619808,0.9880104842529749,0.6379999999999997,26.300002
class2_2026_04_27_15_22_54.csv,179.636,background,1.1975733333333334,-49.900002,-34.10011211111111,14.146363264461282,-34.66772311111111,-32.608834333333334,-2.0588887777777742,3.152498999999999,2642.094859900532,3095.2440591735713,453.14919927303936,-42728.84326019183,42728.843260192414,-43479.62695924344,13.68610633221399,13.845690621200555,1.0116602394759058,0.0,29.398001
class2_2026_04_27_15_22_54.csv,157.939,background,1.0529266666666666,-49.900002,-28.580556,11.451030107519129,-27.989611888888888,-34.16250088888889,6.172889000000005,2.731000499999997,-3224.286796097394,-3772.032432733833,-547.745636636439,41493.73354231618,41493.73354231618,879.476589596743,11.781000304125946,14.116312737275152,1.198226905579862,0.0,30.012002
class2_2026_04_27_15_23_25.csv,99.55,bend,0.6636666666666666,-16.013,-15.782110999999999,0.5380914904768105,-14.817111111111112,-16.79233338888889,1.9752222777777764,1.248000000000001,-183.70120501037187,-202.48743526230095,-18.786230251929084,-594.0438871473343,-581.504702194361,-764.8918495297767,0.3203842985625731,0.3687079008994547,1.1508265284133938,0.0,1.6759999999999984
class2_2026_04_27_15_23_25.csv,131.457,break,0.8763799999999999,-17.296,-20.678222333333334,10.488719060342445,-12.812111055555556,-36.081612166666666,23.26950111111111,4.156499500000001,-1350.4119959083343,-3060.9544071458304,-1710.542411237496,-5297.807210031151,-2028.3316751629172,-48724.1426332331,3.1814413116105524,14.0194788828904,4.406642494106163,0.0,35.844002
class2_2026_04_27_15_23_25.csv,127.30900000000001,connector,0.8487266666666667,-8.653,-11.487,3.47716659876336,-16.40955561111111,-17.755055722222224,1.3455001111111144,8.6765005,504.40352894451655,-2656.7194063857733,-3161.1229353302897,4728.840125391653,9757.053291536293,-2595.6112852664683,1.4623763777446146,11.915861249136523,8.14828062200609,2.8709999999999845,8.984000000000002
class2_2026_04_27_15_23_25.csv,187.29399999999998,background,1.2486266666666666,-24.003,-34.639667444444434,13.69949763392269,-37.77550077777778,-39.790612333333335,2.0151115555555563,29.652003,2520.2610952047676,710.0533943118218,-1810.207700892946,-996.868338558932,40590.9122257008,-42065.83385580305,13.579434337732177,12.79094482415177,0.9419349557643619,1.2759999999999994,29.652003
class2_2026_04_27_15_23_25.csv,193.356,background,1.28904,-22.785999,-30.801445111111107,10.466536596797416,-39.790612333333335,-33.138500888888885,-6.652111444444451,8.378498999999998,4865.756228159502,1208.5426471062067,-3657.2135810532955,0.0,41059.56426332055,-43645.76959247465,12.79094482415177,12.092753921221714,0.9454151465787827,0.6380000000000274,27.846001
class2_2026_04_27_15_23_25.csv,160.173,background,1.06782,-49.900002,-40.941223666666666,12.673379213040679,-36.05666766666666,-31.792667555555553,-4.264000111111109,1.2970010000000016,-702.1262522041874,3559.999326790903,4262.12557899509,-1.4551915228366852e-11,1628.17488996475,-1.4551915228366852e-11,13.872077139743755,12.871245154518057,0.9278526998519211,0.0,27.497002000000002
class2_2026_04_27_15_23_25.csv,170.702,background,1.1380133333333333,-49.900002,-40.878778999999994,12.765469378089456,-33.11550083333333,-42.185556999999996,9.070056166666667,28.032002000000002,2229.7005944121734,-1056.0874008588803,-3285.7879952710537,-41029.783699063155,41029.78369906367,-41029.783699063155,13.414009445942499,12.491938025950912,0.9312604963513729,0.0,28.032002000000002
class2_2026_04_27_15_23_25.csv,184.422,background,1.22948,-23.716999,-31.827889111111112,12.796465600562213,-38.920001166666665,-37.78950094444444,-1.1305002222222242,28.270003,-1531.916937074381,-3852.79205353616,-2320.875116461779,-1537.6191222566194,43181.82131661819,-43048.59404388343,13.79187520712028,13.569659805207246,0.983887877285448,1.913999999999999,28.270003
class2_2026_04_27_15_23_51.csv,108.16499999999999,bend,0.7211,-15.678,-15.515333555555555,0.5548407584031281,-14.79611111111111,-16.513611555555556,1.7175004444444468,0.9824999999999999,-67.89189976688546,-198.0170242793587,-130.12512451247323,-618.3474190668203,-114.42006269592457,-618.3474190668203,0.19374177800157058,0.32449810956532427,1.6748913838878356,0.0,1.4570010000000018
class2_2026_04_27_15_23_51.csv,131.138,break,0.8742533333333333,-16.57,-16.52922222222222,2.224008881765727,-12.591388777777775,-30.435223111111114,17.84383433333334,3.6484999999999985,-633.430109226418,-8020.088476396724,-7386.6583671703065,-1335.6860708836612,-1335.6860708836612,-5605.015673981226,3.1238655636472,13.959207436264695,4.468567127261331,0.0,7.291999999999998
class2_2026_04_27_15_23_51.csv,127.947,connector,0.8529800000000001,-8.082,-10.036444444444445,2.036897156140034,-15.244222,-15.70355561111111,0.45933361111110926,8.8065,1700.3276731526348,-2618.081136740797,-4318.408809893432,-1978.0564263323577,9721.003134796498,-3211.5987460814904,2.902624637049257,3.881787007690432,1.3373364302110167,2.8709999999999845,6.990000000000001
class2_2026_04_27_15_23_51.csv,191.442,background,1.27628,-23.288,-31.65733411111111,12.956637185693847,-36.59505661111111,-34.891778555555554,-1.7032780555555576,5.660999499999999,746.6804195570342,1610.3420310859144,863.6616115288803,-44496.86833856141,44563.349111558746,-44496.86833856141,13.366681372835535,13.485490002475004,1.008888340900575,1.2770000000000004,29.123002
class2_2026_04_27_15_23_51.csv,175.488,background,1.16992,-23.981001,-34.59177833333333,13.725947562958575,-36.07294533333334,-40.827390111111114,4.754444777777778,29.583003,30.919829555179657,370.98716474663667,340.067335191457,-7.086782716214657e-09,46368.343260191396,-2117.5548589417376,13.88060201189305,12.89391702064429,0.9289162012339554,0.6379999999999997,29.583003
class2_2026_04_27_15_23_51.csv,185.379,background,1.23586,-49.900002,-38.34177888888889,12.978003197419218,-35.650111833333334,-36.59505661111111,0.9449447777777777,6.3675,1955.972660291139,2783.734108979983,827.761448688844,-38960.819749219714,42468.655172411025,-38960.819749219714,12.860723842958013,13.366681372835535,1.0393412141271776,0.0,28.320002000000002
class2_2026_04_27_15_23_51.csv,165.916,background,1.1061066666666666,-20.997999,-33.72233377777778,11.85124381248815,-38.947167666666665,-38.06516777777777,-0.8819998888888918,28.902003,-807.0943391578311,2734.577398885915,3541.6717380437462,-7.887138053774834e-09,35498.43416927543,-41774.299373037145,12.472690141906096,13.267374659373507,1.0637138776568764,0.6379999999999997,28.902003
class2_2026_04_27_15_23_51.csv,146.134,background,0.9742266666666666,-24.052999,-34.17344522222223,14.107473063309437,-36.99444555555556,-37.39622344444444,0.4017778888888799,30.000002000000002,69.5398653178874,-1227.3411305773384,-1296.8809958952259,-2639.4984326027843,47021.9467084599,-44382.44827586628,14.455015610531351,14.000078185268483,0.9685272983407424,1.595000000000013,30.000002000000002
class2_2026_04_27_15_24_02.csv,108.803,bend,0.7253533333333333,-16.059999,-15.731444444444444,0.6538260829087521,-14.839944444444447,-16.8079445,1.9680000555555548,1.0555000000000003,-70.16267865020758,-249.08135017271948,-178.9186715225119,-813.4796238244526,-166.1442006269608,-813.4796238244526,0.19127945589350046,0.40852506686075396,2.1357386720586296,0.0,1.6640010000000007
class2_2026_04_27_15_24_02.csv,127.62799999999999,connector,0.8508533333333332,-7.928,-10.846111111111108,2.9205816941319696,-16.011722333333335,-17.338889,1.3271666666666668,8.861500499999998,1131.532203324458,-2675.1061451165347,-3806.6383484409926,623.8244514108155,9985.893416928182,-2708.4639498432134,2.2798094044389376,9.12505186590505,4.002548566379899,2.8709999999999845,8.904999999999998
class2_2026_04_27_15_24_02.csv,131.776,break,0.8785066666666668,-18.354,-19.111,3.0878516439608235,-12.892444388888888,-33.33144516666667,20.43900077777778,3.4425004999999995,-2094.9882597012815,-2593.302370612433,-498.3141109111516,-2763.3244514107173,-2297.226834855439,-40587.7789968687,3.214545843258044,13.353485917689797,4.154080363052237,0.0,9.165999999999999
class2_2026_04_27_15_24_02.csv,147.72899999999998,background,0.9848599999999998,-49.900002,-43.61044577777778,11.79381256037612,-34.43855633333333,-34.873667555555556,0.43511122222222554,5.373502000000002,-1186.8618198815975,6814.257512916999,8001.119332798597,-41703.7664576839,47020.380877747055,-41703.7664576839,13.88173692040276,13.534006566589314,0.9749504452679253,0.0,29.999003000000002
class2_2026_04_27_15_24_02.csv,154.43,background,1.0295333333333334,-26.143,-35.1331121111111,13.28998793068969,-33.420445277777766,-38.494334611111114,5.073889333333348,6.494,1467.4058349007885,1249.9264927600243,-217.47934214076417,-6.490154191851616e-09,39885.58463949393,-44271.16144201015,13.243778185063883,12.81849911544657,0.9678883146815875,0.0,29.295002
class2_2026_04_27_15_24_02.csv,141.029,background,0.9401933333333333,-49.900002,-40.68166811111111,13.042493310060145,-35.05927877777778,-37.58333444444444,2.524055666666662,17.025001500000002,-1699.8006393988744,1879.1590845248,3578.9597239236746,1.4551915228366852e-11,1.4551915228366852e-11,-42931.03761755861,13.346706639403038,13.810588556089627,1.0347562057414885,0.0,28.580002
class2_2026_04_27_15_24_02.csv,181.231,background,1.2082066666666667,-49.900002,-43.91000144444445,11.206329964642554,-43.84089049999999,-41.1111125,-2.729777999999996,27.036002,3384.9028965197417,2261.458671163169,-1123.4442253565726,-42122.26175548226,42376.178683389284,-42122.26175548226,11.360753062496034,12.489687241352003,1.0993713245305423,0.0,27.036002
class2_2026_04_27_15_24_02.csv,171.659,background,1.1443933333333334,-49.900002,-33.78222288888889,14.427528278186744,-35.697000833333334,-42.13566811111111,6.438667277777775,30.031003000000002,3920.411057465712,-2854.202677680759,-6774.613735146471,-45956.115987456855,47070.5376175585,-45956.115987456855,14.240369366671066,12.529157910852387,0.879833711360226,0.0,30.031003000000002
class2_2026_04_27_15_24_13.csv,107.526,bend,0.7168399999999999,-16.320999,-16.387,0.5074642831442534,-15.061500055555557,-16.902722333333333,1.841222277777776,1.1485004999999973,-324.1093761454239,-21.908717843700472,302.2006583017234,-581.5015673981179,-526.6442006269644,-704.9528302850013,0.5104631444417762,0.20976381112389753,0.41092761050492016,0.0,1.779
class2_2026_04_27_15_24_13.csv,131.776,break,0.8785066666666668,-18.49,-18.16688877777778,2.0901991779272975,-12.935666611111111,-27.634166999999998,14.698500388888887,2.9154999999999998,-2047.465660148917,-983.5213670606669,1063.94429308825,-1584.64263322869,-1584.64263322869,-4680.250783698706,3.198149333263226,12.00976036731981,3.7552207106742466,0.0,7.402998999999999
class2_2026_04_27_15_24_13.csv,127.62799999999999,connector,0.8508533333333332,-7.985,-10.937555555555555,2.985390468081786,-16.144166666666663,-15.229277722222223,-0.9148889444444404,8.927000499999998,1194.7304989771874,-2505.532972426247,-3700.2634714034343,669.2789968653651,9926.518217630626,-2810.344827586139,2.3059621758005195,4.018305476729599,1.7425713987538574,2.8709999999999845,9.327000000000002
class2_2026_04_27_15_24_13.csv,191.442,background,1.27628,-19.841,-38.03677888888889,13.473710919045326,-34.647834277777775,-36.517945555555556,1.8701112777777809,8.598500999999999,-2620.2078519975603,3239.164873576153,5859.372725573713,11463.951410656751,46985.30397407006,-47114.423197488635,13.763044416737662,13.448491387844468,0.9771450271819452,0.9570000000000134,30.059002
class2_2026_04_27_15_24_13.csv,183.784,background,1.2252266666666667,-49.900002,-40.42000122222222,13.461392554503629,-36.59744522222222,-34.02938983333333,-2.5680553888888866,5.5919995,-1473.02749759692,3524.852670088819,4997.880167685739,-1.4551915228366852e-11,39967.08934168935,-46338.5611285309,13.342469106974065,14.222185848100876,1.0659334991252474,0.0,30.257002
class2_2026_04_27_15_24_13.csv,166.873,background,1.1124866666666666,-21.024,-37.47677866666667,13.909382552703711,-38.278278833333324,-33.52050083333333,-4.757777999999995,8.0324995,-1507.5244948569818,910.233536392443,2417.7580312494247,44840.12852664977,44840.12852664977,-45260.19122257443,13.168336959912967,13.16759755776998,0.9999437740628134,0.9569999999999856,28.876002
class2_2026_04_27_15_24_13.csv,188.889,background,1.25926,-22.011,-34.57188966666667,13.720454841207205,-34.162167555555556,-39.41011238888889,5.247944833333335,28.571002,3524.852670088819,-1170.0028648162418,-4694.855534905061,-41813.48275862469,44782.134796241706,-43713.16927900069,14.120153332879863,13.271539946702752,0.9399004879004016,1.5949999999999853,28.571002
class2_2026_04_27_15_24_13.csv,143.581,background,0.9572066666666665,-49.900002,-35.17611222222222,13.29490028728089,-31.50783416666667,-38.563778944444444,7.055944777777775,5.632500500000003,-3573.1485110333383,-657.0511815359923,2916.097329497346,36401.25548589028,44600.31661441632,-45199.371975616974,13.07910760241313,12.786461813584234,0.9776248674336337,0.0,28.941002
class2_2026_04_27_15_24_39.csv,105.612,bend,0.7040799999999999,-16.021999,-15.759221777777778,0.7192835010029508,-14.793722222222224,-16.62444422222222,1.8307219999999962,1.1264995000000013,-81.85709074165925,-66.44921246812994,15.407878273529306,-1258.6191222570524,-164.57680250783596,-1258.6191222570524,0.19242684195863344,0.2292099384612174,1.1911474770396846,0.0,1.930999
class2_2026_04_27_15_24_39.csv,131.457,break,0.8763799999999999,-17.052999,-17.39188866666667,2.060761777823542,-12.628,-29.192167111111115,16.564167111111114,4.091499499999998,-1482.9376647142071,-2139.051972146166,-656.1143074319589,-2249.217868338328,-1209.1315081207576,-47305.64576802112,3.189371608622788,12.923802966764152,4.052145845807842,0.0,6.3870000000000005
class2_2026_04_27_15_24_39.csv,127.947,connector,0.8529800000000001,-8.075,-10.011888888888889,2.0064879457757057,-15.221777722222223,-19.310833499999998,4.089055777777775,8.8855005,1692.8599136350513,-2611.247062844945,-4304.106976479996,-2014.1065830721654,9510.971786834085,-3221.003134796216,2.900037865161569,11.537360455751784,3.9783468402272626,2.8709999999999845,6.86
class2_2026_04_27_15_24_39.csv,190.48399999999998,background,1.269893333333333,-49.900002,-43.43011255555555,12.109659917107546,-38.075723277777776,-31.668389666666673,-6.407333611111103,6.423999499999997,166.18956758384533,2608.42827409304,2442.2387065091943,1.4551915228366852e-11,46858.93730407933,-44409.09561128143,13.523012501751905,12.964776468109674,0.9587194796803308,0.0,29.896002
class2_2026_04_27_15_24_39.csv,166.23499999999999,background,1.1082333333333332,-24.910999,-40.69422344444444,13.06351304656803,-42.344001388888884,-37.02966766666666,-5.314333722222223,29.157002000000002,-2226.043252388954,3689.0284905369085,5915.071742925862,6.8248482421040535e-09,39167.71630094386,-39167.716300937056,12.21167709879455,13.045180585207243,1.0682545412407303,0.6379999999999997,29.157002000000002
class2_2026_04_27_15_24_39.csv,139.11399999999998,background,0.9274266666666665,-22.174,-37.70411233333333,13.656864627946277,-34.46616744444444,-36.284000999999996,1.8178335555555591,3.6104994999999995,-4754.323913718571,-667.6495217272083,4086.674391991363,45457.68181818545,45457.68181818545,-43457.6833855841,13.836998331866472,13.637151777132818,0.985557016377575,0.9569999999999856,29.002001
class2_2026_04_27_15_24_39.csv,174.21200000000002,background,1.1614133333333334,-24.822001,-37.98277877777778,13.343468357296555,-40.14600127777777,-37.80155661111112,-2.3444446666666536,28.069003000000002,-3599.1442779422805,-610.3174870679193,2988.826790874361,-100.31504702141683,42454.55015674352,-42354.23510971421,12.374706534096116,13.565191873921194,1.0962030283580382,1.2759999999999994,28.069003000000002
class2_2026_04_27_15_24_39.csv,164.64000000000001,background,1.0976000000000001,-25.712999,-40.91800122222222,12.75356926065977,-42.29511255555556,-38.454167722222216,-3.840944833333346,28.706002,-1527.941574593964,507.7130518279292,2035.6546264218932,44993.73354231709,44993.73354231709,-44993.733542315866,12.267249459054277,12.984147704351924,1.058439928954782,0.9570000000000134,28.706002
class2_2026_04_27_15_24_51.csv,107.526,bend,0.7168399999999999,-15.677,-15.559222111111113,0.5663986054205299,-14.824555555555557,-16.237166499999997,1.41261094444444,0.7970000000000006,-58.648953874280465,-70.01838404317982,-11.369430168899356,-1119.1222570532918,-241.37931034482608,-1119.1222570532918,0.15800289105028087,0.1667475605362956,1.0553383174799935,0.0,1.532
class2_2026_04_27_15_24_51.csv,127.947,connector,0.8529800000000001,-7.666,-9.637333333333334,2.010438094877167,-14.9647775,-16.976555500000003,2.011778000000003,9.008000000000003,1673.5252390616954,-4869.439313103775,-6542.96455216547,-1973.3542319750013,9697.661278260586,-3206.8965517241195,2.952074760993364,8.803682113611966,2.9822006026869565,2.8709999999999845,6.865
class2_2026_04_27_15_24_51.csv,131.776,break,0.8785066666666668,-16.997999,-20.853444333333336,10.409895053196678,-12.286166555555557,-32.475611944444445,20.18944538888889,3.4540000000000006,-2099.713111860232,-2661.418974954114,-561.7058630938823,-2819.747648903096,-1057.992163009516,-48605.02037617994,3.2425117312960783,14.013041900064751,4.321661335301385,0.0,35.600002
class2_2026_04_27_15_24_51.csv,143.262,background,0.95508,-21.177,-40.79855688888889,12.915146235920474,-32.882611833333335,-45.07411277777778,12.191500944444442,28.723002,-2411.521769739064,-391.426285773711,2020.095483965353,-7.843482308089733e-09,44645.7711598775,-45020.37931034877,13.630195049778086,10.796804196842292,0.7921239105741311,0.6379999999999997,28.723002
class2_2026_04_27_15_24_51.csv,181.54999999999998,background,1.2103333333333333,-49.900002,-37.2837788888889,14.118537592981982,-35.690556666666666,-37.916779,2.2262223333333324,29.935002,3072.1296414984295,1894.4845210606863,-1177.6451204377431,-43860.07054518371,43791.53918495737,-43860.07054518371,14.230518141422209,13.548618289890724,0.9520818007583007,0.0,29.935002
class2_2026_04_27_15_24_51.csv,158.577,background,1.05718,-49.900002,-38.79211222222222,12.620962093942836,-36.87077877777777,-33.736945444444444,-3.133833333333328,7.074501499999997,2999.558464248557,-1083.4507503550528,-4083.0092146036095,-45644.9927149142,4266.459247641342,-45644.9927149142,13.139652879714756,13.131553398598653,0.9993835087902423,0.0,29.076003
class2_2026_04_27_15_24_51.csv,161.768,background,1.0784533333333333,-49.900002,-34.541112444444444,13.928282875016201,-33.56505655555556,-38.293556555555554,4.728499999999997,9.156500000000001,4268.666573680453,15.588802620553377,-4253.0777710599,-46333.85736677521,4057.9921630099125,-46333.85736677521,13.221365660837806,13.065219841596557,0.9881898125022308,0.0,29.884001
class2_2026_04_27_15_24_51.csv,170.383,background,1.1358866666666667,-20.395,-33.82000088888889,14.387194245755923,-39.58616783333334,-35.86983427777778,-3.7163335555555648,29.505002,-657.34615720335,169.29910035056338,826.6452575539133,-203.76018808785375,46246.084639502435,-46246.084639494526,13.022298365762692,14.072808249105574,1.0806699995013789,1.2759999999999994,29.505002
class2_2026_04_27_15_25_04.csv,104.655,bend,0.6977,-15.539,-15.51599988888889,0.6484213436410079,-14.754666666666667,-16.57133327777778,1.8166666111111116,0.8659999999999997,-66.03272519872428,-174.0346698882588,-108.00194468953453,-1575.2335423197474,229.78602194847917,-1575.2335423197474,0.15501863687240244,0.3560968167876707,2.297107798547974,0.0,1.705999000000002
class2_2026_04_27_15_25_04.csv,131.457,break,0.8763799999999999,-17.296,-17.212000222222223,1.9351244567498767,-12.6795555,-32.6022786111111,19.922723111111104,3.5920000000000005,-1371.9700736885227,-4158.233407767064,-2786.2633340785414,-3669.282131661337,-2243.170176740099,-49789.97021943191,3.157407305453484,13.919828751131323,4.40862486080402,0.0,5.992001
class2_2026_04_27_15_25_04.csv,127.947,connector,0.8529800000000001,-8.137,-10.112222222222222,2.0678315952158286,-15.346111111111112,-19.203222555555556,3.8571114444444436,8.8749995,1674.7745762962497,-2494.4222487924167,-4169.196825088667,-1981.1912225706055,9915.360501567651,-3260.1880877742806,2.9052361184380504,11.517801508699609,3.964496197436701,2.8709999999999845,7.103
class2_2026_04_27_15_25_04.csv,176.445,background,1.1763,-49.900002,-40.083557,13.890787971529045,-39.1127236111111,-36.09388988888889,-3.0188337222222117,30.577002,-2613.3531468698875,3118.8043732723504,5732.157520142238,1.4551915228366852e-11,44843.26175548981,-45706.89968651603,13.571719315336523,13.86138350761207,1.0213431448294892,0.0,30.577002
class2_2026_04_27_15_25_04.csv,153.15300000000002,background,1.02102,-22.358999,-31.25444488888889,13.218504121120342,-39.11483455555555,-31.910722888888888,-7.204111666666659,5.7989999999999995,4931.720539613722,2792.9082300180876,-2138.812309595635,1753.9184952978394,46009.40752350786,-44345.15450767625,13.534736882767312,12.831524986886784,0.9480438482095858,1.2759999999999994,29.372002000000002
class2_2026_04_27_15_25_04.csv,139.433,background,0.9295533333333332,-20.841,-35.08366733333334,13.425050788813568,-36.543278666666666,-37.94027883333334,1.3970001666666718,29.206002,-33.82562259122781,-1339.5943935394137,-1305.7687709481859,8457.68025078289,45547.02507837235,-44962.16438183042,13.433231117353564,13.455981302236685,1.001693500468419,1.5959999999999863,29.206002
class2_2026_04_27_15_25_04.csv,169.107,background,1.12738,-21.721001,-34.18722322222223,14.0602345659253,-36.29427888888889,-39.07489016666666,2.7806112777777727,29.291003,975.3631673486117,980.986428126284,5.623260777672272,-7.697963155806065e-09,44429.36072356576,-44167.71316614807,13.636207612178888,13.622205710809316,0.9989731088920814,0.6379999999999997,29.291003
class2_2026_04_27_15_25_04.csv,188.889,background,1.25926,-49.900002,-33.136556222222225,11.929281800117659,-30.582334000000003,-31.9752785,1.3929444999999987,2.536999999999999,1683.5867801480533,2096.400147923923,412.8133677758699,-3315.0470219371055,39347.965517237106,-3315.0470219371055,12.126494040163138,12.770316681873178,1.0530921457171007,0.0,28.272002
class2_2026_04_27_15_25_30.csv,98.912,bend,0.6594133333333334,-16.063999,-15.816444444444446,0.6971163080247261,-14.818833333333332,-16.93472238888889,2.1158890555555576,1.0680000000000014,-109.89320381363265,-216.8093116103617,-106.91610779672905,-717.5762242231722,-275.8620689655145,-763.326018808777,0.2559451438622478,0.3978731358935825,1.5545189698490667,0.0,2.045999000000002
class2_2026_04_27_15_25_30.csv,131.457,break,0.8763799999999999,-17.908001,-20.85666711111111,10.417429607306481,-13.029499944444444,-30.71344522222222,17.683945277777774,3.479499500000001,-1330.4331820546865,-1998.3503104116485,-667.9171283569619,-3112.85266457696,-1348.5265267874493,-50144.20219436166,3.096038977279436,13.665098730907344,4.413734587146768,0.0,35.585002
class2_2026_04_27_15_25_30.csv,127.62799999999999,connector,0.8508533333333332,-8.137,-11.090444333333332,2.9532396877386478,-16.2110555,-18.738389222222224,2.527333722222224,8.691499999999998,1151.2544722238028,-4594.07204536331,-5745.326517587113,633.2288401255555,9826.018808777686,-2791.5360501566956,2.2774868214347403,11.6126349016901,5.098879033467029,2.8709999999999845,9.124998999999999
class2_2026_04_27_15_25_30.csv,142.624,background,0.9508266666666666,-49.900002,-37.846779,13.506268667212982,-36.464612333333335,-36.01638994444444,-0.4482223888888939,19.648501500000002,135.01162671279224,4128.851276719929,3993.8396500071367,39741.38244514453,45454.548589345664,-43354.23510972167,13.626961696889536,13.949378114854,1.0236601086490138,0.0,29.000002000000002
class2_2026_04_27_15_25_30.csv,122.52300000000001,background,0.8168200000000001,-17.43,-17.236777888888888,0.4088274909220932,-17.132888444444443,-14.75016661111111,-2.382721833333333,0.5515004999999995,-26.808081689294117,1151.2544722238028,1178.062553913097,340.1253918494949,818.1802507836946,-1087.7742946708458,0.3182648985782518,3.5000221477580067,10.99716357735216,0.0,1.301000000000002
class2_2026_04_27_15_25_30.csv,167.192,background,1.1146133333333335,-25.634001,-38.96666755555556,12.33390660230457,-32.3121115,-36.30838983333334,3.9962783333333363,4.482500000000002,836.4978030748476,3502.397460727484,2665.8996576526365,-6.6356733441352844e-09,7275.862068964307,-38034.48432602214,12.644681289683845,13.632455345674526,1.0781176650675166,0.0,28.527003
class2_2026_04_27_15_25_30.csv,142.94299999999998,background,0.9529533333333332,-24.545,-37.846779,13.506268667212982,-36.46461233333333,-36.32638994444444,-0.1382223888888845,19.648501500000002,-2259.8114468595018,3602.285690261148,5862.09713712065,43354.23510972105,43354.23510972105,-43354.23510972167,13.626961696889538,13.751603107478495,1.0091466024646423,0.9569999999999856,29.000002000000002
class2_2026_04_27_15_25_30.csv,141.029,background,0.9401933333333333,-49.900002,-35.42322344444445,13.260419441525439,-33.43211211111112,-36.132278888888884,2.700166777777767,4.697999500000002,2335.5996729921794,-1056.5849599381834,-3392.1846329303626,-29315.04858934426,45786.83699059166,-45454.548589344995,13.379295982432861,13.83408756132237,1.0339921132991259,0.0,29.212002000000002
class2_2026_04_27_15_25_54.csv,103.378,bend,0.6891866666666666,-15.872,-15.740555555555558,0.7181260852017114,-14.802833333333332,-16.7635,1.9606666666666683,1.131000499999999,-84.95845644763382,-138.09296958575044,-53.13451313811662,-1515.7095327976203,-225.70532915359945,-1515.7095327976203,0.20380907459897069,0.25822683546878367,1.2669974042102028,0.0,1.8569999999999975
class2_2026_04_27_15_25_54.csv,131.457,break,0.8763799999999999,-17.815001,-17.738555777777783,2.3674099190654547,-12.88333338888889,-33.864001055555555,20.980667666666665,3.718001000000001,-1413.3225717365187,-5774.905832276687,-4361.583260540168,-2155.172413793196,-2155.172413793196,-3796.2366771162233,3.150949789484437,14.407852721654603,4.572541332520155,0.0,8.181000999999998
class2_2026_04_27_15_25_54.csv,127.62799999999999,connector,0.8508533333333332,-7.997,-10.93377788888889,3.0180645496005645,-16.00144427777778,-15.368055722222222,-0.6333885555555572,8.7659995,1146.551746052883,-2590.649137828789,-3737.200883881672,636.3636363637888,10222.420780182405,-2727.2727272726825,2.2703959044027204,4.153231014912216,1.8292973386540174,2.8709999999999845,9.474001000000001
class2_2026_04_27_15_25_54.csv,184.74099999999999,background,1.2316066666666665,-23.018,-31.945667444444446,12.73550731045849,-33.40111188888889,-42.229668222222216,8.828556333333324,29.330002,2854.792545507817,-3862.71048467742,-6717.503030185237,-5387.1473354234,42134.79937303644,-42134.79937304418,13.201243700034663,12.380951189635987,0.9378624115348364,1.2759999999999994,29.330002
class2_2026_04_27_15_25_54.csv,190.48399999999998,background,1.269893333333333,-20.732,-40.830890333333336,12.862852114224918,-42.356668222222225,-33.72900088888888,-8.627667333333342,29.168002,-3692.62685404491,-1300.437233144799,2392.189620900111,39242.948275866635,45717.87147335823,-45544.14901137981,12.169705733159871,13.09071419806171,1.0756803335607332,0.9579999999999866,29.168002
class2_2026_04_27_15_25_54.csv,165.27800000000002,background,1.1018533333333336,-25.298,-30.967334,13.48037487509573,-31.808500611111114,-42.20633483333333,10.397834222222215,30.091002,202.20187035778483,-289.16900828097636,-491.37087863876116,-951.4122257039307,38561.13166144688,-46126.96081505049,12.89167622396332,12.422924426518936,0.9636391146550695,1.5949999999999853,30.091002
class2_2026_04_27_15_25_54.csv,178.679,background,1.1911933333333333,-23.826,-31.31922288888889,13.169445652430557,-29.82111155555556,-33.40111188888889,3.580000333333331,3.563998999999999,1499.3606383873575,1674.8618595988735,175.50122121151594,738.242946708895,45678.10074949241,-40868.34169278593,12.542499525152305,13.201243700034663,1.0525208807893878,0.0,29.279002000000002
class2_2026_04_27_15_25_54.csv,180.59300000000002,background,1.2039533333333334,-24.618,-38.09866755555556,13.215218962298094,-29.752055944444447,-33.44922311111111,3.697167166666663,1.7135010000000008,-2305.3855354735692,3060.6031890525715,5365.988724526141,-43788.40595611597,39626.96238244934,-43788.40595611597,12.525829421101758,13.156075375772252,1.0503156224763148,0.0,27.937003
class2_2026_04_27_15_26_06.csv,104.655,bend,0.6977,-15.819,-15.949666555555556,0.6512541085676519,-14.896777777777778,-16.85105533333333,1.954277555555553,1.3719994999999976,-182.70098646369698,-116.00257292717642,66.69841353652056,-973.3557993730465,-203.76175548589526,-1194.3557993730392,0.372555224177206,0.35498373960428736,0.9528326640851925,0.0,1.9450010000000013
class2_2026_04_27_15_26_06.csv,127.62799999999999,connector,0.8508533333333332,-7.963,-10.890444444444446,2.908184164698389,-15.9495,-15.34261111111111,-0.606888888888891,8.7465005,1172.2090159350853,-2651.9691038746373,-3824.1781198097224,626.9592476490707,9559.56112852689,-2684.9529780564353,2.241451557659406,4.14170669335306,1.84777798628848,2.8709999999999845,9.050999999999998
class2_2026_04_27_15_26_06.csv,131.776,break,0.8785066666666668,-18.757,-18.572111111111113,2.218090485552604,-12.890777833333335,-33.929834111111106,21.03905627777777,2.8569999999999993,-2061.6427507373587,-4931.665590899888,-2870.0228401625295,-4568.967084639498,-1752.299065202722,-4568.967084639498,3.1628596112059073,14.343298169820349,4.534913147611542,0.0,6.782
class2_2026_04_27_15_26_06.csv,188.889,background,1.25926,-49.900002,-40.60711222222223,13.173867635945378,-35.25433427777777,-36.937390055555554,1.6830557777777813,17.951002000000003,-230.52160952595932,93.94034649832855,324.4619560242879,-6021.945141058277,46471.79153605422,-40449.846394980836,14.681945493565848,13.02050033405326,0.8868374734752853,0.0,29.649003
class2_2026_04_27_15_26_06.csv,141.986,background,0.9465733333333333,-23.014,-34.802223222222224,13.601486982636876,-37.59333455555556,-40.500056944444445,2.9067223888888876,30.033001000000002,4073.0185459813197,-155.06149233115016,-4228.08003831247,-7.34871719032526e-09,47073.66927899972,-7695.924764897591,13.786014540362093,13.341469299730408,0.9677538271061598,0.6379999999999997,30.033001000000002
class2_2026_04_27_15_26_06.csv,182.827,background,1.2188466666666666,-23.127001,-32.00155644444445,12.736828453649851,-34.56244533333333,-35.25433427777777,0.6918889444444432,4.780998999999998,3724.873558911613,1971.2033868915473,-1753.6701720200658,2152.0360501561117,5780.5642633227835,-46655.1739811953,13.773821451253587,14.681945493565848,1.065931083802348,0.0,29.766001
class2_2026_04_27_15_26_06.csv,184.74099999999999,background,1.2316066666666665,-19.603001,-40.35789011111111,13.543523755267053,-32.859611944444445,-37.50122327777777,4.641611333333323,6.1604995,115.1274498541225,-639.3636727381686,-754.491122592291,-6159.874608149788,47487.46238244118,-47487.46238244809,13.66782627178689,13.956213853729759,1.0210996653826725,0.9570000000000134,30.297001
class2_2026_04_27_15_26_06.csv,142.624,background,0.9508266666666666,-20.656,-37.62255677777778,13.806490455418292,-37.680945666666666,-40.54661244444444,2.8656667777777756,30.033001000000002,1557.1511107957895,-1323.9156582064957,-2881.066769002285,-7.989001460373402e-09,3695.9247648826313,-38141.06896552058,13.687722055868793,13.273430194842591,0.9697325216666648,0.6379999999999997,30.033001000000002
class2_2026_04_27_15_26_18.csv,104.017,bend,0.6934466666666667,-16.296,-15.84333333333333,0.6793470296298413,-14.804222222222222,-16.62794444444444,1.8237222222222194,1.0869994999999992,-137.24451005612175,-56.95831366163083,80.28619639449093,-858.9341692789931,-103.44827586207248,-858.9341692789931,0.2534351890754881,0.23332814713979833,0.9206583637126092,0.0,1.797998999999999
class2_2026_04_27_15_26_18.csv,132.41400000000002,break,0.8827600000000001,-20.201,-25.99111166666667,12.919102080518797,-12.813388944444446,-37.37283433333334,24.55944538888889,3.036998999999998,-2526.262137485192,-1481.6370093339465,1044.6251281512455,-4225.703761755292,-951.410658307137,-46550.159874604295,3.419696048570861,14.02442807474798,4.101073245832985,0.0,33.644001
class2_2026_04_27_15_26_18.csv,127.947,connector,0.8529800000000001,-8.114,-10.030111111111111,1.9939364441250067,-15.360944388888889,-19.168500277777778,3.8075558888888885,8.923499499999998,1714.7819488757268,-2607.666203842277,-4322.448152718003,-2021.9435736677733,9462.382445141298,-3141.0658307209887,2.966543763880623,11.50707948018429,3.8789502252888797,2.8709999999999845,6.8389999999999995
class2_2026_04_27_15_26_18.csv,182.827,background,1.2188466666666666,-49.900002,-35.69366744444445,12.776183528349753,-34.76016744444444,-40.82805683333333,6.0678893888888865,28.649003,2638.526913680757,-2557.6331544972,-5196.160068177956,-3876.17868339306,36647.795362550416,-3876.17868339306,13.61196687875407,12.87036054713376,0.9455179928261637,0.0,28.649003
class2_2026_04_27_15_26_18.csv,173.255,background,1.1550333333333334,-49.900002,-36.88700111111112,14.57329166374041,-34.302278611111106,-38.888834499999994,4.586555888888888,31.219002,4498.244993635789,996.5638344317817,-3501.681159204007,275.86050155971316,4578.368338558845,-44275.86520376563,14.013264232998045,13.82291013880584,0.9864160785493475,0.0,31.219002
class2_2026_04_27_15_26_18.csv,189.84599999999998,background,1.2656399999999999,-22.249001,-40.81744588888889,12.87577969620426,-43.651168111111105,-41.00389011111111,-2.647277999999993,28.911002,-1270.951932827565,-780.3429840841274,490.60894874343774,45315.05015674344,45315.05015674344,-45315.050156743775,11.709111548456029,12.60470047691797,1.0764864053322327,0.9569999999999856,28.911002
class2_2026_04_27_15_26_18.csv,162.406,background,1.0827066666666667,-49.900002,-44.104668222222216,10.845064664882464,-38.09388988888889,-39.72927888888889,1.6353890000000035,26.619002000000002,524.5501690568307,2841.4364250290214,2316.8862559721906,-40029.78369906306,-6.970367394387722e-09,-40029.78369906306,13.234781931926783,12.809404094045783,0.9678590242039528,0.0,26.619002000000002
class2_2026_04_27_15_26_18.csv,178.041,background,1.1869399999999999,-49.900002,-37.55989,13.823417499587519,-37.167723277777775,-33.45227855555555,-3.715444722222223,5.976998999999999,2916.9275657467747,-106.5981796864299,-3023.5257454332045,-946.7100313406045,42816.12119250187,-41802.510971783224,14.25043017314778,13.207634068517082,0.9268234699736209,0.0,29.964001
class2_2026_04_27_15_26_42.csv,101.464,bend,0.6764266666666666,-15.612,-15.495000000000001,0.7925922308756531,-14.710722222222223,-16.583333166666666,1.8726109444444425,0.8480000000000008,-17.535729479876682,-146.49874581509275,-128.96301633521605,-1103.4482758620725,335.42319749216404,-1195.924764890282,0.13212401815279276,0.31244694589717487,2.364782614719138,0.0,2.2490000000000006
class2_2026_04_27_15_26_42.csv,131.138,break,0.8742533333333333,-16.815001,-16.687999666666666,2.074486587621782,-12.781166666666667,-28.94805605555555,16.166889388888883,4.004000500000002,-620.8536852308688,-4413.524998147002,-3792.6713129161335,-2471.948726611703,-2111.285266457682,-2882.4420062695826,3.1559317543494534,13.101918683526783,4.151520232954881,0.0,6.215998999999998
class2_2026_04_27_15_26_42.csv,127.62799999999999,connector,0.8508533333333332,-7.855,-10.749333333333334,2.878151490106106,-15.98866661111111,-15.36383322222222,-0.6248333888888897,8.799499999999998,1196.9880141309684,-2613.662017395615,-3810.650031526583,592.4764890283695,9827.58620689681,-2752.351097178622,2.31490671111941,4.308854159656093,1.8613502987436499,2.8709999999999845,8.800999999999998
class2_2026_04_27_15_26_42.csv,174.21200000000002,background,1.1614133333333334,-31.042,-38.93277877777778,12.465560142352956,-37.84355672222222,-35.359111944444436,-2.4844447777777816,16.514002000000005,3689.935761729275,4070.677924893555,380.7421631642801,-41498.43573667868,41498.435736680745,-41498.43573667868,13.603280251393473,13.137557219848896,0.9657638460208364,0.9569999999999856,26.999003000000002
class2_2026_04_27_15_26_42.csv,178.998,background,1.19332,-27.129999,-32.64411144444445,12.465159883951378,-37.29188994444444,-36.20777872222222,-1.0841112222222193,20.647002,2842.163865055609,809.389582964224,-2032.7742820913852,-40863.63949842996,40863.63949843675,-47141.07053291948,12.781726978333863,13.837120933450255,1.0825704440671382,1.2759999999999994,30.076003
class2_2026_04_27_15_26_42.csv,171.659,background,1.1443933333333334,-21.289,-31.522223000000004,13.227264279142254,-39.604612333333336,-36.68911222222222,-2.9155001111111147,30.181002,60.45733489806842,-501.3639129340175,-561.8212478320859,14114.42163009325,46369.9090909051,-45217.86990595958,13.0205834407528,13.378025554425168,1.027452002273694,1.595000000000013,30.181002
class2_2026_04_27_15_26_42.csv,177.72199999999998,background,1.1848133333333333,-28.93,-32.987445,12.15025249610426,-36.68911222222222,-36.44200088888889,-0.24711133333332924,18.709002,279.87802530738094,-2998.079245590734,-3277.957270898115,5.73345459997654e-09,2238.2429467158654,-40863.63949842996,13.378025554425168,13.642734915359869,1.019786801876779,0.6379999999999997,28.138003
class2_2026_04_27_15_26_42.csv,183.784,background,1.2252266666666667,-22.528,-32.53900077777777,12.481923315677177,-36.44200088888889,-39.54772338888889,3.105722499999999,28.575001,-1269.1473184143135,-1994.2391906948124,-725.0918722804988,-7.479684427380562e-09,44788.40282131828,-2592.4749216373384,13.642734915359869,12.995538407863934,0.9525610177085319,0.6379999999999997,28.575001
class2_2026_04_27_15_26_56.csv,101.145,bend,0.6743,-16.191,-15.834333333333335,0.8259376823413094,-14.779777777777777,-17.137222277777777,2.3574444999999997,1.0935000000000024,-97.37524076599153,-311.28205914006196,-213.90681837407044,-854.2319749216294,271.15987460815086,-1034.4827586206884,0.21020190176630874,0.5287056634773062,2.5152158178343806,0.0,2.2499990000000025
class2_2026_04_27_15_26_56.csv,127.30900000000001,connector,0.8487266666666667,-8.96,-11.713777666666667,3.365233849644066,-16.71666672222222,-15.513944611111112,-1.2027221111111093,8.728499999999999,715.8485850329932,-2946.4985514752993,-3662.3471365082924,4636.363636363449,9981.191222570813,-2601.880877742962,1.4445333123859994,5.391016810103742,3.7320102152500403,2.8709999999999845,8.764999999999999
class2_2026_04_27_15_26_56.csv,131.138,break,0.8742533333333333,-16.377001,-17.687333555555558,3.269267423728445,-13.044166611111113,-25.45222238888889,12.40805577777778,3.8859999999999992,-601.5561540590396,-3626.0275467078714,-3024.4713926488316,-2708.482796656106,-1487.1402796942457,-8684.9545454551,3.0922975939361033,9.208136360064616,2.9777643006795884,0.0,10.027000999999998
class2_2026_04_27_15_26_56.csv,145.815,background,0.9721,-23.445999,-25.500333666666663,8.998257150038716,-30.356944999999996,-35.91133444444444,5.554389444444446,3.573999999999998,3547.0588824488627,-1080.2381411399801,-4627.297023588842,-43633.23197492508,32869.90752351644,-43633.23197492508,12.466837649717787,13.998777608004609,1.1228811089426831,0.0,30.418002
class2_2026_04_27_15_26_56.csv,194.31300000000002,background,1.29542,-21.051001,-32.85833411111111,12.615205423462157,-34.26644527777777,-37.79805976470588,3.531614486928113,11.625000000000004,-1050.624749617342,-326.03553622200826,724.5892133953339,-17670.846394985943,45217.86990596002,-45217.86990595533,14.013574768644737,13.112698043798702,0.9357139291413586,0.9569999999999856,28.977002000000002
class2_2026_04_27_15_26_56.csv,192.08,background,1.2805333333333335,-49.900002,-31.570334222222225,12.990900253368268,-39.02766783333333,-35.20350094444444,-3.8241668888888896,28.977002000000002,4718.837632169702,-2545.7816488456506,-7264.619281015353,-40673.98275861718,40673.982758617036,-45418.49843259993,13.658147262352697,13.43748494588308,0.9838438335687237,0.0,28.977002000000002
class2_2026_04_27_15_26_56.csv,193.675,background,1.2911666666666668,-49.900002,-32.09133411111111,13.050342539665134,-34.280389722222225,-36.889001,2.6086112777777757,9.674000000000003,2364.789133428468,-3068.399282999235,-5433.1884164277035,484.3260188165441,45418.498432598186,-45217.86990595533,14.000758498798351,13.282778069256157,0.9487183941982708,0.0,28.977002000000002
class2_2026_04_27_15_26_56.csv,153.15300000000002,background,1.02102,-23.431,-34.77122311111111,13.55570725165854,-35.90272333333334,-40.95216794444444,5.049444611111099,28.260003,4440.9227609588115,129.19784238442685,-4311.724918574385,-44123.82601881219,44123.82601880505,-44123.82601881219,14.007154635130497,12.685188077588661,0.9056219840788883,1.2759999999999994,28.260003
class2_2026_04_27_15_27_06.csv,101.145,bend,0.6743,-15.986,-15.934555666666666,0.6340537741926946,-14.86211111111111,-16.7131665,1.8510553888888897,1.3399994999999993,-186.51307735318815,-81.77866005043639,104.73441730275177,-807.2100313479605,-744.5141065830721,-807.2100313479605,0.3427089612174819,0.2302982854435741,0.6719918050395626,0.0,1.9210010000000022
class2_2026_04_27_15_27_06.csv,131.776,break,0.8785066666666668,-18.396999,-18.151666666666667,2.055746684351617,-12.750611111111112,-32.740723055555556,19.990111944444443,3.371000500000001,-2071.8946406788777,-3931.853273109255,-1859.9586324303773,-2423.1959247648374,-2273.535246221403,-10728.841692790906,3.2148723854902492,13.797383746198374,4.291734725376861,0.0,6.8650009999999995
class2_2026_04_27_15_27_06.csv,127.62799999999999,connector,0.8508533333333332,-7.804,-10.764666666666665,3.039181432191533,-15.890221888888886,-15.50688888888889,-0.3833329999999968,8.750000000000002,1123.0639634778072,-2769.048590961183,-3892.11255443899,625.3918495299331,10185.820382062691,-2703.7617554858407,2.288820959623144,4.7616462002230895,2.080391696786716,2.8709999999999845,9.491999999999999
class2_2026_04_27_15_27_06.csv,155.387,background,1.0359133333333332,-49.900002,-37.16600088888889,14.248343271482536,-34.336001055555556,-36.50344522222222,2.1674441666666624,7.111000500000003,-937.1739481289989,26.634836735897377,963.8087848648962,42672.41849529413,46196.008850031154,-45175.55329153215,14.067521544398359,13.46833221495691,0.9574061226807812,0.0,29.427002
class2_2026_04_27_15_27_06.csv,174.21200000000002,background,1.1614133333333334,-49.900002,-40.128001222222224,13.839699668265169,-39.22639016666667,-34.67794527777777,-4.548444888888895,30.593003,1951.2702828810843,2111.4644052269264,160.19412234584206,3528.2131661520216,43184.95611285644,-46713.169278992835,13.443403107261496,13.761706709045404,1.023677232287615,0.0,30.593003
class2_2026_04_27_15_27_06.csv,144.21900000000002,background,0.9614600000000002,-20.922001,-38.37855677777778,13.065461210288614,-38.6056676111111,-42.25033477777778,3.644667166666679,28.978001,-1074.6717571820009,-3070.521024016609,-1995.849266834608,-7.916241884231567e-09,42686.52351096811,-45420.06426332686,12.816733466911664,12.349610071970071,0.9635535560054284,0.6379999999999997,28.978001
class2_2026_04_27_15_27_06.csv,178.35999999999999,background,1.1890666666666665,-21.101999,-29.435667000000006,11.159522673294719,-36.317889944444445,-37.44722333333333,1.1293333888888881,29.580002,3131.139355229736,-1695.819976849504,-4826.95933207924,9029.780564264496,38293.923404750065,-46363.639498436656,13.717991392356934,13.982521071395297,1.019283337639533,2.2339999999999858,29.580002
class2_2026_04_27_15_27_06.csv,141.986,background,0.9465733333333333,-20.731001,-37.33744555555555,14.058544849210408,-35.13350066666666,-39.49877905555555,4.365278388888889,29.180003,168.5563376754647,3367.3437536013557,3198.787415925891,-7.959897629916668e-09,2664.578369898227,-45719.437304079234,13.361300662194422,13.155761303540807,0.9846167414036323,0.6379999999999997,29.180003
class2_2026_04_27_15_27_43.csv,96.359,bend,0.6423933333333333,-15.624,-15.497110999999999,0.6800218183682704,-14.769444444444442,-16.493777833333333,1.7243333888888905,0.7645,-4.236930489172036,-155.15314757828855,-150.91621708911651,-788.4012539184914,-86.20689655172464,-1315.0454545454559,0.11736468436374932,0.31560871481106884,2.689105563708967,0.0,1.8549990000000012
class2_2026_04_27_15_27_43.csv,127.947,connector,0.8529800000000001,-8.172,-10.129222222222221,2.0368321142716685,-15.338777722222224,-16.269999944444443,0.9312222222222193,8.785,1628.2237918891437,-2563.2692212293637,-4191.493013118507,-2009.404388714809,9746.081504702453,-3184.9529780564153,2.908036142587082,4.533058384211131,1.5588034684379506,2.8709999999999845,6.987000000000001
class2_2026_04_27_15_27_43.csv,131.457,break,0.8763799999999999,-17.167,-17.360555444444444,2.218639434311394,-12.709777777777779,-26.595500555555553,13.885722777777774,3.5495,-1399.702824479864,-3801.118342809138,-2401.415518329274,-1277.429467084563,-1277.429467084563,-7087.77742946646,3.165296695862729,10.596929889244166,3.34784620830297,0.0,7.479000000000001
class2_2026_04_27_15_27_43.csv,164.64000000000001,background,1.0976000000000001,-19.92,-37.56966777777778,13.853745320336365,-38.63155661111111,-39.21466811111111,0.5831115000000011,29.980002,679.6124440579434,-546.8675634506516,-1226.480007508595,39811.91536049687,46990.59874607745,-46990.598746078686,12.871018911227909,13.42617908001078,1.0431324924218774,0.9570000000000134,29.980002
class2_2026_04_27_15_27_43.csv,171.659,background,1.1443933333333334,-20.948,-33.72233444444444,14.486633425408028,-37.33044588888889,-37.81266783333333,0.48222194444444,29.940003,-578.7228327907565,-1683.9857863913435,-1105.262953600587,-7.9016899690032e-09,46888.716300944536,-46927.90438871068,14.083430607524695,13.593918893497971,0.9652419433225934,0.6379999999999997,29.940003
class2_2026_04_27_15_27_43.csv,181.231,background,1.2082066666666667,-20.365999,-37.20655666666667,14.198120903161495,-37.67044544444444,-36.21433455555555,-1.4561108888888867,29.534003000000002,2670.6714676495094,2328.952086973007,-341.71938067650217,749.2147335418995,46291.54075235469,-46087.08399807861,13.755216418444617,13.736762904943452,0.9986583626459864,1.2770000000000004,29.534003000000002
class2_2026_04_27_15_27_43.csv,159.85399999999998,background,1.0656933333333332,-49.900002,-39.66966788888889,11.49595841353406,-34.74994516666666,-36.96211205555555,2.2121668888888877,5.6179995,-3055.0474219877938,1041.9205486681058,4096.9679706559,1.4551915228366852e-11,3780.102740592607,-4355.79780563667,13.639645246013783,13.243211039912788,0.9709350815299295,0.0,25.330002
class2_2026_04_27_15_27_43.csv,144.21900000000002,background,0.9614600000000002,-22.297001,-24.817666777777777,8.930046465044448,-33.0242785,-36.72689,3.702611499999996,5.577500000000001,668.6224344110265,-5102.0852567895845,-5770.7076912006105,-44180.255485897134,3910.658307210462,-44310.34952977742,13.570378458154755,13.54860273628539,0.9983952753910447,1.913999999999999,29.498002
class2_2026_04_27_15_28_40.csv,94.764,bend,0.63176,-15.313,-15.406111000000001,0.695688710648344,-14.720555555555556,-16.66888877777778,1.9483332222222245,0.8280000000000012,7.227031405491109,-210.1938541538369,-217.420885559328,-1678.6833855799414,70.53291536050165,-1678.6833855799414,0.1120566435247132,0.36269316595444917,3.2366660099760245,0.0,1.7619999999999987
class2_2026_04_27_15_28_40.csv,131.457,break,0.8763799999999999,-17.979,-17.526333444444443,1.690052708294962,-13.091222222222221,-31.86144527777778,18.770223055555558,3.8814995000000003,-1446.3858203804893,-2181.9032545133077,-735.5174341328184,-2086.205329153534,-2086.205329153534,-48369.9075235068,3.178347996882038,13.3280468361504,4.193386833612426,0.0,4.792999999999999
class2_2026_04_27_15_28_40.csv,127.30900000000001,connector,0.8487266666666667,-8.913,-11.719666666666667,3.433629480690497,-16.546944444444446,-16.306500166666666,-0.24044427777777955,8.7329995,551.2363160687405,-2638.7112845221127,-3189.947600590853,4641.0658307208105,9901.253918495566,-2669.2789968652214,1.3852881488149849,8.959481919313212,6.467589764185625,2.8709999999999845,8.985001000000002
class2_2026_04_27_15_28_40.csv,158.577,background,1.05718,-23.362,-36.103667333333334,12.601871762021942,-36.285945444444444,-36.653779,0.3678335555555563,18.803002000000003,2367.271371640525,2517.1674977057755,149.89612606525043,-15028.114474025366,41595.61442005871,-41580.57604947134,13.646444263353136,13.466649782643916,0.9868247388063724,0.9580000000000144,27.982003000000002
class2_2026_04_27_15_28_40.csv,184.10299999999998,background,1.2273533333333333,-49.900002,-43.389890333333334,12.181968595810357,-35.50722311111111,-40.81000127777778,5.30277816666667,29.836003,-4251.447547229449,2425.253709142444,6676.701256371893,1.4551915228366852e-11,45070.53605016068,-46764.89498433011,14.399465541023126,13.003815649070136,0.9030762085541938,0.0,29.836003
class2_2026_04_27_15_28_40.csv,191.123,background,1.2741533333333332,-21.268,-31.50555633333333,13.437456874830868,-39.7868345,-35.86866777777778,-3.9181667222222174,30.862002,-1318.2825347066062,-2269.200076012168,-950.917541305562,1968.7924080375815,46416.932601881956,-44877.74608150924,12.96220080014498,14.105238758358446,1.08818231468983,1.5959999999999863,30.862002
class2_2026_04_27_15_28_40.csv,140.071,background,0.9338066666666667,-49.900002,-37.74466777777778,13.620263164812272,-33.103500833333335,-34.977223055555555,1.87372222222222,5.070498999999998,-1508.9354505591225,-993.3833631885681,515.5520873705544,0.0,5484.322884005109,-44274.29780563881,12.452326761914874,13.398161177976105,1.0759563540363946,0.0,28.981001
class2_2026_04_27_15_28_40.csv,148.686,background,0.99124,-49.900002,-31.312445,13.157459957393796,-34.82483422222222,-31.099389555555554,-3.725444666666668,1.9929994999999998,3002.4010233219606,-1826.0250597564223,-4828.426083078382,705.3307210109051,44319.750783695425,-1894.9843260190028,13.543495221009968,13.312477851137478,0.9829424864818797,0.0,28.726002
class2_2026_04_27_15_29_01.csv,94.125,bend,0.6275,-16.752001,-16.021777777777775,0.7693577364383272,-14.787055555555554,-17.649388833333333,2.862333277777779,1.1135000000000002,-145.21399383397332,-359.73017109327594,-214.51617725930262,-1490.0980862228462,-655.1724137931014,-1744.5141065830758,0.28874777001971463,0.6666584896399563,2.3087838247568624,0.0,2.145999999999999
class2_2026_04_27_15_29_01.csv,127.62799999999999,connector,0.8508533333333332,-8.992,-11.868,2.866752673128411,-17.007444388888885,-16.155722111111107,-0.8517222777777782,8.6254995,1238.2244101913554,-2429.3257413731667,-3667.550151564522,633.2288401255428,9744.514106583327,-2780.564263322831,2.303861221362258,3.9414514852893117,1.7108017349052924,2.8709999999999845,8.771
class2_2026_04_27_15_29_01.csv,131.457,break,0.8763799999999999,-19.277,-18.221555555555554,1.6555583491253616,-13.89872211111111,-26.65088905555556,12.752166944444449,3.333500000000001,-1405.3204057208434,-5427.323887804187,-4022.0034820833434,-2075.2382445143994,-1922.060948821727,-6515.672413792785,3.138846367961783,10.629955531422784,3.386579302938635,0.0,5.485999
class2_2026_04_27_15_29_01.csv,165.59699999999998,background,1.10398,-49.900002,-40.677223444444444,13.045376528864667,-36.01288983333333,-40.53600133333333,4.523111499999999,28.281003000000002,-5085.922774069537,-1205.8921649409326,3880.0306091286043,1.4551915228366852e-11,44327.59090909478,-1.4551915228366852e-11,13.935942740489386,13.251697500219896,0.9509006169218748,0.0,28.281003000000002
class2_2026_04_27_15_29_01.csv,177.72199999999998,background,1.1848133333333333,-49.900002,-37.26977877777777,14.158393491343915,-34.038000833333335,-39.602834611111106,5.564833777777771,30.521002,3793.9451714211054,2873.4343795385744,-920.5107918825311,-47838.561128530826,44985.89811911849,-47838.561128530826,14.244050020228768,12.968493530111273,0.9104498089549101,0.0,30.521002
class2_2026_04_27_15_29_01.csv,138.476,background,0.9231733333333333,-49.900002,-37.695223111111105,13.660029113414627,-28.62216683333334,-34.97400088888888,6.351834055555543,2.197001499999999,-852.4263781447803,2681.540696106896,3533.9670742516764,1.4551915228366852e-11,1653.6050156737037,-7.130438461899757e-09,11.519405103831016,13.510993154629515,1.1728897334504214,0.0,28.624003000000002
class2_2026_04_27_15_29_01.csv,142.94299999999998,background,0.9529533333333332,-30.225,-32.491334,12.574022860856203,-35.83744538888888,-28.89883394444444,-6.93861144444444,2.4614999999999974,3018.2942726824253,-986.1517780570971,-4004.4460507395224,-2705.3291536073084,44600.31661441622,-42695.92789968344,14.08682632710702,11.473138205118953,0.8144586384644189,0.0,28.966002
class2_2026_04_27_15_29_01.csv,171.34,background,1.1422666666666668,-22.586,-43.53055711111111,11.933084227226203,-42.05344588888889,-35.733612055555554,-6.319833833333334,30.011002,-4367.3810032609235,4072.02820723485,8439.409210495774,7.465132512152195e-09,42811.91536050531,-42811.91536049787,12.660018510749474,14.214699589769397,1.1228023446330286,0.6379999999999997,30.011002
class2_2026_04_27_15_29_16.csv,93.806,bend,0.6253733333333333,-15.919,-15.845889333333332,0.5972646387006537,-14.9025,-16.742111333333334,1.839611333333334,1.2320005000000016,-137.93038437518555,-144.4459305788585,-6.515546203672955,-951.412225705335,-575.2351097178725,-951.412225705335,0.269902914644013,0.37965201324487763,1.4066191435037754,0.0,1.7270010000000013
class2_2026_04_27_15_29_16.csv,131.776,break,0.8785066666666668,-19.448999,-19.467666666666666,2.997922127555869,-12.941277833333332,-29.45033394444444,16.509056111111107,3.860999999999997,-2120.8148300940165,-1812.6703568099492,308.1444732840673,-9388.714733542787,-2314.501652022893,-9388.714733542787,3.222536000682938,12.726294269256256,3.9491538084928823,0.0,8.867999999999999
class2_2026_04_27_15_29_16.csv,127.947,connector,0.8529800000000001,-8.353,-10.325666666666669,2.046377069630891,-15.52533311111111,-18.252777888888886,2.7274447777777766,8.674001,1683.4634363331381,-3118.3390980573586,-4801.8025343904965,-1987.4608150470958,9774.294670846657,-3233.5423197491873,2.9130822322820795,8.88560542377391,3.0502408325672925,2.8709999999999845,6.998
class2_2026_04_27_15_29_16.csv,191.761,background,1.2784066666666667,-49.900002,-37.86911211111111,13.474930256496087,-40.85583455555556,-37.493223388888886,-3.3626111666666745,28.250002000000002,5339.827095403644,3088.607910689667,-2251.2191847139775,1.4551915228366852e-11,3302.2678594770478,-44279.00000000388,12.813542631583537,13.907677957991803,1.0853888945842727,0.0,28.250002000000002
class2_2026_04_27_15_29_16.csv,175.16899999999998,background,1.1677933333333332,-26.295,-32.165000666666664,12.630133790986669,-34.337556444444445,-37.2437788888889,2.9062224444444524,16.526001,351.21031019815956,-702.7055503036407,-1053.9158605018004,-45465.52037617308,42786.83855799004,-45465.52037617308,13.93441541339422,14.183374763045684,1.0178664353257132,1.595000000000013,29.007002
class2_2026_04_27_15_29_16.csv,153.472,background,1.0231466666666666,-20.917999,-34.15900088888889,14.108423589095082,-36.847667611111106,-36.15216761111112,-0.6954999999999885,19.0810015,1055.3437335500525,1491.5672470488555,436.22351349880296,-1589.3416927898288,45426.336990591684,-46440.44200627365,13.226704884671257,13.856546069867239,1.0476188244214244,1.2770000000000004,29.629002
class2_2026_04_27_15_29_16.csv,179.317,background,1.1954466666666668,-49.900002,-40.06955688888889,13.903729118832748,-36.15561211111111,-30.136222777777782,-6.019389333333329,4.324498999999999,-3616.088138797327,286.37367207747684,3902.4618108748036,-1.4551915228366852e-11,46976.49059560723,-7.989001460373402e-09,13.816739431886798,12.356953345376683,0.8943464926690551,0.0,29.971001
class2_2026_04_27_15_29_16.csv,160.811,background,1.0720733333333334,-26.625999,-36.832556333333336,12.691803928338329,-37.340500999999996,-37.40255666666666,0.06205566666666584,29.489003,-2188.48174785166,682.1682208526145,2870.6499687042747,28905.95924764809,36479.62852664564,-36479.62852664091,13.152673848089732,14.016805209957884,1.0656999714391675,0.9570000000000134,29.489003
class2_2026_04_27_15_29_49.csv,92.211,bend,0.61474,-15.893,-15.742666555555555,0.8263427972655727,-14.785333333333334,-17.000166444444446,2.214833111111112,1.0305,-37.930024054198675,-193.81148400436936,-155.8814599501707,-1543.887147335423,-202.19435736677042,-1543.887147335423,0.16435598221205364,0.47092003374838515,2.8652268215828114,0.0,2.337999999999999
class2_2026_04_27_15_29_49.csv,131.457,break,0.8763799999999999,-18.181,-18.405111,2.6404217709616855,-13.201611166666666,-28.327444777777785,15.12583361111112,3.9294995000000004,-1386.6862900999827,-2163.1492018691883,-776.4629117692057,-4678.680250783622,-2216.2981312794145,-4678.680250783622,3.073510820874219,11.621209161019957,3.7810849081798747,0.0,8.287999000000001
class2_2026_04_27_15_29_49.csv,127.62799999999999,connector,0.8508533333333332,-8.367,-11.225444444444443,2.841421948841464,-16.362500111111114,-16.04638877777778,-0.3161113333333354,8.6435,1115.8842102857013,-2937.8299875594516,-4053.7141978451527,572.1003134797757,9335.423197492384,-2684.9529780564426,2.2988578824423005,4.483004758773462,1.9501000226733063,2.8709999999999845,8.858999999999998
class2_2026_04_27_15_29_49.csv,177.403,background,1.1826866666666667,-49.900002,-33.982667666666664,14.252949953325484,-30.67483411111111,-36.851501166666665,6.176667055555555,6.211999000000002,2201.5227048814104,3306.5827039492765,1105.059999067866,-45048.14474764849,46366.77272727607,-45048.14474764849,12.166836413082267,14.594652769180412,1.1995436672382638,0.0,29.582001
class2_2026_04_27_15_29_49.csv,183.14600000000002,background,1.2209733333333335,-49.900002,-37.075779,14.386765940816163,-36.851501166666665,-34.63233427777778,-2.2191668888888856,18.5820015,3687.2781413192083,638.1546190083878,-3049.1235223108206,-47225.70846394577,2049.25407360986,-47225.70846394577,14.594652769180412,13.73188591909091,0.9408846647728354,0.0,30.130002
class2_2026_04_27_15_29_49.csv,165.59699999999998,background,1.10398,-49.900002,-27.194555777777776,8.712741747030327,-32.417445,-33.9917785,1.5743335000000016,6.371499,4809.407020731437,-3975.2335238354367,-8784.640544566873,12103.448275855706,12103.448275855706,-41456.115987456564,12.662611027429401,12.813596696645046,1.011923659106714,0.0,29.641001
class2_2026_04_27_15_29_49.csv,153.791,background,1.0252733333333333,-23.216,-34.39200088888889,13.890266320653023,-30.919500833333334,-34.05677855555555,3.137277722222219,4.294000500000003,1963.5001019460003,2018.3500783698687,54.849976423868384,-42785.48488040646,46200.630094047694,-42785.48488040646,13.486687960732523,12.770570961679725,0.9469018673791747,0.0,29.476002
class2_2026_04_27_15_29_49.csv,187.932,background,1.25288,-21.874001,-37.515334555555555,13.851867417462673,-35.95922316666666,-36.92966777777778,0.9704446111111196,19.5765,581.0413043233247,-1858.0125092924902,-2439.0538136158148,44918.49686520753,44918.49686520753,-43927.90125392252,14.0325272758877,13.133749948378016,0.9359503640513543,0.9569999999999856,28.658001000000002
class2_2026_04_27_15_30_09.csv,91.892,bend,0.6126133333333333,-15.765,-15.637777777777778,0.5402735471301705,-14.866999999999999,-16.5995555,1.732555500000002,0.9064999999999994,-74.0090384707694,-133.30254310077817,-59.29350463000877,-1131.6630094043867,-147.33542319749176,-1131.6630094043867,0.1977652929892176,0.330402552751144,1.670671719417615,0.0,1.4369989999999984
class2_2026_04_27_15_30_09.csv,127.62799999999999,connector,0.8508533333333332,-7.934,-10.830111222222222,2.9404753491507223,-15.9565555,-15.333055611111112,-0.6234998888888885,8.828999499999998,1169.516059595291,-2576.4290815542286,-3745.9451411495193,658.3072100315021,9761.176017107271,-2769.5924764889514,2.270002977427838,4.131164954722794,1.81989326706108,2.8709999999999845,9.207000999999998
class2_2026_04_27_15_30_09.csv,130.81799999999998,break,0.8721199999999999,-16.667,-16.095444444444446,2.2718620904501865,-12.842722277777778,-28.352167277777777,15.509445,4.236000999999998,121.55490017326282,-6411.084068517647,-6532.63896869091,-1841.2564511066994,-1841.2564511066994,-3510.971786834205,3.1566730317928577,13.438608381926947,4.257204971618303,0.0,7.468
class2_2026_04_27_15_30_09.csv,175.16899999999998,background,1.1677933333333332,-49.900002,-49.900002,0.0,-40.66283466666667,-39.31389011111111,-1.348944555555562,0.0,-3204.7991764243843,5113.253471249445,8318.05264767383,1.4551915228366852e-11,1.4551915228366852e-11,-1.4551915228366852e-11,13.072291935663893,13.352607802699245,1.0214434352423818,0.0,0.0
class2_2026_04_27_15_30_09.csv,184.74099999999999,background,1.2316066666666665,-20.063,-37.60966788888888,13.78014925858264,-35.28488983333333,-41.46272344444444,6.177833611111112,29.837002000000002,-2796.1915916549415,1690.4370708626395,4486.628662517581,-2677.1159874598743,46766.46081504368,-46766.46081504995,13.184092175424423,12.020944725448894,0.9117763782082734,1.2759999999999994,29.837002000000002
class2_2026_04_27_15_30_09.csv,155.387,background,1.0359133333333332,-49.900002,-40.35733455555555,13.540309372949588,-34.10088999999999,-38.261500999999996,4.160611000000003,19.1930025,-1410.0897133100475,4914.799031453163,6324.88874476321,-45717.87147335823,45717.871473357394,-45717.87147335823,14.177355928193382,13.092365146832769,0.9234700948240235,0.0,30.649003
class2_2026_04_27_15_30_09.csv,137.838,background,0.91892,-49.900002,-31.798111444444444,12.893773963774732,-29.054111611111107,-37.60389005555555,8.549778444444446,2.3235010000000003,1430.6645336393192,-4218.31229231025,-5648.9768259495695,-5418.495297812537,1097.1802507837565,-36934.17241379634,12.953642753020391,13.811722638264898,1.0662422791304902,0.0,29.152003
class2_2026_04_27_15_30_09.csv,182.189,background,1.2145933333333332,-49.900002,-38.524779111111116,12.78424919704319,-36.6764455,-40.73589022222222,4.059444722222217,28.044001,3632.864749207763,-2778.3829003550654,-6411.247649562829,1.4551915228366852e-11,36257.05642632882,-42098.74921629697,13.346952821352925,12.981852522594611,0.972645346373027,0.0,28.044001
class2_2026_04_27_15_30_26.csv,90.935,bend,0.6062333333333334,-15.725,-15.57511111111111,0.6885997636823817,-14.785944444444445,-16.95077761111111,2.164833166666666,0.6370000000000005,-46.6965531529698,-296.7846058500761,-250.08805269710632,-1547.021943573669,256.4269608420291,-1547.021943573669,0.10350548682301397,0.46555972201845824,4.497879662503859,0.0,1.980999999999998
class2_2026_04_27_15_30_26.csv,130.81799999999998,break,0.8721199999999999,-16.201,-16.43144433333333,2.006509195180968,-13.425222333333332,-29.104167277777776,15.678944944444444,4.2670010000000005,26.28672757679515,-7579.232534706636,-7605.519262283431,-2417.9403922664314,-2224.137931034449,-3510.5566961504373,3.1588691992390956,13.133096304058926,4.15752958359049,0.0,6.034998999999999
class2_2026_04_27_15_30_26.csv,127.62799999999999,connector,0.8508533333333332,-8.478,-11.327111111111114,2.7707486531198446,-16.483722388888886,-15.837666666666669,-0.6460557222222167,8.5905,1236.7038259666463,-2420.723001902286,-3657.4268278689324,615.9874608152058,9557.99373040776,-2810.344827586159,2.2784344001575865,4.165321409607359,1.8281498827306086,2.8709999999999845,8.449
class2_2026_04_27_15_30_26.csv,173.574,background,1.1571600000000002,-23.087,-35.16944533333333,13.311728933284202,-34.32011188888888,-36.37166772222221,2.0515558333333317,7.591500500000002,1162.1651072930636,4540.581238189515,3378.4161308964513,43343.26332288049,43343.26332288049,-42026.64890281745,14.03511479943291,13.64056310311004,0.9718881766305904,0.9570000000000134,30.100003
class2_2026_04_27_15_30_26.csv,136.881,background,0.91254,-20.843,-32.177778333333336,12.704141325969209,-29.104167277777776,-38.180778833333335,9.076611555555559,3.471499999999999,-5776.795642287022,-3772.6957163869884,2004.0999259000337,8551.724137929654,45543.89028213354,-45543.890282128355,13.133096304058926,13.12764352031319,0.9995847298151025,0.6379999999999997,29.057002
class2_2026_04_27_15_30_26.csv,172.936,background,1.1529066666666667,-49.900002,-31.292222777777777,13.208468218151841,-34.32011188888889,-37.82539005555556,3.5052781666666704,18.938502,2513.095968941053,1475.4870834258566,-1037.6088855151963,-40260.18965516894,2062.6959247646155,-42026.64890281745,14.03511479943291,13.579476450596445,0.9675357613469158,0.0,30.100003
class2_2026_04_27_15_30_26.csv,192.08,background,1.2805333333333335,-49.900002,-43.844001444444444,11.428543818595468,-35.28744527777778,-34.87633405555556,-0.4111112222222175,7.291501499999999,162.86007439145257,-169.04700027246048,-331.907074663913,9971.788401261354,37728.84326019138,-47700.63166143789,13.12783791309973,13.584024671100815,1.034749493882491,0.0,30.433003
class2_2026_04_27_15_30_26.csv,146.77200000000002,background,0.9784800000000001,-49.900002,-40.439557,13.380310679235551,-37.648779000000005,-34.95288988888889,-2.6958891111111143,16.303500500000006,1449.9679034013234,4435.185469611496,2985.2175662101727,-1.4551915228366852e-11,7.785274647176266e-09,-43802.51097178305,13.735626507514656,13.406008059763101,0.976002592704904,0.0,28.669001
class2_2026_04_27_15_31_19.csv,95.083,bend,0.6338866666666667,-16.584999,-16.299110888888887,1.0535860212380956,-14.817833333333333,-17.94094438888889,3.123111055555558,1.9024999999999999,-169.02311588065643,-348.4275646174052,-179.40444873674878,-1020.3761755485939,-1020.3761755485939,-1630.092476489026,0.40319477647630514,0.5581705429516185,1.384366046265916,0.0,3.2679989999999997
class2_2026_04_27_15_31_19.csv,127.947,connector,0.8529800000000001,-9.602,-11.503555555555556,1.9178415593874223,-16.68677761111111,-19.715166888888888,3.0283892777777766,8.7969995,1681.3818177894068,-5731.864831934345,-7413.246649723751,-1965.5172413793753,9118.554351185645,-3413.7931034482644,2.900255617621242,8.9451926696183,3.0842762724062145,2.8709999999999845,6.491999999999999
class2_2026_04_27_15_31_19.csv,131.457,break,0.8763799999999999,-18.905001,-23.75577811111111,10.347811225530284,-14.09872211111111,-33.556000722222215,19.457278611111107,3.4205000000000023,-1440.7161838426018,-3607.634253032889,-2166.918069190287,-3982.758620689532,-1648.9028213166457,-30405.960815050785,3.0971234681555884,13.235412881113945,4.273452041466047,0.0,33.966002
class2_2026_04_27_15_31_19.csv,162.08700000000002,background,1.08058,-49.900002,-40.317779,13.557537630486248,-36.80905666666667,-34.60161216666667,-2.207444500000001,8.519500999999998,-697.5507275004738,-1527.7868271660354,-830.2360996655616,-1725.7053291458724,45308.78056426728,-43583.07523510596,13.23631665224347,13.788947135688408,1.0417509988777938,0.0,29.527003
class2_2026_04_27_15_31_19.csv,116.779,background,0.7785266666666666,-19.202,-18.326666888888887,0.5979675293429764,-18.072666611111114,-18.40477761111111,0.3321109999999976,0.3334994999999985,-84.66144851093341,36.18900442714869,120.8504529380821,-394.98589341692787,1081.501567398118,-394.98589341692787,0.5045818153757664,0.6047302196381217,1.1984756539672774,0.0,1.466000000000001
class2_2026_04_27_15_31_19.csv,149.644,background,0.9976266666666667,-23.237,-31.910778444444443,12.822033119864988,-38.9772235,-25.666611333333336,-13.310612166666665,3.621999500000001,-3217.5167937518904,-1192.0603652404282,2025.4564285114623,36545.532831383476,46832.29153605425,-4578.368338557113,13.722120243790693,8.82847706127703,0.643375532428847,0.0,29.879002
class2_2026_04_27_15_31_19.csv,148.048,background,0.9869866666666667,-49.900002,-43.521779333333335,11.945454626694643,-36.18661205555556,-28.580667,-7.6059450555555586,3.7729999999999997,-3491.2647380859935,5590.990596804911,9082.255334890904,-1.4551915228366852e-11,43142.63636364013,-5309.837972327634,13.751918663782126,11.604248423879604,0.8438275315439228,0.0,29.879002
class2_2026_04_27_15_31_19.csv,184.422,background,1.22948,-49.900002,-37.64888988888889,13.71217726135302,-31.721111666666665,-36.17588994444444,4.454778277777777,3.219501000000001,1203.9469938655136,5924.395292638145,4720.4482987726315,-1.4551915228366852e-11,1495.2993730403832,-41282.13479624186,13.06699720802071,13.779479829704137,1.0545252712475384,0.0,28.906003000000002
class2_2026_04_27_15_31_33.csv,90.935,bend,0.6062333333333334,-16.375,-16.132333333333335,0.9051704814258286,-14.788777777777776,-17.50494438888889,2.716166611111115,1.724999500000001,-146.3688639024503,-257.209670560559,-110.8408066581087,-758.6222570532955,-758.6222570532955,-1605.017241379308,0.4173375339985014,0.4701432264238604,1.1265272389765684,0.0,2.889999999999999
class2_2026_04_27_15_31_33.csv,131.457,break,0.8763799999999999,-18.343,-18.366110666666668,2.0290497837323866,-13.868388833333334,-28.090055944444444,14.22166711111111,3.3964995000000027,-1416.7840200042385,-4835.003114464954,-3418.2190944607155,-2927.8996865201625,-2368.3385579936657,-4855.799373040889,3.1163089437003344,11.807200332767023,3.7888401815215613,0.0,6.851000000000001
class2_2026_04_27_15_31_33.csv,127.947,connector,0.8529800000000001,-9.364,-11.297555555555554,1.947810572076083,-16.531278,-17.022055333333334,0.49077733333333384,8.6075,1741.8799459248098,-2484.6546377244536,-4226.534583649263,-2034.4827586207703,9505.633170599438,-3128.5266457680227,2.965768109209709,3.9383586581418375,1.3279383907236444,2.8709999999999845,6.629
class2_2026_04_27_15_31_33.csv,118.375,background,0.7891666666666667,-18.9,-18.294666444444445,0.35575529115581367,-18.145222166666663,-17.952000166666668,-0.19322199999999512,0.30350050000000195,-18.065768900804187,157.9673917287526,176.0331606295568,-203.76018808777735,119.12225705329183,-203.76018808777735,0.4078432288380278,0.4217482490253124,1.0340914967140713,0.0,1.1210009999999997
class2_2026_04_27_15_31_33.csv,188.889,background,1.25926,-49.900002,-37.52966777777778,13.847120625886562,-31.63305644444445,-36.3939455,4.760889055555552,4.170500999999998,-2443.0328007054886,-1370.3593420885993,1072.6734586168893,-1.4551915228366852e-11,44592.47805643021,-7.785274647176266e-09,13.028575948729607,13.679545539166975,1.049964673271615,0.0,28.490002
class2_2026_04_27_15_31_33.csv,153.791,background,1.0252733333333333,-49.900002,-34.25455655555556,14.021400648438293,-34.29638988888889,-39.32655666666666,5.030166777777772,29.184002,3325.3069216102235,-859.7627742946341,-4185.069695904857,-44940.126471118296,45742.94984326398,-45061.13322883624,14.003616597947904,13.304749686054572,0.9500937592014979,0.0,29.184002
class2_2026_04_27_15_31_33.csv,147.72899999999998,background,0.9848599999999998,-49.900002,-43.801334999999995,11.409683374202634,-42.814890388888884,-34.29638988888889,-8.518500499999995,27.556002,1178.8144543241206,1293.8013261995418,114.98687187542123,1.4551915228366852e-11,42840.12695925139,-43191.22570532542,11.457275222077582,14.003616597947904,1.2222465729650172,0.0,27.556002
class2_2026_04_27_15_31_33.csv,175.16899999999998,background,1.1677933333333332,-49.900002,-38.29388977777777,13.291959665237401,-38.798223333333326,-35.267556666666664,-3.5306666666666615,30.699002,3497.8095193636823,5662.0224222046345,2164.212902840952,-40735.11442006626,40735.114420067555,-40735.11442006626,13.942836578760216,13.389271860415874,0.9602974849834288,0.0,30.699002
class2_2026_04_27_15_31_49.csv,89.339,bend,0.5955933333333333,-15.906,-15.58677788888889,0.5145484615985476,-14.7565,-16.493611333333334,1.737111333333333,0.9469999999999992,-127.40212147326605,-250.0737777981936,-122.67165632492754,-504.70219435736726,-482.75862068965216,-699.0611285266496,0.23973370643278352,0.3783664597018786,1.578271520765244,0.0,1.6450010000000006
class2_2026_04_27_15_31_49.csv,127.62799999999999,connector,0.8508533333333332,-7.936,-10.808555666666667,2.839232876502462,-15.956778166666668,-15.588555444444445,-0.36822272222222274,8.820000499999999,1194.8446797001727,-2850.5926475350643,-4045.437327235237,606.5830721004768,9584.639498432844,-2793.103448275806,2.2570720121705676,4.484687217153936,1.9869482258534163,2.8709999999999845,8.733001000000002
class2_2026_04_27_15_31_49.csv,131.776,break,0.8785066666666668,-18.285999,-18.767888777777777,2.5541856349196608,-12.866333444444445,-33.11722288888889,20.250889444444446,3.043000000000001,-2099.4296002194046,-6429.52035219177,-4330.090751972366,-2304.0752351097362,-2098.112018665968,-7407.523510971361,3.1692399926889974,13.50393053888345,4.260935211312475,0.0,7.705999
class2_2026_04_27_15_31_49.csv,139.433,background,0.9295533333333332,-49.900002,-34.97555666666667,13.387681446717759,-38.126167833333334,-33.12472316666666,-5.001444666666671,6.142000000000003,-636.2834428440301,270.10036840886426,906.3838112528944,3037.6175548666106,42575.23824451076,-42452.97962382762,13.233631210935895,13.49707835109052,1.0199073191664585,0.0,29.101002
class2_2026_04_27_15_31_49.csv,181.54999999999998,background,1.2103333333333333,-49.900002,-38.44555666666667,12.844113321073165,-35.31488977777778,-34.81338977777778,-0.5015000000000001,3.7035005000000005,-639.4444064099952,846.0105254696778,1485.454931879673,-3853.549289634342,4565.830720996186,-38611.28683385918,13.219485218758111,13.538184005982977,1.0241081825685965,0.0,27.499003000000002
class2_2026_04_27_15_31_49.csv,145.177,background,0.9678466666666666,-49.900002,-31.84889,12.930443024193014,-33.12472316666666,-42.33311255555555,9.20838938888889,30.151001,-858.5199731303367,-3243.0474433028617,-2384.5274701725248,41560.237243735995,41560.237243735995,-41495.299373045054,13.49707835109052,12.23143016967176,0.9062279217231912,0.0,30.151001
class2_2026_04_27_15_31_49.csv,171.659,background,1.1443933333333334,-24.013,-29.915000666666668,10.923648274536234,-31.291722722222218,-39.813390222222225,8.521667500000007,7.4569994999999984,1320.1352734291129,-2198.4739746363402,-3518.6092480654534,-33156.74294671267,8810.341692790436,-33156.74294671267,11.686423461925889,12.764493530304042,1.0922496929570271,0.6379999999999997,29.575001
class2_2026_04_27_15_31_49.csv,193.675,background,1.2911666666666668,-21.621,-35.30544511111111,13.09767799486655,-39.85627894444444,-38.23861205555555,-1.6176668888888912,28.279002000000002,2304.156270596205,-1921.409283069384,-4225.565553665589,-4932.600313480369,44324.454545452645,-44324.454545451896,12.700282419946996,13.104541404992712,1.031830627055991,1.2760000000000271,28.279002000000002
class2_2026_04_27_15_32_04.csv,85.83,bend,0.5722,-15.55,-15.759444444444446,0.8816011612857992,-14.670833333333333,-16.952555722222222,2.2817223888888893,1.258000000000001,-85.11794738254461,-54.510166932411266,30.607780450133347,-1357.3667711598719,-120.68965517241668,-1559.5611285266496,0.2044777222312713,0.3848033225715305,1.8818746438385257,0.0,2.5839990000000004
class2_2026_04_27_15_32_04.csv,131.138,break,0.8742533333333333,-17.358999,-17.268111,2.172132850733327,-13.340388888888889,-26.437055944444445,13.096667055555557,4.138,-594.5058829063433,-5912.870662575246,-5318.364779668902,-2939.5414869923334,-2020.3761755485793,-3531.3479623822495,3.160206641465974,10.761050648374033,3.4051720232478577,0.0,7.084999999999999
class2_2026_04_27_15_32_04.csv,127.62799999999999,connector,0.8508533333333332,-8.418,-11.336555555555556,2.9435443152435243,-16.521555666666668,-15.944666666666665,-0.5768890000000031,8.863999499999998,1214.873045751727,-2638.219066915594,-3853.092112667321,579.9373040753908,9977.466137823212,-2713.1661442006334,2.3133661087042983,4.424145601783242,1.9124269490721586,2.8709999999999845,9.367
class2_2026_04_27_15_32_04.csv,139.75199999999998,background,0.9316799999999998,-49.900002,-40.77955677777778,12.941967660796886,-31.87250061111111,-35.31027872222222,3.437778111111111,3.854999499999998,645.6778604638578,964.8065670021319,319.1287065382742,1.4551915228366852e-11,2126.9592476412363,-44705.33228839841,12.85249452798738,13.173262337206815,1.024957550735648,0.0,28.799002
class2_2026_04_27_15_32_04.csv,149.324,background,0.9954933333333335,-23.665001,-44.14355722222222,10.77045238111896,-38.85816788888889,-37.524667944444445,-1.3334999444444477,26.235001,-4456.059443392536,5216.24876360818,9672.308207000715,257.00432013417594,41120.69122256699,-40928.03853188914,13.883610026759946,13.87907359757317,0.9996731809053113,0.6390000000000007,26.235001
class2_2026_04_27_15_32_04.csv,182.827,background,1.2188466666666666,-22.448999,-31.191222777777778,13.276432444688291,-34.55816766666666,-35.05116755555556,0.492999888888896,5.170999500000001,499.71796736398323,-1946.787310794048,-2446.505278158031,7.494236342608929e-09,39965.945166825724,-46725.70689655539,13.780104892759182,13.33798465689603,0.9679159768942366,0.6379999999999997,29.811001
class2_2026_04_27_15_32_04.csv,174.85,background,1.1656666666666666,-49.900002,-37.68622333333334,13.707178516023072,-36.251000944444435,-37.525612388888895,1.27461144444446,29.979002,3864.167271334236,-250.49813030888166,-4114.665401643118,5913.793103455944,41075.23824450999,-46989.03134795833,13.697784366937318,13.885344148445153,1.0136926354504394,0.0,29.979002
class2_2026_04_27_15_32_04.csv,193.994,background,1.2932933333333334,-22.65,-32.208556333333334,12.529326947439285,-38.506778777777775,-33.51338983333333,-4.9933889444444475,6.717499999999998,934.1659113867054,-2140.3422808067785,-3074.508192193484,307.208463949828,42711.60188087407,-41217.869905959364,12.768875399791343,13.301497342907124,1.041712436273914,1.913999999999999,27.393002
class2_2026_04_27_15_32_35.csv,88.063,bend,0.5870866666666666,-15.603,-15.650777999999999,0.7149948115154409,-14.70388888888889,-16.700722555555558,1.9968336666666673,1.0735004999999997,-69.58926885872923,-139.70718500919602,-70.1179161504668,-1205.3307210031344,-336.99059561128524,-1291.536050156741,0.21146365300734277,0.28312222414164806,1.3388631154910655,0.0,1.798001000000001
class2_2026_04_27_15_32_35.csv,131.138,break,0.8742533333333333,-17.259001,-16.698555555555558,1.775511064649219,-13.112666666666664,-29.20388961111111,16.091222944444446,3.939000000000002,-587.1676582857282,-7620.32584776821,-7033.158189482482,-2089.710157058609,-2089.710157058609,-3368.3401253921365,3.155912563955718,13.08791804739242,4.147109159411713,0.0,5.267999999999999
class2_2026_04_27_15_32_35.csv,127.62799999999999,connector,0.8508533333333332,-8.216,-11.11177777777778,2.9323958266152643,-16.159666555555553,-15.560111222222222,-0.5995553333333312,8.718499500000002,1076.4450081022926,-2430.888984368661,-3507.3339924709535,652.0376175550118,9837.930620557392,-2716.300940438814,2.266445739486712,4.173331590676813,1.8413543623010344,2.8709999999999845,9.197000000000001
class2_2026_04_27_15_32_35.csv,186.65599999999998,background,1.244373333333333,-49.900002,-26.649000222222227,8.700148475029389,-34.94150083333333,-33.721945166666664,-1.2195556666666647,5.8004999999999995,3113.025813966878,-4473.221459026864,-7586.247272993742,7296.238244506938,30346.398119126818,-43130.098746078125,13.611455857510089,13.097395869603476,0.9622332132931839,0.0,29.612002
class2_2026_04_27_15_32_35.csv,192.399,background,1.28266,-49.900002,-34.02111188888889,14.234997976104712,-33.72194516666666,-33.05561188888888,-0.666333277777774,4.574000999999999,-3114.0915177715924,-4452.0612921789925,-1337.9697744074,42264.894984322375,42264.894984322375,-989.0250783704469,13.097395869603474,13.496752642137237,1.0304912324570838,0.0,30.767003
class2_2026_04_27_15_32_35.csv,164.002,background,1.0933466666666667,-49.900002,-43.70289033333333,11.604355982387668,-35.050612111111114,-35.97150111111111,0.9208889999999954,4.471501499999999,2948.7916451219216,1615.2639116517707,-1333.527733470151,-42059.564263319255,3181.8197492239124,-42059.564263319255,13.324259919055326,13.954361742432638,1.0472897391611562,0.0,28.940003
class2_2026_04_27_15_32_35.csv,177.403,background,1.1826866666666667,-49.900002,-40.877778888888884,12.792507210785605,-39.009334555555554,-37.354334277777774,-1.6550002777777806,28.879002,1466.8497089119787,1289.291054762133,-177.55865414984578,-1.4551915228366852e-11,1.4551915228366852e-11,-352.6645767950904,13.677028471494648,14.060535077404683,1.0280401242615824,0.0,28.879002
class2_2026_04_27_15_32_35.csv,185.06,background,1.2337333333333333,-49.900002,-33.05077844444445,12.241263027337917,-37.46788988888889,-31.321389444444442,-6.146500444444449,5.8004999999999995,300.4372024540396,-1917.518404216094,-2217.9556066701334,41261.75705329514,45018.81347962639,-46431.16091095766,13.970820359512425,11.864811212147032,0.8492565259284877,0.0,29.612002
class2_2026_04_27_15_32_53.csv,87.10600000000001,bend,0.5807066666666667,-15.339,-15.279111222222221,0.6233808665180861,-14.637999999999998,-16.18305544444444,1.5450554444444435,0.7074999999999996,-6.929072422279458,-108.80073575526916,-101.8716633329897,-1018.808777429469,186.52037617555106,-1548.5909090909117,0.11308060055651561,0.3570817350156718,3.1577350626303744,0.0,1.9740010000000012
class2_2026_04_27_15_32_53.csv,127.947,connector,0.8529800000000001,-7.982,-9.931444444444445,2.0341339468137902,-15.163000166666668,-17.37177777777778,2.2087776111111115,8.830499999999997,1637.0833042302756,-4912.583800072095,-6549.667104302371,-1993.7304075235843,9735.109717868601,-3233.5423197492037,2.9177807708371493,8.79564468473245,3.0144970993525897,2.8709999999999845,6.981
class2_2026_04_27_15_32_53.csv,131.776,break,0.8785066666666668,-18.681999,-21.354555666666666,10.321703659200184,-12.511055555555554,-34.16605644444444,21.65500088888889,3.1049995000000017,-2013.0684639045696,-2538.718355771919,-525.6498918673494,-4200.62695924754,-1536.2424941498757,-47470.222570537255,3.1550971365962766,14.141031372869618,4.481962449549978,0.0,35.060002
class2_2026_04_27_15_32_53.csv,166.873,background,1.1124866666666666,-49.900002,-35.08222311111111,13.306677365727198,-34.719723277777774,-36.350778722222216,1.631055444444442,4.779499999999999,-2925.782471966117,771.2446071589721,3697.027079125089,-1424.7648902897781,42090.91222570899,-43208.467084643285,13.631218109968671,13.606806047899317,0.9982090331119761,0.0,28.476002
class2_2026_04_27_15_32_53.csv,172.297,background,1.1486466666666666,-49.900002,-40.69633455555556,13.023113786079982,-34.76877861111111,-37.72477894444444,2.9560003333333285,16.758501000000003,2960.696823413651,4280.217599641793,1319.5207762281416,-42958.97606467422,42891.85266457275,-42958.97606467422,13.594915937208537,13.663647433932255,1.0050556025491857,0.0,28.625002000000002
class2_2026_04_27_15_32_53.csv,140.391,background,0.93594,-23.278999,-31.04855622222222,13.391202077639424,-39.2788345,-41.06822366666666,1.789389166666659,29.967001,1125.7057453769119,-4328.562279168731,-5454.268024545643,151.34235632710624,41823.042161563935,-46970.22100313177,13.395093620524362,12.531616578699326,0.935537742264098,1.596000000000014,29.967001
class2_2026_04_27_15_32_53.csv,176.445,background,1.1763,-20.018999,-31.25255611111111,13.23958931243999,-37.91061227777778,-39.20316783333333,1.292555555555552,29.881003,784.6250484762364,-1459.4652509123096,-2244.090299388546,8.163624443113804e-09,39877.746081508616,-44202.131529602986,13.44241917890305,13.449250449079187,1.0005081131288291,0.6379999999999997,29.881003
class2_2026_04_27_15_32_53.csv,164.64000000000001,background,1.0976000000000001,-49.900002,-38.34277888888889,12.95285476341888,-36.22150111111111,-36.39372322222222,0.17222211111111108,15.024000999999998,4739.976467646503,1249.9015452061533,-3490.07492244035,-1.4551915228366852e-11,37084.64263323294,-41896.554858937874,13.729408897840871,13.563142951926599,0.9878897238008445,0.0,26.854002
class2_2026_04_27_15_33_11.csv,82.32000000000001,bend,0.5488000000000001,-15.724,-15.494333444444445,0.52459034084112,-14.747722222222222,-16.376444777777778,1.6287225555555551,1.0075000000000003,-75.38367371277522,-127.22324989893484,-51.83957618615962,-813.4796238244526,-167.71159874608202,-1068.967084639502,0.2322830661918905,0.30414022598512686,1.309346056194297,0.0,1.502001
class2_2026_04_27_15_33_11.csv,131.776,break,0.8785066666666668,-18.422001,-18.234778111111112,2.1621245699772276,-12.79255561111111,-34.64927872222222,21.85672311111111,3.0800009999999993,-2065.7774524550086,-3373.1763420614748,-1307.3988896064661,-5009.402821316697,-1539.1428632181232,-6970.219435736566,3.190136641163895,13.794445909825216,4.324091140090252,0.0,7.391000000000002
class2_2026_04_27_15_33_11.csv,127.62799999999999,connector,0.8508533333333332,-7.86,-10.733444444444444,2.897078762827254,-15.933999944444443,-15.436777944444446,-0.49722199999999717,8.932000000000002,1232.167296486233,-2608.768721001841,-3840.936017488074,601.8808777430986,9592.476489028453,-2873.0407523510275,2.297502698366266,4.472902539170045,1.9468532487458825,2.8709999999999845,8.963000000000001
class2_2026_04_27_15_33_11.csv,147.091,background,0.9806066666666667,-49.900002,-37.77800111111112,13.601744444641449,-40.71072344444444,-39.752612444444445,-0.9581109999999953,29.517003,5536.444120669896,3354.783613378085,-2181.6605072918105,-44264.89341693177,41255.48902821766,-44264.89341693177,13.020962097896344,12.794333485849764,0.9825950192514412,0.0,29.517003
class2_2026_04_27_15_33_11.csv,185.06,background,1.2337333333333333,-21.058001,-29.488889444444446,11.155592072259884,-34.51255638888889,-33.77555644444444,-0.7369999444444488,5.790000000000003,711.0468073979869,-1563.992800900851,-2275.039608298838,-2360.503134797167,45206.89811912552,-45206.89811911946,12.612584056193416,12.970739047295572,1.0283965570504743,0.9569999999999856,29.014002
class2_2026_04_27_15_33_11.csv,182.189,background,1.2145933333333332,-49.900002,-30.444889444444446,11.012014531511623,-35.47027866666666,-30.167667388888887,-5.302611277777771,3.2655005000000017,1778.5617636623188,429.0196690590399,-1349.5420946032789,-1879.31191223309,1444.7166498873776,-2559.559561129521,13.120527036234831,11.031450735603082,0.840777955364116,0.0,27.882002
class2_2026_04_27_15_33_11.csv,139.433,background,0.9295533333333332,-22.125,-31.141556444444443,13.294055566068034,-39.464279,-42.16189038888889,2.6976113888888946,29.734002,2403.8714610477036,-909.4960519683785,-3313.3675130160823,1407.521943573891,46605.018808781504,-43534.48589341281,13.187967698172848,12.486394542407153,0.9468019547344774,1.2759999999999994,29.734002
class2_2026_04_27_15_33_11.csv,162.406,background,1.0827066666666667,-49.900002,-34.95966766666666,13.469793514758248,-36.03894538888889,-37.80805655555556,1.7691111666666686,29.825001,4163.5456393367585,-2989.0743786856438,-7152.620018022402,5521.945141058626,46747.6504702159,-44238.406208764674,13.92060427807635,13.602400646381977,0.9771414658100022,0.0,29.825001
class2_2026_04_27_15_33_53.csv,87.10600000000001,bend,0.5807066666666667,-15.983,-15.764777777777779,0.889053393819489,-14.721666666666668,-17.002889,2.281222333333332,1.2989999999999995,-60.230570067186044,-156.3882468974226,-96.15767683023654,-1335.4231974921677,40.75235109718051,-1335.4231974921677,0.18354714804527886,0.37414877182390033,2.0384230285538094,0.0,2.3859990000000018
class2_2026_04_27_15_33_53.csv,127.62799999999999,connector,0.8508533333333332,-8.41,-11.363888888888889,2.9931865013892405,-16.630222222222223,-18.82377811111111,2.1935558888888878,8.907999499999999,1163.4610362640121,-2570.207427832776,-3733.668464096788,622.2570532916943,9922.25683866374,-2725.705329153556,2.3526534194762245,11.509786308489799,4.892255408702244,2.8709999999999845,9.262999999999998
class2_2026_04_27_15_33_53.csv,131.457,break,0.8763799999999999,-17.174,-17.728222444444445,1.856237946452993,-13.376500055555555,-32.46672305555555,19.090222999999995,3.3039999999999967,-1440.5978906198727,-4343.272727738013,-2902.67483711814,-623.8244514104372,-623.8244514104372,-47749.21786833435,3.2104727637236175,14.028704858264843,4.369668120880038,0.0,6.243
class2_2026_04_27_15_33_53.csv,174.21200000000002,background,1.1614133333333334,-49.900002,-26.384222555555557,8.539373192104053,-38.45600116666667,-33.527834222222225,-4.928166944444442,6.897000000000002,1575.1487908393176,-3356.3371764788067,-4931.4859673181245,487.45924765574455,35136.36677115543,-10463.94984326026,12.861212572567908,13.142106923412559,1.0218403457231888,0.0,29.535002000000002
class2_2026_04_27_15_33_53.csv,168.469,background,1.1231266666666666,-49.900002,-41.33733466666667,12.122894886810979,-37.941112222222216,-38.45600116666667,0.5148889444444507,26.510003,-1325.7761108042027,1201.9938964585806,2527.770007262783,-41551.7288401218,3214.3851225255494,-41551.7288401218,13.41261996230779,12.861212572567908,0.9588888412421813,0.0,26.510003
class2_2026_04_27_15_33_53.csv,181.54999999999998,background,1.2103333333333333,-49.900002,-34.74611222222222,13.581928554265994,-35.18411211111111,-34.42594549999999,-0.7581666111111218,5.177499000000001,4791.672258458987,1969.4096343319738,-2822.262624127013,-40963.6954292843,40899.6896551763,-40963.6954292843,13.220109359443862,13.919258748460253,1.0528852157816482,0.0,29.151001
class2_2026_04_27_15_33_53.csv,178.35999999999999,background,1.1890666666666665,-24.205,-38.04366777777777,13.288541660337282,-33.76205644444445,-33.282445333333335,-0.47961111111111165,3.6649995000000004,-4005.1132777939565,-1233.0125926986661,2772.1006850952904,-5631.661442006596,44954.54858933781,-40274.297805646005,12.986947162295696,13.352238741787083,1.028127515019419,0.0,28.681002
class2_2026_04_27_15_33_53.csv,191.123,background,1.2741533333333332,-23.469999,-25.837666888888887,8.608319502482203,-35.97405661111111,-31.596611888888887,-4.377444722222222,2.3739999999999988,882.8035378413582,-106.35681568838162,-989.1603535297398,42346.84498094128,43691.2257053329,-37547.02507836593,13.939513851881541,13.049683946118911,0.9361648583026173,0.0,28.852002000000002
class2_2026_04_27_15_34_05.csv,84.872,bend,0.5658133333333333,-15.538,-15.551555666666665,0.7284922059456471,-14.74838888888889,-16.77694427777778,2.02855538888889,0.932500000000001,-18.760525983124733,-232.7137035378405,-213.95317755471578,-1153.4339571038217,-23.510971786836308,-1153.4339571038217,0.141686327611731,0.3817264068325793,2.6941464227388976,0.0,1.9499999999999993
class2_2026_04_27_15_34_05.csv,131.457,break,0.8763799999999999,-17.742001,-20.986111444444443,10.370852241687492,-13.106944555555556,-32.17344527777777,19.066500722222216,3.3544994999999975,-1458.0728630598398,-2063.9673768565817,-605.8945137967419,-763.3213166144087,-763.3213166144087,-46463.951410662594,3.232663926776426,14.219185957948845,4.398595672619879,0.0,35.483002
class2_2026_04_27_15_34_05.csv,127.947,connector,0.8529800000000001,-8.5,-10.453222222222221,2.004504082630901,-15.76327772222222,-19.469278,3.706000277777779,9.002500499999998,1730.635419327215,-4855.154163173308,-6585.7895825005235,-2039.1849529781302,9935.320160689167,-3092.4764890281986,2.9641583279207193,11.355367177753683,3.830889612036873,2.8709999999999845,6.856
class2_2026_04_27_15_34_05.csv,164.64000000000001,background,1.0976000000000001,-21.448,-25.925000333333333,8.626047266763921,-36.57727888888889,-38.97911227777777,2.401833388888882,29.050002,300.8958720776956,-4663.02135677463,-4963.917228852325,-1365.2053291535594,43965.25213279367,-37239.813479627606,13.552827591101137,12.367382305904354,0.9125314485291172,2.8709999999999845,29.050002
class2_2026_04_27_15_34_05.csv,149.644,background,0.9976266666666667,-49.900002,-38.31300133333333,13.190526445176081,-37.499890055555554,-31.251667388888887,-6.248222666666667,2.3934989999999985,-717.05379158681,438.20658738683625,1155.2603789736463,-13503.497486420318,44515.6755485855,-13503.497486420318,13.890425795002477,13.356990470417202,0.9615968369829215,0.0,28.401001
class2_2026_04_27_15_34_05.csv,112.312,background,0.7487466666666667,-17.533001,-17.226333666666665,0.4193089913446223,-17.054444388888886,-17.160944722222222,0.10650033333333653,0.49549999999999983,-67.01697164391392,-10.864575265290162,56.152396378623756,1385.581504702197,1385.581504702197,-568.9670846394984,0.38614649877865714,0.274007773308797,0.709593546961858,0.0,1.468001000000001
class2_2026_04_27_15_34_05.csv,137.838,background,0.91892,-49.900002,-44.18222377777777,10.717996152128332,-32.59444533333333,-34.796501000000006,2.2020556666666735,1.5779999999999994,-4135.776602629296,1261.4137692082409,5397.190371837536,4460.815047014927,38098.749216297656,-42559.56426332661,13.902407480825122,13.536708575446122,0.9736952121725246,0.0,27.153002
class2_2026_04_27_15_34_05.csv,186.975,background,1.2465,-49.900002,-38.077223333333336,13.323707475403552,-37.62600094444444,-39.286556777777776,1.6605558333333335,30.535002000000002,-289.5960824661245,-1380.3710842905791,-1090.7750018244546,-1.4551915228366852e-11,6339.771772507094,-40764.89341692504,13.783299453094246,13.381072705371771,0.9708177479631029,0.0,30.535002000000002
class2_2026_04_27_15_34_16.csv,85.51100000000001,bend,0.5700733333333334,-15.898,-15.695777777777778,0.6492607382037204,-14.77661111111111,-16.710222166666668,1.9336110555555575,1.1145000000000014,-115.03500544575776,-120.41202164800332,-5.3770162022455565,-777.4294670846393,-476.48902821316733,-1429.4670846394984,0.2508282145411009,0.4077884282292652,1.6257612932980143,0.0,2.1800000000000015
class2_2026_04_27_15_34_16.csv,127.62799999999999,connector,0.8508533333333332,-8.069,-10.931222111111111,2.8308609560030185,-16.118166666666667,-15.650444277777776,-0.46772238888889106,8.848500499999998,1161.1029323708751,-2769.202421559907,-3930.305353930782,622.2570532916925,9443.573667711826,-2827.5862068964834,2.279009749650151,4.3719278594174975,1.9183445537010424,2.8709999999999845,8.754999
class2_2026_04_27_15_34_16.csv,131.138,break,0.8742533333333333,-16.559,-17.067555333333335,2.502066593092998,-12.98399988888889,-29.303000611111113,16.31900072222222,3.9380004999999993,-630.3021745305468,-6369.480967554841,-5739.1787930242945,-2287.1634043354825,-1916.6754259601403,-4931.0344827585905,3.148877450034146,12.877730934709689,4.08962465177722,0.0,8.127999
class2_2026_04_27_15_34_16.csv,141.986,background,0.9465733333333333,-21.893,-31.352889333333337,13.144020238613747,-36.39550105555556,-38.17466761111111,1.7791665555555483,29.226002,4793.319165422445,-636.3036452188877,-5429.622810641333,-7.654307410120964e-09,4271.159874608624,-43942.00940438471,13.617133671010498,13.26447544829455,0.9741018039964955,0.6379999999999997,29.226002
class2_2026_04_27_15_34_16.csv,192.718,background,1.2847866666666665,-21.129999,-37.79466788888889,13.56117943565932,-37.703279055555555,-39.58583461111111,1.8825555555555553,28.770003,-4995.97640806235,-2840.758498426723,2155.217909635627,44255.48746081107,45094.048589337806,-45094.04858933793,13.756086801082214,12.956835298751871,0.9418982697778752,0.9570000000000134,28.770003
class2_2026_04_27_15_34_16.csv,159.85399999999998,background,1.0656933333333332,-49.900002,-40.31200144444444,13.571732291183631,-36.13661211111111,-42.29794616666666,6.16133405555555,29.846001,-2212.3866379246906,268.3873990231746,2480.774036947865,1.4551915228366852e-11,284.1790850395337,-46780.565830716965,13.847552508138596,12.306595482364308,0.8887198359718471,0.0,29.846001
class2_2026_04_27_15_34_16.csv,179.636,background,1.1975733333333334,-49.900002,-30.21255588888889,10.669595117294236,-30.579278555555554,-34.80833394444444,4.229055388888888,3.1545004999999975,127.57543310347653,-222.85166020087158,-350.4270933043481,4017.24451410029,4017.24451410029,-38166.14890281706,12.156813712302684,13.577446077093152,1.1168588481777872,0.0,27.826003
class2_2026_04_27_15_34_16.csv,148.048,background,0.9869866666666667,-49.900002,-40.44822344444444,13.389345172232527,-38.17466761111111,-35.46133433333333,-2.713333277777778,19.5985015,553.5974408570365,1519.6055973985865,966.00815654155,-1.4551915228366852e-11,-1.4551915228366852e-11,-7538.383976950543,13.26447544829455,13.099842385078148,0.9875883481825949,0.0,29.888003
class2_2026_04_27_15_34_30.csv,84.23400000000001,bend,0.5615600000000001,-15.646,-15.563666555555553,0.8901262338276784,-14.659555555555556,-17.05805538888889,2.3984998333333323,1.1745,-0.3298053381674797,-182.09207832484782,-181.76227298668033,-1916.9278996865178,592.4764890282131,-1916.9278996865178,0.12880399503044337,0.5459099123271306,4.238266630871757,0.0,2.4509999999999987
class2_2026_04_27_15_34_30.csv,131.138,break,0.8742533333333333,-17.353001,-17.28155577777778,2.0037429894520336,-13.465388777777779,-33.47900105555556,20.013612277777778,4.156000000000002,-625.9165993922475,-5287.871196780264,-4661.954597388016,-2692.140880054856,-2216.3009404389595,-2949.843260188125,3.172602695153698,14.721372425079453,4.6401548505938655,0.0,6.087
class2_2026_04_27_15_34_30.csv,127.62799999999999,connector,0.8508533333333332,-8.524,-11.418999888888889,2.885476231019392,-16.486777777777778,-17.403500222222224,0.9167224444444457,8.6745,1138.761657177858,-2565.2169029114366,-3703.9785600892947,637.9310344829191,9534.876788756519,-2725.7053291535412,2.2510333311752766,8.726546979972495,3.8766832025242013,2.8709999999999845,9.035999000000002
class2_2026_04_27_15_34_30.csv,170.702,background,1.1380133333333333,-23.334,-35.69044522222222,12.945092788105768,-37.16227877777778,-39.05138994444444,1.889111166666659,30.351002,-296.5937837735848,571.6693047350221,868.2630885086069,-38484.32915360114,31625.394984321625,-47572.103448280024,12.97114514078831,13.649899464202472,1.0523279374117753,1.595000000000013,30.351002
class2_2026_04_27_15_34_30.csv,173.255,background,1.1550333333333334,-26.093,-34.639445111111115,13.72132323776434,-39.59955672222222,-34.50655644444444,-5.093000277777776,28.753003,-413.1473827732097,3154.1048956001678,3567.2522783733775,6.504706107079983e-09,43009.15471929152,-44619.12382444747,13.065708856845111,13.862040349711815,1.0609481231094007,0.6379999999999997,28.753003
class2_2026_04_27_15_34_30.csv,187.613,background,1.2507533333333334,-20.615999,-35.252556444444444,13.395195711055623,-37.692779111111115,-38.02433444444444,0.331555333333327,30.387002,2481.7284399936016,-2758.375593583783,-5240.104033577385,7250.786833853897,45899.69122257202,-45899.69122256784,13.80683852829176,13.357452935389647,0.967451885568651,1.2759999999999994,30.387002
class2_2026_04_27_15_34_30.csv,164.64000000000001,background,1.0976000000000001,-28.451,-38.897778888888894,12.529763656545557,-44.02827933333334,-37.16227877777778,-6.8660005555555585,29.063002,686.1361912770521,-2980.7488363805273,-3666.8850276575795,45553.29467084452,45553.29467084452,-45553.294670842464,11.06211820289699,12.97114514078831,1.1725732567943563,0.9570000000000134,29.063002
class2_2026_04_27_15_34_30.csv,151.877,background,1.0125133333333334,-24.212,-35.44200088888889,12.93708387898916,-40.86322344444444,-36.27650105555555,-4.586722388888894,26.800002,5263.225982425866,1979.1568399171663,-3284.0691425086998,1332.285266457773,42006.272727269425,-41457.68181817824,12.800799120865156,13.704363606293473,1.070586484977257,1.2759999999999994,26.800002
class2_2026_04_27_15_34_55.csv,82.958,bend,0.5530533333333333,-15.29,-15.369444555555557,0.6431716113945039,-14.68988888888889,-16.335277888888886,1.6453889999999962,0.8330000000000002,-0.3230688816863374,-118.46911584572949,-118.14604696404315,-1178.683385579934,402.82131661441963,-1178.683385579934,0.12024599272088914,0.2730251362062332,2.270536086003951,0.0,1.9250000000000007
class2_2026_04_27_15_34_55.csv,131.457,break,0.8763799999999999,-17.586,-17.92377811111111,2.8580281041478557,-12.519666500000001,-31.027000833333336,18.507334333333333,4.456499000000003,-1359.2191949228252,-4262.308987089507,-2903.089792166682,-6089.343260187892,-2431.782507567121,-46318.183385576514,3.0597049280027937,13.384030067783554,4.374286412720685,0.0,8.700999999999999
class2_2026_04_27_15_34_55.csv,127.947,connector,0.8529800000000001,-8.087,-10.00788888888889,1.9781888149654272,-15.287999777777777,-17.801389222222223,2.513389444444446,8.881999500000003,1691.4215238432748,-2975.355279438987,-4666.776803282262,-1978.0564263323577,9393.416927899914,-3275.862068965509,2.934528619424697,8.875549436874056,3.0245220147459517,2.8709999999999845,6.761000000000001
class2_2026_04_27_15_34_55.csv,149.644,background,0.9976266666666667,-33.113998,-44.71222355555555,10.186057241839283,-38.843168000000006,-35.88638977777778,-2.9567782222222263,29.904002000000002,-3509.564193092647,1940.0190753131167,5449.583268405764,-164.4396943529573,26187.085661191522,-26310.35109717641,13.902902004489754,14.121073293283969,1.0156924268783116,0.6390000000000007,29.904002000000002
class2_2026_04_27_15_34_55.csv,165.916,background,1.1061066666666666,-25.455,-32.23388966666667,12.678707126212531,-45.579612833333336,-33.10138983333333,-12.478223000000007,28.755002,277.1637033924383,-5378.743660033678,-5655.907363426116,523.5094043897261,43899.68965517625,-33666.14733542814,9.684842872372778,13.500252723026613,1.393956670952411,2.232999999999985,28.755002
class2_2026_04_27_15_34_55.csv,176.445,background,1.1763,-49.900002,-34.861556444444446,13.460412548479356,-32.86877883333334,-37.52972333333333,4.660944499999992,1.8010005000000007,1253.1882592325405,-3840.9686318463114,-5094.156891078852,-1608.1489028285723,43691.22570532539,-40930.728558046416,13.62260057951403,13.851169005507248,1.016778544440215,0.0,27.875002000000002
class2_2026_04_27_15_34_55.csv,167.192,background,1.1146133333333335,-21.145,-29.03433366666666,11.383270337151261,-39.900056888888884,-35.85544561111111,-4.044611277777776,28.755002,5445.340179852749,3205.178447779108,-2240.1617320736414,-33666.14733542814,5518.808777430051,-44909.09561128139,12.62406584099898,14.064383473882996,1.1140929187895554,2.232999999999985,28.755002
class2_2026_04_27_15_34_55.csv,157.301,background,1.0486733333333333,-24.966,-35.09155644444445,13.3519827123471,-34.65005633333333,-42.48339033333333,7.833334000000001,30.080002,313.7747334119609,-1210.5406517311715,-1524.3153851431323,-36894.98746081147,47147.33855799705,-39081.50783698722,13.787095271398046,11.991917395214283,0.8697928236050733,0.9570000000000134,30.080002
class2_2026_04_27_15_35_08.csv,79.44800000000001,bend,0.5296533333333334,-15.845,-15.748444555555555,0.8986634293547167,-14.695666666666666,-17.007722277777777,2.312055611111111,1.1100005,-53.156965348799226,-34.92816672348711,18.228798625312116,-1561.130094043885,-43.887147335422924,-1699.0611285266423,0.16051029735053013,0.456587169824705,2.8445796486685553,0.0,2.2990009999999987
class2_2026_04_27_15_35_08.csv,127.947,connector,0.8529800000000001,-8.806,-10.738777777777777,2.003947924460767,-16.068777777777782,-18.883555722222223,2.8147779444444403,8.845000000000002,1736.6313458230868,-5670.836723084905,-7407.468068907992,-1995.2978056427055,9561.128526646022,-3139.498432601875,2.9755358527603537,9.048316312991666,3.0409021164021883,2.8709999999999845,6.873999999999999
class2_2026_04_27_15_35_08.csv,131.457,break,0.8763799999999999,-17.848,-22.639889111111113,10.544319340939202,-13.277111111111111,-26.813389222222224,13.536278111111113,3.8594994999999983,-1395.7692091785564,-184.2458410802217,1211.5233680983347,-3630.094043887013,-1863.0271093340125,-41087.77586207112,3.0943357457868776,10.552313096112911,3.410201914992125,0.0,35.223002
class2_2026_04_27_15_35_08.csv,176.126,background,1.1741733333333333,-25.188999,-31.66366711111111,12.982456601346813,-30.387333888888893,-36.507112111111105,6.119778222222212,5.633999500000002,1939.2014014959943,-583.6296262201976,-2522.831027716192,-3628.5282131656422,38731.97962382869,-43180.32662712988,12.267339910074124,13.475013782618806,1.0984461817273639,0.0,30.174002
class2_2026_04_27_15_35_08.csv,144.85700000000003,background,0.9657133333333335,-49.900002,-40.44833444444445,13.409701989551976,-37.152167722222224,-35.83288977777778,-1.319277944444444,30.063002,-3041.2777270040256,-467.7645088791532,2573.5132181248723,40202.61618251506,47120.69278996663,-45818.186520380186,14.271208518240282,14.090593475974911,0.9873440270052428,0.0,30.063002
class2_2026_04_27_15_35_08.csv,191.761,background,1.2784066666666667,-49.900002,-40.616668000000004,13.152759376512806,-34.37150088888889,-40.555945944444446,6.184445055555557,29.312003,-2941.642537449398,-702.9511734383677,2238.69136401103,1.4551915228366852e-11,8.003553375601768e-09,-44260.18965516859,13.918086080101398,13.223852146980168,0.9501199461444833,0.0,29.312003
class2_2026_04_27_15_35_08.csv,165.27800000000002,background,1.1018533333333336,-22.275999,-37.82744544444444,13.516250954463152,-37.703167833333325,-37.936112277777774,0.23294444444444906,28.449002,-1799.1118536572465,-840.1838130501468,958.9280406070997,44590.9122257017,44590.9122257017,-43297.810344823614,13.661702363864995,13.4483890700814,0.9843859665151414,0.9570000000000134,28.449002
class2_2026_04_27_15_35_08.csv,163.683,background,1.0912199999999999,-23.271,-40.963667888888885,12.638304343416332,-36.58844555555556,-39.270445611111114,2.682000055555555,27.052002,-2479.235981392177,-1192.778019798266,1286.457961593911,42401.25705329514,42401.25705329514,-42401.25705329525,13.420987878113985,13.38314425381959,0.9971801910695188,0.9569999999999856,27.052002
class2_2026_04_27_15_35_21.csv,83.915,bend,0.5594333333333333,-15.76,-15.726889111111111,0.8291001261968635,-14.74111111111111,-16.791499944444446,2.0503888333333364,1.2670005000000018,-20.004630111391698,-114.07320815095805,-94.06857803956635,-1316.6159874608165,-158.30721003134386,-1468.6536050156756,0.2254927663015402,0.36621527783933505,1.6240594312022616,0.0,2.237999000000002
class2_2026_04_27_15_35_21.csv,127.947,connector,0.8529800000000001,-8.479,-10.421444444444445,2.009214114529532,-15.562388888888888,-18.132111166666668,2.56972227777778,8.729500499999999,1636.4906156516963,-2598.41603852664,-4234.906654178336,-2018.8087774295382,9595.6112852667,-3186.520376175533,2.8785324630962736,8.858198764602092,3.077330480318208,2.8709999999999845,6.8759999999999994
class2_2026_04_27_15_35_21.csv,131.457,break,0.8763799999999999,-18.349001,-17.853333333333335,2.0267878497762037,-12.970388944444444,-29.92244488888889,16.952055944444446,4.0529994999999985,-1441.3752457369694,-4595.989925225583,-3154.6146794886135,-3548.5893416927793,-2583.1396719592813,-10443.575235108496,3.103299502796275,12.62663597862637,4.068776442129582,0.0,6.269999000000002
class2_2026_04_27_15_35_21.csv,142.30499999999998,background,0.9486999999999999,-49.900002,-44.25811255555555,10.683731013607195,-39.663890055555555,-35.869778833333335,-3.79411122222222,28.896002,-3126.1282489966484,3646.5342439055025,6772.662492902151,10995.296238237592,34296.24294670551,-45291.53918495694,12.95621804226421,14.048941217463831,1.0843395879334146,0.0,28.896002
class2_2026_04_27_15_35_21.csv,153.15300000000002,background,1.02102,-25.586,-35.08955622222223,13.345469688880982,-34.747556555555555,-36.18083422222222,1.4332776666666618,5.954000499999999,4275.891519812685,-3285.8263431873247,-7561.71786300001,-7774.296238243765,38109.72100313958,-40478.74587735077,13.65253093316902,13.760313183631801,1.0078945979390772,0.0,29.555003
class2_2026_04_27_15_35_21.csv,192.718,background,1.2847866666666665,-19.580999,-25.136111666666668,8.955145749020405,-34.90794527777778,-34.62894538888889,-0.27899988888889027,5.748000500000003,4527.304854449643,-3490.637877294358,-8017.942731744001,598.746081504567,47521.94827586605,-39786.83542319298,13.481506876636058,13.715107206913506,1.0173273889252614,1.2759999999999994,30.319003000000002
class2_2026_04_27_15_35_21.csv,190.165,background,1.2677666666666667,-25.559,-31.95755611111111,12.77299607196839,-37.39644561111111,-30.035556166666666,-7.360889444444446,3.7749999999999986,-2303.2568744775763,-2871.7309517685912,-568.474077291015,39194.362068962306,45407.52664576411,-3912.8264014292,14.012568818119837,12.431924122226269,0.8871980146104526,0.0,28.970002
class2_2026_04_27_15_35_21.csv,140.71,background,0.9380666666666667,-49.900002,-44.532668111111114,10.098319801458045,-36.63683438888889,-39.36927888888889,2.7324444999999997,26.425002,1301.1720875816084,1704.5903223300754,403.41823474846706,-41418.4984325983,41224.450498829705,-41418.4984325983,13.403250515507946,13.28357602343758,0.9910711597158424,0.0,26.425002
class2_2026_04_27_15_35_45.csv,80.72500000000001,bend,0.5381666666666667,-15.927,-15.791444444444446,1.3064387650837606,-14.644388888888889,-17.92994438888889,3.2855555000000027,1.5629999999999988,41.97268248992421,-443.4092882688364,-485.38197075876064,-2186.119190324811,517.2413793103442,-2186.119190324811,0.2103647992546093,0.7186527549806218,3.4162052839721544,0.0,3.6660000000000004
class2_2026_04_27_15_35_45.csv,127.62799999999999,connector,0.8508533333333332,-9.593,-12.494666666666667,2.893554297207694,-18.040278055555554,-19.81944455555556,1.7791665000000059,8.964000500000001,1268.266819129735,-4557.1352086179995,-5825.402027747735,554.858934169446,9570.531347962635,-2725.7053291535485,2.556955187961096,11.14713625757924,4.359533538377875,2.8709999999999845,8.996001
class2_2026_04_27_15_35_45.csv,131.138,break,0.8742533333333333,-18.163,-21.61866677777778,10.177547337615689,-14.694666722222223,-32.82166733333334,18.127000611111114,4.576999999999998,-606.9213653650398,-2378.87127231186,-1771.9499069468202,-2258.021284987528,-2003.7038513014377,-48147.34012539572,3.4495804863834256,13.791184608095017,3.997929795986303,0.0,34.647002
class2_2026_04_27_15_35_45.csv,176.445,background,1.1763,-21.851,-28.16366688888889,11.657071324380965,-33.32683377777777,-35.941723277777776,2.614889500000004,5.281999499999998,971.7509301739317,-2533.5756745061863,-3505.326604680118,43216.30564263715,43216.30564263715,-46272.73040751976,12.097580182487134,13.979945776273173,1.1555984262797108,0.9569999999999856,29.522002
class2_2026_04_27_15_35_45.csv,193.994,background,1.2932933333333334,-49.900002,-33.79444488888888,11.714114106811875,-34.46205633333333,-37.74166772222222,3.2796113888888883,8.5475,5032.05245891818,-86.48281697764648,-5118.535275895826,10205.332288395184,32354.23667711107,-40000.00470219785,12.56197141003334,13.617693958614387,1.0840410656958483,0.0,28.373002
class2_2026_04_27_15_35_45.csv,173.893,background,1.1592866666666666,-27.274,-34.06100077777778,11.845678728680447,-35.31594511111112,-33.882889722222224,-1.4330553888888957,3.184000000000001,-1847.463830746919,-722.2003990197074,1125.2634317272116,21639.49843260619,40915.36363636008,-35463.95297805713,13.09859834472505,13.177175998266295,1.0059988592271043,0.0,27.987002
class2_2026_04_27_15_35_45.csv,182.827,background,1.2188466666666666,-49.900002,-35.169778666666666,13.283659239996586,-36.248556666666666,-33.34972300000001,-2.898833666666654,4.254999999999999,2836.8683040343394,1306.1464051978787,-1530.7218988364607,-34559.56426332591,44082.24796719236,-34559.56426332591,13.736269070659937,13.282680219512493,0.9669786740640539,0.0,28.254002
class2_2026_04_27_15_35_45.csv,161.449,background,1.0763266666666667,-25.558001,-41.975446,11.259596361138065,-37.01116761111111,-36.33816733333333,-0.6730002777777813,18.111999500000003,649.0466529774592,2454.2758730975347,1805.2292201200755,-6.650225259363651e-09,33286.83699059976,-38153.60658307544,13.26551647894804,13.620120662057365,1.0267311986639096,0.6379999999999997,25.742001000000002
class2_2026_04_27_15_36_08.csv,81.682,bend,0.5445466666666667,-15.896,-15.728,0.7752155875055372,-14.741999999999999,-17.009944277777777,2.2679442777777776,1.2079995000000014,-64.88196922721873,-210.8604021649273,-145.9784329377086,-1119.120689655174,-170.81252974131712,-1119.120689655174,0.2049316959379394,0.391321670902285,1.909513116544324,0.0,2.047998999999999
class2_2026_04_27_15_36_08.csv,127.62799999999999,connector,0.8508533333333332,-8.309,-11.241222333333333,2.932381550153239,-16.424944555555555,-17.496278,1.071333444444445,8.847500000000002,1201.583694688312,-2635.001173078435,-3836.5848677667473,614.4200626960937,9707.965165880134,-2760.1880877742406,2.3043573461147284,8.90238681263156,3.8632823005334482,2.8709999999999845,9.155001
class2_2026_04_27_15_36_08.csv,130.81799999999998,break,0.8721199999999999,-16.319,-16.425000111111114,2.27205846159138,-13.339166833333334,-31.887889888888886,18.548723055555552,4.5370004999999995,178.07033932974602,-5808.385882221228,-5986.456221550974,-2180.0259148061014,-2075.2351097178544,-4515.673981191016,3.2716931961821514,14.438626237368737,4.413195540774455,0.0,6.958
class2_2026_04_27_15_36_08.csv,189.84599999999998,background,1.2656399999999999,-49.900002,-41.03733455555555,12.636125029606719,-37.94205655555555,-35.895556388888885,-2.046500166666668,28.683003,-846.5021674072241,-171.27314862080192,675.2290187864221,1.4551915228366852e-11,9443.576802514835,-1.4551915228366852e-11,13.432199667243376,14.034307268178788,1.0448256109219503,0.0,28.683003
class2_2026_04_27_15_36_08.csv,169.745,background,1.1316333333333333,-49.900002,-34.72755633333333,13.614212127317769,-34.9161675,-36.538167611111106,1.622000111111106,6.696001500000001,-1505.0964116636765,-2601.562465410939,-1096.4660537472623,316.61442007032747,43708.467084635995,-44025.08150470514,13.465670771189114,13.442334027025629,0.9982668711550345,0.0,28.996003
class2_2026_04_27_15_36_08.csv,171.02100000000002,background,1.1401400000000002,-20.903999,-37.70911211111111,13.67223166501643,-35.13372305555555,-36.64511205555556,1.5113890000000083,6.696001500000001,2059.0202607480664,3069.38329871066,1010.3630379625934,-7.916241884231567e-09,38757.05642633661,-45448.2805642673,13.26594157212259,13.312304802016039,1.003494831192084,0.6379999999999997,28.996003
class2_2026_04_27_15_36_08.csv,146.77200000000002,background,0.9784800000000001,-49.900002,-40.125778888888895,13.83064171427589,-38.83489,-34.65466744444444,-4.180222555555559,30.459002,1016.8474625235433,4171.281499513979,3154.4340369904357,-2750.7821316533773,47741.38244513695,-44990.60031347574,13.929936372492172,13.664960297627738,0.980977870339339,0.0,30.459002
class2_2026_04_27_15_36_08.csv,154.43,background,1.0295333333333334,-49.900002,-33.96155666666667,14.282118917728015,-28.216111555555557,-42.132890333333336,13.916778777777779,3.960999000000001,611.7731851535324,1990.1490091814087,1378.3758240278762,-46360.503134792234,4141.293226690421,-46360.503134792234,11.653565240360333,12.53937403793784,1.0760117357474357,0.0,29.703001
class2_2026_04_27_15_36_21.csv,79.76700000000001,bend,0.53178,-15.344,-15.504555777777776,0.7847900898401331,-14.753055555555555,-16.531666888888893,1.7786113333333375,1.029,16.96314173717747,-120.18521153210528,-137.14835326928275,-1501.5673981191248,286.83385579937385,-1501.5673981191248,0.13301690461584303,0.24645360197495997,1.8527851772039283,0.0,2.2729999999999997
class2_2026_04_27_15_36_21.csv,131.457,break,0.8763799999999999,-17.743999,-17.792000222222224,2.3636261034455694,-12.791777777777776,-31.15094522222222,18.359167444444445,3.9770000000000003,-1392.1969164602342,-2612.517215875411,-1220.3202994151766,-5600.313479623641,-2440.4388714732995,-5600.313479623641,3.1341893581303277,13.446849000242933,4.290374056368588,0.0,6.895
class2_2026_04_27_15_36_21.csv,127.62799999999999,connector,0.8508533333333332,-7.897,-10.783666555555556,2.8863739265601094,-15.984333444444445,-17.106389055555553,1.122055611111108,8.7290005,1242.3310082064722,-2812.3787030543103,-4054.7097112607826,694.357366771319,9634.796238244759,-2816.614420062633,2.2954330853611924,8.978606466773774,3.9115069886055855,2.8709999999999845,8.888999
class2_2026_04_27_15_36_21.csv,162.406,background,1.0827066666666667,-49.900002,-37.084223,14.341833657026884,-36.25600083333333,-34.55388983333333,-1.7021110000000022,6.309001500000001,-1367.6994568941398,-1525.4267136382346,-157.7272567440948,2943.573667703571,44686.52507836605,-47704.637241776014,13.698884097911096,13.78188681488935,1.006059012568177,0.0,30.388003
class2_2026_04_27_15_36_21.csv,141.029,background,0.9401933333333333,-24.528,-34.843889555555556,13.499401577832323,-36.14877872222222,-40.640056888888886,4.4912781666666675,29.270003,1567.4899563584313,-2060.005101049332,-3627.4950574077634,-998.4341692794187,42805.13223541515,-42266.46081505072,13.873710459992497,13.112323016786316,0.9451200606700096,1.2759999999999994,29.270003
class2_2026_04_27_15_36_21.csv,150.92,background,1.0061333333333333,-22.787001,-37.40511244444445,13.97939636446052,-40.48422366666667,-33.99944511111111,-6.484778555555565,29.303002,-360.57041299188427,3388.3690413241566,3748.9394543160406,1957.6818181813978,43971.788401257756,-45929.470219439754,13.320718213402197,14.241363539114205,1.0691137100754842,1.5949999999999853,29.303002
class2_2026_04_27_15_36_21.csv,191.761,background,1.2784066666666667,-21.511999,-34.49944544444444,13.790955157881287,-31.715000777777774,-34.68333444444445,2.9683336666666733,2.943499499999998,696.3181251068262,2138.4188858705947,1442.1007607637684,7.756170816719532e-09,2757.054858941672,-45000.00156739423,12.967252154223862,13.656021539250823,1.0531159819921159,0.6379999999999997,28.710001000000002
class2_2026_04_27_15_36_21.csv,144.538,background,0.9635866666666667,-49.900002,-40.469334555555555,13.35763701077518,-36.09155638888889,-40.565112500000005,4.473556111111115,29.713002,-1355.3350916047675,-1443.9532406067963,-88.61814900202876,-4882.445141073509,46572.10344827386,-41494.33997457125,13.846024185134251,13.211264761714693,0.9541557656488256,0.0,29.713002
class2_2026_04_27_15_36_45.csv,78.17200000000001,bend,0.5211466666666668,-15.456,-15.331888999999999,0.6393019141664513,-14.66927777777778,-16.082388833333333,1.4131110555555537,0.7835000000000001,-27.405498429637444,-43.88127819653545,-16.475779766898004,-860.5015673981179,263.32288401253754,-1264.8902821316624,0.1162505940513164,0.2726309875352987,2.3451806382538933,0.0,1.8650000000000002
class2_2026_04_27_15_36_45.csv,127.62799999999999,connector,0.8508533333333332,-7.355,-10.241333222222224,2.857864048797197,-15.412500222222219,-14.882000111111113,-0.5305001111111061,8.801000499999997,1182.0096400835025,-2561.2802426949665,-3743.2898827784693,615.9874608152022,9755.485893417172,-2738.244514106529,2.2697928006025267,4.335056137237452,1.909889848182109,2.8709999999999845,8.739999000000001
class2_2026_04_27_15_36_45.csv,131.138,break,0.8742533333333333,-15.88,-16.07066688888889,2.0282219383088256,-12.279277722222222,-25.818055722222223,13.538778,4.290999499999998,-608.7992488565039,-3794.6054180654364,-3185.8061692089323,-3662.4403793890306,-2020.3762215403622,-5145.7664576806455,3.1599340804628397,10.962862899074132,3.469331685595385,0.0,5.898001000000001
class2_2026_04_27_15_36_45.csv,171.97799999999998,background,1.1465199999999998,-21.124001,-37.481778999999996,13.89329408665463,-35.22938977777777,-35.61494561111111,0.385555833333342,7.5399995,-1719.153357161696,70.90296292495813,1790.056320086654,-2493.7304075232387,45103.44984325633,-44909.398672283365,13.35435645948408,14.307720858649851,1.071389687003526,1.2770000000000004,28.776001
class2_2026_04_27_15_36_45.csv,194.632,background,1.2975466666666666,-22.889999,-43.93433477777777,11.161010812085195,-35.87155661111111,-37.521938500000005,1.6503818888888944,21.472002500000006,-4056.8920350197013,7929.4395446913,11986.331579711,7.377821020781994e-09,42335.42789969022,-42335.427899682865,13.078740140844676,14.054697564848034,1.0746215873143528,0.6379999999999997,27.010003
class2_2026_04_27_15_36_45.csv,173.893,background,1.1592866666666666,-21.354,-34.201556555555555,14.062694934803888,-36.03955666666666,-37.25355683333334,1.214000166666679,29.665001,1908.8598491669813,-4948.651740009919,-6857.5115891769,4512.537617554954,42898.12225705704,-46496.86677116394,13.894502720581094,14.180706503268025,1.02059827313321,1.5949999999999853,29.665001
class2_2026_04_27_15_36_45.csv,167.511,background,1.11674,-24.924999,-32.85366722222222,12.449369733004092,-30.196945222222226,-36.525612277777775,6.328667055555549,3.6765000000000008,1038.5295668863357,2394.855845529124,1356.3262786427883,-10028.214733541303,39145.77272726948,-45280.56739812309,12.372805753169636,13.583386107067474,1.0978419349827568,0.0,28.889002
class2_2026_04_27_15_36_45.csv,169.107,background,1.12738,-49.900002,-35.56944555555556,13.197144618731148,-30.92266727777778,-34.410556611111105,3.4878893333333245,3.561498499999999,-3207.1657144518786,1676.4004326464305,4883.566147098309,38484.32915360838,38484.32915360838,-44688.09090909496,12.098709339744913,13.893932045223812,1.1483812451961513,0.0,28.985001
class2_2026_04_27_15_37_18.csv,78.17200000000001,bend,0.5211466666666668,-15.983,-16.019555666666665,1.2983806768053638,-14.671,-18.577944555555554,3.9069445555555546,1.8150005,-22.1368953627864,-411.3830442128902,-389.2461488501038,-1821.3181818181802,158.30721003135113,-2416.9278996865214,0.24707398801888394,0.9951346451242565,4.027662423879986,0.0,3.3890010000000004
class2_2026_04_27_15_37_18.csv,127.947,connector,0.8529800000000001,-10.546,-12.566333444444444,2.205833037686272,-17.65916694444444,-17.894444555555555,0.23527761111111545,8.404,1620.9358510691975,-2336.8386093779914,-3957.774460447189,-1952.978056426402,10736.678683385926,-3394.984326018821,2.8865855412613257,3.597851723047707,1.246403553685103,2.8709999999999845,7.656001
class2_2026_04_27_15_37_18.csv,131.138,break,0.8742533333333333,-18.735001,-18.63111111111111,1.7508510242131106,-15.089722222222223,-27.123944888888893,12.03422266666667,4.1779995,-544.7073704149632,-2993.233945062581,-2448.526574647618,-3194.1349563049225,-1901.2539184952802,-3357.366771159992,3.1598145434425167,10.328853340842368,3.268815283309043,0.0,5.1580010000000005
class2_2026_04_27_15_37_18.csv,151.239,background,1.00826,-23.32,-35.13100044444444,13.28133378858388,-34.78094511111111,-39.47977888888889,4.698833777777779,28.885003,2581.0201518816525,-3585.5888450063753,-6166.608996888028,-3543.88714733511,45274.29937303837,-41661.44514106221,13.617503599644198,13.09451731801016,0.9615944846717582,1.595000000000013,28.885003
class2_2026_04_27_15_37_18.csv,162.72500000000002,background,1.0848333333333335,-49.900002,-41.566001444444446,11.939780234614437,-37.67672338888889,-36.53388983333334,-1.1428335555555478,29.198002,-773.9198501612208,1159.0860561953875,1933.0059063566082,-1.4551915228366852e-11,45764.89341692395,-38706.899686518,13.81763599316065,13.615662605946753,0.9853828561776613,0.0,29.198002
class2_2026_04_27_15_37_18.csv,162.08700000000002,background,1.08058,-20.702,-43.911890444444445,11.252896538501671,-39.29883461111111,-39.20461222222222,-0.09422238888889467,29.198002,-4739.8990360481885,2116.709922807276,6856.608958855464,-7.974449545145035e-09,45764.89341692395,-45764.893416931896,13.438320122933034,13.55793576931844,1.008901011167331,0.6379999999999997,29.198002
class2_2026_04_27_15_37_18.csv,143.9,background,0.9593333333333334,-49.900002,-37.44177855555555,14.014491626426809,-37.799500944444446,-37.67961211111111,-0.11988883333333433,29.565003,8082.6687305831365,1812.5532361439282,-6270.115494439208,-46340.130094041895,8429.467084640171,-46340.130094041895,13.673685445955895,13.718406526374627,1.0032705211279698,0.0,29.565003
class2_2026_04_27_15_37_18.csv,155.70600000000002,background,1.03804,-49.900002,-40.840445777777774,12.841981872192832,-36.59327855555556,-39.29883461111111,2.7055560555555545,29.195002000000002,-4034.926207529596,1402.988604192531,5437.914811722127,-1.4551915228366852e-11,40034.485893412464,-1.4551915228366852e-11,13.37231389617569,13.438320122933034,1.0049359611458313,0.0,29.195002000000002
class2_2026_04_27_15_37_33.csv,77.215,bend,0.5147666666666667,-15.912,-15.666222555555557,0.8266242579326425,-14.705666666666666,-16.845778,2.1401113333333335,1.0325005000000012,-40.65810143928871,-140.21615054175797,-99.55804910246925,-1280.565830721007,-172.89912848739914,-1280.565830721007,0.14329534380277537,0.3562154628013468,2.485865677714853,0.0,2.508000000000001
class2_2026_04_27_15_37_33.csv,131.776,break,0.8785066666666668,-18.233999,-22.099888888888888,10.034162328747488,-13.247499888888889,-30.60105605555556,17.35355616666667,3.609999499999999,-2125.9090475273015,-4599.867951304825,-2473.958903777523,-5137.9310344831865,-1205.327586206975,-46727.27742946351,3.2057939960848127,12.192987542548714,3.803420854246706,0.0,34.398002
class2_2026_04_27_15_37_33.csv,127.62799999999999,connector,0.8508533333333332,-8.293,-11.15488888888889,2.810271416091116,-16.33361111111111,-17.35316661111111,1.0195554999999992,8.7214995,1206.348208117291,-2717.9200113063152,-3924.2682194236063,598.746081504858,9598.746081504944,-2692.789968651985,2.278915771391955,8.843376116828104,3.880517370288428,2.8709999999999845,8.61
class2_2026_04_27_15_37_33.csv,189.84599999999998,background,1.2656399999999999,-49.900002,-30.12366722222222,10.62441636798801,-36.92222316666667,-32.003445,-4.9187781666666694,2.6369989999999994,1587.9929798610337,-1751.2087996118487,-3339.2017794728827,36673.98275861753,39680.25391849917,-42119.14345430077,13.034679853634861,12.736890245772932,0.9771539778222582,0.0,26.842001
class2_2026_04_27_15_37_33.csv,184.10299999999998,background,1.2273533333333333,-27.483,-35.773000777777774,12.717588560729636,-33.07472322222222,-38.16761216666666,5.092888944444439,3.467499499999999,-3213.030602127881,3950.976206396595,7164.006808524477,6.126356311142445e-09,43539.188087770955,-41866.77586206607,13.459170523308897,13.143772800402015,0.9765662602366969,0.0,27.778002
class2_2026_04_27_15_37_33.csv,180.59300000000002,background,1.2039533333333334,-21.304001,-27.970334222222224,11.740714058677614,-36.221001055555554,-38.0783345,1.8573334444444427,29.238001,4488.235449898324,-339.85854901482264,-4828.093998913147,876.1755485889589,44821.318181821654,-45412.56834984543,13.729048171668754,13.298161593084167,0.968614900187424,1.2759999999999994,29.238001
class2_2026_04_27_15_37_33.csv,170.383,background,1.1358866666666667,-25.625999,-36.07411188888889,12.763606470035318,-38.554612111111105,-39.063278999999994,0.5086668888888894,29.178002,637.2343613148666,-2159.049950667733,-2796.2843119825993,15750.786833855193,38047.02664576937,-38047.026645763974,12.982658760827853,13.620092987492388,1.0490988162986326,1.2759999999999994,29.178002
class2_2026_04_27_15_37_33.csv,165.916,background,1.1061066666666666,-20.687,-40.75644555555555,12.952002355926576,-36.22377883333333,-37.16500083333333,0.9412220000000033,20.713501500000003,-343.30179612232575,3018.734542700307,3362.036338822633,-7.974449545145035e-09,45788.404388710784,-45788.404388718736,13.75404082539943,13.038450803586947,0.9479723101836867,0.6379999999999997,29.213002
class2_2026_04_27_15_37_46.csv,76.57700000000001,bend,0.5105133333333334,-15.499,-15.40133311111111,0.6065778961916771,-14.71238888888889,-16.269444555555552,1.5570556666666615,0.6225000000000005,-41.113182662834774,-131.95821259010808,-90.8450299272733,-901.2539184952984,45.45454545454777,-1050.1551724137935,0.12152326658293731,0.263054055775239,2.1646216280244825,0.0,1.6079989999999995
class2_2026_04_27_15_37_46.csv,127.62799999999999,connector,0.8508533333333332,-7.601,-10.519555555555554,2.9345186283693807,-15.633499833333328,-15.112277777777779,-0.5212220555555493,8.7485,1177.5443448527724,-2690.630851192154,-3868.1751960449265,642.6332288402846,9646.612065286401,-2810.344827586159,2.266308056668948,4.330793938767099,1.9109458729925204,2.8709999999999845,9.145
class2_2026_04_27_15_37_46.csv,131.457,break,0.8763799999999999,-17.472,-17.197222333333333,2.1174640328340364,-12.489611166666666,-35.27072322222222,22.781112055555557,3.481,-1378.443400496787,-9108.589853452266,-7730.146452955479,-2435.735109718029,-1767.9942295864457,-4197.492163008832,3.119856491629743,14.68657084158694,4.707449260419586,0.0,6.4620000000000015
class2_2026_04_27_15_37_46.csv,194.95100000000002,background,1.2996733333333335,-23.719,-34.21422311111111,14.065884422017579,-38.986279055555556,-38.76073459999999,-0.22554445555556413,30.019001,3808.8453903722598,1227.0012060756817,-2581.844184296578,-44628.52978056756,44628.52978056071,-44628.52978056756,13.694538837110601,13.673430324210239,0.9984585452923977,1.2759999999999994,30.019001
class2_2026_04_27_15_37_46.csv,175.488,background,1.16992,-22.09,-34.388223333333336,13.87619821738376,-34.681778888888886,-39.81689022222221,5.135111333333327,28.396002,269.9040488636845,-823.6372748169983,-1093.5413236806828,44507.84012538815,44507.84012538815,-44507.84012538801,13.630407509413192,12.849715512906046,0.942724167366811,0.9570000000000134,28.396002
class2_2026_04_27_15_37_46.csv,180.59300000000002,background,1.2039533333333334,-49.900002,-46.83266855555556,8.675729114907828,-36.724056666666655,-37.646889944444446,0.9228332777777908,27.606001,-823.6372748169983,4267.269468129847,5090.906742946845,-1.4551915228366852e-11,1.4551915228366852e-11,-1.4551915228366852e-11,13.389153943775707,13.730061884885266,1.02546142325943,0.0,27.606001
class2_2026_04_27_15_37_46.csv,150.92,background,1.0061333333333333,-18.9,-28.857444888888885,11.7088153034307,-33.251500888888884,-32.623056277777785,-0.6284446111110995,6.179500500000003,-593.5593332377732,3456.1502074252817,4049.709540663055,-48363.63793103026,45374.269567367664,-48589.34482758201,13.363722154300218,12.390870382555011,0.9272019660604718,1.595000000000013,31.000002000000002
class2_2026_04_27_15_37_46.csv,164.959,background,1.0997266666666667,-21.716,-34.587889888888895,13.710379933583562,-36.18627883333333,-37.599889999999995,1.4136111666666622,28.599001,1101.0169216891582,-2178.435376654094,-3279.452298343252,2263.322884012923,42946.71159874983,-44826.02037617948,13.765290613020886,13.77853818057522,1.0009623165223616,1.5949999999999853,28.599001
class2_2026_04_27_15_37_57.csv,75.619,bend,0.5041266666666666,-15.498,-15.654221999999997,0.8757466762360245,-14.717555555555556,-17.041055333333333,2.3234997777777764,1.327,-37.30457118799682,-212.752026421852,-175.44745523385518,-2106.3555816788466,498.4326018808788,-2106.3555816788466,0.17072141772236965,0.41099755736635607,2.4074023953592554,0.0,2.174999999999999
class2_2026_04_27_15_37_57.csv,131.138,break,0.8742533333333333,-17.285999,-17.24722211111111,2.017042180410681,-13.386777722222222,-26.38800038888889,13.001222666666669,3.8709989999999994,-624.160500832242,-1789.6058184858375,-1165.4453176535956,-3426.9415849548604,-1915.3605015673893,-3426.9415849548604,3.05788688923749,10.699784581232409,3.4990768035974296,0.0,6.104999999999999
class2_2026_04_27_15_37_57.csv,127.62799999999999,connector,0.8508533333333332,-8.532,-11.416111111111112,2.822296954391127,-16.54816661111111,-15.961111111111112,-0.5870554999999982,8.7064995,1188.1762785839223,-2541.336094091776,-3729.5123726756983,622.2570532917034,9603.448275862302,-2716.300940438814,2.2792687028023835,4.22492541458021,1.8536311913353756,2.8709999999999845,8.658999999999999
class2_2026_04_27_15_37_57.csv,137.519,background,0.9167933333333333,-23.037001,-29.34333366666667,11.150561151071226,-26.482055944444447,-34.78822294444444,8.306166999999995,2.0429995000000005,-2845.9768095726154,-3110.950002108671,-264.97319253605565,-1716.3009404383774,45799.37617554644,-44056.429467087604,10.641596181321477,13.588365504335274,1.2769103427619,0.0,29.220002
class2_2026_04_27_15_37_57.csv,161.768,background,1.0784533333333333,-20.92,-37.78800088888889,13.584856083636396,-38.35311216666667,-30.163556000000003,-8.189556166666666,4.6224995,-1763.8705235245623,2607.7397675524307,4371.610291076993,7.916241884231567e-09,44076.8072100352,-42735.11285266761,12.960287664562038,12.366814411466002,0.9542082534998776,0.6379999999999997,28.980002
class2_2026_04_27_15_37_57.csv,141.986,background,0.9465733333333333,-49.900002,-37.71355655555556,13.712008333129171,-33.266278444444445,-40.94233472222222,7.676056277777775,29.830002,-4115.442849155396,-1153.8234630044342,2961.619386150962,-7741.380877735828,44805.647335427115,-37064.266457677055,13.369043800483572,12.747380516267624,0.953499723166949,0.0,29.830002
class2_2026_04_27_15_37_57.csv,139.11399999999998,background,0.9274266666666665,-49.900002,-31.862889333333342,12.812221827552827,-27.293500388888894,-37.657278833333336,10.363778444444442,2.7334999999999994,1781.1308398858816,-2704.727418881244,-4485.858258767125,6213.1645767951995,6213.1645767951995,-2515.673981198859,10.222255618401716,13.782770955432767,1.3483100131356074,0.0,28.793002
class2_2026_04_27_15_37_57.csv,140.071,background,0.9338066666666667,-22.712,-37.60666766666667,13.801763997314143,-30.345389555555553,-40.76733461111111,10.421945055555558,6.7195,-1489.7875987511204,1141.8608038513548,2631.6484026024755,266.3401449771918,6213.1645767951995,-46755.48902821726,12.221156943019535,13.012296238231079,1.0647351338473967,0.6390000000000007,29.830002
class2_2026_04_27_15_38_31.csv,75.30000000000001,bend,0.5020000000000001,-15.641,-15.588222444444442,0.7274371246344724,-14.70444444444444,-16.789833444444444,2.085389000000003,1.209999999999999,-70.56033660627807,-142.95154012367348,-72.39120351739541,-1163.0094043887148,-117.55485893416699,-1173.3145834406423,0.1950903557677321,0.32590201157492155,1.6705097480737554,0.0,2.080001000000001
class2_2026_04_27_15_38_31.csv,127.62799999999999,connector,0.8508533333333332,-8.197,-11.101444555555554,2.9229439637943084,-16.337388999999998,-18.774055666666666,2.4366666666666674,8.812000999999999,1197.1539312522345,-2680.0504202410275,-3877.204351493262,650.4702194358979,9665.699196325386,-2816.6144200626313,2.3214969203587152,11.59923965139342,4.996446281373846,2.8709999999999845,9.163001000000001
class2_2026_04_27_15_38_31.csv,131.776,break,0.8785066666666668,-19.159,-21.727444444444444,10.150088601705397,-13.127277666666666,-34.791500666666664,21.664223,2.7679994999999966,-2023.8955758126838,-2514.035551700219,-490.13997588753523,-1843.2617554856006,-1843.2617554856006,-46032.91849529384,3.176638646170806,13.649739422771306,4.296911498672824,0.0,34.584002
class2_2026_04_27_15_38_31.csv,151.558,background,1.0103866666666665,-22.239,-28.38355611111111,11.74679821477927,-39.11683466666667,-37.99989022222222,-1.1169444444444494,30.123002,2046.9347559873838,-318.7046896180091,-2365.639445605393,33462.384012543844,43076.80564263739,-45601.88401253524,13.56708676472836,13.610018587604918,1.003164335900308,0.9569999999999856,30.123002
class2_2026_04_27_15_38_31.csv,156.34400000000002,background,1.0422933333333335,-21.024,-40.23489022222222,13.681993360502716,-34.86705666666666,-42.475945777777774,7.608889111111111,30.338002,-2673.6653958651336,1879.9724863793758,4553.6378822445095,-7.887138053774834e-09,45260.19122256663,-45260.191222574496,13.762717279480173,12.049162131619902,0.8754928995084398,0.6379999999999997,30.338002
class2_2026_04_27_15_38_31.csv,163.683,background,1.0912199999999999,-25.399,-37.59033444444444,13.821501430715125,-39.31750111111111,-40.58689044444445,1.2693893333333364,29.434002,1563.0931469133243,-1292.4993698595551,-2855.592516772879,951.4106583059474,45246.24166017031,-46134.799373044785,13.345763934326847,13.19881362095348,0.9889889179004352,1.5959999999999863,29.434002
class2_2026_04_27_15_38_31.csv,166.873,background,1.1124866666666666,-49.900002,-43.40289055555556,12.155889518885836,-40.56605694444445,-40.755834833333324,0.1897778888888766,29.552002,-186.16453922068933,1227.7746890546814,1413.9392282753706,1.4551915228366852e-11,46319.752351101226,-283.32681229648006,13.236966903120805,12.95504253676496,0.9787016657878745,0.0,29.552002
class2_2026_04_27_15_38_31.csv,141.66699999999997,background,0.9444466666666664,-23.17,-35.42089,13.150516580935426,-39.22722338888888,-41.68033483333334,2.4531114444444597,29.525002,291.23768131564594,-2527.5714187199214,-2818.8091000355676,46277.43260188418,46277.43260188418,-41896.5548589386,13.417701036213733,11.816125321817195,0.8806370338174182,0.9569999999999856,29.525002
class2_2026_04_27_15_38_41.csv,70.833,bend,0.47222,-15.46,-15.424889111111108,0.6814442793993495,-14.663833333333335,-16.337333444444447,1.673500111111112,0.8734999999999999,-79.5137722214232,-130.3055113183496,-50.791739096926406,-255.48589341693514,92.47648902821675,-1899.5678371868453,0.1901164117060912,0.37832244100858115,1.9899410454495474,0.0,2.1680010000000003
class2_2026_04_27_15_38_41.csv,131.457,break,0.8763799999999999,-17.784,-17.866444777777776,2.444544469120247,-12.715333555555555,-24.774278111111112,12.058944555555557,4.3745005,-1420.713242277134,-1102.401468971459,318.31177330567493,-3902.8197492161526,-2932.6018808776716,-3902.8197492161526,3.0973243064452376,9.036619441576436,2.917555809450204,0.0,7.141000999999999
class2_2026_04_27_15_38_41.csv,127.62799999999999,connector,0.8508533333333332,-7.833,-10.693000111111111,2.7716989838164228,-15.795666722222222,-15.348611277777776,-0.44705544444444634,8.699000500000002,1186.078081980589,-2842.610536005504,-4028.688617986093,634.7962382446767,9432.601880877968,-2753.9184952977484,2.2323959175771666,4.2119984575556,1.8867605596440735,2.8709999999999845,8.516001000000001
class2_2026_04_27_15_38_41.csv,22.016000000000002,background,0.14677333333333334,-15.633,-14.832333333333334,0.37474643279007824,-14.534166666666668,-14.473888888888887,-0.06027777777778098,0.058999999999999275,-70.76258874321309,41.38905680187938,112.15164554509246,819.749216300941,819.749216300941,175.5485893416917,0.2164145327837295,0.20319609819331594,0.9389164242493439,0.0,1.2049999999999983
class2_2026_04_27_15_38_41.csv,179.955,background,1.1997,-21.753,-31.62588955555556,13.033558708393388,-35.77861222222222,-37.30883438888888,1.530222166666661,28.984002,1956.5369810599884,975.4157856867706,-981.1211953732178,-7.683411240577698e-09,45429.47021943206,-9166.147335430229,14.149216945485305,14.146275632551877,0.9997920511971217,0.6379999999999997,28.984002
class2_2026_04_27_15_38_41.csv,187.932,background,1.25288,-49.900002,-34.76588988888889,13.637863202499863,-31.279834,-36.712389944444446,5.432555944444445,5.019000500000001,3484.0228724696567,953.6863837492667,-2530.3364887203898,-1336.9890282209526,3663.009404387456,-44094.04702194743,13.260196340368134,13.283839443710498,1.0017829375186138,0.0,29.267003
class2_2026_04_27_15_38_41.csv,186.017,background,1.2401133333333334,-23.709999,-32.102334000000006,12.699326096083526,-37.30883438888888,-33.698778722222215,-3.6100556666666677,6.2635015,-811.3829375291032,-2320.6226153156877,-1509.2396777865845,40457.616516645365,45658.31034483158,-9548.590909091032,14.146275632551877,13.052076145768037,0.9226509904192045,0.6390000000000007,29.267003
class2_2026_04_27_15_38_41.csv,164.959,background,1.0997266666666667,-29.969999,-38.30044533333333,13.239360602289615,-36.35627883333333,-36.09861194444445,-0.25766688888887757,17.718002,4934.918228269189,440.7925168374735,-4494.125711431716,2554.860501564781,31238.249216295837,-47603.452978060595,13.574333317233863,13.86996318537827,1.0217785168123552,0.0,30.371003
class2_2026_04_27_15_38_53.csv,70.514,bend,0.4700933333333333,-16.014,-15.979444555555554,1.0440216292637186,-14.71572222222222,-17.653000111111112,2.9372778888888913,1.5,-125.57490668810298,-315.65092249488265,-190.07601580677965,-1454.5454545454559,528.2131661441999,-1700.6285266457235,0.25050500229105116,0.5728758247265275,2.286874643669935,0.0,3.128
class2_2026_04_27_15_38_53.csv,127.62799999999999,connector,0.8508533333333332,-8.901,-11.855999777777777,3.01037234433811,-16.753777777777778,-17.846055611111108,1.0922778333333305,8.6385005,1070.2858541149499,-2492.24122192845,-3562.5270760434,587.7742946709986,10282.130094044189,-2819.7492163008937,2.2147831012830466,8.691487732067827,3.924304733374581,2.8709999999999845,9.172999
class2_2026_04_27_15_38_53.csv,130.81799999999998,break,0.8721199999999999,-18.212,-16.916555555555558,2.020553299256425,-13.792388833333334,-30.636444999999995,16.84405616666666,4.318499000000001,84.05610824594471,-6187.013502015169,-6271.069610261114,-1757.5654033048522,-1757.5654033048522,-2683.3855799372395,3.132709314976774,13.7506596675448,4.389381169974775,0.0,5.67
class2_2026_04_27_15_38_53.csv,194.95100000000002,background,1.2996733333333335,-49.900002,-37.724668,13.613520078175577,-36.2525566111111,-40.621067866666664,4.3685112555555605,27.640002,4763.769017065252,6796.708091901715,2032.939074836463,-42271.16300940074,43322.8871473317,-42271.16300940074,13.65927473166809,13.138068546375589,0.9618422531668999,0.0,27.640002
class2_2026_04_27_15_38_53.csv,170.702,background,1.1380133333333333,-24.684,-32.039334000000004,12.694809956461254,-36.50494538888889,-40.60822361111111,4.103278222222215,29.789002,4034.84267178204,-994.208269519326,-5029.050941301366,3224.1363636353963,39523.51410657897,-46691.22570532597,13.459196633195456,13.160035759217745,0.977772681393736,1.595000000000013,29.789002
class2_2026_04_27_15_38_53.csv,142.624,background,0.9508266666666666,-20.645,-34.17400077777778,14.101777896224496,-35.431500944444444,-43.52483488888888,8.093333944444439,30.372002000000002,224.2877128629893,-3961.0922791679077,-4185.379992030897,47605.01880877362,47605.01880877362,-47605.018808773326,14.500873538620244,11.940094587400674,0.8234051370902195,0.9570000000000134,30.372002000000002
class2_2026_04_27_15_38_53.csv,147.091,background,0.9806066666666667,-49.900002,-49.900002,0.0,-38.90711227777777,-39.56355672222222,0.6564444444444533,0.0,-3357.120725970573,4590.4150379558305,7947.535763926404,1.4551915228366852e-11,1.4551915228366852e-11,-1.4551915228366852e-11,13.802589615972499,13.061941372452889,0.9463398383588569,0.0,0.0
class2_2026_04_27_15_38_53.csv,176.445,background,1.1763,-49.900002,-34.78266755555555,13.570965362499065,-39.207334611111115,-31.85811188888889,-7.349222722222226,5.345000499999998,5874.462442677019,4363.281272735704,-1511.1811699413147,125.39184952194046,44960.81818182141,-38833.85736677456,13.435600870392156,12.872560673831863,0.9580933402171541,0.0,28.765002
class2_2026_04_27_15_39_15.csv,69.87599999999999,bend,0.4658399999999999,-15.955,-15.757889111111114,0.7455054636758488,-14.731166666666667,-16.890611,2.159444333333333,1.1750004999999994,-118.61679678147081,-116.31352409974917,2.303272681721637,-896.5532915360491,-15.673981191219355,-951.4106583072098,0.24092028418822137,0.35784151475121595,1.4853046959174012,0.0,2.068000999999999
class2_2026_04_27_15_39_15.csv,127.62799999999999,connector,0.8508533333333332,-8.27,-11.247333444444443,3.08621993749517,-16.490500166666667,-15.931888833333334,-0.5586113333333333,8.8580005,1172.1826682268118,-2860.5165776227195,-4032.6992458495315,579.9373040753908,10645.861767888488,-2865.2037617554342,2.358126044659291,4.452410181123867,1.8881129374296135,2.8709999999999845,9.739001000000002
class2_2026_04_27_15_39_15.csv,131.776,break,0.8785066666666668,-20.336,-19.193111000000002,2.496177638156966,-13.287888833333334,-35.974278777777776,22.686389944444443,3.0615000000000006,-2103.232259125441,-5237.805868592343,-3134.5736094669023,-1170.8463949838842,-1170.8463949838842,-5109.717868338088,3.3006108948492696,14.000945637517832,4.241924250278211,0.0,6.827999
class2_2026_04_27_15_39_15.csv,190.803,background,1.27202,-22.489,-31.517556222222222,13.035359570165584,-29.9868895,-31.912445111111108,1.9255556111111076,2.421501499999998,-1528.168271477681,-1637.8947663434099,-109.72649486572891,1165.825552130751,42963.952978060144,-43036.46937381269,12.40480145454493,12.967545417648116,1.0453649274275227,0.0,29.433003
class2_2026_04_27_15_39_15.csv,161.449,background,1.0763266666666667,-20.173,-35.25289,13.507381925027845,-39.21822344444444,-35.573611944444444,-3.6446114999999963,29.727002000000002,-877.9885191330571,1747.0944761368135,2625.0829952698705,-8.119968697428703e-09,45054.86050156352,-41327.587774299056,13.426239515394546,13.067271059128922,0.9732635911107038,0.6379999999999997,29.727002000000002
class2_2026_04_27_15_39_15.csv,183.46499999999997,background,1.2230999999999999,-49.900002,-38.099112222222224,13.278860464457022,-33.63827838888889,-32.909723111111106,-0.7285552777777866,3.4384995000000025,4804.882315593414,5478.008553086409,673.1262374929947,-43268.02821316993,7476.4905956122675,-43268.02821316993,13.177131716249574,13.592838725892106,1.0315475315149478,0.0,28.831002
class2_2026_04_27_15_39_15.csv,141.029,background,0.9401933333333333,-21.183001,-43.36977933333334,12.22099777285793,-45.2755016111111,-37.26622333333333,-8.009278277777774,30.055003,-328.8706544705564,1599.7171356727072,1928.5877901432636,7.843482308089733e-09,45010.9733542359,-45010.97335422809,10.409425385632789,14.157146683374059,1.3600313945169848,0.6379999999999997,30.055003
class2_2026_04_27_15_39_15.csv,193.356,background,1.28904,-21.975,-28.033000333333334,11.774894934298942,-29.742667222222224,-36.55233427777778,6.809667055555558,4.030500499999999,-1116.5714821321458,-4190.839401301974,-3074.2679191698285,38847.96551723971,38847.96551723971,-45053.29467085074,12.540522994283348,13.57670819452829,1.0826268663667715,0.0,30.164002
class2_2026_04_27_15_39_26.csv,73.067,bend,0.4871133333333333,-15.981,-15.664888888888889,0.8090030794400179,-14.718166666666669,-16.831111277777776,2.112944611111107,0.9679994999999995,-32.90907794137704,-192.10849775890605,-159.19941981752902,-1407.5219435736908,98.74608150469794,-1407.5219435736908,0.14338574623100517,0.3599788883562487,2.5105450665314617,0.0,2.1929999999999996
class2_2026_04_27_15_39_26.csv,131.776,break,0.8785066666666668,-18.121,-20.225778,4.334065239118862,-13.317333388888889,-31.820834166666664,18.503500777777774,3.4849999999999994,-2087.7892242844287,-5529.818422875631,-3442.029198591202,-7758.622257053943,-1730.4075235111013,-11630.094043888537,3.2127114754374473,12.948329710500666,4.0303419025188685,0.0,14.674001
class2_2026_04_27_15_39_26.csv,127.947,connector,0.8529800000000001,-8.726,-10.678222222222225,2.0103246712784024,-15.978610833333331,-17.239722333333333,1.261111500000002,8.783999500000002,1731.3604032951953,-3567.640943092392,-5299.001346387588,-2028.2131661442781,9554.858934169522,-3373.040752351091,2.956734865089986,5.244259228868077,1.7736651050865755,2.8709999999999845,6.879
class2_2026_04_27_15_39_26.csv,180.91199999999998,background,1.2060799999999998,-49.900002,-37.92666777777778,13.446159557338616,-37.53155655555556,-45.61561272222222,8.084056166666656,29.063002,2556.780982710092,1870.6293229176395,-686.1516597924524,-45553.29467085038,44550.16144200907,-45553.29467085038,13.87159200074116,9.59652223038913,0.6918111157007265,0.0,29.063002
class2_2026_04_27_15_39_26.csv,190.803,background,1.27202,-25.427,-31.576889777777776,13.046635160107902,-35.88400111111111,-38.030612166666664,2.146611055555553,30.074002,3765.050181788278,-2035.2554022871109,-5800.30558407539,239.74335814404185,43705.33072099997,-44771.163009400596,14.04872849462426,13.311456094383464,0.9475202792876813,0.6390000000000007,30.074002
class2_2026_04_27_15_39_26.csv,143.581,background,0.9572066666666665,-20.278999,-40.29933477777777,13.610502028822946,-37.61911244444444,-37.429001166666666,-0.19011127777777403,30.276001,-1657.5919887615173,-1660.8914445520388,-3.299455790521506,47454.54702194756,47454.54702194756,-47454.54702193948,13.822482786180187,13.982957003628895,1.0116095789968769,0.9570000000000134,30.276001
class2_2026_04_27_15_39_26.csv,177.083,background,1.1805533333333333,-21.219999,-37.13644533333333,14.273426241543822,-37.764667777777774,-40.95511244444444,3.1904446666666644,29.128003,-2892.555842916456,-408.63069535928037,2483.925147557176,45722.23625276959,45722.23625276959,-45655.17711599145,13.690975158997896,12.709260786385617,0.928294713159143,0.9579999999999866,29.128003
class2_2026_04_27_15_39_26.csv,159.216,background,1.0614400000000002,-49.900002,-40.45611266666666,13.36134322169653,-33.05850072222222,-32.53344516666667,-0.5250555555555536,2.3164985000000016,-1600.0911358980688,3301.499046159824,4901.590182057893,1.4551915228366852e-11,6583.070532915495,-815.0438871550432,13.47034617805807,13.886597195539366,1.0309012092991432,0.0,29.054001
class2_2026_04_27_15_39_36.csv,71.791,bend,0.4786066666666666,-15.795,-15.769444555555554,0.9100945346095906,-14.741499999999998,-17.72177761111111,2.980277611111113,0.9840005000000005,-9.122467065024509,-412.4290927716067,-403.30662570658217,-2003.1332288401245,163.00940438873658,-2003.1332288401245,0.16387571510141463,0.6776508887238601,4.1351261422618695,0.0,2.4570000000000007
class2_2026_04_27_15_39_36.csv,127.62799999999999,connector,0.8508533333333332,-9.223,-12.005999888888887,2.703426589266972,-17.271833277777773,-19.5425555,2.2707222222222256,8.581999999999999,1165.2312397146416,-2568.06148022085,-3733.2927199354917,611.285266457835,9518.80721003159,-2695.924764890249,2.373088321618894,11.269932331226327,4.74905526250403,2.8709999999999845,8.144999999999998
class2_2026_04_27_15_39_36.csv,131.138,break,0.8742533333333333,-17.836,-17.915443888888888,2.0260372968670994,-14.037833277777777,-30.746055999999996,16.708222722222217,3.9234995,-654.8916552195095,-1325.2171019754142,-670.3254467559046,-3272.4364878907327,-1945.9123833189078,-47238.249216304706,3.0583172752681933,13.623609913413755,4.454608280499864,0.0,6.3099989999999995
class2_2026_04_27_15_39_36.csv,144.85700000000003,background,0.9657133333333335,-21.610001,-34.50233444444445,13.77913896200155,-42.06361261111111,-39.13372344444444,-2.929889166666669,28.440003,-228.113529593997,-2465.557824389933,-2237.444294795936,-2282.2726536861155,44341.6943573707,-42517.24451410291,12.67236848348667,13.520728801821615,1.0669455952527616,1.5959999999999863,28.440003
class2_2026_04_27_15_39_36.csv,164.002,background,1.0933466666666667,-49.900002,-28.073333555555553,11.722851369586195,-32.700667,-43.74044605555555,11.039779055555549,29.444003000000002,4384.837057839702,-5737.772941846957,-10122.609999686658,2133.228840132986,2423.920187194679,-45952.979623821,12.446936639319082,11.542097583601132,0.9273042026932298,0.0,29.444003000000002
class2_2026_04_27_15_39_36.csv,180.59300000000002,background,1.2039533333333334,-22.17,-34.15455622222222,14.087500282510376,-36.2059455,-34.985667388888885,-1.2202781111111136,6.794500500000002,-3179.888311120112,418.16511173456706,3598.0534228546794,-7.566995918750763e-09,44633.23197492553,-45473.26086696779,13.790568858141532,13.44602394707714,0.9750158322238598,0.6379999999999997,29.143002
class2_2026_04_27_15_39_36.csv,145.815,background,0.9721,-49.900002,-31.34577855555556,13.149868690610472,-37.486167944444446,-40.53022355555556,3.044055611111112,29.686001,6842.846783826311,84.22826451460966,-6758.618519311702,-42517.24451410291,44341.6943573707,-46529.782131664644,13.916537526786747,13.27528334399112,0.9539213589958933,0.0,29.686001
class2_2026_04_27_15_39_36.csv,160.811,background,1.0720733333333334,-27.205999,-33.89688922222222,11.69010923820061,-39.30361216666666,-34.44316738888889,-4.860444777777772,19.7395005,981.6409900858913,-497.5433478728628,-1479.184337958754,-6.199115887284279e-09,41296.24294670595,-35570.53761755797,12.223844592945241,13.852271647221896,1.1332171649171083,0.6379999999999997,27.553002
class2_2026_04_27_15_39_46.csv,67.96199999999999,bend,0.4530799999999999,-15.149,-15.34999988888889,0.6879621032846766,-14.642666666666665,-16.62161088888889,1.978944222222223,0.7014999999999993,9.369172512653288,-200.30548564139212,-209.6746581540454,-1487.460815047023,267.5653143871932,-1832.2899686520395,0.09790074338612312,0.4303057771111256,4.395282067797359,0.0,1.7580009999999984
class2_2026_04_27_15_39_46.csv,131.138,break,0.8742533333333333,-17.066,-17.764111111111113,3.198694039324502,-13.130833277777777,-27.65711161111111,14.526278333333332,4.3739995,-594.613624334305,-4570.125630490535,-3975.5120061562297,-3064.7419220128068,-2131.6614420062688,-8711.60031348015,3.2412772240761614,12.032475003127061,3.7122623148330907,0.0,10.198
class2_2026_04_27_15_39_46.csv,127.947,connector,0.8529800000000001,-8.524,-10.473999999999998,2.0132663344260577,-15.684944111111113,-16.632944611111114,0.9480005000000009,8.8484995,1607.109821262802,-2864.701588179179,-4471.811409441981,-2006.2695924765612,9676.184532307263,-3227.2727272727025,2.904686823373006,4.454561249031917,1.533576590636564,2.8709999999999845,6.891
class2_2026_04_27_15_39_46.csv,188.889,background,1.25926,-49.900002,-38.456778888888884,12.950759310300471,-33.4503895,-40.91816794444444,7.467778444444441,28.334002,3286.199861825757,2910.688444617882,-375.5114172078752,-41352.667711595175,43266.460815051025,-41352.667711595175,13.247756405434693,12.818372769826981,0.967588126618958,0.0,28.334002
class2_2026_04_27_15_39_46.csv,193.03699999999998,background,1.2869133333333331,-49.900002,-37.51055655555555,13.867671325625713,-39.46711227777777,-38.777223444444445,-0.6898888333333275,29.153002,-407.19117536357084,-2981.3471344466766,-2574.1559590831057,1924.764890274353,43985.89655172035,-45694.36050156345,13.179222978252827,13.974949892427269,1.0603772965303175,0.0,29.153002
class2_2026_04_27_15_39_46.csv,191.123,background,1.2741533333333332,-49.900002,-44.485445999999996,10.278573386904236,-37.99127877777777,-37.128389999999996,-0.8628887777777763,28.063002,-5020.824462606354,2105.5566192365527,7126.3810818429065,0.0,32394.987460812263,-216.30094044651196,13.419268717116228,14.301123902131769,1.0657155123643383,0.0,28.063002
class2_2026_04_27_15_39_46.csv,169.745,background,1.1316333333333333,-21.554001,-40.995001333333335,12.621751626194142,-35.12911188888889,-38.882556888888885,3.753444999999992,28.346001,-79.1031330186554,5259.050224688398,5338.153357707053,-7.741618901491165e-09,3437.3056426261755,-44429.468652041505,13.376436431257883,13.840510049420132,1.0346932896406191,0.6379999999999997,28.346001
class2_2026_04_27_15_39_46.csv,147.091,background,0.9806066666666667,-21.889,-34.92066744444445,13.463556719565757,-37.65516788888888,-38.01461227777778,0.35944438888889607,29.079003,7006.974662884707,5963.024827999583,-1043.949834885124,-4644.20062695886,43954.54858933981,-43904.39184953284,13.736987948452414,13.369379698945,0.9732394594705684,1.595000000000013,29.079003
class2_2026_04_27_15_40_23.csv,71.791,bend,0.4786066666666666,-16.385,-15.955111111111112,0.8038709742302407,-14.784055555555556,-17.209833333333336,2.42577777777778,1.4354999999999993,-143.06082822511246,-165.46607711948866,-22.4052488943762,-869.9059561128524,-86.20689655172828,-1324.4498432600813,0.2985186523526948,0.4082957143222165,1.367734791007406,0.0,2.2279999999999998
class2_2026_04_27_15_40_23.csv,127.62799999999999,connector,0.8508533333333332,-8.556,-11.475444555555555,2.921822150974632,-16.727777944444444,-16.409277666666664,-0.3185002777777797,8.9070005,1218.347439300123,-3023.465175190036,-4241.812614490159,677.1159874609712,10032.915360501856,-2788.401253918437,2.307985452588096,4.667941989560436,2.022517066478431,2.8709999999999845,8.877001000000002
class2_2026_04_27_15_40_23.csv,131.457,break,0.8763799999999999,-18.995001,-18.93633322222222,2.847758485051973,-13.529222333333333,-36.10511194444444,22.575889611111105,3.810000500000001,-1418.1653048200435,-5396.656339863874,-3978.4910350438304,-3576.8025078371393,-2273.2544759152115,-8636.360501567997,3.2015071733675,13.853919464077208,4.327310353078059,0.0,9.667999000000002
class2_2026_04_27_15_40_23.csv,185.698,background,1.2379866666666668,-22.370001,-40.73800166666667,12.958550184440654,-36.16427883333333,-40.65244577777778,4.488166944444451,27.884001,-5395.2804347586225,2808.9192240204557,8204.199658779078,-7.523340173065662e-09,43150.47178683014,-43217.99991169972,13.780693101361805,13.114998631179512,0.9516936182397003,0.6379999999999997,27.884001
class2_2026_04_27_15_40_23.csv,163.364,background,1.0890933333333335,-21.319,-32.65922311111112,12.37068322607036,-31.97716738888889,-40.75483472222222,8.77766733333333,17.6360015,238.49174544163938,1329.9088694098675,1091.4171239682282,5866.503101083064,34996.86677115676,-44797.80877742627,12.806440382313902,12.945751660758036,1.0108781412638586,1.596000000000014,28.800002
class2_2026_04_27_15_40_23.csv,165.27800000000002,background,1.1018533333333336,-49.900002,-46.70000177777778,9.05096742772717,-33.378667500000006,-37.441001111111106,4.0623336111111,6.317500500000001,-3827.84786085237,3757.346736618257,7585.194597470627,-1.4551915228366852e-11,45141.06896551335,-1.4551915228366852e-11,13.307126478215471,13.943830778595684,1.0478467874770518,0.0,28.800002
class2_2026_04_27_15_40_23.csv,144.538,background,0.9635866666666667,-49.900002,-37.05511233333333,14.36780220533419,-36.20461222222222,-36.44838977777777,0.24377755555555325,19.953500000000002,4222.4307702587585,2949.6941786783236,-1272.7365915804348,1.4551915228366852e-11,44352.66614419632,-44702.199059557264,13.843109232300684,13.554180334706414,0.9791282527737085,0.0,30.009001
class2_2026_04_27_15_40_23.csv,168.15,background,1.121,-49.900002,-34.467667666666664,13.821866689898815,-38.12616788888889,-37.40922327777778,-0.71694461111111,29.182002,639.8454769366693,-1128.95133742724,-1768.7968143639096,-43110.555159432355,44304.076802504016,-43110.555159432355,13.26376721928051,13.984921298441185,1.0543701508680159,0.0,29.182002
class2_2026_04_27_15_40_35.csv,67.96199999999999,bend,0.4530799999999999,-15.595,-15.622555222222225,0.7615464082712488,-14.712277777777778,-16.530555333333336,1.8182775555555573,0.9194995000000006,-55.62905177186013,-110.44705893219803,-54.818007160337906,-1192.7884012539216,4.3862771719141165,-1192.7884012539216,0.14970408053354808,0.2925074782422952,1.9538914591261711,0.0,2.030999999999999
class2_2026_04_27_15_40_35.csv,131.138,break,0.8742533333333333,-16.25,-17.260555555555555,4.478411549896585,-12.596333333333334,-28.395222722222222,15.798889388888888,3.7910000000000004,-641.568058791312,-2381.4608614967697,-1739.8928027054576,-1466.3639822368605,-1466.3639822368605,-19214.733542318365,3.1377083145010465,11.927967003180033,3.8014888594218927,0.0,16.095
class2_2026_04_27_15_40_35.csv,127.947,connector,0.8529800000000001,-8.108,-10.031444444444444,2.015827214327828,-15.345166555555554,-17.017666666666667,1.6725001111111126,8.9744995,1764.1292755285235,-3406.0514319704243,-5170.180707498948,-2126.959247648976,9727.27272727299,-3012.5391849529624,2.979052371650668,5.941897282864399,1.9945588553091431,2.8709999999999845,6.931
class2_2026_04_27_15_40_35.csv,163.364,background,1.0890933333333335,-23.834999,-34.99566733333333,13.412197259054139,-41.22916788888889,-34.92416738888889,-6.3050004999999985,30.066002,1824.284440641571,2169.3361414307697,345.05170078919855,-255.33897923932818,39858.93887147661,-47125.39498432959,12.27297706288696,13.471934756369324,1.0976907713302255,0.6390000000000007,30.066002
class2_2026_04_27_15_40_35.csv,164.64000000000001,background,1.0976000000000001,-21.882,-35.076445,13.36685700244283,-38.11077872222222,-36.42577855555555,-1.6850001666666685,30.066002,1429.563395329547,-1269.4453811831897,-2699.0087765127364,-47125.39498432959,47125.39498433014,-47125.39498432959,13.220717457856928,13.563208846945235,1.0259055807125799,0.9569999999999856,30.066002
class2_2026_04_27_15_40_35.csv,191.123,background,1.2741533333333332,-21.582001,-34.74288988888889,13.584623084293575,-31.89188955555555,-36.149167500000004,4.2572779444444535,2.919499499999997,1620.544346171002,2942.287363164778,1321.743016993776,4472.250915527147,43750.78683385223,-44385.58150470599,12.796657896433716,13.780782644661024,1.0769047417917479,0.9579999999999866,28.318001
class2_2026_04_27_15_40_35.csv,160.492,background,1.0699466666666666,-49.900002,-41.16133466666667,12.358628554477896,-40.696001277777775,-35.27344505555556,-5.422556222222212,26.344002,-3035.3482880279876,-263.7848571997867,2771.563430828201,1.4551915228366852e-11,41210.03448276222,-40771.16300940076,13.03891758369285,13.150211985584738,1.0085354779368803,0.0,26.344002
class2_2026_04_27_15_40_35.csv,137.2,background,0.9146666666666666,-20.777,-37.48777900000001,13.91385570376384,-28.395222722222222,-38.12172338888889,9.726500666666666,5.508999000000003,-2579.773570858501,-135.78925894933832,2443.984311909163,7.959897629916668e-09,2159.8714733620254,-39938.8730407489,11.927967003180033,13.242127446790578,1.1101746285084086,0.6379999999999997,29.242001000000002
class2_2026_04_27_15_41_02.csv,37.012,bend,0.24674666666666667,-15.99,-15.661999999999999,0.9595190230296524,-14.601333333333335,-17.119555444444444,2.5182221111111094,1.1639999999999997,-27.957669949173425,-182.87648372643582,-154.9188137772624,-1200.6269592476492,268.0250783699048,-1200.6269592476492,0.19285169892375278,0.4162279416030785,2.15826868862043,0.0,2.6880010000000016
class2_2026_04_27_15_41_02.csv,127.62799999999999,connector,0.8508533333333332,-8.488,-11.409555666666668,2.93021702687156,-16.412999888888884,-16.001111166666664,-0.4118887222222192,8.618500500000003,1112.0036181922176,-2662.1527599906526,-3774.15637818287,628.526645768181,9815.04702194383,-2857.3667711598246,2.223915857795881,4.319293170400058,1.942200831500913,2.8709999999999845,9.021001000000002
class2_2026_04_27_15_41_02.csv,131.457,break,0.8763799999999999,-17.219,-18.029111444444442,2.008396848130541,-13.429055499999999,-31.64266744444445,18.21361194444445,3.987000499999997,-1466.8250469834886,-7583.483939566033,-6116.6588925825445,-2272.7288401249243,-887.3445749532802,-3089.3432601876884,3.1789631178049804,13.089893406529233,4.117660005413203,0.0,6.436001000000001
class2_2026_04_27_15_41_02.csv,174.21200000000002,background,1.1614133333333334,-49.900002,-32.24655633333334,12.75799855467783,-32.151444999999995,-34.28611205555555,2.1346670555555534,3.887499000000002,3907.1032769729445,2051.143578447873,-1855.9596985250714,-31536.051724135214,-2247.648902820725,-46688.089341688996,12.761884385495524,14.04851676035592,1.1008182831921303,0.0,29.787001
class2_2026_04_27_15_41_02.csv,138.79500000000002,background,0.9253000000000001,-49.900002,-40.58900122222222,13.207987520040925,-33.64077838888889,-39.79361216666667,6.152833777777779,19.185002,1825.8883566736065,4292.231792424086,2466.3434357504793,-43952.98119121877,43952.98119121941,-43952.98119121877,13.097762523847827,12.737036845777716,0.9724589104534286,0.0,30.062003
class2_2026_04_27_15_41_02.csv,151.558,background,1.0103866666666665,-49.900002,-40.60777933333333,13.162922260061412,-40.72355694444444,-36.189778777777775,-4.533778166666664,29.671002,1801.4786257459616,3682.5349342181134,1881.0563084721518,1.4551915228366852e-11,41664.57836990983,-1.4551915228366852e-11,12.989383433046566,13.770883014387708,1.0601644046620806,0.0,29.671002
class2_2026_04_27_15_41_02.csv,191.442,background,1.27628,-27.771,-35.883445333333334,12.619689966068114,-31.922333944444443,-40.63066805555556,8.708334111111117,16.120002000000003,738.3774712971923,-2352.5209978917965,-3090.8984691889887,4214.731974922586,38139.43057640165,-42285.268025074714,12.847766483458617,13.127739509215429,1.0217914922664404,1.596000000000014,27.513003
class2_2026_04_27_15_41_02.csv,187.613,background,1.2507533333333334,-21.427,-27.67333377777778,11.907948719337488,-39.80466777777778,-30.88511172222222,-8.91955605555556,7.899501000000004,-160.32612365898842,-4421.958396005465,-4261.632272346476,-2724.1394984323306,47581.50940439288,-8286.833855800396,12.78690529773712,11.952699636138346,0.9347608684872899,2.232999999999985,30.357003000000002
class2_2026_04_27_15_41_29.csv,37.969,bend,0.25312666666666667,-16.247999,-15.987889,1.1441919092682353,-14.644000000000002,-17.70099983333333,3.056999833333329,1.6975000000000016,-46.197228714642144,-248.06402997240562,-201.86680125776348,-1804.075235109718,117.55485893416335,-1804.075235109718,0.2544198192838845,0.6310764706265574,2.4804435124564153,0.0,3.1370010000000015
class2_2026_04_27_15_41_29.csv,127.30900000000001,connector,0.8487266666666667,-9.893,-12.700444555555556,3.449174863634204,-17.727111055555554,-15.907222333333335,-1.8198887222222186,8.9075,578.3682581769141,-2518.84191960109,-3097.210177778004,4598.746081504518,9584.870235272429,-2673.981191222585,1.5583474759786935,4.511975647936069,2.8953573077436365,2.8709999999999845,9.054001000000001
class2_2026_04_27_15_41_29.csv,131.457,break,0.8763799999999999,-18.733,-18.477333444444444,1.727740823391962,-14.121833444444444,-29.897945166666666,15.776111722222222,3.6749994999999966,-1521.4207221190736,-3786.2563196575834,-2264.83559753851,443.5752351098272,443.5752351098272,-8473.354231973972,3.2710328544383214,12.564399525568502,3.8411095955244923,0.0,5.619000999999999
class2_2026_04_27_15_41_29.csv,178.998,background,1.19332,-24.495001,-31.45133388888889,13.092184568464582,-37.711389999999994,-36.171223166666664,-1.5401668333333305,28.862002,5336.949041169417,-2969.864174824869,-8306.813215994287,3913.7931034476933,39819.75078369537,-39819.75078370349,13.651278980492483,13.763895157531978,1.0082494225596736,1.2759999999999994,28.862002
class2_2026_04_27_15_41_29.csv,164.321,background,1.0954733333333333,-49.900002,-37.443112000000006,13.944710495122935,-35.633001,-33.39211194444445,-2.2408890555555487,4.056499500000001,3796.536291630803,1854.6687933932258,-1941.8674982375774,41263.32758620334,45485.474353827674,-44661.44514106197,14.310577390510103,13.221566009080407,0.9239015816333558,0.0,29.150002
class2_2026_04_27_15_41_29.csv,99.231,background,0.66154,-19.346001,-18.340444555555557,0.477380137991171,-18.02488861111111,-18.04499988888889,0.020111277777779435,0.3249999999999993,-157.6319081045399,74.1256103413014,231.7575184458413,-962.3824451410655,2341.694357366774,-962.3824451410655,0.570125278663299,0.3745385709264859,0.6569396727416561,0.0,1.659001
class2_2026_04_27_15_41_29.csv,168.78799999999998,background,1.1252533333333332,-24.254,-28.927111666666672,11.281273843044243,-34.85638972222222,-39.03911255555555,4.1827228333333295,29.290001,4912.149512796897,89.48402918702092,-4822.665483609877,-42681.819749213035,2424.76645768014,-45909.0924764929,13.498593290125822,13.633652843252754,1.0100053790953425,2.2340000000000138,29.290001
class2_2026_04_27_15_41_29.csv,192.718,background,1.2847866666666665,-21.372,-34.44188966666667,13.859220391551844,-38.19677888888889,-38.57866766666667,0.38188877777777464,29.365002,4269.27149746692,2043.6564912365586,-2225.6150062303614,-41274.299373044974,44898.1238244547,-44714.7366771199,13.126481769385169,12.951125831160665,0.9866409805806101,1.5949999999999853,29.365002
class2_2026_04_27_15_41_42.csv,42.755,bend,0.28503333333333336,-15.356,-15.535666777777777,0.7845274775067231,-14.69088888888889,-16.79944438888889,2.1085554999999996,0.8349999999999991,-53.30588253716687,-181.80599809689616,-128.5001155597293,-1548.5893416927902,131.66144200626877,-1548.5893416927902,0.14449140262347349,0.3564477162331011,2.4668959042916105,0.0,2.064
class2_2026_04_27_15_41_42.csv,131.457,break,0.8763799999999999,-18.896,-18.233111,2.4438396325161946,-13.192555444444444,-29.919111666666666,16.72655622222222,4.0024995000000025,-1342.384567657458,1046.1868510647403,2388.5714187221984,-5120.689655172562,-1660.2166388416153,-45178.68652037245,3.090406088927747,12.626180626028104,4.085604343604099,0.0,7.286999999999999
class2_2026_04_27_15_41_42.csv,127.62799999999999,connector,0.8508533333333332,-8.323,-11.246999888888888,2.9231590147570925,-16.362777611111113,-19.04338905555555,2.6806114444444376,8.745499500000001,1121.1246493263727,-2757.6745392629523,-3878.7991885893252,647.3354231976518,9574.691245857903,-2783.699059561075,2.2783201136142233,11.56503839933927,5.076123084771412,2.8709999999999845,9.108999
class2_2026_04_27_15_41_42.csv,184.10299999999998,background,1.2273533333333333,-49.900002,-40.59289,10.86540418551325,-37.17633438888888,-38.58400105555555,1.407666666666664,28.969002,-1291.0498133025947,2239.4089128446126,3530.458726147207,-29601.884012541777,29601.884012541763,-29601.884012541777,13.139946524872908,12.840533287393788,0.9772134373510738,0.0,28.969002
class2_2026_04_27_15_41_42.csv,184.422,background,1.22948,-49.900002,-43.811668000000004,8.623615522505679,-37.17633438888889,-36.89427877777777,-0.28205561111111876,10.342001,-1794.2205588950835,2612.429618623776,4406.65017751886,-1.4551915228366852e-11,29601.884012541763,-26783.702194355064,13.139946524872908,13.235378374440923,1.0072626507364184,0.0,18.886002
class2_2026_04_27_15_41_42.csv,170.064,background,1.1337599999999999,-49.900002,-40.63611233333333,13.114707915917473,-39.08266783333333,-42.53766811111111,3.4550002777777777,28.646002,780.9950698536408,-707.652143381605,-1488.6472132352458,-41280.56739812274,44899.689655176335,-41280.56739812274,13.59789752497304,11.930991785088649,0.8774143859933169,0.0,28.646002
class2_2026_04_27_15_41_42.csv,174.85,background,1.1656666666666666,-49.900002,-47.024890666666664,8.132042881865186,-39.483056777777776,-37.70577877777778,-1.7772779999999955,25.876002,775.4046945092439,669.6640115103835,-105.7406829988604,-1.4551915228366852e-11,40557.996865200264,-1.4551915228366852e-11,13.121117626885166,13.801704243355717,1.0518694812404206,0.0,25.876002
class2_2026_04_27_15_41_42.csv,173.574,background,1.1571600000000002,-49.900002,-41.04111255555555,12.605819745745332,-40.920612444444444,-41.04394561111111,0.1233331666666686,29.824002,1030.305626946879,158.59909349571168,-871.7065334511674,-1.4551915228366852e-11,292.1630289890454,-40557.99686520731,12.76122429256444,12.67454286655123,0.9932073586958992,0.0,29.824002
class2_2026_04_27_15_41_59.csv,39.565000000000005,bend,0.2637666666666667,-15.809,-15.677444333333334,1.0196832617758207,-14.574777777777777,-17.214499833333335,2.6397220555555574,1.350999999999999,-49.796569156862546,-176.3767448011423,-126.58017564427976,-2344.827586206895,305.64263322883926,-2344.827586206895,0.17179139661408352,0.4825103913105861,2.808683043141328,0.0,2.6549989999999983
class2_2026_04_27_15_41_59.csv,127.62799999999999,connector,0.8508533333333332,-8.789,-11.721222333333333,2.9549051509709527,-16.7034445,-17.953000111111113,1.2495556111111128,8.562500000000002,1079.786355964366,-2614.9030230417793,-3694.6893790061454,617.5548589343307,9755.38397208204,-2877.742946708404,2.2221706436320634,8.83033916711775,3.9737430690479254,2.8709999999999845,9.185001000000002
class2_2026_04_27_15_41_59.csv,131.457,break,0.8763799999999999,-19.362,-21.606555666666665,10.198498365800495,-13.653388999999999,-30.181000611111113,16.527611611111112,3.589500499999998,-1354.3177566904965,-2655.7942122003215,-1301.476455509825,-7029.777429467056,-2147.5136681440235,-47347.967084643846,3.0883528038262478,12.380172326915012,4.008663875096458,0.0,35.006002
class2_2026_04_27_15_41_59.csv,168.15,background,1.121,-24.183001,-41.063223666666666,12.503681732468447,-42.82705694444444,-31.011833833333338,-11.815223111111106,17.457,-422.95114196145215,2773.1316087018618,3196.082750663314,41173.30332773478,41173.30332773478,-41360.506269596095,11.511805587766768,11.912862543801186,1.0348386635040072,0.9579999999999866,27.426001
class2_2026_04_27_15_41_59.csv,177.083,background,1.1805533333333333,-21.641001,-30.74166733333334,13.557687645620964,-30.405111666666667,-32.688556277777785,2.2834446111111184,3.8264999999999993,-2453.718358946681,1863.1939230282146,4316.912281974895,-3196.1162689150115,46719.43887146933,-44893.42163008998,12.28070120088962,13.766546247116638,1.1209901536509357,0.9580000000000144,29.807002
class2_2026_04_27_15_41_59.csv,138.79500000000002,background,0.9253000000000001,-24.125,-35.632556333333326,12.923341403834021,-33.56872316666667,-36.50355644444445,2.934833277777777,4.9890004999999995,-1430.0989548146017,-812.5646916607376,617.5342631538641,-4365.203761755169,44426.33542320137,-44006.06668922955,13.117145386051401,13.522077151554566,1.0308703397511645,0.0,28.344002
class2_2026_04_27_15_41_59.csv,158.258,background,1.0550533333333334,-49.900002,-34.70400077777778,13.671576971179666,-34.097111777777776,-39.11322338888888,5.016111611111107,20.223001000000004,736.9041326626696,-1208.921576908358,-1945.8257095710276,4163.009404396573,43021.946708460666,-8372.239887974836,12.81722482099151,13.579993727133633,1.0595111545037221,0.0,30.104002
class2_2026_04_27_15_41_59.csv,175.488,background,1.16992,-25.9,-31.36377844444445,13.205709699428544,-29.315889277777778,-34.21672305555555,4.90083377777777,3.8930000000000007,1276.2139222017906,-1443.90021355804,-2720.114135759831,44949.8463949817,44949.8463949817,-44949.84639498044,11.244669278569665,14.056461683967957,1.2500554783502247,0.0,29.807002
class2_2026_04_27_15_42_14.csv,39.565000000000005,bend,0.2637666666666667,-15.115,-15.359333444444445,0.7701339020177831,-14.573944444444443,-16.6722225,2.098278055555557,0.5899999999999999,-39.22666522660561,-218.35883528472144,-179.13217005811583,-1302.5078369905968,283.69905956112416,-1902.8213166144233,0.12494553134253795,0.44508962411434605,3.5622407387536303,0.0,2.1370000000000005
class2_2026_04_27_15_42_14.csv,131.457,break,0.8763799999999999,-17.716,-17.852777666666668,2.122348485447038,-13.293222222222223,-26.206722444444445,12.913500222222222,3.7005005000000004,-1416.1735247064962,-4090.9839682429324,-2674.810443536436,-3567.3996865202425,-1430.6305490707746,-5509.402821317155,3.2275815270976254,10.777256578449903,3.3391110801870814,0.0,7.740999000000002
class2_2026_04_27_15_42_14.csv,127.30900000000001,connector,0.8487266666666667,-9.051,-11.990444555555555,3.602798788431852,-16.937222111111108,-14.94838877777778,-1.9888333333333286,8.782000999999998,623.8666958242588,-2575.3373439697557,-3199.2040397940145,4672.413793103249,10326.351769899939,-2648.902821316642,1.4838067234127483,4.201012642548468,2.8312378863254373,2.8709999999999845,9.574000999999999
class2_2026_04_27_15_42_14.csv,185.379,background,1.23586,-49.900002,-33.54289,14.646327308180256,-40.575612500000005,-38.12800138888889,-2.447611111111115,30.865002,3770.045123673701,-2999.42855461841,-6769.473678292111,1956.1144200544513,46421.631661438005,-48172.16540957096,13.23848618674448,13.47709387168962,1.0180237123456262,0.0,30.865002
class2_2026_04_27_15_42_14.csv,164.959,background,1.0997266666666667,-49.900002,-32.61988955555555,12.41701525317504,-39.527668,-38.00116777777778,-1.526500222222218,29.632002,3840.586416574387,286.58128221100765,-3554.0051343633795,-35940.443573670855,35940.44357367139,-46445.14420062493,13.085464645361318,13.378362532482058,1.0223833751934208,0.0,29.632002
class2_2026_04_27_15_42_14.csv,156.34400000000002,background,1.0422933333333335,-49.900002,-36.847556555555556,14.597375116065805,-37.225500999999994,-38.835168,1.6096670000000088,30.014002,-429.08559820906345,-2558.328322987402,-2129.2427247783385,45738.24764890682,45738.24764890682,-47043.8902821276,14.188225937410271,13.893381151297298,0.9792189829346788,0.0,30.014002
class2_2026_04_27_15_42_14.csv,184.422,background,1.22948,-49.900002,-33.46644533333333,14.709949397681385,-42.22100144444445,-39.506556999999994,-2.714444444444453,30.865002,6090.171860322189,-3704.3352515049946,-9794.507111827184,-46721.007836986566,45493.73354232363,-46721.007836986566,12.429932442258567,13.363273821280902,1.0750881236297871,0.0,30.865002
class2_2026_04_27_15_42_14.csv,167.83,background,1.1188666666666667,-49.900002,-43.698223999999996,11.61056696089312,-36.84983438888889,-33.39766738888889,-3.4521669999999958,5.731498000000002,-1022.6983073588598,2923.509791369078,3946.208098727938,0.0,42300.94200626595,-5647.332288393882,13.156462822300504,13.24774697357314,1.0069382740305879,0.0,28.828001
class2_2026_04_27_15_42_56.csv,37.969,bend,0.25312666666666667,-15.322,-15.54888888888889,0.9632363785632552,-14.561666666666667,-17.240610944444445,2.678944277777777,1.027000000000001,-23.232577744363883,-243.50505618636734,-220.27247844200346,-1470.2194357366789,130.09404388714393,-1998.4326018808824,0.13391912982592624,0.5073160043827026,3.788198271926174,0.0,2.4849999999999994
class2_2026_04_27_15_42_56.csv,127.62799999999999,connector,0.8508533333333332,-8.845,-11.78922211111111,2.986492232629386,-16.986388666666667,-18.13150022222222,1.1451115555555518,8.737,1289.0793565412846,-2857.1698444001504,-4146.2492009414345,557.9937304076811,10057.169408985017,-2764.8902821316187,2.3413580118395676,8.921545190828795,3.8104131599276956,2.8709999999999845,9.371999
class2_2026_04_27_15_42_56.csv,131.138,break,0.8742533333333333,-18.068001,-18.01066677777778,2.7509269829291596,-13.772111000000002,-29.869056166666667,16.096945166666664,3.5819990000000015,-581.7342168707332,-1465.028936932778,-883.2947200620447,-1178.6994054340394,-1178.6994054340394,-42909.0940438909,3.1648299961910014,12.685297220888886,4.008206831946521,0.0,8.13
class2_2026_04_27_15_42_56.csv,161.449,background,1.0763266666666667,-22.462,-34.34255644444444,13.971070761467324,-31.393111666666666,-32.777333999999996,1.3842223333333301,2.843499999999999,699.8983739452757,2648.787075745576,1948.8887018003006,-46868.34326019153,43006.27272727717,-46868.34326019153,13.114180626328764,13.797767467810846,1.0521256957513596,0.0,29.902003
class2_2026_04_27_15_42_56.csv,153.15300000000002,background,1.02102,-49.900002,-44.12977933333333,10.91544974814132,-38.970556888888886,-36.28722305555556,-2.6833338333333288,29.395003,899.2634270508482,2354.766509072095,1455.5030820212464,-1.4551915228366852e-11,1.4551915228366852e-11,-8.032657206058502e-09,13.801512429246847,13.632761112923026,0.9877729122107568,0.0,29.395003
class2_2026_04_27_15_42_56.csv,171.02100000000002,background,1.1401400000000002,-21.84,-38.13533444444445,13.227738797673723,-37.803778666666666,-38.214723388888885,0.4109447222222187,28.060002,-2703.9521891337135,993.8826238664839,3697.8348130001973,-7.668859325349331e-09,43821.32131661825,-42252.3526645805,13.65459878880912,13.089964350203553,0.9586487009990345,0.6379999999999997,28.060002
class2_2026_04_27_15_42_56.csv,184.74099999999999,background,1.2316066666666665,-49.900002,-37.79944577777778,13.575773391767335,-36.293056722222225,-40.278667944444436,3.985611222222211,29.207001,-1444.211929210298,-292.2328262336797,1151.9791029766184,-2655.1724138005957,44366.77429466702,-41711.6018808814,13.677808482571171,12.324891466908545,0.9010866456806136,0.0,29.207001
class2_2026_04_27_15_42_56.csv,142.30499999999998,background,0.9486999999999999,-49.900002,-39.20133422222222,11.980732984990171,-38.48361233333333,-36.1770011111111,-2.30661122222223,25.777003,-2622.297844012176,2103.122445103064,4725.42028911524,-36847.96394984649,36847.96394984639,-37415.365203757996,12.867043551882867,13.829405472659456,1.0747926936054453,0.0,25.777003
class2_2026_04_27_15_43_11.csv,44.67,bend,0.2978,-15.711,-15.863666666666667,0.8867280680494256,-14.703611111111112,-16.93722233333333,2.233611222222219,1.3025005000000007,-82.552176622481,-63.66011473756316,18.892061884917837,-1774.294670846397,-283.14381674932883,-1774.294670846397,0.2329554413494586,0.2769147733136201,1.188697645403243,0.0,2.2830000000000013
class2_2026_04_27_15_43_11.csv,131.457,break,0.8763799999999999,-17.861,-18.339555888888885,2.4087252301417044,-13.304944666666666,-30.570722888888888,17.265778222222224,3.109499999999999,-1400.6236317313808,-2687.1031341139696,-1286.4795023825889,-3087.7727272726625,-1926.3599232981032,-44145.76959247266,3.130395004529443,13.731709154357935,4.386572540499414,0.0,7.041001
class2_2026_04_27_15_43_11.csv,127.62799999999999,connector,0.8508533333333332,-8.4,-11.255555666666668,2.8054439398963815,-16.370166833333332,-19.123222611111107,2.7530557777777744,8.6895005,1146.1387293581263,-2781.334904223296,-3927.4736335814223,594.0438871474926,10017.241379310646,-2815.047021943521,2.246531941225167,11.539562165558026,5.136609374294249,2.8709999999999845,8.394001000000001
class2_2026_04_27_15_43_11.csv,140.71,background,0.9380666666666667,-49.900002,-38.60422322222222,12.869472978286286,-34.412612055555556,-38.14827877777779,3.735666722222234,18.892501000000003,796.5963145497287,-4601.67410726343,-5398.270421813159,29869.9090909117,29869.9090909117,5.209585651755333e-09,13.913787892464834,13.311120982795504,0.9566855646346833,0.0,28.421002
class2_2026_04_27_15_43_11.csv,193.675,background,1.2911666666666668,-23.573999,-35.94366722222222,12.580416046509006,-37.04027888888889,-33.89544500000001,-3.1448338888888827,5.698001000000001,-1680.179832513777,254.6275070006496,1934.8073395144265,7543.890282131259,41263.32758620512,-41263.32758620308,13.027969163333887,12.909486873935398,0.990905468164799,0.9570000000000134,27.225003
class2_2026_04_27_15_43_11.csv,171.34,background,1.1422666666666668,-49.900002,-41.94055688888889,11.360067159391164,-35.807945499999995,-36.1396675,0.3317220000000063,6.0659990000000015,1189.4645802206305,1289.2429987496532,99.7784185290227,-3384.0141065900752,41891.85266457874,-38507.8385579971,12.814226323848416,13.811751662829314,1.0778450634416652,0.0,26.727002000000002
class2_2026_04_27_15_43_11.csv,184.10299999999998,background,1.2273533333333333,-49.900002,-40.10344555555556,13.890049995291786,-34.285167611111106,-36.20500105555555,1.9198334444444427,9.506501499999999,-1860.2311736177705,842.5666059409428,2702.7977795587135,1.4551915228366852e-11,6106.583072108206,-47528.216300936336,14.05041897515744,13.866678399261902,0.9869226986652064,0.0,30.871003
class2_2026_04_27_15_43_11.csv,168.78799999999998,background,1.1252533333333332,-49.900002,-35.927556666666675,12.727174467785762,-37.19844561111111,-35.244778611111116,-1.9536669999999958,8.875998,2047.266331744937,220.95407302523847,-1826.3122587196985,-34556.427899689545,43158.53432758058,-46296.23981191523,12.86458496753306,13.250016603255437,1.0299605938889216,0.0,29.537001
class2_2026_04_27_15_43_31.csv,43.393,bend,0.2892866666666667,-15.848,-15.708777777777776,0.8707885031877428,-14.675888888888888,-16.97572233333333,2.2998334444444417,0.9595000000000002,-21.56392282313221,-158.82238020600164,-137.25845738286944,-2173.5726160340637,-313.4796238244562,-2173.5726160340637,0.11612487956644349,0.36604608773501623,3.1521491083783477,0.0,2.0959999999999983
class2_2026_04_27_15_43_31.csv,127.62799999999999,connector,0.8508533333333332,-8.282,-11.21133322222222,2.9447689550694527,-16.371610999999998,-16.238444333333334,-0.1331666666666642,8.802499000000001,1178.0875388302811,-3005.288894490703,-4183.376433320984,576.8025078371465,9968.652037617827,-2695.924764890229,2.2969919734807522,4.79900003557586,2.089253250219432,2.8709999999999845,9.034999
class2_2026_04_27_15_43_31.csv,131.457,break,0.8763799999999999,-18.538,-18.745888555555556,2.939348073566771,-13.249222111111111,-29.573055944444448,16.32383383333334,4.030499499999998,-1403.425816740035,-4769.254271845291,-3365.8284551052566,-2884.0125391850124,-2747.6504702194397,-6543.885579937683,3.220236215438618,12.65458012905844,3.9297043299758276,0.0,8.277999999999999
class2_2026_04_27_15_43_31.csv,146.134,background,0.9742266666666666,-25.584,-37.96422333333333,13.398825496915434,-37.59611222222222,-35.761556500000005,-1.8345557222222126,29.396002,-3182.1797917612926,4315.319425784368,7497.499217545661,42517.24451410954,42517.24451410954,-42517.24451410291,13.774219317711207,14.17389842638295,1.0290163870950886,0.9570000000000134,29.396002
class2_2026_04_27_15_43_31.csv,163.04399999999998,background,1.08696,-21.999001,-43.66244611111111,11.669667269115989,-38.86611233333333,-39.35250133333333,0.4863890000000026,28.237002,-8287.208931163797,1799.2946596504617,10086.50359081426,44324.59460071287,44324.59460071287,-44258.62382445529,13.83689345983513,13.284813318317893,0.960100791176822,0.9579999999999866,28.237002
class2_2026_04_27_15_43_31.csv,174.21200000000002,background,1.1614133333333334,-20.528,-34.380778666666664,13.93425877748445,-35.085389611111104,-39.489167888888886,4.403778277777782,30.343003,-2379.6883792271974,-287.2404555228483,2092.4479237043493,42559.5642633186,46037.6206896512,-46037.6206896518,13.369934832043652,13.134890510436287,0.9824198616537835,0.9570000000000134,30.343003
class2_2026_04_27_15_43_31.csv,98.273,background,0.6551533333333333,-17.927,-17.376444555555555,0.43137093696650225,-17.116111222222223,-17.179555777777775,0.06344455555555228,0.2704995000000032,-57.51480742397697,57.10146660249101,114.61627402646798,297.8056426332296,606.5846394984364,286.8354231974954,0.29582076549295755,0.3831518940176125,1.29521197799333,0.0,1.1270000000000024
class2_2026_04_27_15_43_31.csv,175.16899999999998,background,1.1677933333333332,-23.819,-37.304001111111106,14.135613911598561,-31.945111611111106,-38.15205655555556,6.206944944444455,8.476000000000003,-2131.144236886525,-1205.0057790672279,926.1384578192972,7.130438461899757e-09,46037.6206896512,-48210.03448275446,12.835057410043015,13.293592722261332,1.0357251441769466,0.0,30.758002
class2_2026_04_27_15_44_16.csv,40.522000000000006,bend,0.2701466666666667,-15.516,-15.591555666666668,0.7253089451410034,-14.66688888888889,-16.91044477777778,2.2435558888888902,0.886000000000001,-48.588431655939786,-196.4019032960629,-147.8134716401231,-1857.3683385579934,-163.5510489793487,-1857.3683385579934,0.15171167423361145,0.38750872127254626,2.554227741552096,0.0,1.8259989999999995
class2_2026_04_27_15_44_16.csv,127.62799999999999,connector,0.8508533333333332,-8.302,-11.18877777777778,2.8711415375064777,-16.429722166666668,-17.354500111111108,0.9247779444444397,8.930000499999998,1179.0612058915708,-2809.418620483989,-3988.4798263755597,631.6614420064288,9421.630094044118,-2749.216300940392,2.3128862297590245,8.827502230365708,3.8166591595066346,2.8709999999999845,8.940999999999999
class2_2026_04_27_15_44_16.csv,131.457,break,0.8763799999999999,-18.733999,-18.065,2.1921382409268295,-13.2194445,-32.68716755555555,19.467723055555545,4.1715,-1422.9790588221297,-3185.0347676621095,-1762.0557088399798,-3926.3307210031744,-2592.476489028126,-3926.3307210031744,3.1620786311253877,13.808577876472063,4.366929200817619,0.0,7.228999999999997
class2_2026_04_27_15_44_16.csv,164.002,background,1.0933466666666667,-49.900002,-44.09311266666666,10.90055485377687,-37.68550105555555,-42.33072355555555,4.645222500000003,28.031003000000002,-1852.025408123234,1890.5339092616248,3742.559317384859,-1.4551915228366852e-11,1.4551915228366852e-11,-7.654307410120964e-09,13.70678647719002,12.252554532818559,0.8939041736226301,0.0,28.031003000000002
class2_2026_04_27_15_44_16.csv,178.041,background,1.1869399999999999,-22.139999,-40.318000999999995,13.571769486499123,-39.184556666666666,-36.1684455,-3.0161111666666685,30.583003,-2277.361809657782,-1141.4178825563463,1135.9439271014357,-43722.575235113516,43790.99867053631,-43722.575235113516,13.441396857958066,13.800801029870968,1.0267385264323616,0.9569999999999856,30.583003
class2_2026_04_27_15_44_16.csv,138.157,background,0.9210466666666668,-49.900002,-27.898222777777775,11.838440498512282,-32.873945388888885,-32.43744544444444,-0.4364999444444422,2.9179995000000005,3221.444445277149,-4953.553620154347,-8174.998065431497,-5528.214733535104,44250.78840124988,-5528.214733535104,13.641257591847268,13.985616291653322,1.0252438363723904,0.0,29.582001
class2_2026_04_27_15_44_16.csv,172.297,background,1.1486466666666666,-49.900002,-37.588556444444436,13.787377291894158,-36.0827786111111,-37.64233427777778,1.5595556666666752,28.892003,586.6039045726895,-770.0291424094285,-1356.633046982118,0.0,1673.9827586205574,-40996.869905959924,13.869682528650202,13.713263591814835,0.9887221697227443,0.0,28.892003
class2_2026_04_27_15_44_16.csv,189.84599999999998,background,1.2656399999999999,-20.667999,-27.350000444444444,12.067407060397626,-37.36511227777778,-40.609001388888885,3.243889111111102,29.686001,1538.8684142742788,-5763.956986702281,-7302.82540097656,43531.34952978479,45851.10188088188,-46214.22075787971,14.04830935289433,13.203899489258665,0.9398923541391088,1.5959999999999863,29.686001
class2_2026_04_27_15_44_29.csv,41.160000000000004,bend,0.27440000000000003,-15.728,-15.639777555555554,0.6770124896819542,-14.64322222222222,-16.64688877777778,2.003666555555558,1.1455000000000002,-123.93841559686174,-143.53896585072297,-19.60055025386123,-993.72884012539,15.673981191222992,-1032.9169278996887,0.2559109123537494,0.3237499984846943,1.265083737239913,0.0,2.0060000000000002
class2_2026_04_27_15_44_29.csv,130.81799999999998,break,0.8721199999999999,-16.25,-16.206888888888887,2.2819818838235744,-12.979611166666666,-31.912389777777783,18.932778611111118,4.289000499999998,128.63809689876328,-7802.138804299102,-7930.776901197865,-3063.8854358452045,-1992.163009404394,-48415.36363635965,3.1106287025344295,14.443379444382415,4.6432333082316,0.0,6.8689990000000005
class2_2026_04_27_15_44_29.csv,127.62799999999999,connector,0.8508533333333332,-8.093,-10.962777777777779,2.810102836306402,-16.047055222222223,-18.89438916666667,2.847333944444447,8.626500500000002,1188.409609149512,-5014.106961781611,-6202.516570931123,645.7680250785288,9579.937304075487,-2703.761755485908,2.2414693273624375,11.652691244624561,5.198681910876068,2.8709999999999845,8.611
class2_2026_04_27_15_44_29.csv,163.364,background,1.0890933333333335,-49.900002,-35.00088988888889,13.385148515512336,-34.513723166666665,-36.27639,1.7626668333333342,5.7475014999999985,3712.157843415233,1722.387827381212,-1989.770016034021,-4061.856657893375,4360.504702194707,-40758.62382444789,13.823224285327813,13.691009440331104,0.9904352390800544,0.0,29.579003
class2_2026_04_27_15_44_29.csv,143.262,background,0.95508,-20.332001,-37.65244577777778,13.762105907929294,-37.847667888888886,-41.418390277777775,3.570722388888889,29.568001,166.0677497798916,1886.8478839455775,1720.780134165686,-8.076312951743603e-09,44844.83072100688,-46344.82915360907,13.587202354083633,12.029679102768073,0.8853682976013275,0.6379999999999997,29.568001
class2_2026_04_27_15_44_29.csv,22.016000000000002,background,0.14677333333333334,-15.82,-14.929666666666666,0.4048552553416811,-14.546722222222222,-14.447833333333335,-0.09888888888888658,-0.048500000000000654,-79.84635950022711,95.61878048010583,175.46513998033294,362.06896551724276,362.06896551724276,6.269592476488469,0.2483655025149551,0.25581726333893534,1.0299990568314727,0.0,1.2859999999999996
class2_2026_04_27_15_44_29.csv,154.749,background,1.03166,-20.995001,-46.68833522222222,9.083965429912862,-40.50161244444444,-37.9689456111111,-2.5326668333333373,28.905001000000002,-5037.701405501229,2596.762229296721,7634.46363479795,7.887138053774834e-09,45305.64420063092,-45305.64420062305,13.343661201847585,13.433652988894877,1.0067440846212994,0.6379999999999997,28.905001000000002
class2_2026_04_27_15_44_29.csv,148.686,background,0.99124,-49.900002,-41.076779111111115,12.534572183201053,-39.77572355555556,-40.50161244444444,0.7258888888888819,29.274003,178.22273752559474,-2305.800613554407,-2484.0233510800017,-1.4551915228366852e-11,38206.899686517085,-5231.254336766611,12.756185714656368,13.343661201847585,1.046054083428885,0.0,29.274003
class2_2026_04_27_15_44_43.csv,45.308,bend,0.30205333333333334,-15.728,-15.633333333333333,0.9844248604022555,-14.602055555555555,-17.462277666666665,2.86022211111111,1.5865004999999996,-39.693301889109094,-271.9944047819096,-232.30110289280054,-1349.5313479623837,363.63636363636397,-1349.5313479623837,0.23741840053706928,0.5319533512459321,2.2405639557786516,0.0,2.682000000000002
class2_2026_04_27_15_44_43.csv,127.947,connector,0.8529800000000001,-9.384,-11.363444555555555,2.081670531230312,-16.77233361111111,-20.189055833333335,3.416722222222223,9.035499999999999,1762.01148255637,-4755.885109918271,-6517.896592474641,-2043.8871473354957,10021.945141066102,-3061.1285266457453,3.014078796329285,11.104748511444958,3.684291479266389,2.8709999999999845,7.170000999999999
class2_2026_04_27_15_44_43.csv,131.776,break,0.8785066666666668,-18.815001,-22.605444666666667,9.89183735947335,-13.938555666666666,-29.466722722222226,15.52816705555556,2.5494994999999996,-2045.893111999452,-2692.114917924172,-646.22180592472,-3926.3338557994466,-716.7704504061512,-46343.26332288787,3.1596397218338748,12.719070200547355,4.025479894804346,0.0,33.488001
class2_2026_04_27_15_44_43.csv,189.208,background,1.2613866666666667,-49.900002,-40.32811244444445,13.548982228608056,-39.85488994444444,-39.137890166666665,-0.7169997777777724,30.106001,2833.181783041761,296.5502911005775,-2536.6314919411834,1.4551915228366852e-11,44261.76018808406,-47188.08934168871,12.769210814433524,13.543378842225833,1.0606276283174534,0.0,30.106001
class2_2026_04_27_15_44_43.csv,170.064,background,1.1337599999999999,-49.900002,-38.09077855555555,13.452501891224893,-36.739278666666664,-37.56722333333333,0.8279446666666672,30.260003,268.91911365277264,-324.4758207874996,-593.3949344402722,1.4551915228366852e-11,11194.357366777629,-47429.471786830196,13.316831002712005,13.904476243518456,1.0441279307786397,0.0,30.260003
class2_2026_04_27_15_44_43.csv,181.231,background,1.2082066666666667,-49.900002,-40.708890222222216,13.033509276329761,-38.933056722222226,-41.259890111111105,2.326833388888879,29.903002,2438.102319683052,-995.8794717123327,-3433.981791395385,-41796.24294670486,41796.24294670396,-41796.24294670486,13.771360434233175,12.403638107235338,0.9006835065995786,0.0,29.903002
class2_2026_04_27_15_44_43.csv,185.698,background,1.2379866666666668,-49.900002,-41.953001111111114,11.510890773234493,-39.1633345,-38.09177894444444,-1.0715555555555554,27.223002,-610.6872433113722,-783.6576065455971,-172.97036323422492,-1.4551915228366852e-11,41600.318181821815,-27835.427899691545,13.479880979164681,13.411251766525634,0.9949086933591017,0.0,27.223002
class2_2026_04_27_15_44_43.csv,162.08700000000002,background,1.08058,-49.900002,-41.029334666666664,12.67010141543209,-43.86683488888888,-36.61811216666666,-7.248722722222219,28.820002000000002,326.6920849181352,-1032.5768095949452,-1359.2688945130803,-1.4551915228366852e-11,45068.968652033735,-45178.865555753975,11.332925879144627,13.385528182272854,1.1811183752456322,0.0,28.820002000000002
class2_2026_04_27_15_44_57.csv,41.798,bend,0.27865333333333336,-16.184999,-15.934555222222222,1.1731702746337263,-14.635944444444444,-17.642999833333334,3.0070553888888902,2.093499999999999,-59.13525390677006,-123.93558055867865,-64.80032665190859,-1380.8777429467082,-86.20689655172464,-2543.885579937305,0.320644918219901,0.551002692572999,1.7184148035688325,0.0,3.6089990000000007
class2_2026_04_27_15_44_57.csv,132.095,break,0.8806333333333334,-19.955999,-19.662777666666663,2.0968305240983223,-13.922111166666665,-28.750222611111113,14.828111444444447,2.564,-2252.6093797729523,-2432.769306127274,-180.15992635432167,-7017.239811912059,-1405.9545454545041,-7017.239811912059,3.0911643434469305,11.478959864421569,3.7134732662412304,0.0,6.063998999999999
class2_2026_04_27_15_44_57.csv,127.62799999999999,connector,0.8508533333333332,-9.057,-11.916222333333332,2.845939828229215,-17.21544466666667,-16.265555444444445,-0.9498892222222253,8.762499999999998,1182.5638425568309,-2591.916345485777,-3774.480188042608,603.4482758622271,9363.636363636593,-2920.062695924684,2.374813509811502,4.025055805083607,1.6948927120219972,2.8709999999999845,8.858001
class2_2026_04_27_15_44_57.csv,170.383,background,1.1358866666666667,-27.166,-37.881223222222225,13.564505832574659,-32.910389611111114,-38.41161216666667,5.501222555555557,7.363500500000001,-1701.398023097604,1678.8616867420944,3380.259709839698,5108.150470220895,45802.51253918101,-46608.153605011656,13.575437493154254,12.950295680533877,0.9539504515500092,0.0,29.736002
class2_2026_04_27_15_44_57.csv,161.449,background,1.0763266666666667,-25.110001,-41.54477922222222,11.932117243237736,-38.20533411111111,-31.03600061111111,-7.169333499999997,4.918498500000002,-2633.2160284203405,3295.8175593467204,5929.03358776706,-6.766640581190586e-09,38855.800940435525,-38855.80094044227,13.21014353609188,13.355088410448287,1.0109721641546314,0.0,28.717001
class2_2026_04_27_15_44_57.csv,150.92,background,1.0061333333333333,-21.139999,-33.76011177777778,14.446027429833704,-36.13816777777778,-32.823667444444446,-3.314500333333335,5.635999999999999,3056.2539630287733,3012.6007546476876,-43.65320838108573,7.8580342233181e-09,46227.275862065304,-2639.4984325938713,13.832857072896624,13.715524046105473,0.9915177307413391,0.6379999999999997,30.234002
class2_2026_04_27_15_44_57.csv,174.531,background,1.16354,-23.125999,-35.68644522222222,12.796804152947335,-36.710112,-37.054001,0.3438889999999972,19.918001,-707.7810165976656,1224.0537075890568,1931.8347241867223,-39089.344827582325,35332.2915360455,-41965.52194357004,13.302949272327727,13.131635676881023,0.987122059998746,1.595000000000013,28.420002
class2_2026_04_27_15_44_57.csv,189.527,background,1.2635133333333333,-49.900002,-38.01166766666667,13.369250836619296,-36.51033422222221,-29.345944833333338,-7.164389388888875,4.920999500000001,-332.4088900710358,395.57784174922864,727.9867318202644,-1.4551915228366852e-11,2860.5031347894837,-1318.6405396849768,13.495793711892773,11.196756387125,0.829647799640742,0.0,29.605002
class2_2026_04_27_15_45_39.csv,47.222,bend,0.31481333333333333,-15.522,-15.41111111111111,1.409374600818426,-14.469833333333334,-18.548222111111112,4.0783887777777785,1.7414999999999985,147.5925204217529,-608.026815261431,-755.6193356831839,-1764.8902821316624,1228.8401253918455,-3065.8307210031344,0.33203283806809764,1.2095799572580233,3.6429418287480315,0.0,4.219999999999999
class2_2026_04_27_15_45_39.csv,127.62799999999999,connector,0.8508533333333332,-10.856,-13.792110999999998,2.9248821314354227,-19.139000166666666,-22.96594477777778,3.826944611111113,8.3690005,1356.8910921865645,-4529.116013894926,-5886.007106081491,695.9247648904457,9675.285721484659,-2827.5862068965544,2.5271883409566334,12.728831757726509,5.036754291195364,2.8709999999999845,9.241999999999999
class2_2026_04_27_15_45_39.csv,131.138,break,0.8742533333333333,-19.41,-23.00800033333333,9.97257774499656,-15.898222333333333,-41.11877911111111,25.220556777777777,3.807000500000001,-672.5354188006187,-4353.315032086358,-3680.7796132857393,1013.6960492340077,1013.6960492340077,-49233.54545454732,3.288976405106306,12.608785404845033,3.8336491413012586,0.0,33.570002
class2_2026_04_27_15_45_39.csv,97.635,background,0.6509,-49.900002,-23.15677788888889,9.49552671483911,-20.283111277777778,-19.738277555555555,-0.5448337222222221,1.257499499999998,135.85982888464721,-164.22704223980074,-300.08687112444795,3448.277429467089,3448.277429467089,-1274.2946708463933,1.6624122222294193,0.6734693992610385,0.4051155213731194,0.0,31.443001
class2_2026_04_27_15_45_39.csv,158.89700000000002,background,1.0593133333333336,-49.900002,-38.539001111111105,12.905958271546144,-32.16200061111111,-38.938501055555555,6.776500444444444,7.644501000000002,-2372.1677339901357,-987.7885536921876,1384.379180297948,-1.4551915228366852e-11,-1.4551915228366852e-11,-3633.225705336452,12.775762405247473,13.773723988903715,1.0781135774044113,0.0,28.763003
class2_2026_04_27_15_45_39.csv,156.34400000000002,background,1.0422933333333335,-49.900002,-31.496111666666668,13.102627345603416,-30.24288933333333,-37.90983438888889,7.6669450555555585,5.357498999999997,1912.182773928801,107.56550029888541,-1804.6172736299156,-4410.65673980425,46261.75862068693,-46736.678683389386,12.35968836372139,13.545534852268478,1.0959446029467235,0.0,29.818001
class2_2026_04_27_15_45_39.csv,173.893,background,1.1592866666666666,-21.301001,-31.45011177777778,13.132183249421864,-34.792667555555546,-39.20711233333333,4.414444777777781,29.118002,-1088.760055551416,-1843.6921937140692,-754.9321381626532,-540.7523510972533,45451.43230329032,-45003.13793103842,13.61059699841081,13.497134502418792,0.9916635921503769,1.2759999999999994,29.118002
class2_2026_04_27_15_45_39.csv,177.72199999999998,background,1.1848133333333333,-49.900002,-40.22622344444445,13.687950317595556,-33.318722944444445,-42.88483488888889,9.566111944444444,30.094002,-2119.787160375028,-650.1859729464309,1469.6011874285973,1.4551915228366852e-11,277.6939949139487,-47169.28213166556,13.365010832307114,11.700354063492039,0.8754465922139244,0.0,30.094002
class2_2026_04_27_15_45_59.csv,46.903,bend,0.31268666666666667,-16.464001,-16.14511111111111,0.9354525289274518,-14.807,-17.330666722222222,2.523666722222222,1.6075000000000017,-148.13606447546965,-70.94789470879893,77.18816976667073,-1352.6645768025119,-61.12852664577076,-1352.6645768025119,0.323033881951861,0.3890335107443693,1.2043080561260984,0.0,2.717998999999999
class2_2026_04_27_15_45_59.csv,131.138,break,0.8742533333333333,-17.396999,-17.600333111111112,2.260605516457308,-13.695833499999999,-30.66261161111111,16.96677811111111,4.0505005,-546.1873047931269,-4277.020737558053,-3730.8334327649263,-3363.196431885026,-2053.2915360501065,-3725.7068965516955,3.144940769244422,12.304192735574146,3.9123753755638693,0.0,6.877000000000001
class2_2026_04_27_15_45_59.csv,127.62799999999999,connector,0.8508533333333332,-8.769,-11.704666777777778,2.917405251297186,-16.746666833333336,-16.387944333333333,-0.3587225000000025,8.6289995,1121.5762386197985,-2653.4519512879137,-3775.028189907712,579.9373040753981,10122.258620689954,-2716.3009404388213,2.2409006697953506,4.543032441688566,2.0273234220506677,2.8709999999999845,8.860000000000001
class2_2026_04_27_15_45_59.csv,160.173,background,1.06782,-24.608999,-34.302445000000006,14.003049337387571,-37.45972316666666,-36.50033438888889,-0.9593887777777752,29.916003,3982.6435840807126,4200.865134638879,218.2215505581662,-42854.23510972106,39641.070532919395,-42854.23510972106,13.929043011648927,13.527953011083207,0.9712047000332338,0.9569999999999856,29.916003
class2_2026_04_27_15_45_59.csv,143.9,background,0.9593333333333334,-49.900002,-35.90344533333333,12.657978939375758,-36.40666738888889,-35.66044544444445,-0.7462219444444429,9.689501000000003,3165.438708645487,-3853.7508818376514,-7019.189590483138,0.0,3175.547021942024,-35578.22051749676,13.607814877212407,13.08809879627388,0.9618074578883123,0.0,28.383002
class2_2026_04_27_15_45_59.csv,141.029,background,0.9401933333333333,-49.900002,-37.525778555555554,13.874205777960308,-38.160112,-33.00211188888889,-5.158000111111107,9.3090015,1326.6062630085382,1690.6413018301585,364.0350388216202,1.4551915228366852e-11,8.163624443113804e-09,-2424.7633228844643,13.35128139787891,12.365817260803823,0.9261894769575358,0.0,29.899003
class2_2026_04_27_15_45_59.csv,193.675,background,1.2911666666666668,-21.379999,-40.49877888888889,13.302397622091435,-40.71711233333333,-37.51289,-3.204222333333334,28.923003,-1535.6606609611667,2168.4759552702267,3704.1366162313934,45333.86050156359,45333.86050156359,-45333.86050156348,12.993062078011121,13.87233199716505,1.0676721812150642,0.9570000000000134,28.923003
class2_2026_04_27_15_45_59.csv,190.48399999999998,background,1.269893333333333,-23.271,-34.55288955555555,13.738458469907007,-40.6017235,-39.108556666666665,-1.4931668333333334,28.557002,-2806.094216289467,-2444.8933133481796,361.2009029412875,-1526.64420062735,42275.86677115623,-44487.46394984716,13.168495056050151,13.538013668145807,1.028060729981833,1.2770000000000004,28.557002
class2_2026_04_27_15_46_14.csv,46.265,bend,0.30843333333333334,-15.788,-15.890333111111111,1.1596806696162754,-14.67111111111111,-17.599888777777775,2.928777666666665,1.4634999999999998,-32.70368779229309,-208.07047806313662,-175.36679027084352,-1572.1003134796229,203.76175548589163,-1764.8887147335445,0.20673356145555746,0.5447570930313353,2.635055741022983,0.0,3.2959989999999983
class2_2026_04_27_15_46_14.csv,127.62799999999999,connector,0.8508533333333332,-9.066,-12.017333444444445,2.992689817117968,-17.225444666666665,-18.01222233333333,0.7867776666666657,8.862000499999999,1048.9317245253844,-4774.603949403085,-5823.535673928469,586.2068965518865,10214.95603130947,-2777.4294670845848,2.3435344917796708,8.698192296915716,3.711568409109241,2.8709999999999845,9.488000999999999
class2_2026_04_27_15_46_14.csv,131.457,break,0.8763799999999999,-18.455999,-21.65955588888889,10.159376466829354,-14.033778,-32.9807785,18.9470005,3.6030005000000003,-1370.3452862179254,-4139.630549791826,-2769.2852635739,-2231.974921630186,-1921.3206285629458,-48694.36050156347,3.226033479461289,13.573041312499875,4.207345395380404,0.0,34.726002
class2_2026_04_27_15_46_14.csv,110.079,background,0.73386,-18.996,-18.442555777777773,0.6781181896334356,-18.19966683333333,-18.112444388888893,-0.08722244444443561,0.33999899999999883,-14.323181807887547,163.99641059049836,178.3195923983859,-2084.639498432607,3079.937304075236,-2084.639498432607,0.6024420928379065,0.5627967592174657,0.9341907408487659,0.0,2.187999999999999
class2_2026_04_27_15_46_14.csv,157.301,background,1.0486733333333333,-21.43,-35.418667444444445,13.031120413433717,-33.26466744444444,-37.316001222222226,4.051333777777785,4.342500000000001,-1805.5930464028584,-311.4490991377341,1494.1439472651243,2020.3746081514983,37860.50313479955,-44623.82758620997,13.356422458006566,14.09335520585266,1.0551743324223775,0.6379999999999997,28.470002
class2_2026_04_27_15_46_14.csv,144.538,background,0.9635866666666667,-49.900002,-40.71744588888889,12.987699274307701,-34.316056333333336,-39.37211222222223,5.056055888888892,27.912001,-2354.1653162796,-883.3872223023931,1470.778093977207,1.4551915228366852e-11,43749.21786833479,-43357.36833856163,13.986958621009382,13.296140071797277,0.9506097416500405,0.0,27.912001
class2_2026_04_27_15_46_14.csv,178.998,background,1.19332,-28.487,-34.92388977777778,13.643270371052202,-33.23611183333333,-38.31783461111111,5.081722777777777,9.507499,-637.3939824336624,-4382.598062139459,-3745.204079705797,3437.30250783484,44191.22727272347,-47628.52978056173,13.472894362812136,13.091130362033683,0.9716642198653008,0.0,30.387002
class2_2026_04_27_15_46_14.csv,174.21200000000002,background,1.1614133333333334,-22.855,-32.076889333333334,12.844551235799862,-34.251723,-33.60077855555555,-0.6509444444444483,5.529501,2108.2776820797612,730.0476369221841,-1378.230045157577,-41222.57366771541,46374.611285262916,-42390.28526646139,14.053910132729206,13.2720886921082,0.944369760614163,0.6379999999999997,29.587002000000002
class2_2026_04_27_15_46_41.csv,47.541,bend,0.31694,-15.876,-15.600333444444443,0.8634388461478529,-14.655277777777776,-16.88205561111111,2.2267778333333332,1.248000000000001,-26.952839387866362,-169.51606569700186,-142.5632263091355,-1545.4545454545441,-73.66771159874406,-1545.4545454545441,0.17282804734943127,0.3507740404637115,2.029601191716954,0.0,2.5569999999999986
class2_2026_04_27_15_46_41.csv,127.62799999999999,connector,0.8508533333333332,-8.431,-11.311888888888888,2.830137744761019,-16.492999833333336,-17.484888944444446,0.9918891111111101,8.676999499999999,1219.6472366897797,-2760.680112385387,-3980.3273490751667,605.0156739813519,9637.93103448301,-2699.0595611284734,2.291808165934639,8.823046572036992,3.8498172985702332,2.8709999999999845,8.683000000000002
class2_2026_04_27_15_46_41.csv,131.138,break,0.8742533333333333,-17.025999,-17.500222222222224,2.5974079544713113,-13.362111166666665,-29.028167222222223,15.666056055555558,3.889499999999998,-643.1115074316305,-2878.1965032340136,-2235.084995802383,-2129.4193126935497,-1793.4711962694382,-7749.216300940869,3.1500752220961727,13.048138991439625,4.142166116462073,0.0,8.993000000000002
class2_2026_04_27_15_46_41.csv,192.718,background,1.2847866666666665,-19.490999,-28.355555666666667,11.664113779133379,-36.344389888888884,-35.14044533333334,-1.2039445555555446,9.431501999999998,5588.226169003725,1208.888943705781,-4379.337225297944,-45203.766457684644,38216.30407523151,-45203.766457684644,13.604218191028103,13.389302149511101,0.9842021773907659,1.2759999999999994,30.409003000000002
class2_2026_04_27_15_46_41.csv,185.06,background,1.2337333333333333,-49.900002,-34.83000077777778,13.487363705170742,-36.10744527777777,-37.76372338888889,1.6562781111111207,27.733002,1095.14146026243,-4344.929766003852,-5440.071226266282,-1.4551915228366852e-11,2068.963949843499,-43276.11108598067,13.828817337263395,13.58379872555865,0.9822819560045482,0.0,27.733002
class2_2026_04_27_15_46_41.csv,184.10299999999998,background,1.2273533333333333,-22.219999,-34.46255611111111,13.846589763904094,-37.67761211111112,-37.76144561111111,0.08383349999999012,30.362002,4185.387859147041,-82.63535103796801,-4268.023210185009,2068.963949843499,40985.89811912616,-43385.58463950218,13.702474192146234,13.586365897934014,0.9915263999690531,1.5949999999999853,30.362002
class2_2026_04_27_15_46_41.csv,159.535,background,1.0635666666666665,-25.101999,-35.095556333333334,13.367581506799942,-36.12477883333334,-39.51055699999999,3.385778166666654,29.263003,662.243535346006,-4887.765859428062,-5550.009394774068,-8738.246081504498,44495.86020477139,-38868.34326018528,13.86111607411494,13.085390660651473,0.9440357938457858,1.2759999999999994,29.263003
class2_2026_04_27_15_46_41.csv,183.46499999999997,background,1.2230999999999999,-22.622999,-31.694778111111116,12.944418192147975,-40.645723555555556,-34.77094527777777,-5.874778277777786,30.362002,1626.6666309625616,-1405.2872442594737,-3031.953875222035,40985.89811912616,47589.34482758357,-43385.58463950218,13.121754079975704,13.54985138056285,1.0326249269231096,1.5949999999999853,30.362002
class2_2026_04_27_15_46_57.csv,48.499,bend,0.3233266666666667,-15.691,-15.424777666666667,0.7276138969346617,-14.645777777777779,-16.494111166666666,1.8483333888888875,1.0169999999999995,-14.308105687415875,-175.30528661545148,-160.99718092803562,-1046.1869330752852,285.266457680249,-1046.1869330752852,0.1482023974748181,0.3320539462162821,2.2405285700194755,0.0,1.842998999999999
class2_2026_04_27_15_46_57.csv,131.457,break,0.8763799999999999,-17.518999,-17.831555222222224,2.332770719446478,-12.93194422222222,-30.828111722222218,17.896167499999997,3.794998999999997,-1435.5408794016619,-2653.236141974251,-1217.6952625725892,-2982.758620689594,-1843.3651105518911,-4244.514106583123,3.1703941443367287,13.572307221719608,4.280951302226095,0.0,7.6150009999999995
class2_2026_04_27_15_46_57.csv,127.62799999999999,connector,0.8508533333333332,-7.988,-10.904444333333334,2.9255279045197216,-15.997444444444447,-15.473777499999999,-0.5236669444444484,8.670499499999998,1147.341187614077,-2674.3447697162246,-3821.685957330302,584.6394984327617,9717.324827301243,-2708.463949843208,2.2660736740554923,4.195456438781896,1.851420205528124,2.8709999999999845,9.186999
class2_2026_04_27_15_46_57.csv,157.301,background,1.0486733333333333,-22.240999,-31.297333888888893,13.164110629091672,-32.734111666666664,-37.475556833333336,4.741445166666672,4.082000999999998,4057.1204731950143,982.67516109858,-3074.4453120964345,43957.68338558369,43957.68338558369,-43957.68338558378,13.742231690388222,13.918854471505153,1.0128524807501234,0.9569999999999856,28.643002
class2_2026_04_27_15_46_57.csv,173.574,background,1.1571600000000002,-24.58,-34.73155666666667,13.664028656988872,-36.265223166666665,-36.20966766666667,-0.05555549999999698,17.633001499999995,-3119.765793462472,-799.4521959127469,2320.3135975497253,-6.912159733474255e-09,43537.13683644388,-46072.101880881775,13.686544590605891,13.750249489138616,1.0046544906536863,0.6379999999999997,29.771002
class2_2026_04_27_15_46_57.csv,139.433,background,0.9295533333333332,-27.079,-32.052445222222225,12.757098068482884,-36.19983444444445,-34.95233422222222,-1.2475002222222287,8.878500499999998,-3788.72056046239,-2492.4598561576627,1296.2607043047274,-6.2282197177410126e-09,-6.2282197177410126e-09,-6748.020561982332,13.752115127848283,13.556469830907211,0.9857733678859152,0.0,30.581002
class2_2026_04_27_15_46_57.csv,181.231,background,1.2082066666666667,-49.900002,-32.62122311111111,12.508371682215284,-33.32505633333333,-35.53316749999999,2.2081111666666615,7.3174990000000015,2666.229059712989,1249.9453561644707,-1416.2837035485184,-1275.8605015605863,46235.11285266016,-38330.548894753956,13.381617053100435,12.94730240354471,0.9675438614499167,0.0,30.992001000000002
class2_2026_04_27_15_46_57.csv,139.11399999999998,background,0.9274266666666665,-49.900002,-31.895667444444445,12.86775848620054,-34.54766761111111,-35.13416755555555,0.5864999444444408,6.815500500000002,-3647.0841647618045,-1560.9558539013701,2086.1283108604343,-5578.369905962827,42263.324451414555,-6748.020561982332,13.793291295576658,13.427077165304373,0.9734497665659035,0.0,30.581002
class2_2026_04_27_15_47_10.csv,49.137,bend,0.32758,-15.769,-15.639889000000002,0.8279637255280101,-14.65688888888889,-16.738333222222224,2.0814443333333337,1.054499999999999,-64.4984234164544,-186.00717776030507,-121.50875434385067,-1465.517241379308,101.880877742944,-1465.517241379308,0.19739128903691353,0.34767165970680475,1.7613234103678086,0.0,2.372001000000001
class2_2026_04_27_15_47_10.csv,127.62799999999999,connector,0.8508533333333332,-8.16,-11.011222111111111,2.7987700106376274,-16.105388777777776,-15.813111277777779,-0.2922774999999973,8.7264995,1125.9125580243985,-2988.9008137303367,-4114.813371754735,586.2068965518811,9612.852664577054,-2804.0752351096635,2.242956931787158,4.4528907694834325,1.9852760974145556,2.8709999999999845,8.552999
class2_2026_04_27_15_47_10.csv,131.457,break,0.8763799999999999,-17.906,-18.163444666666667,2.611555773915575,-13.025388944444444,-34.59427872222222,21.568889777777777,3.9630004999999997,-1398.4666226803745,-2767.102061941196,-1368.6354392608216,-3719.4341692788585,-2561.1285266457453,-5131.6614420062615,3.098383425047855,13.765297439579491,4.4427338739178195,0.0,8.294
class2_2026_04_27_15_47_10.csv,184.10299999999998,background,1.2273533333333333,-23.745001,-35.22766766666667,13.334357004753672,-39.31916805555555,-35.21594527777777,-4.1032227777777805,30.359002,604.0919682557536,-660.6507095172631,-1264.7426777730166,46070.5360501599,46070.5360501599,-40995.299373045236,13.308018811511266,13.259965063566623,0.9963890384425882,0.9569999999999856,30.359002
class2_2026_04_27_15_47_10.csv,157.939,background,1.0529266666666666,-21.620001,-35.788778444444446,12.854359899929493,-35.58816755555556,-40.00055666666666,4.4123891111111035,28.280001000000002,-3038.2460204972526,2427.4435780359563,5465.6895985332085,-10945.139498431548,44326.020376171815,-44326.02037617744,14.330843570810424,12.531521251411151,0.8744440140629116,1.2759999999999994,28.280001000000002
class2_2026_04_27_15_47_10.csv,187.932,background,1.25288,-49.900002,-35.38277877777778,13.04104347478701,-35.376278722222224,-37.88261216666667,2.5063334444444436,18.0435005,1178.4149617605615,1076.5751861283836,-101.83977563217786,38137.9326018776,38137.9326018776,-45340.128526649736,13.102941209022259,13.503238224088202,1.0305500862844617,0.0,28.927002
class2_2026_04_27_15_47_10.csv,145.815,background,0.9721,-49.900002,-38.88322322222223,12.362967265523137,-39.80055677777777,-40.369278944444446,0.5687221666666744,26.624003000000002,-99.66957278990473,2805.8304141287867,2905.4999869186913,-1.4551915228366852e-11,7.130438461899757e-09,-41730.412225708984,12.752473657939687,12.013564865521037,0.9420575368908023,0.0,26.624003000000002
class2_2026_04_27_15_47_10.csv,146.453,background,0.9763533333333334,-26.902,-41.784001333333336,11.515740730688824,-41.32722355555555,-38.27516772222222,-3.052055833333327,26.624003000000002,-914.5173839080662,1024.6309048077644,1939.1482887158306,41730.41222570354,41730.41222570354,-41730.412225708984,12.213887252996678,13.151512588012432,1.076767063493127,0.9570000000000134,26.624003000000002
class2_2026_04_27_15_47_24.csv,49.456,bend,0.3297066666666667,-15.53,-15.576333333333334,0.7810430255613326,-14.666722222222221,-16.930777944444444,2.2640557222222224,0.9734999999999996,-36.509483617334105,-211.91786911984607,-175.40838550251198,-2010.9717868338557,-170.88844675506698,-2010.9717868338557,0.12151031303078559,0.3885384351397301,3.1975494746015265,0.0,1.9299990000000005
class2_2026_04_27_15_47_24.csv,131.138,break,0.8742533333333333,-17.08,-17.333555555555556,2.114441543928699,-13.424222222222221,-28.353389277777776,14.929167055555554,4.481000499999999,-590.3080981912876,-4065.265166442287,-3474.9570682509993,-3916.928552769339,-2388.714733542347,-5221.003134796487,3.1721914987654225,11.893263730047527,3.749225097366013,0.0,5.9130009999999995
class2_2026_04_27_15_47_24.csv,127.947,connector,0.8529800000000001,-8.863,-10.836555555555556,2.053220782148601,-15.966388944444446,-16.585166666666666,0.6187777222222195,8.6439995,1574.2664431839366,-2677.9437062654697,-4252.210149449406,-1998.432601880957,9822.884012539445,-3216.300940438832,2.8754481836074697,3.9577901638695216,1.3764076188278078,2.8709999999999845,7.023999999999999
class2_2026_04_27_15_47_24.csv,137.2,background,0.9146666666666666,-21.921,-37.469445444444446,13.916276415351575,-28.353389277777776,-36.23444533333333,7.8810560555555575,3.0905004999999974,-5126.534667216592,-238.55831031734354,4887.9763568992485,42456.115987464786,42456.115987464786,-43854.23510972148,11.893263730047527,13.710992558110785,1.1528367415778522,0.0,29.722003
class2_2026_04_27_15_47_24.csv,176.445,background,1.1763,-49.900002,-37.590556444444445,13.815312364150111,-31.52761177777778,-39.305667611111105,7.778055833333326,6.080497999999999,4002.135336701431,3906.7947432809688,-95.34059342046203,-44539.18965517631,7791.532915360403,-44539.18965517631,13.051710203083935,13.351444314711937,1.022965043201169,0.0,29.818001
class2_2026_04_27_15_47_24.csv,155.068,background,1.0337866666666669,-24.486,-40.95322344444445,12.670290362728595,-35.39138988888889,-37.40094544444444,2.0095555555555507,18.404502,-1076.7104625244701,-1231.1182499223457,-154.4077873978756,2180.25235109777,42097.18181818549,-44277.43416927518,13.118302041159888,14.028799221788313,1.0694065518818754,1.2759999999999994,28.249003000000002
class2_2026_04_27_15_47_24.csv,140.071,background,0.9338066666666667,-49.900002,-37.68433433333333,13.701912554019652,-34.907945222222224,-36.14255655555556,1.2346113333333335,8.033499499999998,-91.9464719499658,-170.05156739811957,-78.10509544815378,0.0,42169.28213166586,-44561.13322883717,13.620879225614592,13.800936082733399,1.0132191058240279,0.0,29.498002
class2_2026_04_27_15_47_24.csv,191.123,background,1.2741533333333332,-20.971001,-34.615334555555556,13.683789017490213,-39.58722355555555,-35.087000833333335,-4.500222722222219,28.929001,-2392.7119346171544,-1737.6985785990616,655.0133560180927,1037.8176403427642,45390.81826337362,-45343.2617554894,13.036386108748042,13.423140935923596,1.0296672555017965,1.2770000000000004,28.929001
class2_2026_04_27_15_48_07.csv,53.285,bend,0.3552333333333333,-15.561,-15.508555555555555,0.8483613107516436,-14.666722222222221,-16.655222222222225,1.9885000000000037,0.9384999999999994,-19.677148632422863,-140.97518190443475,-121.29803327201188,-1340.1253918495313,440.4388714733541,-1340.1253918495313,0.12569929088262616,0.3145902720750976,2.5027012257978725,0.0,2.389999999999999
class2_2026_04_27_15_48_07.csv,127.62799999999999,connector,0.8508533333333332,-8.071,-10.992888888888888,2.9061979532044746,-16.204888944444445,-17.286055722222223,1.0811667777777778,8.937499999999998,1159.4601023645225,-2682.602331576733,-3842.062433941255,587.7742946710096,9525.078369906189,-2675.5485893417026,2.3056915839818233,8.990340472727492,3.8991930386494085,2.8709999999999845,9.065
class2_2026_04_27_15_48_07.csv,131.457,break,0.8763799999999999,-17.216,-17.79411122222222,2.3898791962186325,-13.037722222222223,-32.38516744444444,19.34744522222222,3.8074994999999987,-1406.9432617386453,-4374.817158252946,-2967.8738965143,-2048.587774294574,-1612.8174251162018,-5094.043887147185,3.206099085034934,14.046060748103308,4.3810425050876916,0.0,7.352
class2_2026_04_27_15_48_07.csv,182.189,background,1.2145933333333332,-49.900002,-31.679889333333335,12.9157238461316,-37.9496676111111,-36.10805661111111,-1.8416109999999932,28.436001,776.4686064908252,-2175.639336587135,-2952.10794307796,39532.92006269252,39532.92006269252,-39532.920062691715,13.446233360803568,13.824115694310658,1.0281031345555476,0.0,28.436001
class2_2026_04_27_15_48_07.csv,183.14600000000002,background,1.2209733333333335,-49.900002,-37.96566766666667,13.361205689366393,-34.986500666666664,-37.41889016666667,2.4323895000000064,16.786500999999998,2476.1551136639428,-1541.0623215329085,-4017.2174351968515,-1424.764890274586,44067.40125391548,-42642.63636364002,13.433349216769,13.979762925340216,1.04067583289008,0.0,28.115002
class2_2026_04_27_15_48_07.csv,22.016000000000002,background,0.14677333333333334,-15.71,-14.96288888888889,0.38275737729865295,-14.602944444444445,-14.451666666666666,-0.1512777777777785,0.0,-91.09351267916266,128.5668986788986,219.66041135806125,161.4420062695899,161.4420062695899,-354.23197492162944,0.2159036493495864,0.28320526517390565,1.3117145278115252,0.0,1.218
class2_2026_04_27_15_48_07.csv,186.975,background,1.2465,-49.900002,-40.276446,13.62233426454015,-34.697945222222216,-38.835501388888886,4.13755616666667,29.620001000000002,271.68828311954337,3066.606965184356,2794.9186820648124,-43006.27272726902,46105.86032374385,-43006.27272726902,13.62261428642752,13.912549888889316,1.0212833289618524,0.0,29.620001000000002
class2_2026_04_27_15_48_07.csv,162.406,background,1.0827066666666667,-22.337999,-35.455112,13.015458856960663,-34.98155655555556,-37.545556777777776,2.5640002222222193,17.024001000000005,830.0077053524188,322.1402894339732,-507.86741591844566,7.523340173065662e-09,8037.619122263881,-44057.509966740916,13.452871188524243,13.823212067296273,1.0275286848475333,0.6379999999999997,28.241002
class2_2026_04_27_15_48_22.csv,51.051,bend,0.34034000000000003,-15.603,-15.561111333333335,0.7266030409795069,-14.63011111111111,-16.692166666666665,2.0620555555555544,1.0780005000000017,-67.70502398077589,-109.48194793229248,-41.77692395151659,-2084.641065830725,-59.561128526645916,-2084.641065830725,0.14424704460245708,0.3143271418628474,2.1790738496949666,0.0,1.8870010000000015
class2_2026_04_27_15_48_22.csv,131.138,break,0.8742533333333333,-17.327999,-17.378333444444444,2.6917992584336643,-13.072499944444443,-33.66600111111111,20.593501166666663,3.7735000000000003,-605.3781859549132,-3848.191683932651,-3242.813497977738,-2064.1377200702846,-2064.1377200702846,-4194.358934168966,3.0873255795897108,14.554698190225603,4.714337085829075,0.0,8.65
class2_2026_04_27_15_48_22.csv,127.947,connector,0.8529800000000001,-8.606,-10.548111111111112,2.0199454032470197,-15.640555333333332,-19.68405583333333,4.043500499999997,8.597500499999999,1625.6720255963069,-2846.275065164499,-4471.9470907608065,-2003.134796238317,9661.442006269821,-3244.514106583054,2.851530776470908,11.33987114195331,3.9767647814844547,2.8709999999999845,6.904999999999999
class2_2026_04_27_15_48_22.csv,151.558,background,1.0103866666666665,-49.900002,-32.75344533333333,12.285270673910102,-31.969723000000002,-39.33700122222222,7.367278222222218,7.117001500000001,921.3793199775955,2107.6212919529844,1186.2419719753889,-46916.93260188498,42791.537617557966,-46916.93260188498,12.776507712662218,13.33714747996075,1.0438804355639746,0.0,29.933003
class2_2026_04_27_15_48_22.csv,139.75199999999998,background,0.9316799999999998,-49.900002,-40.6860011111111,13.061635366973748,-36.19144538888889,-36.32422338888888,0.13277799999999473,18.237501499999997,2829.5189562188975,3507.0759266568157,677.5569704379182,-42315.05015674352,46694.362068962466,-42315.05015674352,13.782815930553523,13.634000086103764,0.9892027264673404,0.0,29.791003
class2_2026_04_27_15_48_22.csv,187.932,background,1.25288,-21.771999,-37.95166755555556,13.443918795414726,-37.747945388888894,-43.953501611111115,6.205556222222221,29.976002,-507.7902594849585,-450.2321388612366,57.55812062372189,38473.35736677552,44087.778996869056,-44087.778996868095,13.627848062214294,11.144244274479915,0.8177551881888223,0.9569999999999856,29.976002
class2_2026_04_27_15_48_22.csv,150.92,background,1.0061333333333333,-24.417,-37.94011233333333,13.434897350748965,-32.0211675,-37.67405661111111,5.652889111111115,5.967000999999996,-3221.047761244104,1172.5170994075725,4393.564860651677,4125.3949843251685,42791.537617557966,-46916.93260188498,12.751536071546258,13.775328443078465,1.0802876834210593,0.0,29.933003
class2_2026_04_27_15_48_22.csv,172.297,background,1.1486466666666666,-49.900002,-33.96688977777777,14.275011470828929,-34.69783411111112,-40.55811249999999,5.860278388888872,30.250002000000002,2528.625737317612,1097.0779220778725,-1431.5478152397397,-42743.90490627137,46291.54075235491,-43501.57053291092,13.68233548027588,13.26147469099504,0.969240502900397,0.0,30.250002000000002
class2_2026_04_27_15_48_35.csv,52.646,bend,0.35097333333333336,-15.166,-15.39722211111111,0.9056688818523321,-14.596166666666667,-17.023277722222222,2.427111055555555,0.884500000000001,14.542797414812917,-294.8724137931036,-309.4152112079165,-2196.1236177952414,280.56426332288174,-2196.1236177952414,0.10539304741985786,0.47293702938103305,4.487322016365836,0.0,2.360999999999999
class2_2026_04_27_15_48_35.csv,127.30900000000001,connector,0.8487266666666667,-9.474,-12.272444555555557,3.4656573460702185,-17.273111222222227,-17.63216683333333,0.35905561111110273,8.657501000000002,653.443066802057,-4665.197275060123,-5318.640341862179,4581.504702194168,9271.92707796784,-2634.796238244533,1.533882508997296,9.441866476594223,6.155530339306143,2.8709999999999845,9.241000999999999
class2_2026_04_27_15_48_35.csv,131.457,break,0.8763799999999999,-19.069,-22.591222666666667,10.487940080734973,-13.606889055555557,-30.300445055555556,16.693556,4.119501000000001,-1422.2152368558297,-259.83949717240864,1162.3757396834212,-51105.018808773486,-1798.6484962545364,-51105.018808773486,3.1730423885921555,12.408650245956753,3.9106462554432118,0.0,35.337002
class2_2026_04_27_15_48_35.csv,150.282,background,1.00188,-20.471001,-32.15566755555556,12.828850161194158,-35.512667666666665,-31.437056111111115,-4.07561155555555,5.024001500000001,-2353.7405100697965,1913.4557765388872,4267.196286608683,46357.37147335825,46357.37147335825,-46126.960815051105,12.964857370518581,13.219300775863374,1.019625544535325,0.9569999999999856,29.576003
class2_2026_04_27_15_48_35.csv,174.85,background,1.1656666666666666,-19.926001,-32.45700088888889,12.578783634614485,-40.04811238888888,-37.409334555555546,-2.638777833333336,29.974001,4810.837378404843,597.3535161589717,-4213.483862245871,9805.64106582955,46981.192789970744,-46981.19278996491,12.431399013261817,13.997648599733832,1.1259913271876973,1.2759999999999994,29.974001
class2_2026_04_27_15_48_35.csv,137.838,background,0.91892,-21.952999,-31.738445111111105,12.969581724904963,-30.300445055555556,-33.52638966666667,3.2259446111111103,5.191500000000001,-1790.4253814206463,1338.1341908414745,3128.559572262121,36716.30407523957,45865.20689654823,-36716.30407523139,12.408650245956753,13.18886960983244,1.0628769677228147,0.6379999999999997,29.904002000000002
class2_2026_04_27_15_48_35.csv,181.54999999999998,background,1.2103333333333333,-22.129999,-38.24955677777778,13.102583029150352,-37.66444561111111,-37.67372344444444,0.009277833333328545,28.842001,-926.1196568016479,659.7224548571454,1585.8421116587933,45267.1428907556,45267.1428907556,-45206.898119126214,13.737491094203552,13.738273542098353,1.000056884319892,0.9579999999999866,28.842001
class2_2026_04_27_15_48_35.csv,165.916,background,1.1061066666666666,-21.913,-37.62755677777778,13.740107953692066,-41.029056888888896,-43.91400144444444,2.884944555555542,28.987002,3527.847678586257,530.0629845142001,-2997.784694072057,-40714.73667712011,40714.73667711164,-43866.77429467469,12.74353598784235,11.231773610565748,0.881370189554214,1.2759999999999994,28.987002
class2_2026_04_27_15_49_00.csv,52.007999999999996,bend,0.34672,-16.017,-15.895777777777779,0.6916287743483617,-14.722666666666665,-16.71688877777778,1.9942221111111138,1.3185005000000025,-211.73345322790723,-99.16364843497338,112.56980479293385,-597.1802507837019,-597.1802507837019,-1225.4603078808868,0.3667893734071973,0.24810932170977334,0.676433569957223,0.0,2.2059989999999985
class2_2026_04_27_15_49_00.csv,127.62799999999999,connector,0.8508533333333332,-8.019,-10.896666555555555,2.8615800225154215,-16.036111166666664,-18.7596115,2.723500333333334,8.737999999999998,1129.9158212138366,-4714.006404847027,-5843.922226060863,584.6394984327599,9514.106583072336,-2719.435736677069,2.27061534444303,11.651695797091394,5.131512342720096,2.8709999999999845,8.863999000000002
class2_2026_04_27_15_49_00.csv,131.457,break,0.8763799999999999,-18.552,-21.185000555555558,10.382314353264423,-12.944222333333332,-34.10722344444444,21.16300111111111,3.8055010000000014,-1398.8124243531665,-2781.1697573564206,-1382.357333003254,-2746.083072100573,-2416.892189240076,-49134.79937304508,3.1827761215313806,14.183947337013974,4.456468924908391,0.0,35.712002
class2_2026_04_27_15_49_00.csv,170.702,background,1.1380133333333333,-49.900002,-41.14922344444445,12.391257470431313,-37.7974455,-32.8637785,-4.933667,4.159500000000001,4468.420630060398,2876.0737013180674,-1592.3469287423309,-40136.36833856151,43539.1880877781,-40136.36833856151,13.559420416869633,12.411018086381741,0.9153058751416094,0.0,27.778002
class2_2026_04_27_15_49_00.csv,158.258,background,1.0550533333333334,-49.900002,-32.11377844444444,12.74609221737406,-34.29288972222222,-37.92611205555555,3.633222333333329,18.722000999999995,521.4857149444942,-3497.7819393410787,-4019.267654285573,-41727.27586206536,41727.2758620646,-41727.27586206536,13.98656994475442,13.478470542296597,0.963672267887192,0.0,29.771002
class2_2026_04_27_15_49_00.csv,183.46499999999997,background,1.2230999999999999,-49.900002,-34.19144577777778,14.13764478881181,-35.89989011111111,-34.74288988888889,-1.1570002222222229,7.922000000000001,3278.1204874711625,-832.8784137272929,-4110.998901198455,-4095.609717876203,8920.06269591732,-45979.62539184556,14.051941289339274,13.690142014695985,0.9742526501181424,0.0,30.162001
class2_2026_04_27_15_49_00.csv,149.005,background,0.9933666666666666,-22.433001,-40.33377911111111,13.538855844498082,-37.73366783333333,-32.83872294444445,-4.89494488888888,6.337,-4973.869491016004,-307.55615418306496,4666.313336832939,46446.71159874958,46446.71159874958,-46229.106210880185,12.608477059493692,13.678845607316342,1.0848926843328808,0.9579999999999866,29.633002
class2_2026_04_27_15_49_00.csv,148.048,background,0.9869866666666667,-49.900002,-40.94466811111111,12.74940087439699,-34.60450094444444,-34.369945388888894,-0.23455555555554497,5.793000000000003,-2962.0490879551976,3721.729490526497,6683.778578481695,-1.4551915228366852e-11,6.417394615709782e-09,-42828.8073504942,12.696869974549324,13.953509447989449,1.0989722960845265,0.0,29.633002
class2_2026_04_27_15_49_13.csv,52.007999999999996,bend,0.34672,-15.922,-15.74799988888889,0.8800451574272821,-14.666055555555554,-17.005277666666665,2.339222111111111,1.0714994999999998,-86.77599698698863,-241.76010938335162,-154.984112396363,-1352.663009404394,175.5485893416917,-1432.6018808777408,0.17132116436104639,0.45197575759903563,2.638162781124668,0.0,2.450000000000001
class2_2026_04_27_15_49_13.csv,131.457,break,0.8763799999999999,-18.174,-19.32633333333333,3.62435844934435,-13.248222166666668,-32.300389611111115,19.052167444444446,4.2170010000000016,-1403.9475809478377,-3518.228056294378,-2114.2804753465402,-11783.699059560338,-2605.01567398115,-11783.699059560338,3.1482375580240705,12.583888031203694,3.997120230654224,0.0,10.337999000000002
class2_2026_04_27_15_49_13.csv,127.947,connector,0.8529800000000001,-8.713,-10.681666666666667,2.049376924281568,-15.866222333333335,-19.115833444444448,3.249611111111113,8.777001,1723.7842222166475,-3291.1069895572105,-5014.891211773858,-2012.5391849530552,9857.355714150624,-3197.492163009374,2.9067798983509805,9.062572982574094,3.117735150838269,2.8709999999999845,7.027000000000001
class2_2026_04_27_15_49_13.csv,174.531,background,1.16354,-20.177999,-30.976555888888885,13.415128114180577,-39.22011233333333,-36.31738977777778,-2.902722555555556,29.819003000000002,-784.3001027040152,-2028.180136216892,-1243.8800335128767,5216.302507837427,46586.211598742935,-46586.21159875019,13.411453505826255,13.640817944971381,1.0171020554888723,1.2759999999999994,29.819003000000002
class2_2026_04_27_15_49_13.csv,158.89700000000002,background,1.0593133333333336,-21.552999,-37.63544544444445,13.727970950169318,-37.50977877777778,-39.52655672222222,2.016777944444435,28.792002,375.6717532468078,-1913.1623751116263,-2288.834128358434,44921.45946293222,44921.45946293222,-45128.52978056037,13.875846676423704,13.11116010004271,0.9448907487158233,0.9580000000000144,28.792002
class2_2026_04_27_15_49_13.csv,167.511,background,1.11674,-49.900002,-34.226112,14.08194558969085,-35.874500777777776,-39.32189005555555,3.4473892777777735,29.363001,4597.008252151319,-4918.626928857239,-9515.635181008558,38694.36206896218,45547.0250783659,-738.2445141063217,14.128362663022585,13.2970818106841,0.9411621988104572,0.0,29.363001
class2_2026_04_27_15_49_13.csv,185.698,background,1.2379866666666668,-49.900002,-37.98033477777777,13.757069040813315,-37.560445666666666,-33.586722944444446,-3.9737227222222202,10.258499,-1993.4503835077126,-2797.8145036524984,-804.3641201447858,28202.19749216547,46437.30564263755,-45626.96081505101,13.883085347030727,13.218734485709534,0.9521466736779836,0.0,30.547001
class2_2026_04_27_15_49_13.csv,149.644,background,0.9976266666666667,-49.900002,-40.56911266666667,13.20378225615584,-39.91639027777778,-32.71816750000001,-7.198222777777772,17.9575005,-820.9784976252465,2146.5040299246166,2967.4825275498633,3185.060531837982,44368.34169278615,-45087.77586207291,12.5801750165717,13.768162464131642,1.094433213493597,0.0,28.766001
class2_2026_04_27_15_49_29.csv,55.518,bend,0.37012,-15.615,-15.429444444444446,0.7792951389430371,-14.606222222222224,-16.834999833333335,2.228777611111111,1.0884999999999998,-14.965996126268543,-259.6863854540536,-244.72038932778506,-1487.4608150470194,238.24451410658003,-1487.4608150470194,0.1535518571672326,0.4550353379442389,2.9633791668797493,0.0,1.9600000000000009
class2_2026_04_27_15_49_29.csv,127.62799999999999,connector,0.8508533333333332,-8.429,-11.361333222222221,2.921273806495827,-16.620666444444446,-15.968555666666667,-0.6521107777777786,8.870999999999997,1184.5473030103808,-2640.1148733792734,-3824.662176389654,609.717868338721,9815.047021943827,-2772.7272727272175,2.324561155326389,4.497753830476745,1.9348821541169845,2.8709999999999845,8.995999
class2_2026_04_27_15_49_29.csv,131.776,break,0.8785066666666668,-17.968,-19.241000111111113,2.9606644492599385,-13.390555500000001,-28.262500555555555,14.871945055555553,3.7169995,-2060.0701745190727,-1226.9931308269363,833.0770436921364,-4539.18808777483,-1547.3407545742411,-6749.2163009414,3.2195793414457676,11.652453921995283,3.6192462017464964,0.0,10.151001
class2_2026_04_27_15_49_29.csv,186.65599999999998,background,1.244373333333333,-49.900002,-35.37088977777777,13.107789780214569,-36.59316761111111,-37.99911216666667,1.405944555555557,29.554001,1393.9420367022117,-2441.988771702251,-3835.930808404463,37659.87931034158,40590.91222570822,-43655.175548593164,13.421247282967979,13.374324651650808,0.9965037803989724,0.0,29.554001
class2_2026_04_27_15_49_29.csv,145.815,background,0.9721,-49.900002,-37.96055644444445,13.377958832727428,-38.438167722222225,-35.00288972222222,-3.435278000000004,17.7130005,1084.892926160443,2112.1628569251425,1027.2699307646994,-1.4551915228366852e-11,2643.2060264409884,-1.4551915228366852e-11,12.856216829728055,13.413977764885438,1.0433844496526534,0.0,28.699002
class2_2026_04_27_15_49_29.csv,140.391,background,0.93594,-49.900002,-40.825223666666666,12.847513777337035,-34.52122305555556,-40.03155672222223,5.510333666666668,28.681002,-3798.137038155432,708.9454347747925,4507.082472930225,-3288.8752710824556,44954.54858933781,-41669.28056426697,13.781650877353124,12.392326290408592,0.8991901987288216,0.0,28.681002
class2_2026_04_27_15_49_29.csv,192.399,background,1.28266,-24.358999,-32.07300044444444,12.67957864666213,-39.41805677777777,-30.815556055555557,-8.602500722222214,5.390999999999998,511.8781638669972,-865.9056961345506,-1377.7838600015477,-37634.79937303708,40920.0673981227,-37634.79937303708,13.205729608847864,11.996273826383812,0.9084142469441476,0.0,28.720002
class2_2026_04_27_15_49_29.csv,178.041,background,1.1869399999999999,-27.951,-32.535000555555555,12.412231227785,-31.788834166666668,-38.43833422222222,6.649500055555549,4.1785,-1412.3774523903671,-329.6256849680661,1082.751767422301,-3655.170846393725,43615.99059560829,-39826.02351096835,12.844309543427775,12.92806161839294,1.0065204803856147,0.0,28.351002
class2_2026_04_27_15_49_56.csv,56.794,bend,0.37862666666666667,-15.279,-15.393333444444446,0.7403805465460332,-14.63361111111111,-16.668555555555557,2.034944444444447,0.8170000000000002,-9.49631705325646,-183.9166126638147,-174.42029561055824,-1570.5329153605016,86.20689655172464,-1570.5329153605016,0.12848914302984213,0.38263668512415605,2.9779458260489897,0.0,1.9150010000000002
class2_2026_04_27_15_49_56.csv,127.62799999999999,connector,0.8508533333333332,-8.115,-11.029333333333334,2.9081425916439057,-16.11338883333333,-15.281388777777778,-0.8320000555555538,8.745500000000002,1186.583640044436,-2637.2693995353125,-3823.8530395797484,636.3636363637925,9564.263322884248,-2821.3166144200004,2.2626069521260272,3.8171557188081744,1.687060153404587,2.8709999999999845,9.042
class2_2026_04_27_15_49_56.csv,131.138,break,0.8742533333333333,-17.01,-17.015777888888888,2.1286618157895165,-13.017333277777778,-30.04927838888889,17.031945111111114,3.8485004999999983,-619.6259491471797,-5327.765921328312,-4708.139972181132,-2295.840449188996,-2054.8589341692605,-3456.112852664519,3.113758551571018,14.089491999566013,4.524913297321655,0.0,6.155001
class2_2026_04_27_15_49_56.csv,159.535,background,1.0635666666666665,-49.900002,-38.42144566666666,12.869662513905638,-37.54100127777778,-35.145611833333334,-2.3953894444444472,15.893999999999998,1104.9568460199146,2779.7357361711424,1674.7788901512279,-1.4551915228366852e-11,43747.52466443248,-37564.266457683865,13.839940858841233,13.266213061570935,0.9585454329850536,0.0,27.877001
class2_2026_04_27_15_49_56.csv,166.554,background,1.11036,-22.947001,-40.87000144444445,12.770804268043081,-36.47705638888888,-35.96305666666667,-0.5139997222222163,15.060501000000002,-4269.365958181652,-3979.698328380577,289.6676298010748,42261.758620686,42261.758620686,-42261.75862068601,13.475888335284049,13.968559193906865,1.036559357706571,0.9570000000000134,27.354002
class2_2026_04_27_15_49_56.csv,174.85,background,1.1656666666666666,-49.900002,-41.36411233333334,12.25779724104193,-39.302279,-32.77694505555556,-6.525333944444441,18.821502000000002,-161.83708844370042,-157.56922348392274,4.2678649597776825,-1.4551915228366852e-11,32133.23197491886,-2855.8009404465556,13.435706786604348,13.688708433343669,1.0188304666012138,0.0,29.072003000000002
class2_2026_04_27_15_49_56.csv,193.994,background,1.2932933333333334,-49.900002,-37.69244555555556,13.660414380616329,-35.127611888888886,-39.00372344444444,3.8761115555555534,28.867001000000002,-332.85938767209046,2757.8426135914697,3090.7020012635603,1.4551915228366852e-11,42956.11755486248,-45052.45103907222,13.268183144041098,13.735485829884723,1.0352197166372232,0.0,28.867001000000002
class2_2026_04_27_15_49_56.csv,183.784,background,1.2252266666666667,-49.900002,-41.015223444444445,12.649760827438941,-34.39277861111111,-37.821000999999995,3.4282223888888836,17.388002,-1472.4637697867336,649.5023094918944,2121.966079278628,-1.4551915228366852e-11,1.4551915228366852e-11,-1.4551915228366852e-11,13.96845963991696,13.55523091151741,0.9704169457858024,0.0,28.951003
class2_2026_04_27_15_50_35.csv,56.156,bend,0.37437333333333334,-15.913,-15.682222555555557,0.7121897659272982,-14.668944444444444,-16.731111111111105,2.062166666666661,1.0344999999999995,-104.3922920337529,-196.6370888633995,-92.2447968296466,-346.39498432601977,-346.39498432601977,-1114.4216300940425,0.26192417737077656,0.3545519794038808,1.3536384052991723,0.0,2.1550009999999986
class2_2026_04_27_15_50_35.csv,127.947,connector,0.8529800000000001,-8.678,-10.612333333333332,2.0143920505535493,-15.974111166666669,-18.173611,2.1994998333333324,9.009999500000001,1767.7374417614526,-2814.130616378857,-4581.86805814031,-2009.4043887148036,9673.573827149827,-3112.852664576785,2.9903221493637746,8.678428815005853,2.90217089643047,2.8709999999999845,6.9
class2_2026_04_27_15_50_35.csv,131.138,break,0.8742533333333333,-17.069,-17.259221999999998,2.328049846937847,-13.209777777777779,-30.141944777777773,16.932166999999993,4.0539999999999985,-579.0548255002426,-3805.522041169663,-3226.4672156694205,-3011.6918333407557,-2437.3040752351153,-4628.528213166192,3.168244195757426,12.56209101579284,3.964999625854288,0.0,7.260999999999999
class2_2026_04_27_15_50_35.csv,143.581,background,0.9572066666666665,-22.993,-40.412445777777776,13.432456563296247,-39.12683444444444,-40.50183466666667,1.3750002222222264,29.261002,2048.2909806599823,1231.0661255832604,-817.224855076722,7.34871719032526e-09,45799.37617555259,-45863.63949843661,13.578826758999734,13.366832570898962,0.984387813744801,0.6379999999999997,29.261002
class2_2026_04_27_15_50_35.csv,142.30499999999998,background,0.9486999999999999,-49.900002,-34.00111188888889,14.235889793458039,-39.567778944444434,-41.78389033333333,2.2161113888888977,29.220002,1966.5907476641262,262.42581397081244,-1704.1649336933137,-45739.81504702594,45791.54075234715,-45739.81504702594,13.092815612194148,13.104189681623817,1.00086864956308,0.0,29.220002
class2_2026_04_27_15_50_35.csv,146.77200000000002,background,0.9784800000000001,-49.900002,-43.15533488888889,12.619309203010515,-38.65922338888889,-31.507667444444444,-7.151555944444446,6.632500499999999,-1847.8689735534485,4147.542897979902,5995.41187153335,1153.6050156822566,46995.30094043482,-48148.9059561087,14.10223024846661,13.113252572068182,0.9298707659111772,0.0,30.719002
class2_2026_04_27_15_50_35.csv,169.107,background,1.12738,-19.841,-31.18322288888889,13.274202081719332,-38.887334499999994,-40.72605677777777,1.8387222777777765,30.059002,4657.318718393124,744.7830398200663,-3912.535678573058,-44562.69905956548,45680.52467670537,-47114.42319749628,13.814300125847893,13.012881416781738,0.9419862284913841,1.915,30.059002
class2_2026_04_27_15_50_35.csv,193.994,background,1.2932933333333334,-37.047001,-33.97322288888889,12.132136956112797,-35.088945277777775,-33.14000088888888,-1.948944388888897,5.313001000000003,1188.3831464671496,393.3656165241194,-795.0175299430302,3.521563485264778e-09,910.6614420075712,-41678.686520380754,13.363911600567606,13.428253953085513,1.0048145595112,0.0,29.982003000000002
class2_2026_04_27_15_50_53.csv,57.751999999999995,bend,0.3850133333333333,-16.118999,-15.929444333333334,0.8517364745763669,-14.721166666666667,-16.960111444444447,2.23894477777778,0.9245005000000006,-126.66815942677955,-128.24884887661966,-1.5806894498401078,-1146.3479507158736,-269.592476489026,-2072.097178683387,0.244226272587988,0.40032762544185413,1.6391602018878857,0.0,2.611999000000001
class2_2026_04_27_15_50_53.csv,131.138,break,0.8742533333333333,-16.999001,-17.09200033333333,1.9860837186674125,-13.355111055555554,-29.617667333333333,16.26255627777778,3.7225000000000037,-617.319775201037,-3616.8791456936838,-2999.559370492647,-1707.8770150663368,-1707.8770150663368,-3042.31974921624,3.1445759226007013,12.913550082662995,4.106609696792829,0.0,5.716000000000001
class2_2026_04_27_15_50_53.csv,127.947,connector,0.8529800000000001,-8.811,-10.786222222222221,2.0662652716530627,-16.021889055555555,-17.894000277777778,1.8721112222222231,8.8145005,1677.7129987114563,-2417.8670046010307,-4095.580003312487,-2001.5673981191976,9935.736677116252,-3311.912225705324,2.9244722141159167,8.520988636074538,2.9136832558237247,2.8709999999999845,7.081999999999999
class2_2026_04_27_15_50_53.csv,189.208,background,1.2613866666666667,-21.747,-31.70811166666667,12.953565588344093,-36.58361194444444,-34.08761194444445,-2.495999999999995,8.029,4336.231783768567,-837.8656330683214,-5174.097416836888,-5907.525078369443,44126.96238244127,-38484.32915360071,13.669233468766182,12.798118523034429,0.9362717826135598,0.9570000000000134,29.611002
class2_2026_04_27_15_50_53.csv,148.686,background,0.99124,-24.891001,-38.76155677777778,12.515758719266282,-35.0685565,-42.37116805555555,7.302611555555551,28.139002,-9.259245000662371,980.4940071033493,989.7532521040117,-6.8248482421040535e-09,44105.0188087749,-39199.06112853008,13.377913078727063,12.181939824496315,0.9106008420152338,0.6379999999999997,28.139002
class2_2026_04_27_15_50_53.csv,138.476,background,0.9231733333333333,-25.698,-37.80655677777778,13.572493880582348,-34.94872311111111,-33.13405638888889,-1.8146667222222206,5.093498999999998,-4733.335552352952,2193.708792078832,6927.044344431784,44667.71473354506,44667.71473354506,-44667.71473354623,13.591506352535072,13.442346624493972,0.9890254462457927,0.0,28.516001
class2_2026_04_27_15_50_53.csv,157.301,background,1.0486733333333333,-49.900002,-40.94544588888889,12.66868202656839,-42.31816811111111,-30.374222888888887,-11.943945222222226,16.146500500000002,-2500.294375689117,2873.5656923019906,5373.860067991107,1.4551915228366852e-11,1579.9357366701006,-1.4551915228366852e-11,12.249344737593448,12.227369555636237,0.9982059301428838,0.0,27.695002000000002
class2_2026_04_27_15_50_53.csv,164.64000000000001,background,1.0976000000000001,-49.900002,-43.645445888888894,11.711360843218657,-31.889000777777774,-39.366667944444444,7.47766716666667,6.189501,-4790.862530614137,102.16619408353684,4893.028724697673,-1.4551915228366852e-11,42493.733542316084,-45736.68181818581,12.846737984320338,13.27408862335723,1.0332652231479507,0.0,29.180003
class2_2026_04_27_15_51_19.csv,58.708999999999996,bend,0.3913933333333333,-16.27,-15.94344422222222,0.9215281523403006,-14.706166666666668,-17.493999722222224,2.7878330555555557,1.2764995,-113.85059342632174,-276.9735323657646,-163.12293893944286,-1371.4717868338594,-551.7241379310362,-1485.8934169278946,0.23510452758058262,0.548338931380219,2.332309822840194,0.0,2.7510000000000012
class2_2026_04_27_15_51_19.csv,127.62799999999999,connector,0.8508533333333332,-8.922,-11.802888777777778,2.902406221830193,-16.914222277777778,-18.14072238888889,1.2265001111111111,8.6505005,1062.8499420710466,-2691.171708008297,-3754.021650079344,559.5611285267933,9880.877742946981,-2675.548589341637,2.2795233140660693,8.925029404230381,3.9153034469329633,2.8709999999999845,8.880999
class2_2026_04_27_15_51_19.csv,131.138,break,0.8742533333333333,-17.704,-17.784555555555556,2.3807864022028107,-13.830944277777778,-34.216556611111116,20.385612333333338,4.040499500000001,-615.5667939385828,-7099.342254022434,-6483.775460083851,-2047.2611735526007,-1887.1473354231894,-47206.899686523735,3.170980123979489,14.141574673327481,4.459684280800832,0.0,8.214001000000001
class2_2026_04_27_15_51_19.csv,142.94299999999998,background,0.9529533333333332,-21.931,-37.82600111111111,13.533684572026655,-35.209611833333334,-37.71966777777777,2.5100559444444386,17.922,-4257.697004815587,222.73826252655644,4480.435267342144,-159.87617554798635,43838.56112852343,-43838.56112852988,13.202310418302453,13.6408764880645,1.0332188096361719,1.2759999999999994,29.141001
class2_2026_04_27_15_51_19.csv,151.877,background,1.0125133333333334,-49.900002,-31.615778666666667,13.080927675687565,-35.93633438888889,-33.68266744444445,-2.25366694444444,5.555999500000002,2819.3457513054327,-2734.102948310249,-5553.448699615681,36909.09561128849,36909.09561128849,-3227.2727272718475,14.004925197426786,13.161560432033706,0.939780777598954,0.0,30.261002
class2_2026_04_27_15_51_19.csv,193.994,background,1.2932933333333334,-49.900002,-31.303334111111113,13.165926195032323,-32.79850088888889,-39.751334611111105,6.952833722222216,17.763500500000003,2645.17090449963,-849.7768249440828,-3494.947729443713,981.1896551648024,1849.5266457683392,-44241.38244514494,13.70719278453636,12.791548102652879,0.9331996252277065,0.0,29.412001
class2_2026_04_27_15_51_19.csv,159.535,background,1.0635666666666665,-49.900002,-37.759001222222224,13.622703443223047,-35.17944544444444,-39.61266777777777,4.433222333333333,28.961003,-728.7696134649622,2394.267902505981,3123.0375159709433,-1.4551915228366852e-11,44151.55677463148,-45393.421630090124,13.345548735769674,12.9375111459949,0.9694251193953353,0.0,28.961003
class2_2026_04_27_15_51_19.csv,141.66699999999997,background,0.9444466666666664,-49.900002,-40.99866788888889,12.599494828882559,-33.620278388888885,-36.19938988888888,2.5791114999999962,2.509999999999998,-5846.660196936906,1459.9564943275734,7306.616691264479,1.4551915228366852e-11,41244.51724138291,-159.87617554798635,13.051462222527288,13.72708166283351,1.0517657237956342,0.0,27.969002
class2_2026_04_27_15_51_44.csv,66.047,bend,0.44031333333333333,-16.007999,-15.719777444444443,0.7865579045029195,-14.663444444444444,-17.124944666666668,2.4615002222222238,1.270999999999999,-104.3870009543451,-283.1387196570309,-178.7517187026858,-1122.2570532915342,-43.887147335422924,-1122.2570532915342,0.2409218919581437,0.4784213084544026,1.9857860104780756,0.0,2.1049999999999986
class2_2026_04_27_15_51_44.csv,127.62799999999999,connector,0.8508533333333332,-8.484,-11.359555555555554,2.8646451830359996,-16.458611,-19.136111333333336,2.6775003333333345,8.7555,1139.0250243413745,-2732.72363964166,-3871.748663983035,570.5329153606599,9426.332288401487,-2700.6269592476547,2.2581616860996077,11.50800074317597,5.0961787713590585,2.8709999999999845,8.921999999999999
class2_2026_04_27_15_51_44.csv,131.776,break,0.8785066666666668,-18.143,-25.358889333333334,13.232659366623443,-13.435111055555556,-36.34161222222222,22.90650116666666,3.2985000000000024,-2124.7224215862766,484.7530760686018,2609.4754976548784,-3147.335423197852,-1485.8934169281129,-46141.06896552094,3.206641272352679,13.725579822995035,4.280358910420253,0.0,34.381002
class2_2026_04_27_15_51_44.csv,186.337,background,1.2422466666666665,-49.900002,-35.195445444444445,13.246949899799704,-35.00422305555556,-36.116667444444445,1.112444388888882,5.320500500000001,1114.1651128900992,4305.457604603074,3191.292491712975,10115.60752741234,36338.56112852293,-46211.60188087376,13.405862234859272,13.799624889659063,1.0293723461071789,0.0,29.483002
class2_2026_04_27_15_51_44.csv,168.15,background,1.121,-49.900002,-43.39322377777778,12.189482596554475,-40.80755683333334,-38.80739022222222,-2.000166611111119,30.622002000000002,-1322.8168943124574,3105.179632152285,4427.996526464743,0.0,43791.53918494921,-1.4551915228366852e-11,12.900146890892609,13.942791438487976,1.0808241546076742,0.0,30.622002000000002
class2_2026_04_27_15_51_44.csv,161.768,background,1.0784533333333333,-20.193001,-40.678446,13.07129840950853,-44.03900155555555,-39.292112277777775,-4.746889277777775,29.707001,-1684.7960931438242,-1275.6564556702792,409.139637473545,42755.48902821759,46562.69749216708,-46562.69749216644,11.001360880348734,13.337815569798227,1.2123785868386896,0.9569999999999856,29.707001
class2_2026_04_27_15_51_44.csv,156.663,background,1.0444200000000001,-25.780001,-38.50000111111111,12.81240372858362,-32.98633422222222,-43.82366827777778,10.837334055555559,28.989003,523.1116339109738,-1684.7960931438242,-2207.9077270547978,6.592017598450184e-09,45437.308777426784,-39332.29153604676,13.582351380767273,11.39378096695577,0.8388665414902253,0.6379999999999997,28.989003
class2_2026_04_27_15_51_44.csv,182.827,background,1.2188466666666666,-49.900002,-37.342000999999996,14.099598484220172,-34.52572305555555,-38.0888345,3.563111444444445,18.797001000000005,1182.312914817642,-508.3123706988024,-1690.6252855164444,39405.95768024739,44229.56089123538,-4916.929467092155,13.82697947890176,13.2713715745774,0.959817047172942,0.0,30.389002
class2_2026_04_27_15_51_56.csv,65.728,bend,0.4381866666666666,-16.035,-15.830444444444444,0.9178078053603975,-14.66216666666667,-17.295333055555552,2.633166388888883,1.3124994999999995,-110.21037495981327,-336.4482320699339,-226.23785711012064,-1260.189655172413,173.9811912225705,-1492.388635627769,0.2403650580078373,0.5062418989937818,2.1061288901999444,0.0,2.6980000000000004
class2_2026_04_27_15_51_56.csv,130.81799999999998,break,0.8721199999999999,-17.125,-16.970333444444446,2.5692558804995618,-13.592888833333333,-29.426778555555554,15.83388972222222,4.457999499999998,34.126891308681195,-3964.006034482757,-3998.132925791438,-1899.98994314214,-1899.98994314214,-5537.61912225722,3.186749629878543,12.902643552942829,4.048840041630301,0.0,8.468001
class2_2026_04_27_15_51_56.csv,127.62799999999999,connector,0.8508533333333332,-8.631,-11.490777666666666,2.7961214400012504,-16.767610833333336,-19.293555833333333,2.5259449999999966,8.802999999999997,1294.7292197365382,-2694.359255078172,-3989.08847481471,586.2068965518847,9382.445141066057,-2741.3793103447715,2.3388415257451296,11.454720114755457,4.897602120991924,2.8709999999999845,8.654999
class2_2026_04_27_15_51_56.csv,164.002,background,1.0933466666666667,-49.900002,-44.11766833333334,10.846448789473314,-37.14450105555556,-39.7612235,2.6167224444444415,27.693001,-1197.7368651557067,3314.752166179205,4512.4890313349115,-1.4551915228366852e-11,43202.598391036765,-38163.01253918166,12.94382672180282,12.808890029599894,0.989575132248119,0.0,27.693001
class2_2026_04_27_15_51_56.csv,175.807,background,1.1720466666666667,-49.900002,-37.44944522222222,13.942321866556826,-39.083334611111106,-36.055222888888885,-3.0281117222222207,29.822003000000002,-405.7963133790171,-3953.106228973838,-3547.3099155948207,1.4551915228366852e-11,41821.319749219954,1.4551915228366852e-11,13.573984011316735,13.908803666754482,1.0246662019413315,0.0,29.822003000000002
class2_2026_04_27_15_51_56.csv,149.644,background,0.9976266666666667,-49.900002,-37.862556777777776,13.497919871866708,-36.375112111111115,-33.16022316666667,-3.2148889444444464,4.3810005000000025,-4072.744464765699,4398.279855529554,8471.024320295253,-44706.492752351114,44916.9310344856,-44706.492752351114,13.596839206410763,13.42246653505808,0.9871754268855445,0.0,28.657002000000002
class2_2026_04_27_15_51_56.csv,192.718,background,1.2847866666666665,-23.389999,-26.486333666666667,8.48493195964344,-36.48289005555555,-37.590778777777786,1.107888722222235,29.044001,2686.884819162516,-2287.2068279568384,-4974.091647119354,-1042.3181818180674,45523.51253918203,-44833.85893416645,13.502701170737945,13.796775117466838,1.0217788219728483,2.233000000000013,29.044001
class2_2026_04_27_15_51_56.csv,161.768,background,1.0784533333333333,-49.900002,-42.05611244444444,11.324817371341936,-38.490612166666665,-45.54805733333333,7.0574451666666675,26.354002,2348.619325270336,-2444.58535931225,-4793.204684582586,13083.068965511215,28130.098746079086,-41213.16771160236,12.971090467036,9.747342633578805,0.7514666486124281,0.0,26.354002
class2_2026_04_27_15_52_07.csv,59.985,bend,0.3999,-16.191,-16.125333222222224,0.9737121610201942,-14.741833333333334,-17.038111111111107,2.2962777777777728,1.3239999999999998,-155.588252443361,11.923581833007795,167.5118342763688,-589.341692789967,-415.3605015674002,-1442.0062695924898,0.338212663209933,0.4320134551522014,1.2773388604470597,0.0,3.022999999999998
class2_2026_04_27_15_52_07.csv,127.947,connector,0.8529800000000001,-8.731,-10.701888888888888,2.064667497817314,-15.907055722222221,-21.208222444444445,5.301166722222224,8.791999999999998,1685.4184309269567,-4195.159246836111,-5880.577677763068,-1924.764890282202,9877.742946708744,-3316.614420062677,2.923654510787974,13.233429205877204,4.526329848727825,2.8709999999999845,7.059999999999999
class2_2026_04_27_15_52_07.csv,131.138,break,0.8742533333333333,-17.424999,-20.569333444444442,10.555842400097895,-13.229833388888888,-31.958611944444442,18.728778555555554,3.951500000000003,-621.8789371985214,-1167.7981420407227,-545.9192048422013,-2670.078155277857,-2023.510971786869,-49771.16300940847,3.0980225131734906,14.344747740583323,4.630290144534487,0.0,36.150002
class2_2026_04_27_15_52_07.csv,152.51500000000001,background,1.0167666666666668,-49.900002,-34.05677877777778,14.189967434758511,-36.38011216666666,-33.175444999999996,-3.204667166666667,5.498499499999998,4548.650505647237,1671.0466039682476,-2877.603901678989,-1.4551915228366852e-11,2053.289968651494,-7.363269105553627e-09,13.582500006658028,13.418125908382251,0.9878980242154812,0.0,30.056002
class2_2026_04_27_15_52_07.csv,166.554,background,1.11036,-49.900002,-44.17244611111111,10.870895489664608,-36.123001,-40.10600105555555,3.98300005555555,29.662001,-1270.3348911631083,2060.8831234025056,3331.218014565614,-1.4551915228366852e-11,1.4551915228366852e-11,-1.4551915228366852e-11,13.837778218208829,12.62773519696058,0.9125550420940394,0.0,29.662001
class2_2026_04_27_15_52_07.csv,152.196,background,1.01464,-49.900002,-34.194334222222224,14.070916512527523,-34.84511205555555,-34.707056277777774,-0.13805577777777955,5.498499499999998,6686.291594924978,2185.966753800828,-4500.32484112415,-44308.77899686908,47109.7210031382,-44308.77899686908,13.52900855336418,13.6640518920695,1.009981686994355,0.0,30.056002
class2_2026_04_27_15_52_07.csv,189.208,background,1.2613866666666667,-24.927999,-31.802111666666672,12.944971683775693,-39.096223555555554,-37.72661222222222,-1.3696113333333315,29.525002,1984.9962033803586,-2592.967097352713,-4577.963300733072,264.8918495285652,46012.54075234713,-43893.42006269976,13.6177200160764,13.669857821160464,1.0038285998826468,1.913999999999999,29.525002
class2_2026_04_27_15_52_07.csv,185.698,background,1.2379866666666668,-49.900002,-40.34911255555556,13.545141630382167,-38.20450127777778,-36.15133427777778,-2.053167000000002,30.228001,593.9599556862328,2263.782233960233,1669.8222782740004,-5228.836990588021,46289.97021943978,-40868.75957061445,13.275349367340402,13.838456494230313,1.0424174211081652,0.0,30.228001
class2_2026_04_27_15_52_49.csv,60.623000000000005,bend,0.40415333333333336,-15.579,-15.436111111111112,0.6407295202337627,-14.661111111111113,-16.26327761111111,1.6021664999999974,0.9855,-32.80291281017951,-21.299545140051066,11.50336767012844,-1123.8244514106555,166.1442006269608,-1123.8244514106555,0.14870174806149125,0.237293700668166,1.5957586780443411,0.0,1.6909989999999997
class2_2026_04_27_15_52_49.csv,131.138,break,0.8742533333333333,-16.695999,-16.859888666666667,2.410995434772534,-12.700388722222222,-32.21411200000001,19.513723277777785,4.501499999999998,-654.0912595227609,-6658.808054905719,-6004.716795382958,-2995.022612600096,-2169.2789968652287,-3880.877742946661,3.1584530719792556,14.178594888223113,4.489093260532375,0.0,7.6629999999999985
class2_2026_04_27_15_52_49.csv,127.62799999999999,connector,0.8508533333333332,-7.795,-10.620666666666667,2.771406021017731,-15.779388611111111,-15.658222166666665,-0.12116644444444624,8.692499999999997,1155.7894288193877,-2778.34611735925,-3934.135546178638,644.200626959404,9721.003134796505,-2802.507836990533,2.259697494794777,4.751030670763033,2.102506454603146,2.8709999999999845,8.354999999999999
class2_2026_04_27_15_52_49.csv,173.255,background,1.1550333333333334,-49.900002,-40.51833477777778,13.308964464597786,-32.49627844444444,-43.896112611111114,11.399834166666672,30.366002,-1996.7434242612615,-933.2629133555017,1063.4805109057597,1.4551915228366852e-11,3601.882445140789,-40630.09561128882,12.594042267469323,11.246381926522455,0.8929921620622104,0.0,30.366002
class2_2026_04_27_15_52_49.csv,176.126,background,1.1741733333333333,-49.900002,-43.804112444444435,11.424340491133815,-38.99850116666667,-40.99077916666666,1.9922779999999918,28.864003,-2625.1759268953883,2818.2686726643465,5443.444599559734,-1.4551915228366852e-11,45241.38401254314,-40559.86872554405,13.690004167337698,12.646743453839628,0.9237939138264801,0.0,28.864003
class2_2026_04_27_15_52_49.csv,118.375,background,0.7891666666666667,-17.004,-16.749777777777783,0.2707549342038453,-16.626944555555557,-16.665944444444445,0.03899988888888828,0.3330005000000007,-26.822027238417107,11.311585741819094,38.1336129802362,-56.42946708463933,469.6074397293778,-152.0376175548554,0.28852686709814224,0.260468719432919,0.9027506495388921,0.0,0.7720020000000005
class2_2026_04_27_15_52_49.csv,171.02100000000002,background,1.1401400000000002,-49.900002,-28.946222444444444,11.399797952686502,-34.288222888888896,-42.04627927777777,7.758056388888875,30.366002,6623.959276001647,-2625.1759268953883,-9249.135202897036,-42128.53134795874,6876.17711598656,-43889.12696541476,12.683620146883683,12.686353108448037,1.0002153928702786,0.0,30.366002
class2_2026_04_27_15_52_49.csv,156.34400000000002,background,1.0422933333333335,-49.900002,-41.59189022222222,11.978888523303374,-33.453001,-37.2123345,3.7593334999999968,7.982000500000002,-2241.240043663162,4569.796914715393,6811.036958378554,-1.4551915228366852e-11,-1.4551915228366852e-11,-44329.15673981579,13.285814643215891,12.919727489093772,0.9724451878640169,0.0,28.282002000000002
class2_2026_04_27_15_53_29.csv,62.218999999999994,bend,0.4147933333333333,-15.758,-15.506333222222224,0.6975092041342178,-14.701555555555554,-16.364999944444442,1.6634443888888875,0.8954999999999984,-54.044829552159314,-88.32651991491635,-34.28169036275703,-430.46001540418365,-252.35109717868545,-1590.9075235109703,0.17911672861331476,0.2990173698043629,1.669390138649488,0.0,2.0489989999999985
class2_2026_04_27_15_53_29.csv,127.62799999999999,connector,0.8508533333333332,-7.7,-10.601888888888888,2.9056362257762425,-15.768166666666666,-15.323722277777778,-0.44444438888888804,8.8775005,1136.34904643911,-2939.3328288577068,-4075.6818752968165,589.3416927901217,9670.846394984563,-2805.6426332287792,2.279281780956497,4.437778326593347,1.9470064722425713,2.8709999999999845,8.988
class2_2026_04_27_15_53_29.csv,131.457,break,0.8763799999999999,-17.698,-17.709444666666666,2.5825239539481952,-12.619888944444446,-33.84072316666666,21.220834222222216,3.8165004999999983,-1415.8548837340677,-6822.67697300594,-5406.822089271873,-3278.998432601893,-2326.266964815688,-6631.659874607718,3.153260514081689,14.414354696325343,4.571252537080856,0.0,9.049999999999999
class2_2026_04_27_15_53_29.csv,158.258,background,1.0550533333333334,-26.339001,-29.34766711111111,11.250569255368948,-42.47677922222223,-37.021389722222224,-5.455389500000003,30.461003,4674.600444316335,-3904.53949011013,-8579.139934426465,5134.797805644066,42609.7210031305,-39459.25078369643,12.005529749125987,13.502311364754767,1.1246742561329701,2.2340000000000138,30.461003
class2_2026_04_27_15_53_29.csv,183.784,background,1.2252266666666667,-25.188,-38.68589,12.657234756678886,-36.80966766666666,-34.99772288888889,-1.811944777777775,7.282499999999999,-1026.1969404710455,5028.482151653795,6054.67909212484,-6.752088665962219e-09,9014.106583065535,-43905.95924764511,13.264270159768854,13.43087231323128,1.0125601438221299,0.6379999999999997,28.012002
class2_2026_04_27_15_53_29.csv,22.016000000000002,background,0.14677333333333334,-15.65,-14.97588888888889,0.45483096846690546,-14.581833333333334,-14.445,-0.13683333333333358,0.02549999999999919,-141.0491864413446,97.3168036797695,238.36599012111412,706.8965517241377,706.8965517241377,539.1849529780557,0.3117326578977568,0.2708408716899608,0.8688213955350048,0.0,1.3289999999999988
class2_2026_04_27_15_53_29.csv,146.77200000000002,background,0.9784800000000001,-20.743999,-37.599556333333325,13.785536498682081,-40.556167888888886,-39.60305677777777,-0.953111111111113,29.156003000000002,1240.597847278837,3418.338731730479,2177.740884451642,-3285.268025079109,45699.06426332092,-45699.06426331995,13.252745342206332,12.966286722685492,0.9783848862625142,1.2760000000000271,29.156003000000002
class2_2026_04_27_15_53_29.csv,144.85700000000003,background,0.9657133333333335,-49.900002,-40.640667888888885,13.100955032843746,-37.82694555555556,-39.16705666666667,1.3401111111111064,28.624003000000002,1281.0151159327108,-1550.9112117940997,-2831.9263277268105,0.0,43583.07523510784,-1746.0815047098513,13.570208372605306,13.47636571550408,0.9930845829622444,0.0,28.624003000000002
class2_2026_04_27_15_53_40.csv,62.538,bend,0.41691999999999996,-15.551,-15.542222333333333,0.643789720423956,-14.641944444444444,-16.468222222222224,1.8262777777777792,0.9164999999999992,-94.65300550173168,-74.89460562553872,19.758399876192968,-1083.0721003134822,-371.4733542319773,-1390.2821316614427,0.1841567786854516,0.31004009517740944,1.6835568792723632,0.0,1.8249999999999993
class2_2026_04_27_15_53_40.csv,131.457,break,0.8763799999999999,-17.922001,-20.91655577777778,10.441179379669954,-12.747111055555555,-32.64700094444444,19.899889888888886,3.6609999999999996,-1375.568324451645,-4233.224600454197,-2857.6562760025517,-4047.0219435738,-1611.627159173866,-48885.58307209656,3.076875624774829,13.894235361528768,4.515694665705217,0.0,35.841002
class2_2026_04_27_15_53_40.csv,127.62799999999999,connector,0.8508533333333332,-7.887,-10.745111000000001,2.8177691200883643,-15.929110944444444,-17.12061127777778,1.1915003333333356,8.695000999999998,1235.1809860472147,-5079.249025384844,-6314.430011432059,608.1504702195907,9581.504702194588,-2888.7147335422524,2.2779557487221465,8.995616165784178,3.9489846200242393,2.8709999999999845,8.638998999999998
class2_2026_04_27_15_53_40.csv,179.317,background,1.1954466666666668,-49.900002,-34.358112111111105,13.941269204148679,-34.649723333333334,-35.15466783333333,0.5049444999999935,5.2854995,5135.508828672967,1388.3572353035177,-3747.151593369449,-1.4551915228366852e-11,2296.2382445139956,-44667.71473353887,13.683827383781354,13.280461933109805,0.9705223977268207,0.0,29.509001
class2_2026_04_27_15_53_40.csv,172.936,background,1.1529066666666667,-49.900002,-37.46755644444445,13.927041804064135,-35.78911216666667,-34.649723333333334,-1.139388833333335,4.357499999999998,-1567.3104052858623,3850.151111819124,5417.461517104986,-1.4551915228366852e-11,279.32017044707027,-40713.170846399065,14.14463399780908,13.683827383781354,0.9674217387653268,0.0,29.554001
class2_2026_04_27_15_53_40.csv,179.955,background,1.1997,-21.402,-37.82211222222222,13.519752879721652,-36.09277905555555,-33.91366777777778,-2.1791112777777712,4.2745004999999985,196.12383039552265,3526.0224852588667,3329.898654863344,42253.92319748808,44667.714733538465,-44667.71473353887,13.845408954907414,12.841531688058407,0.9274937852964629,0.9570000000000134,28.498002
class2_2026_04_27_15_53_40.csv,169.426,background,1.1295066666666667,-21.358,-37.15589011111111,14.249238309153156,-36.972945222222215,-42.07989027777777,5.106945055555556,28.934002,1160.7697779229295,1975.1968027243054,814.4270248013759,7.799826562404633e-09,45351.10031347586,-45250.78526645378,13.216056378789219,12.62593465981684,0.9553480510822024,0.6379999999999997,28.934002
class2_2026_04_27_15_53_40.csv,163.04399999999998,background,1.08696,-21.485001,-40.702668111111116,13.014705905674006,-41.08361238888889,-35.497834,-5.58577838888889,28.415001,-3274.099301045216,3404.95985221648,6679.059153261696,41700.93757452618,44537.61912226094,-44589.06767467084,12.577727284369887,13.172610074152672,1.047296441482365,0.9579999999999866,28.415001
class2_2026_04_27_15_53_51.csv,62.857,bend,0.4190466666666667,-15.605,-15.445333333333334,0.7261175588935693,-14.622000000000002,-16.43966688888889,1.8176668888888887,1.0050000000000008,-44.309426036688336,-157.42344488355337,-113.11401884686504,-815.0470219435738,-97.68588017131697,-1021.9435736677151,0.16879112667567703,0.30892088457472755,1.8301853922860911,0.0,1.9090010000000017
class2_2026_04_27_15_53_51.csv,127.62799999999999,connector,0.8508533333333332,-7.936,-10.810555555555556,2.851135255808391,-15.9179445,-15.602444388888886,-0.3155001111111151,8.71,1094.7859229039286,-2695.5862314049746,-3790.372154308903,595.6112852666156,9920.062695925031,-2780.564263322827,2.2408219192291483,4.455971877699873,1.988542619526912,2.8709999999999845,8.626999999999999
class2_2026_04_27_15_53_51.csv,131.776,break,0.8785066666666668,-19.23,-18.68211088888889,2.235305789504646,-12.916166666666665,-26.41888933333333,13.502722666666664,3.2734995000000016,-2116.841290260023,-2698.426962544524,-581.585672284501,-3982.758620689612,-2338.281181181137,-4658.307210031555,3.239065704472356,10.587454778745283,3.2686745117433382,0.0,6.910998999999999
class2_2026_04_27_15_53_51.csv,185.379,background,1.23586,-49.900002,-35.80800099999999,12.795742490731525,-39.35055666666667,-33.700834166666674,-5.649722499999996,18.818500500000003,2297.600919467598,-2507.6269778870123,-4805.227897354611,36692.79310344512,44800.9451410635,-45990.59717868741,13.282835932783177,13.134768750950492,0.988852668855157,0.0,29.342001
class2_2026_04_27_15_53_51.csv,170.064,background,1.1337599999999999,-21.26,-33.94688988888889,14.27377914837357,-34.99844533333333,-34.89844522222222,-0.10000011111110751,6.636999500000002,588.5571165175498,858.1757108548553,269.61859433730547,7.828930392861366e-09,1073.6692790048,-43681.821316618545,13.462738263002988,13.56449239005202,1.0075581295203913,0.6379999999999997,29.413002000000002
class2_2026_04_27_15_53_51.csv,150.601,background,1.0040066666666667,-19.538,-31.00177844444444,13.433175035726672,-36.89405655555556,-30.56294494444444,-6.331111611111119,6.155000999999999,1370.2976403879302,-514.4146987913927,-1884.712339179323,-5901.257053292033,47695.92946708163,-41794.672413797416,13.178018316108558,12.063760027066056,0.9154456172574849,0.9569999999999856,30.430003
class2_2026_04_27_15_53_51.csv,177.403,background,1.1826866666666667,-20.926001,-37.679779,13.790183233221667,-36.43172311111111,-39.57983455555555,3.1481114444444387,29.198002,-1730.7883116884973,-2416.543678962904,-685.7553672744066,-10299.167969168611,45764.893416931896,-45727.275862072966,13.615085523263495,13.000833244495764,0.9548843646554737,1.5959999999999863,29.198002
class2_2026_04_27_15_53_51.csv,178.679,background,1.1911933333333333,-49.900002,-35.25700111111111,13.2283395671062,-34.94588972222222,-38.105001111111115,3.1591113888888955,19.512501,-357.5420808525191,486.68590635704106,844.2279872095602,41079.94043887506,41079.94043887506,-41079.9404388747,13.578553785619144,13.248712461833206,0.9757085839403712,0.0,29.174002
class2_2026_04_27_15_54_15.csv,65.08999999999999,bend,0.4339333333333333,-15.875,-15.591666777777776,0.7152811581366341,-14.650277777777777,-16.567166666666665,1.916888888888888,1.0620000000000012,-74.57441289939653,-142.55948262012868,-67.98506972073214,-960.8150470219407,-272.72727272727207,-1183.3871473354266,0.19050395316853555,0.32260760203242445,1.693434195104736,0.0,2.144001000000001
class2_2026_04_27_15_54_15.csv,127.30900000000001,connector,0.8487266666666667,-8.823,-11.573,3.373129417947441,-16.487444666666665,-14.759833333333335,-1.7276113333333303,8.788000499999999,605.5291871642074,-2552.706680516577,-3158.2358676807844,4578.369905955928,9590.909090909347,-2659.8746081504833,1.4418095535143791,4.322599351367711,2.998035588539339,2.8709999999999845,8.870000999999998
class2_2026_04_27_15_54_15.csv,131.776,break,0.8785066666666668,-17.84,-18.50788888888889,2.2123502117002407,-12.953333388888888,-28.135555722222218,15.18222233333333,3.145999999999999,-2071.3072730435997,-4646.765975426342,-2575.4587023827426,-3739.8119122258213,-926.0749548820168,-3739.8119122258213,3.1525244293117813,11.740311825068389,3.7240974223105257,0.0,7.165000000000001
class2_2026_04_27_15_54_15.csv,155.70600000000002,background,1.03804,-23.257,-39.02833433333333,12.283406792498624,-30.520778444444446,-39.90672327777778,9.385944833333333,5.470999500000001,955.0019143639327,3970.4438090774306,3015.441894713498,-7.275957614183426e-09,2319.749216293865,-41760.19122257418,12.211583662141047,12.703940442638038,1.0403187460201964,0.6379999999999997,26.643002
class2_2026_04_27_15_54_15.csv,192.08,background,1.2805333333333335,-49.900002,-37.87944544444444,13.458394503052883,-37.79155655555556,-34.3958345,-3.3957220555555594,17.836001000000003,992.9019617151848,1716.808267344563,723.9063056293783,-1.4551915228366852e-11,41436.98684396182,-1.4551915228366852e-11,13.666270031155927,13.937631332038958,1.0198562065880585,0.0,28.354002
class2_2026_04_27_15_54_15.csv,146.134,background,0.9742266666666666,-49.900002,-34.417223111111106,13.907975958803931,-35.95416766666667,-34.47177877777777,-1.4823888888888987,5.063499,-385.4058848199602,3459.9229486092395,3845.3288334291997,-41479.62539185316,43825.053517847766,-41479.62539185316,13.972640672769577,13.850711890840223,0.9912736771768094,0.0,30.405001000000002
class2_2026_04_27_15_54_15.csv,142.30499999999998,background,0.9486999999999999,-49.900002,-34.02866766666667,14.209355307715054,-29.977500666666668,-39.246445666666666,9.268944999999999,4.5244994999999975,1648.1836122256293,2624.72915224453,976.5455400189005,-46322.88557994136,44443.57680251202,-46322.88557994136,12.463974796209946,13.398734520172065,1.0749968340155442,0.0,29.554001
class2_2026_04_27_15_54_15.csv,170.383,background,1.1358866666666667,-20.459999,-43.994334666666674,11.130704679888442,-39.1443345,-39.62222338888889,0.47788888888889147,29.440003,-4420.684520200838,-166.04232587496446,4254.642194325874,-8.047209121286869e-09,46144.20532914963,-46144.205329157645,13.596044351750955,12.942549902605485,0.9519348875177657,0.6379999999999997,29.440003
class2_2026_04_27_15_54_27.csv,64.133,bend,0.4275533333333333,-15.316,-15.324111111111112,0.4530929373501016,-14.681388888888888,-15.998777777777779,1.3173888888888907,0.7414999999999985,-92.44927315696303,-135.87462405318504,-43.425350896222014,261.75548589341633,261.75548589341633,-877.7429467084621,0.2197488816527954,0.30067466389152914,1.3682585930425883,0.0,1.298
class2_2026_04_27_15_54_27.csv,131.457,break,0.8763799999999999,-17.653999,-20.660888999999997,10.534849755502597,-12.400777833333333,-27.484722833333333,15.083945,3.990000000000002,-1406.306354265786,1196.3749895549727,2602.6813438207587,-4761.755485893347,-2680.10060537382,-48887.152037621505,3.1156477952564647,12.059976359469271,3.8707752869419783,0.0,36.284002
class2_2026_04_27_15_54_27.csv,127.62799999999999,connector,0.8508533333333332,-7.522,-10.412111222222222,2.8839317118719783,-15.460111333333336,-18.266944611111114,2.8068332777777787,8.701999999999996,1150.6218775529364,-2750.0399303495187,-3900.661807902455,586.2068965518829,9479.623824451644,-2735.1097178682776,2.237991771319571,11.784649284638585,5.265722675989739,2.8709999999999845,8.980001
class2_2026_04_27_15_54_27.csv,142.94299999999998,background,0.9529533333333332,-49.900002,-31.548223111111106,13.143454888355002,-37.627167944444444,-33.00283427777778,-4.624333666666665,5.960000000000001,4279.545741673687,-1953.3639618700893,-6232.909703543776,-9148.902821324056,9534.482758613285,-9148.902821324056,13.767192994588317,13.535928956865714,0.9832017303007781,0.0,30.202002
class2_2026_04_27_15_54_27.csv,163.04399999999998,background,1.08696,-27.125999,-35.39122277777777,13.09808462357654,-33.736834055555555,-33.85161194444444,0.11477788888888796,4.431001000000002,-1114.6879803691932,3107.971574115574,4222.659554484768,-40484.71015526221,45115.99216300671,-45061.13322884407,12.978264836500802,12.937876216793907,0.9968879031901704,0.0,28.784003000000002
class2_2026_04_27_15_54_27.csv,189.527,background,1.2635133333333333,-49.900002,-35.13666788888889,13.265659412907443,-37.97672338888889,-34.43577888888888,-3.540944500000009,16.972,5876.967050595545,4688.1263030311,-1188.8407475644444,3141.064263329914,38888.716300945096,-41952.97962382083,13.38129162312235,13.878386628479419,1.0371484294796836,0.0,29.353001
class2_2026_04_27_15_54_27.csv,160.811,background,1.0720733333333334,-20.986,-35.16422311111111,13.239498386662754,-39.66116783333333,-34.22861177777777,-5.432556055555558,18.6885005,4838.404876732757,756.0118606651243,-4082.3930160676323,42507.83855798956,42507.83855798956,-45319.752351093746,12.89245201110372,12.649704766162062,0.9811712910853669,0.9570000000000134,28.914002
class2_2026_04_27_15_54_27.csv,177.083,background,1.1805533333333333,-22.826,-37.38955677777778,13.997233995099046,-40.38589033333333,-38.830001277777775,-1.5558890555555536,29.296002,-1083.8321744063433,38.02123765021679,1121.85341205656,265.2233738320938,43753.92006269975,-45918.49843259818,13.465568185964713,13.899472360672975,1.0322231588368744,0.6390000000000007,29.296002
class2_2026_04_27_15_54_38.csv,64.452,bend,0.42968,-15.315,-15.369666666666667,0.5456549581313577,-14.620222222222221,-16.267722222222222,1.6475000000000009,0.9109999999999996,-88.55353939643173,-95.21001104053042,-6.656471644098687,-642.6332288401281,-64.26332288401318,-927.8996865203771,0.1830523773118125,0.26286071164941965,1.435978486218605,0.0,1.524000000000001
class2_2026_04_27_15_54_38.csv,127.62799999999999,connector,0.8508533333333332,-7.698,-10.619777777777777,2.8987853309725655,-15.767388833333333,-16.88077777777778,1.1133889444444467,8.913,1115.9600477557271,-2571.6937575341235,-3687.6538052898504,608.1504702196016,9628.52664576827,-2764.8902821316096,2.270153956655883,9.057422327054079,3.9897815347355734,2.8709999999999845,8.989999999999998
class2_2026_04_27_15_54_38.csv,131.776,break,0.8785066666666668,-18.735001,-21.18188888888889,10.262950006747015,-12.66949988888889,-30.97516733333334,18.30566744444445,2.663499500000004,-2085.5925403259953,-2640.896183398882,-555.3036430728866,-1308.7758620686764,-1308.7758620686764,-47615.9905956072,3.1988033440126897,13.492461583796468,4.217970257871746,0.0,34.889002000000005
class2_2026_04_27_15_54_38.csv,156.025,background,1.0401666666666667,-20.950001,-34.42944544444444,13.882297086994694,-33.043667722222224,-34.40966733333333,1.365999611111107,3.4954979999999978,-2374.202505524755,858.3265272817778,3232.529032806533,45467.08777429864,45467.08777429864,-45467.08777429865,13.50684142690635,13.887899008337415,1.0282121142297462,0.9569999999999856,29.200001
class2_2026_04_27_15_54_38.csv,138.79500000000002,background,0.9253000000000001,-49.900002,-37.684890222222215,13.779370528952828,-31.610723055555557,-38.9966675,7.385944444444444,7.136501000000003,880.2504521942924,3901.0377553435014,3020.787303149209,-35628.52821316307,1412.224137930898,-35628.52821316307,13.053637887023132,12.382920986391863,0.9486183196550625,0.0,29.347003
class2_2026_04_27_15_54_38.csv,154.43,background,1.0295333333333334,-21.841,-34.35588988888888,13.948308060728683,-37.65005694444444,-34.35561194444445,-3.294444999999989,17.2700005,3139.1398069879224,-335.0137435752128,-3474.153550563135,45768.026645764374,45768.026645764374,-43979.62695924353,13.741653951798602,13.947361775151979,1.0149695814714408,0.9570000000000134,29.891001
class2_2026_04_27_15_54_38.csv,141.986,background,0.9465733333333333,-26.705999,-32.575000333333335,12.384830887348594,-39.05216788888888,-32.82933394444444,-6.222833944444439,8.776500000000002,-4313.531567128986,3322.9576653000954,7636.489232429081,-6717.869905955296,44473.358934173164,-37755.489028216536,13.664212177876863,12.290795924405046,0.8994880103528057,0.0,28.944003000000002
class2_2026_04_27_15_54_38.csv,137.838,background,0.91892,-20.992001,-34.57300111111111,13.831765477640424,-30.97516733333334,-38.34427872222222,7.369111388888882,5.706000500000002,1310.115198384289,2588.4521884432315,1278.3369900589425,622.2601880877082,45376.17711599119,-45998.43730407306,13.492461583796468,13.030257805844093,0.9657434826977063,1.5949999999999853,29.347003
class2_2026_04_27_15_57_04.csv,21.059,bend,0.14039333333333334,-16.172001,-17.128444444444444,1.3070243733265197,-16.02111111111111,-16.423722055555558,0.4026109444444472,0.35299949999999924,-56.21513497568764,668.2641023929448,724.4792373686324,-959.2460815047052,78.83296601272741,-3755.4858934169242,0.20869457983987755,1.1915718718811195,5.709617198387035,0.0,4.018999000000001
class2_2026_04_27_15_57_04.csv,131.457,break,0.8763799999999999,-18.013,-17.389666777777776,2.048502805103917,-12.543444444444443,-31.894945333333332,19.35150088888889,3.659499500000001,-1407.458325954558,-6417.225845280714,-5009.767519326156,-4155.1708463951145,-2161.9949918227794,-4155.1708463951145,3.0464544786471444,14.412779358568944,4.730999504043073,0.0,5.654999999999999
class2_2026_04_27_15_57_04.csv,127.947,connector,0.8529800000000001,-8.087,-10.022,1.984850512143309,-14.985222,-15.686444555555555,0.7012225555555549,8.517000000000003,1607.875142885951,-2585.99086691784,-4193.866009803791,-1989.0282131662188,9432.60188087799,-3260.1880877742733,2.7903898498327555,3.755312602616521,1.3458016474077812,2.8709999999999845,6.764
class2_2026_04_27_15_57_04.csv,179.317,background,1.1954466666666668,-19.726999,-34.71566744444445,13.637411561691767,-33.35722305555556,-35.10644522222222,1.7492221666666623,5.831501500000002,3295.176426263743,1198.818191987694,-2096.358234276049,2840.1253918487564,47293.108150473345,-47293.10815046665,13.295703444351373,13.307347171894737,1.0008756758690067,0.9570000000000134,30.173003
class2_2026_04_27_15_57_04.csv,159.535,background,1.0635666666666665,-49.900002,-34.43922333333333,13.952407260004037,-37.500168,-35.77155644444444,-1.7286115555555597,30.561001,-1066.9279933050718,1434.956006535236,2501.8839998403078,-47901.25548588928,46925.25334390874,-47901.25548588928,13.9324811808514,14.196596059452453,1.0189566995437502,0.0,30.561001
class2_2026_04_27_15_57_04.csv,50.094,background,0.33396000000000003,-15.971,-16.01477788888889,0.2432305440434122,-16.063055611111114,-16.05516655555556,-0.007889055555555302,0.428999499999998,-18.515222157655263,-66.64449771733892,-48.12927555968366,543.8871473354193,543.8871473354193,-525.0799373040754,0.21692936694006046,0.19201780829919077,0.885158730922383,0.0,0.8559999999999999
class2_2026_04_27_15_57_04.csv,146.453,background,0.9763533333333334,-49.900002,-40.41411244444444,13.42402581009235,-32.782223,-40.633279055555555,7.851056055555553,29.060002,-2824.0529944141376,4896.05737996615,7720.110374380287,0.0,819.5307709195476,-45542.322884016525,13.670513694775718,13.11964821511858,0.95970404246245,0.0,29.060002
class2_2026_04_27_15_57_04.csv,142.30499999999998,background,0.9486999999999999,-49.900002,-31.12266733333333,13.293303348102299,-40.785890277777774,-37.35955666666666,-3.4263336111111116,29.088002,4239.607006428267,-5342.677436853864,-9582.28444328213,1797.8040752275629,42457.68338558416,-44255.48746081098,12.957449757673398,14.03078643926404,1.0828354050240179,0.0,29.088002
class2_2026_04_27_15_57_48.csv,20.42,bend,0.13613333333333336,-16.129999,-16.452999777777777,0.8100634577338549,-15.998333222222223,-16.657055555555555,0.6587223333333316,0.3379999999999992,-7.868869775446014,514.0616547245829,521.9305245000289,76.77576577762011,418.49529780564626,-4173.981191222574,0.13272730509814956,1.275636004693181,9.61088144499304,0.0,2.764000000000001
class2_2026_04_27_15_57_48.csv,127.62799999999999,connector,0.8508533333333332,-7.877,-10.734444444444444,2.820652765707144,-15.656444777777779,-16.81083338888889,1.1543886111111128,8.513500500000003,1104.3672033194057,-2567.698054756873,-3672.0652580762785,609.7178683387174,9239.811912225923,-2818.181818181758,2.181100403862401,8.886779524496987,4.0744458321652735,2.8709999999999845,8.807000000000002
class2_2026_04_27_15_57_48.csv,131.776,break,0.8785066666666668,-18.059,-18.101888777777773,1.8987514705039894,-12.736777833333333,-32.60722288888889,19.870445055555557,2.760499499999998,-2038.0236008070137,-5146.263036816455,-3108.239436009441,-4678.683385580043,-1648.6791022168545,-45866.77586207306,3.0861007933380957,13.861802043384873,4.491686590931011,0.0,5.354998999999999
class2_2026_04_27_15_57_48.csv,177.083,background,1.1805533333333333,-49.900002,-40.49955677777777,13.295649828939503,-36.50655644444444,-36.28311188888889,-0.22344455555555243,19.465501000000003,1888.2787999151838,1022.8534456406724,-865.4253542745114,1.4551915228366852e-11,15421.631661443484,-7.596099749207497e-09,13.626179428537746,13.701935075992202,1.0055594924675884,0.0,28.629002
class2_2026_04_27_15_57_48.csv,188.57,background,1.2571333333333332,-20.365,-37.68333444444445,13.771214564410732,-40.986556944444445,-34.17794511111111,-6.808611833333337,29.674002,-1682.856965870169,-525.3631094937953,1157.4938563763737,46510.97492163413,46510.97492163413,-46510.97492163416,12.682102025051515,12.74212877635925,1.0047331070556014,0.9569999999999856,29.674002
class2_2026_04_27_15_57_48.csv,175.16899999999998,background,1.1677933333333332,-49.900002,-28.92611133333334,11.684768962088382,-36.32216761111112,-37.94638988888889,1.6242222777777684,29.579003,3609.9650168394537,-2439.0900090540567,-6049.055025893511,-16929.468652044092,5487.463949843863,-44873.04388715114,13.694143536393696,13.544104728121473,0.9890435063049412,0.0,29.579003
class2_2026_04_27_15_57_48.csv,144.85700000000003,background,0.9657133333333335,-49.900002,-40.62511244444444,13.13754621839521,-33.29016744444445,-39.61555716666667,6.325389722222219,22.089002999999998,2885.2220283105466,1874.6509632908753,-1010.5710650196713,-41596.34538684211,41531.35109717425,-41596.34538684211,13.292477799181839,13.235253120020511,0.9956948827960629,0.0,29.558003
class2_2026_04_27_15_57_48.csv,47.86,background,0.31906666666666667,-16.184,-16.223777555555557,0.21626495238485755,-16.225444166666666,-16.24422227777778,0.01877811111111427,0.484,-2.5929565467805245,8.232740175222695,10.825696722003219,166.1426332288429,286.8322884012523,-833.8542319749249,0.22693260121509676,0.2272069189905994,1.0012043953563472,0.0,0.7419990000000016
class2_2026_04_27_15_58_04.csv,19.782,bend,0.13188,-15.873,-16.174111,0.32390486173703653,-16.108000055555554,-17.124666833333336,1.0166667777777825,0.39700050000000253,48.74504865432623,433.92528390372297,385.18023524939673,-454.5470219435738,537.6175548589308,-1150.9946937809327,0.198055666698496,2.2457401213557446,11.33887669014677,1.5949999999999993,0.9369999999999994
class2_2026_04_27_15_58_04.csv,131.138,break,0.8742533333333333,-17.198999,-17.134111,2.715738313671993,-12.671,-33.954667611111105,21.283667611111106,3.830499999999999,-657.3246442306523,-2860.6046177275125,-2203.2799734968603,-2922.0511581176397,-2214.7335423197364,-5457.681818182242,3.0610417196510986,14.375100761006003,4.696145097460284,0.0,7.991999999999999
class2_2026_04_27_15_58_04.csv,127.62799999999999,connector,0.8508533333333332,-7.815,-10.654333444444443,2.7521697530682587,-15.654166666666669,-18.667055777777776,3.0128891111111074,8.6355005,1101.7250286185824,-2911.8410548702814,-4013.566083488864,625.3918495299422,9452.978056426577,-2769.5924764889805,2.18757779297875,11.710396892306168,5.353131475717283,2.8709999999999845,8.413000999999998
class2_2026_04_27_15_58_04.csv,147.72899999999998,background,0.9848599999999998,-49.900002,-40.48011233333333,13.33952372301724,-31.13744483333333,-34.75083433333333,3.6133895000000003,3.780501000000001,-1775.5610702041988,4622.388480949331,6397.94955115353,-44235.114420066566,46612.857366775235,-44235.114420066566,13.319652505240043,13.585933269877218,1.0199914933622274,0.0,29.739003
class2_2026_04_27_15_58_04.csv,112.631,background,0.7508733333333333,-16.684,-16.478777666666666,0.14139127158193196,-16.437833500000004,-16.496277777777777,0.058444277777773834,0.14399949999999961,-68.04626527807612,-38.36989245511768,29.67637282295844,301.1658112051773,301.1658112051773,139.4742967404709,0.17092197294062775,0.22961461760440546,1.3433806682274652,0.0,0.4009989999999988
class2_2026_04_27_15_58_04.csv,88.382,background,0.5892133333333334,-16.455999,-16.39499988888889,0.20050098475870365,-16.263166666666667,-16.38172188888889,0.11855522222222348,0.4054994999999977,-93.30698390334751,-0.097377468173289,93.20960643517422,108.15203761755402,108.15203761755402,-456.1128526645771,0.24007215720880482,0.23845249652566194,0.993249304911947,0.0,0.7040000000000006
class2_2026_04_27_15_58_04.csv,146.134,background,0.9742266666666666,-20.74,-34.23388933333334,14.055009086869257,-29.96116688888889,-37.54944561111111,7.5882787222222206,3.780501000000001,-2485.136687832569,1546.3811505826427,4031.5178384152114,7.959897629916668e-09,39697.95935133112,-46612.857366774835,12.45555364037954,13.835128554536256,1.1107597336279422,0.6379999999999997,29.739003
class2_2026_04_27_15_58_04.csv,153.472,background,1.0231466666666666,-49.900002,-37.86266766666667,13.495324648707097,-34.750834333333344,-38.01844572222222,3.2676113888888736,18.463001000000002,6007.219944991013,5280.954353013695,-726.2655919773179,-40512.54388715088,510.97335423254117,-40512.54388715088,13.585933269877218,13.381911169618348,0.9849827699585424,0.0,29.234002
class2_2026_04_27_15_58_37.csv,20.42,bend,0.13613333333333336,-16.07,-17.17999988888889,1.7264817942859305,-16.37861077777778,-17.22322222222222,0.844611444444439,0.30699949999999987,-35.5100471267072,749.9327474249842,785.4427945516913,344.7910049836646,523.5141065830758,-7244.5125391849615,0.17203290853159323,1.8768847068882686,10.909969568839898,0.6390000000000007,5.826999000000001
class2_2026_04_27_15_58_37.csv,127.62799999999999,connector,0.8508533333333332,-8.212,-11.028444555555557,2.7532318686577586,-16.0181665,-17.53194444444445,1.513777944444449,8.470500000000001,1143.943075962746,-3234.7866378726208,-4378.729713835367,595.6112852666138,9379.310344827823,-2705.3291536049583,2.2015789719982606,9.041901430600301,4.107005671201412,2.8709999999999845,8.457001000000002
class2_2026_04_27_15_58_37.csv,131.776,break,0.8785066666666668,-18.627001,-19.259222,2.9973281565133227,-13.101166666666668,-40.58805666666667,27.48689,2.8529989999999987,-2081.347077926842,-5999.251171145709,-3917.9040932188673,-8536.051724138495,-1471.8761497932865,-48275.86520376553,3.1432557602658675,13.242510617205175,4.212990419556141,0.0,9.154998999999998
class2_2026_04_27_15_58_37.csv,74.024,background,0.49349333333333334,-16.635,-16.59111122222222,0.20425340488704433,-16.607000055555556,-16.651111444444442,0.04411138888888644,0.43450200000000194,-15.906127537685185,-90.27643866096197,-74.37031112327679,576.8025078369938,576.8025078369938,-1166.1473354232003,0.23224431915154284,0.2546155841497411,1.0963217044800864,0.0,0.7990020000000015
class2_2026_04_27_15_58_37.csv,25.845,background,0.17229999999999998,-16.193001,-16.144222444444445,0.29054506452302986,-17.220666555555557,-16.195777777777778,-1.0248887777777789,0.6965005000000009,902.5275154162745,-31.304667100637197,-933.8321825169116,249.21630094044303,249.21630094044303,7.836990595609677,1.879234122051298,0.20024675016299145,0.10655758175933308,0.0,1.0440000000000023
class2_2026_04_27_15_58_37.csv,182.827,background,1.2188466666666666,-22.944,-37.453334444444444,13.929522774625699,-34.81205638888889,-37.76744544444445,2.955389055555557,16.980002,-3885.312448085515,-3830.1205021098363,55.191945975678664,42655.173981194894,45568.070015359146,-42250.78683385958,13.55579876436813,13.602475748836783,1.0034432482981448,0.9569999999999856,29.027003
class2_2026_04_27_15_58_37.csv,159.216,background,1.0614400000000002,-49.900002,-33.92789,14.382209978036979,-39.675779111111105,-35.24500088888888,-4.430778222222223,30.993002,2661.7940770897685,-4937.340945533613,-7599.135022623382,-2946.710031356157,9548.771685429576,-45631.66300940004,13.08524922558008,13.264222622805098,1.0136774149626233,0.0,30.993002
class2_2026_04_27_15_58_37.csv,88.70100000000001,background,0.5913400000000001,-17.478001,-16.878444444444444,0.30552023105011167,-16.569388611111112,-16.681611055555557,0.11222244444444485,0.20300000000000296,-81.3249966936918,47.180595394007206,128.505592087699,973.3542319749249,1006.2695924764885,-598.749216300941,0.30563614639308523,0.2905292133912168,0.9505690549065726,0.0,1.0720010000000002
class2_2026_04_27_15_59_08.csv,20.740000000000002,bend,0.13826666666666668,-17.26,-17.33822233333333,1.6074100721040525,-16.287777777777777,-17.03227777777778,0.7445000000000022,0.4519999999999982,44.345792886071024,723.3922877254244,679.0464948393533,-618.6477873839103,-23.509404388714756,-5782.13166144201,0.2372579514086247,1.5789651208785298,6.655028657524161,0.0,4.969999999999999
class2_2026_04_27_15_59_08.csv,127.62799999999999,connector,0.8508533333333332,-8.105,-10.956111111111111,2.82205513941109,-15.897999777777777,-18.677722444444445,2.779722666666668,8.569999999999997,1057.5467416547096,-4596.557259172734,-5654.104000827444,622.2570532916907,9296.238244514328,-2836.990595611229,2.1972009224871276,11.601447882037403,5.280100915306463,2.8709999999999845,8.783000000000001
class2_2026_04_27_15_59_08.csv,131.138,break,0.8742533333333333,-16.766001,-20.207667,10.647635313303681,-13.010499944444444,-35.04277855555555,22.032278611111106,4.1904995,-625.7111805113283,-5994.524452499994,-5368.813271988666,-3494.8140855036254,-2034.4827586206957,-49641.06896552148,3.1416182929874688,14.884287587593395,4.737775713568221,0.0,36.274002
class2_2026_04_27_15_59_08.csv,146.134,background,0.9742266666666666,-24.961,-34.77233422222222,13.59635996132248,-39.22483455555556,-40.815723722222224,1.5908891666666634,30.188002,873.8597613679085,829.9102252970309,-43.94953607087757,1772.7241379305997,47094.9366099413,-43772.73040751973,13.544420087268724,12.882377715964726,0.9511205855873534,1.2760000000000271,30.188002
class2_2026_04_27_15_59_08.csv,176.764,background,1.1784266666666667,-49.900002,-37.878667888888884,13.48085313744952,-36.30833444444445,-35.955001,-0.3533334444444449,16.760500500000003,3403.806280976694,-1095.5285282543243,-4499.334809231018,-41735.11128526285,45739.815047025506,-41735.11128526285,13.60927622823795,13.991900378774742,1.028114876647739,0.0,29.182002
class2_2026_04_27_15_59_08.csv,144.538,background,0.9635866666666667,-49.900002,-37.095778888888894,14.357986072179138,-40.71522355555555,-40.726501388888884,0.011277833333330989,30.188002,2459.0480501015527,-2364.682087616682,-4823.730137718235,1.4551915228366852e-11,46366.772727276766,-6592.474921637757,13.143520514988158,13.013033468550368,0.9900720635417999,0.0,30.188002
class2_2026_04_27_15_59_08.csv,155.70600000000002,background,1.03804,-18.857,-43.18177933333333,12.574456867730726,-39.67500122222222,-37.554445666666666,-2.120555555555555,31.043002,-4164.934060023103,4313.8496966795365,8478.78375670264,-8.483766578137875e-09,48656.74294670427,-48656.74294671272,12.852924033433924,13.836648740470414,1.0765369520539145,0.6379999999999997,31.043002
class2_2026_04_27_15_59_08.csv,150.601,background,1.0040066666666667,-20.813,-37.84700133333334,13.540597904236833,-40.726501388888884,-39.56633455555556,-1.160166833333328,29.087002000000002,-4868.644546783923,-4164.934060023103,703.7104867608205,38311.91379309886,45590.9122257014,-45590.912225702654,13.013033468550368,13.019129823599654,1.0004684038195717,0.9570000000000134,29.087002000000002
class2_2026_04_27_15_59_21.csv,20.740000000000002,bend,0.13826666666666668,-15.773,-16.66844422222222,1.2018799398350695,-15.90305561111111,-16.40166683333333,0.49861122222221965,0.14400000000000013,17.91425771468282,537.4989850424644,519.5847273277816,-527.9303630035174,178.50259209383876,-4340.123824451413,0.18195875422961466,1.0205088998470457,5.608431953360783,0.9580000000000005,3.151999
class2_2026_04_27_15_59_21.csv,126.03200000000001,break,0.8402133333333334,-16.455999,-14.662999777777777,2.828006133578205,-16.39527772222222,-12.854277666666668,-3.5410000555555534,7.741,0.35985060274410213,-634.1694933138501,-634.5293439165943,-492.1645768025155,238.24451410653637,-492.1645768025155,0.17562084248548537,3.467601227267329,19.744703609711394,0.0,8.147001
class2_2026_04_27_15_59_21.csv,187.932,background,1.25288,-30.466999,-30.755444777777775,10.625515443704188,-33.529723000000004,-39.46000127777777,5.9302782777777665,18.134000999999998,3563.6893149424536,-2230.124550355449,-5793.813865297903,-34065.83385579705,8443.575235108685,-41611.28996865568,13.195066114572501,13.110983092714498,0.9936276169626193,0.0,29.001002
class2_2026_04_27_15_59_21.csv,138.157,background,0.9210466666666668,-49.900002,-44.246557,10.580829009884853,-36.48111216666666,-43.82572366666667,7.344611500000006,26.073002,-48.15904583657183,501.8071734864763,549.9662193230481,-38884.01724137595,40866.774294667324,-38884.01724137595,13.540462280028155,11.378361229055146,0.8403228895305189,0.0,26.073002
class2_2026_04_27_15_59_21.csv,159.535,background,1.0635666666666665,-25.738001,-40.958668,12.69374973748021,-37.43211211111111,-39.08972366666667,1.6576115555555617,28.654002000000002,-1382.4085508657874,177.9726582962492,1560.3812091620366,-6.606569513678551e-09,37871.47492162683,-37871.47492163341,13.98500355797794,13.56894638436842,0.9702496933851785,0.6379999999999997,28.654002000000002
class2_2026_04_27_15_59_21.csv,133.37099999999998,background,0.8891399999999998,-49.900002,-30.518111777777776,13.741915751490504,-16.151611,-39.75061238888889,23.59900138888889,2.4340014999999973,-4897.232674065916,-2092.6359590463703,2804.596715019546,1.4551915228366852e-11,1.4551915228366852e-11,-44722.57210031002,9.139861509734372,12.81367972363409,1.4019554134416066,0.0,31.142003
class2_2026_04_27_15_59_21.csv,152.196,background,1.01464,-49.900002,-34.295778444444444,13.989963109760902,-36.50005644444444,-35.804612,-0.6954444444444405,18.9225005,3573.699508171995,539.7445273953824,-3033.9549807766125,1214.7366771086527,46362.073667707606,-42764.89498432977,13.511389018611698,14.146000277393384,1.0469685397214885,0.0,29.667002
class2_2026_04_27_15_59_35.csv,132.095,break,0.8806333333333334,-19.129,-18.630555666666666,2.109917301831625,-12.570166833333335,-30.418111388888892,17.847944555555557,2.891000000000002,-2424.400454812779,-5058.065168921625,-2633.6647141088456,-2235.1065830722764,-1961.6075574988827,-4819.747648903354,3.2702756738283507,12.381814279787497,3.7861672007380096,0.0,7.433999
class2_2026_04_27_15_59_35.csv,127.62799999999999,connector,0.8508533333333332,-7.588,-10.425,2.8040166824674126,-15.401555388888887,-15.002555611111111,-0.3989997777777763,8.603000000000002,1117.9456103145744,-2586.4273989062717,-3704.373009220846,575.2351097180253,9327.586206896787,-2808.777429467027,2.197649659519944,4.221161469070242,1.920760904734656,2.8709999999999845,8.697
class2_2026_04_27_15_59_35.csv,8.934,bend,0.059559999999999995,-14.069,-14.021,0.4951697800867002,-9.877722222222223,-15.327666666666666,5.4499444444444425,0.8394999999999992,-1734.5808408899213,-344.8506292609714,1389.73021162895,-644.2006269592493,-424.76489028213473,-866.77115987461,3.2365985541332254,0.5327343511440656,0.1645969302763295,0.0,1.58
class2_2026_04_27_15_59_35.csv,159.216,background,1.0614400000000002,-20.559,-31.620111666666666,13.055218123646057,-34.18377872222222,-38.17016772222222,3.9863889999999955,17.745001,1972.014465939881,671.8879103946749,-1300.126555545206,-4155.173981190579,45783.68972144261,-45989.031347965414,14.131257143774667,13.142908169633818,0.9300593079480152,1.2770000000000004,29.365002
class2_2026_04_27_15_59_35.csv,141.66699999999997,background,0.9444466666666664,-49.900002,-37.78166811111112,13.57651083964372,-34.85211166666667,-36.33761233333333,1.4855006666666597,6.5889995,-1844.2901543839992,-1639.572711479729,204.71744290427023,1.4551915228366852e-11,42526.64890282503,1.4551915228366852e-11,13.578487854252705,13.596212570125926,1.0013052789646524,0.0,29.290001
class2_2026_04_27_15_59_35.csv,189.527,background,1.2635133333333333,-49.900002,-31.212667444444442,13.253340232789435,-35.04005638888889,-31.690167388888888,-3.3498890000000046,3.330500500000003,-2667.3613897700106,-2997.722780385046,-330.36139061503536,42341.69592476859,42341.69592476859,-5431.036050156556,13.501284179775062,13.02028003825333,0.9643733811176526,0.0,29.255002
class2_2026_04_27_15_59_35.csv,147.72899999999998,background,0.9848599999999998,-49.900002,-44.008112777777775,11.077984480278188,-36.33761233333333,-37.96489016666666,1.6272778333333306,28.858002,-2251.603847844464,2736.7699301156827,4988.373777960147,1.4551915228366852e-11,6184.954545454275,-1.4551915228366852e-11,13.596212570125926,13.413943026399606,0.9865940217262539,0.0,28.858002
class2_2026_04_27_15_59_35.csv,176.126,background,1.1741733333333333,-21.066999,-33.46511177777778,12.224096143017261,-39.528779,-36.52577877777778,-3.0030002222222194,29.889002,2531.0582565593368,-1233.7416221774022,-3764.7998787367387,-18014.106583073393,46847.96551724547,-28833.858934174044,13.21866610951874,13.584456098581388,1.0276721537831333,1.5949999999999853,29.889002
class2_2026_04_27_15_59_47.csv,9.891,bend,0.06594,-14.17,-14.306777777777777,0.39148230491521374,-11.43588888888889,-15.611888833333333,4.175999944444444,0.36799999999999855,-1180.2504592935043,-378.0045658042889,802.2458934892154,-412.22570532915415,-29.780564263324777,-1166.1442006269608,2.518334455964649,0.5848707105733567,0.2322449573539129,0.0,1.1809999999999992
class2_2026_04_27_15_59_47.csv,131.457,break,0.8763799999999999,-17.135,-17.452444333333332,2.1044317750117516,-12.705888888888891,-32.00655622222222,19.30066733333333,3.753999999999998,-1404.7351488316922,-7438.638292849651,-6033.903144017959,-3335.4247648901255,-1791.1804365749376,-3794.6708463948708,3.036668502211115,14.30778769438971,4.711671021153821,0.0,6.143000000000001
class2_2026_04_27_15_59_47.csv,127.62799999999999,connector,0.8508533333333332,-7.901,-10.769777777777778,2.8641610669241264,-15.717055499999999,-16.894388888888884,1.1773333888888846,8.596500500000001,1163.1921222980013,-2635.925117617651,-3799.117239915652,579.9373040753908,9467.854770998198,-2691.2225705328583,2.206854858170641,8.905202200629647,4.03524415410237,2.8709999999999845,8.95
class2_2026_04_27_15_59_47.csv,75.30000000000001,background,0.5020000000000001,-16.469999,-16.423222111111112,0.22394348443869394,-16.3985,-16.3827775,-0.015722499999998973,0.34650150000000224,1.9234199331651038,49.89989702832976,47.976477095164654,332.288401253918,413.79310344827536,-695.9263322884035,0.2329862242002975,0.21911090987778856,0.9404417372234128,0.0,0.801001000000003
class2_2026_04_27_15_59_47.csv,39.565000000000005,background,0.2637666666666667,-16.464001,-16.35100044444444,0.18043121311773047,-16.358666833333334,-16.347500222222223,-0.01116661111111128,0.3104984999999978,-5.805018616291457,13.929911089615235,19.734929705906694,-197.49059561128524,319.7507836990626,-197.49059561128524,0.15814423093536747,0.27747956641557026,1.754587000660005,0.0,0.5889980000000001
class2_2026_04_27_15_59_47.csv,164.64000000000001,background,1.0976000000000001,-21.933001,-37.47644555555556,13.896860979217749,-39.860723388888886,-40.67611244444444,0.8153890555555563,28.508002,-2596.7959013297245,-2530.3655944372395,66.43030689248508,-7.639755494892597e-09,44609.72257052907,-2557.993730415081,12.678468682996032,13.158610663162438,1.0378705784035085,0.6379999999999997,28.508002
class2_2026_04_27_15_59_47.csv,168.469,background,1.1231266666666666,-49.900002,-43.365557111111116,12.22508658086438,-36.0680565,-37.45200088888888,1.3839443888888852,29.574002,1740.3700794186325,8485.70734740237,6745.337267983737,-46354.23510971387,46423.46582016971,-46354.23510971387,13.943635559822383,13.980687130685414,1.00265716699543,0.0,29.574002
class2_2026_04_27_15_59_47.csv,88.063,background,0.5870866666666666,-16.271,-16.567111,0.22548220356382898,-16.372166277777776,-16.454110944444448,0.0819446666666721,0.08500000000000085,-82.45250088059356,64.81881705330903,147.2713179339026,315.0470219435774,424.76489028213473,-191.2225705329147,0.22356258561227357,0.2463633218614492,1.1019832285599374,0.6379999999999997,0.6790009999999995
class2_2026_04_27_16_00_33.csv,12.444,bend,0.08296,-14.08,-14.620888888888889,0.4749433754423188,-13.752833333333333,-16.683944555555556,2.9311112222222224,0.46449999999999925,-242.99260726212012,-674.9981208109174,-432.00551354879724,-459.24764890282313,778.9968652037605,-1578.368338557997,0.6977136669946427,1.0345680712439167,1.4827953606024173,0.9569999999999995,1.4969999999999999
class2_2026_04_27_16_00_33.csv,127.947,connector,0.8529800000000001,-9.536,-11.440111111111113,1.914469432996135,-16.432555555555552,-20.13250011111111,3.6999445555555575,8.4509995,1684.472703711833,-2394.8566272040784,-4079.3293309159117,-2004.7021943574418,8968.652037617752,-3123.8244514106154,2.819185920856985,11.038492860168946,3.9154881070508907,2.8709999999999845,6.469999999999999
class2_2026_04_27_16_00_33.csv,132.095,break,0.8806333333333334,-20.028999,-25.94622222222222,12.854945109496741,-14.046388833333332,-35.30700088888889,21.260612055555562,2.3970009999999995,-2386.8884239684844,-1789.7042763592046,597.1841476092798,-583.0721003136241,-583.0721003136241,-47332.29153604648,3.171222112464955,13.178662455415528,4.155703332135438,0.0,32.781003
class2_2026_04_27_16_00_33.csv,188.889,background,1.25926,-22.886,-40.94866811111111,12.679342544122147,-37.666501277777776,-40.08005688888889,2.4135556111111143,28.287001,653.783563016188,-500.48252418130267,-1154.2660871974908,-39594.047021947525,42341.69592476813,-42341.695924768595,13.7178643801047,12.502164225555763,0.9113782559557632,0.9569999999999856,28.287001
class2_2026_04_27_16_00_33.csv,17.549,background,0.11699333333333332,-17.961,-17.545444777777774,0.36482891996075134,-16.10133338888889,-23.448667222222227,7.347333833333337,0.34999900000000395,-674.9981208109174,-6784.024605969223,-6109.026485158305,863.636363636364,863.636363636364,-37.61755485894537,1.2183278982400034,11.899901301142242,9.767396405299772,0.0,1.215999
class2_2026_04_27_16_00_33.csv,82.001,background,0.5466733333333333,-18.624001,-17.80733388888889,0.4818246108594669,-17.746944611111115,-17.762222277777777,0.015277666666662526,0.7204990000000002,-74.47600028487919,34.34655421630326,108.82255450118245,733.5438871473343,1469.8305063444132,-733.5423197492164,0.5446882534884966,0.47674077889338057,0.8752527718145057,0.0,1.681000000000001
class2_2026_04_27_16_00_33.csv,180.59300000000002,background,1.2039533333333334,-23.613001,-40.931001333333334,12.742720894028567,-34.673445388888894,-40.900056888888884,6.22661149999999,29.751002,-2204.966904641907,770.2661540011505,2975.2330586430576,38688.092476485246,41202.19592476134,-41202.195924761756,13.70172012238966,12.767482444867069,0.9318159617191469,0.9570000000000134,29.751002
class2_2026_04_27_16_00_33.csv,48.179,background,0.32119333333333333,-18.135,-17.89766711111111,0.3188999711976737,-17.77405561111111,-17.509111444444446,-0.26494416666666254,0.12449950000000243,-95.3260169546663,103.00581764459926,198.33183459926556,-1134.50668598626,225.7037617554888,-1134.50668598626,0.29774044217687695,0.3537414459470243,1.1880826644779932,0.0,0.8510000000000026
class2_2026_04_27_16_00_46.csv,12.125,bend,0.08083333333333333,-14.232,-14.566222222222223,0.47925933081458066,-13.59366666666667,-16.155722222222224,2.5620555555555544,0.27999999999999936,-257.3055527839069,-449.6073817421759,-192.30182895826903,-145.76802507837056,159.99499916602144,-1489.0282131661443,0.8388153683750803,0.7236974030443754,0.8627602301637144,0.6379999999999997,1.4580000000000002
class2_2026_04_27_16_00_46.csv,131.138,break,0.8742533333333333,-16.775999,-17.062444222222226,2.11377058878214,-13.16933327777778,-32.13822305555556,18.968889777777775,3.8340004999999966,-627.3951477072499,-5843.394691525323,-5215.999543818073,-2720.186021212754,-1877.172888427809,-7114.423197492528,3.060995933158843,14.232889078114631,4.649756072583444,0.0,6.2930009999999985
class2_2026_04_27_16_00_46.csv,127.947,connector,0.8529800000000001,-8.725,-10.649777777777778,1.9902774668527325,-15.7025555,-16.578166666666664,0.8756111666666637,8.4864995,1721.2204191783862,-2722.984416745863,-4444.204835924249,-2029.780564263394,9484.326018809019,-3213.16614420063,2.848989936037375,4.200435256348812,1.4743589399379218,2.8709999999999845,6.817
class2_2026_04_27_16_00_46.csv,161.768,background,1.0784533333333333,-49.900002,-40.726001222222216,12.983447894625138,-43.65411266666667,-36.3417786111111,-7.312334055555567,28.277003,2870.5810543074663,-1535.9894878562418,-4406.5705421637085,1.4551915228366852e-11,43835.42476489411,-44321.321316617774,11.688653297230823,13.636098704626724,1.1666098045056625,0.0,28.277003
class2_2026_04_27_16_00_46.csv,159.85399999999998,background,1.0656933333333332,-21.816,-37.408223333333325,13.97236431951428,-42.037223722222215,-37.82889,-4.208333722222214,29.056002,-4393.601165025959,1026.994596695148,5420.595761721107,45542.32288401626,45542.32288401626,-45542.322884016525,12.710342540377471,13.555022889124173,1.0664560596700927,0.9569999999999856,29.056002
class2_2026_04_27_16_00_46.csv,44.67,background,0.2978,-17.441999,-16.938332999999997,0.2983299590133192,-16.919444444444444,-16.896944333333334,-0.0225001111111105,0.41899899999999946,-27.484046485968694,-32.547072517914074,-5.06302603194538,-681.8166144200623,992.1614420062651,-739.8119122257012,0.18472356681305116,0.26056420836245997,1.4105552545491236,0.0,0.9119980000000005
class2_2026_04_27_16_00_46.csv,93.487,background,0.6232466666666666,-16.778,-17.074333777777777,0.32420935748637614,-17.04705577777778,-17.05677783333333,0.009722055555553055,0.44849999999999923,-8.084866237763105,41.41022968070188,49.49509591846498,708.462382445141,708.462382445141,-351.09874608150494,0.3868469839618701,0.2659957152495865,0.6875975222241419,0.6379999999999997,1.0800000000000018
class2_2026_04_27_16_00_46.csv,148.367,background,0.9891133333333333,-28.348,-41.558445777777784,11.895376961789099,-38.66461233333334,-40.80811244444445,2.143500111111109,27.974001,2527.4802994372585,43.09411305407735,-2484.386186383181,5.893525667488575e-09,43846.396551721,-33780.56739811621,12.746673944312146,12.954603381759412,1.016312366821596,0.6379999999999997,27.974001
class2_2026_04_27_16_00_57.csv,13.719999999999999,bend,0.09146666666666665,-14.478,-14.845000000000002,0.5577629922785803,-14.1355,-16.260222111111112,2.1247221111111116,0.2959999999999994,-91.49166166894219,-331.6311455013106,-240.1394838323684,-579.9373040752398,307.2100313479641,-1536.0501567398132,0.26566630071074737,0.5596810653303551,2.1066991076170245,0.0,1.4570000000000007
class2_2026_04_27_16_00_57.csv,127.62799999999999,connector,0.8508533333333332,-8.197,-10.990666666666666,2.7149396146343867,-15.942388944444446,-17.747111333333336,1.8047223888888908,8.3915,1171.5011625646162,-2527.3106891616435,-3698.8118517262596,564.2633228841678,9119.122257053497,-2783.6990595610914,2.188585989667059,9.446731790362728,4.316361120194642,2.8709999999999845,8.400000000000002
class2_2026_04_27_16_00_57.csv,131.457,break,0.8763799999999999,-17.934999,-20.788333555555557,10.441749903667555,-12.910666666666666,-29.97577838888889,17.065111722222227,3.041000000000002,-1344.9115950317241,-563.2296076486576,781.6819873830665,-3653.603448275957,-1944.1726603241113,-49537.62068965897,2.934432442795957,12.658073497469287,4.313634554753626,0.0,35.495002
class2_2026_04_27_16_00_57.csv,119.332,background,0.7955466666666666,-17.23,-17.050666666666665,0.25823984631087926,-17.012110833333335,-16.919611277777776,-0.092499555555559,0.17649949999999848,-36.78468548093212,-8.000000310990492,28.784685169941625,442.0047021943574,442.0047021943574,-47.02351097182691,0.3274759927499774,0.2745214660819007,0.8382923752188379,0.0,0.8109989999999989
class2_2026_04_27_16_00_57.csv,157.301,background,1.0486733333333333,-22.861,-37.08733466666667,14.346053536092953,-28.773889444444446,-42.5760015,13.80211205555555,9.333499,-2641.149039485706,488.5820901779176,3129.7311296636235,7.392372936010361e-09,47449.84482758251,-42380.880877739284,11.426643636742682,11.995033734105714,1.0497424323090754,0.6379999999999997,30.273001
class2_2026_04_27_16_00_57.csv,151.877,background,1.0125133333333334,-49.900002,-31.87400066666667,12.89061673646554,-42.44700133333333,-28.644278333333332,-13.802723,5.752001,2276.707090012908,-1032.5208335653933,-3309.227923578301,2777.4278996934954,46443.57836990195,-8692.789968651261,12.066234131718382,11.479623485999424,0.9513840365851203,0.0,29.631003
class2_2026_04_27_16_00_57.csv,21.378,background,0.14252,-17.667,-24.69566688888889,13.530616013928254,-16.550222,-20.326389055555552,3.7761670555555504,0.008499000000000478,-22.893531251669998,5258.72048712869,5281.61401838036,-51326.02351097182,-346.5151582452745,-51326.02351097182,0.28107830056745553,10.515448559665439,37.41096743316345,0.0,33.419001
class2_2026_04_27_16_00_57.csv,180.91199999999998,background,1.2060799999999998,-49.900002,-35.09344555555556,13.293147409847176,-34.41261194444444,-37.632501222222224,3.2198892777777814,17.509,2274.020339335901,-1072.8905033838407,-3346.9108427197416,-38854.23510972127,46029.782131665466,-41598.74764889946,13.882332195671248,13.788068334417131,0.9932097249125594,0.0,29.367001000000002
class2_2026_04_27_16_01_09.csv,13.082,bend,0.08721333333333334,-14.444,-14.819888888888888,0.6378635250139402,-13.977166666666667,-16.165888888888887,2.1887222222222196,0.23600000000000065,-144.4280430312341,-317.50086805090336,-173.07282501966927,-420.06269592476747,75.23510971786891,-1697.4921630094032,0.41662763150484067,0.5727213099551696,1.374656628581983,0.0,1.9609999999999985
class2_2026_04_27_16_01_09.csv,131.457,break,0.8763799999999999,-17.945999,-18.15888888888889,2.40848474718707,-13.040111055555554,-30.875000666666665,17.83488961111111,4.052500499999999,-1454.216660014582,-5932.004974566962,-4477.78831455238,-2971.785266457555,-2664.781691397853,-3885.5799373040354,3.0224610323561465,13.54487702042531,4.481405184059984,0.0,7.822000999999998
class2_2026_04_27_16_01_09.csv,127.947,connector,0.8529800000000001,-8.642,-10.527666666666667,1.9284772346191816,-15.5029445,-16.201277833333332,0.6983333333333324,8.4889995,1653.5729577620589,-2764.0197044720985,-4417.592662234158,-2004.7021943574346,9109.717868338768,-3431.034482758627,2.798568946211285,3.784025712933563,1.3521283318490545,2.8709999999999845,6.572000000000001
class2_2026_04_27_16_01_09.csv,179.317,background,1.1954466666666668,-26.438999,-35.05177866666667,13.358890682950197,-34.88744544444444,-35.82277883333333,0.9353333888888926,4.957000000000001,5675.873071725574,3773.922807729101,-1901.950263996473,-40873.04388715021,45379.31347962766,-40873.04388715021,13.50410103689999,14.103233198966144,1.044366605082591,0.0,28.952002
class2_2026_04_27_16_01_09.csv,173.255,background,1.1550333333333334,-49.900002,-31.965889555555552,12.691190943582482,-33.30311177777778,-34.88744544444444,1.5843336666666588,1.7124994999999998,860.5508160711827,-1791.2369122864873,-2651.78772835767,42592.479623820785,42592.479623820785,-43021.94670846742,13.302009003173453,13.50410103689999,1.015192518550078,0.0,27.640002
class2_2026_04_27_16_01_09.csv,110.079,background,0.73386,-17.368,-16.81211122222222,0.21085683154204485,-16.757889111111112,-16.79050016666667,0.03261105555555943,0.12400149999999854,11.690789832739013,-34.68031082825122,-46.37110066099024,227.2742946708422,227.2742946708422,-300.940438871472,0.2375942391601673,0.16445626115652562,0.6921698504474774,0.0,0.7240009999999977
class2_2026_04_27_16_01_09.csv,119.332,background,0.7955466666666666,-16.882999,-16.810555444444443,0.22890331761496072,-16.832833388888886,-16.932166777777777,0.09933338888889054,0.36599999999999966,-4.818590065399246,-33.42039691485359,-28.601806849454345,545.4529780564299,545.4529780564299,15.673981191201165,0.22298822892952563,0.30160527509212304,1.3525553522921214,0.0,0.8309989999999985
class2_2026_04_27_16_01_09.csv,193.03699999999998,background,1.2869133333333331,-23.188999,-34.963556555555556,13.402184138002086,-39.13794566666667,-36.51994566666666,-2.618000000000009,29.127001,-1413.8540223567475,1674.2199701342788,3088.0739924910263,38578.37147335819,42478.059561132235,-45653.60658306816,13.513632003192816,13.434782062064176,0.9941650819502047,1.595000000000013,29.127001
class2_2026_04_27_16_01_41.csv,14.039,bend,0.09359333333333333,-14.398,-14.782444444444444,0.47253127141929563,-14.190499999999998,-15.829611111111111,1.639111111111113,0.24150000000000027,-104.6001940924606,-228.0937068463122,-123.49351275385159,-387.14733542319664,249.2163009404394,-1333.8557993730356,0.23821284833339926,0.41761161367536626,1.753095450147321,1.5949999999999993,1.3390000000000004
class2_2026_04_27_16_01_41.csv,131.457,break,0.8763799999999999,-17.983999,-17.959111111111113,2.3558199036261684,-12.812,-34.37188966666666,21.559889666666663,3.9370005000000017,-1459.155870429053,-5047.616739712261,-3588.460869283208,-4280.5626959246765,-2648.902821316591,-47818.18495297448,3.0878890390794123,14.03157290077732,4.544064951535816,0.0,7.231
class2_2026_04_27_16_01_41.csv,127.62799999999999,connector,0.8508533333333332,-7.951,-10.748444444444445,2.7055459548084277,-15.735222055555559,-17.183611222222222,1.4483891666666633,8.614999999999998,1130.5333112381702,-2762.516980500873,-3893.050291739043,576.802507837152,9100.31347962403,-2731.9749216300443,2.1946370434469333,8.946542755659985,4.076545917161083,2.8709999999999845,8.375
class2_2026_04_27_16_01_41.csv,52.966,background,0.3531066666666667,-16.653999,-16.33888866666667,0.24227865188891698,-16.322166611111115,-16.340388777777775,0.018222166666660655,0.4209999999999976,-19.726026673397048,-43.388141045703286,-23.662114372306238,533.475049180488,1131.6630094043903,-438.8683385579934,0.21693130893650234,0.1951907883389864,0.8997773973637102,0.0,0.7729990000000004
class2_2026_04_27_16_01_41.csv,189.527,background,1.2635133333333333,-49.900002,-35.015667333333326,13.427062605499446,-34.887445388888885,-37.78850088888888,2.9010554999999982,19.403501000000002,-996.2535484775613,-365.9651477606292,630.2884007169321,42841.69749216676,45935.7398119158,-34804.460306735295,13.624402268632542,13.643792976075298,1.0014231601238197,0.0,29.307002
class2_2026_04_27_16_01_41.csv,193.356,background,1.28904,-49.900002,-37.492223111111116,13.952072727925948,-37.86600094444444,-37.58711222222222,-0.27888872222222005,29.334002,-1276.7496029010906,589.2203569686416,1865.969959869732,45503.13949843065,45503.13949843065,-45978.05956113255,13.55092821535367,13.798735707704358,1.0182870479516575,0.0,29.334002
class2_2026_04_27_16_01_41.csv,187.29399999999998,background,1.2486266666666666,-49.900002,-37.909223222222224,13.498387127956219,-31.974778444444446,-37.86600094444444,5.891222499999991,7.056000000000001,1217.1033322647386,3049.5140451770926,1832.410712912354,-36540.75548589662,46646.79426738817,-36540.75548589662,12.903361285844314,13.55092821535367,1.0501858287137897,0.0,29.883002
class2_2026_04_27_16_01_41.csv,162.08700000000002,background,1.08058,-49.900002,-40.73355677777778,12.963720356055251,-38.10366766666667,-37.514279,-0.5893886666666646,27.673003,1576.7934049909727,1661.0787328166145,84.28532782564184,-42717.87147335054,43374.61285266084,-42717.87147335054,13.258026128781234,13.880065829472668,1.0469178931864667,0.0,27.673003
class2_2026_04_27_16_01_55.csv,14.677000000000001,bend,0.09784666666666668,-14.669,-14.902666666666667,0.6221641441148967,-14.272888888888888,-15.844111000000002,1.5712221111111138,0.4400000000000013,-66.3260563119243,-148.06486323659402,-81.73880692466972,81.50470219436102,81.50470219436102,-2114.420062695932,0.16169583547474745,0.38283142143072124,2.36758759258779,0.0,1.763
class2_2026_04_27_16_01_55.csv,127.947,connector,0.8529800000000001,-8.164,-10.091777777777777,1.974418157769117,-15.061666611111109,-16.182722055555555,1.1210554444444458,8.427999499999999,1615.7966319004927,-2771.99358804578,-4387.790219946273,-2034.4827586207612,9360.501567398342,-3098.746081504687,2.7944285298840446,4.315772186600672,1.5444197609734518,2.8709999999999845,6.749
class2_2026_04_27_16_01_55.csv,131.457,break,0.8763799999999999,-17.483,-17.683111,2.4260897973467968,-12.614000055555557,-32.54744505555555,19.933444999999992,3.533500000000002,-1428.3099019676372,-8353.913382780103,-6925.603480812466,-2133.2288401253754,-2133.2288401253754,-4217.868338557961,3.0597307911899057,13.975187231190011,4.567454987861916,0.0,7.404999999999999
class2_2026_04_27_16_01_55.csv,176.126,background,1.1741733333333333,-25.049999,-41.099779,12.47256522363498,-35.240611888888886,-41.39605677777778,6.155444888888894,28.291003,1279.8482328217835,-990.2762273486433,-2270.1244601704266,44343.264890279235,44343.264890279235,-44343.264890278304,13.166798947729374,12.180942320444727,0.9251254950938433,0.9570000000000134,28.291003
class2_2026_04_27_16_01_55.csv,62.538,background,0.41691999999999996,-16.249001,-16.11788911111111,0.15341565664519533,-16.21027788888889,-16.218278,0.008000111111112318,0.2760005000000003,10.125744418459806,-23.439229607153806,-33.56497402561361,-139.4984326018821,64.26332288401318,-1504.7037617554888,0.20323780624947374,0.2343720353170717,1.1531854552884069,0.0,0.4709999999999983
class2_2026_04_27_16_01_55.csv,165.59699999999998,background,1.10398,-20.157,-37.130668,14.28806551306216,-39.472334555555555,-35.789612166666664,-3.682722388888891,29.743002,2218.929291369501,3440.084479417834,1221.155188048333,8.119968697428703e-09,2479.6253918573457,-43753.920062692145,13.113438880140722,12.768793061915908,0.9737180464184112,0.6379999999999997,29.743002
class2_2026_04_27_16_01_55.csv,142.30499999999998,background,0.9486999999999999,-49.900002,-40.98811244444445,12.605264767699383,-38.078389833333325,-36.383167611111105,-1.6952222222222204,27.122002000000002,478.96127656922954,3987.8334223151164,3508.872145745887,1.4551915228366852e-11,7.159542292356491e-09,-42510.97492163382,13.304477872386055,13.59264576702408,1.021659389849243,0.0,27.122002000000002
class2_2026_04_27_16_01_55.csv,161.449,background,1.0763266666666667,-49.900002,-41.22577911111111,12.301270978646878,-35.06577855555556,-39.27150127777778,4.2057227222222195,28.194003000000002,-1925.6552158434517,4282.709822734488,6208.365038577939,-44191.22727272346,38333.85736676758,-44191.22727272346,13.30982684423088,13.377482066739818,1.0050830276169398,0.0,28.194003000000002
class2_2026_04_27_16_02_06.csv,14.996,bend,0.09997333333333333,-14.516,-14.749333333333333,0.4007454165538129,-14.264555555555555,-15.865333,1.6007774444444447,0.2965,-85.34575590660754,-243.68686429834565,-158.34110839173812,-188.08777429467227,48.58934169279382,-1398.8654852311374,0.18105285361592383,0.47003096671058675,2.596083747036286,0.0,1.2110000000000003
class2_2026_04_27_16_02_06.csv,131.457,break,0.8763799999999999,-17.492001,-18.00155566666667,2.675473868206777,-12.772666611111111,-30.854445277777774,18.081778666666665,3.407001000000001,-1431.403622712779,-1675.0076830911098,-243.60406037833081,-3321.319749216287,-1847.5536968766028,-47909.09404388359,3.0860757082718275,13.53849789015082,4.386960911847277,0.0,8.594999999999999
class2_2026_04_27_16_02_06.csv,127.30900000000001,connector,0.8487266666666667,-8.685,-11.41788888888889,3.341045627525925,-16.115111166666665,-16.42955572222222,0.3144445555555535,8.526,584.4135875747637,-2897.8775536802787,-3482.2911412550425,4512.539184952797,9333.855799373287,-2658.3072100313657,1.3691005936900182,9.182840842883474,6.707201923659863,2.8709999999999845,8.692001000000001
class2_2026_04_27_16_02_06.csv,63.495,background,0.4233,-16.948,-16.373222111111108,0.2355344254156421,-16.204777833333335,-16.28044438888889,0.07566655555555357,0.07500049999999803,-20.26146071620799,29.2422259377431,49.50368665395109,-134.79780564263274,344.82841959235157,-134.79780564263274,0.17676614048015518,0.1637048392928698,0.9261044719521736,0.0,0.782
class2_2026_04_27_16_02_06.csv,185.06,background,1.2337333333333333,-49.900002,-40.67400111111111,13.058637589359156,-42.29305705555556,-39.27366766666667,-3.0193893888888894,28.815003,2091.08791215884,2307.0683085359556,215.98039637711554,-1.4551915228366852e-11,43398.12225705708,-44952.98296654521,12.272104968164044,13.362694637688644,1.0888672793694723,0.0,28.815003
class2_2026_04_27_16_02_06.csv,142.30499999999998,background,0.9486999999999999,-22.077,-31.54344488888889,13.04437654840276,-34.699389777777775,-37.808000888888884,3.1086111111111094,17.7235005,2356.1813725586408,5643.719793944583,3287.5384213859425,-45227.27586206533,37981.195924769396,-45227.27586206533,13.643477494717143,13.606259950686974,0.9972720634224931,1.913999999999999,28.855002
class2_2026_04_27_16_02_06.csv,181.87,background,1.2124666666666668,-49.900002,-43.87289066666668,11.278905183613276,-39.18605672222222,-40.96011233333334,1.7740556111111232,27.693001,-2648.818547050888,-480.88100131611355,2167.937545734774,-1.4551915228366852e-11,43405.95768024704,-41615.989028216805,13.458758246836345,12.664250831329445,0.9409671871726468,0.0,27.693001
class2_2026_04_27_16_02_06.csv,167.192,background,1.1146133333333335,-49.900002,-37.109112333333336,14.30984398063271,-39.26666783333333,-34.27366772222222,-4.993000111111108,29.806002,-1329.5650378600567,-1025.586923769007,303.97811409104975,1199.0595611363788,44496.868338561886,-3534.4811912234363,13.347281895506375,14.011999303241414,1.0498016272629411,0.0,29.806002
class2_2026_04_27_16_02_47.csv,15.633999999999999,bend,0.10422666666666666,-14.664,-14.865555555555554,0.5708041328027429,-14.30122222222222,-16.14916661111111,1.8479443888888891,0.28999999999999915,-48.717976639700616,-299.2372967943219,-250.51932015462125,-401.25391849530206,-111.28526645768216,-1491.240921232722,0.12037651836151235,0.5887830942026044,4.891138330617496,0.0,1.6259999999999994
class2_2026_04_27_16_02_47.csv,127.62799999999999,connector,0.8508533333333332,-8.061,-10.995777888888888,2.9675657503902064,-16.011666500000004,-15.437833555555557,-0.5738329444444474,8.7309995,1119.4349133969054,-2675.5058857835297,-3794.940799180435,556.4263322885581,10028.817248508214,-2774.2946708463332,2.25094930351629,4.094408336671806,1.8189687841067763,2.8709999999999845,9.330001
class2_2026_04_27_16_02_47.csv,131.457,break,0.8763799999999999,-18.246,-17.663333666666666,2.089327491057616,-12.990555666666667,-31.85083416666667,18.8602785,3.5850009999999983,-1425.4178184399052,-5942.788386975187,-4517.370568535282,-2061.1300940440306,-2061.1300940440306,-4539.183385579599,3.1614035211896523,14.427720190520246,4.563705812975501,0.0,6.969000000000001
class2_2026_04_27_16_02_47.csv,166.873,background,1.1124866666666666,-49.900002,-34.56700066666666,13.817765179828854,-36.69327877777778,-37.99405655555555,1.3007777777777747,30.497002000000002,1320.1719679008058,-4168.648842341589,-5488.820810242395,1.4551915228366852e-11,37774.29937304581,-41191.19872049899,13.30265913329013,13.422159487447264,1.0089831171329473,0.0,30.497002000000002
class2_2026_04_27_16_02_47.csv,169.745,background,1.1316333333333333,-23.487,-35.285556444444445,13.26026089976004,-36.518500888888894,-37.918834277777776,1.4003333888888818,29.510003,1794.063944118301,923.4462971084806,-870.6176470098203,8567.398119121484,44597.18025077955,-41399.68965516886,13.55039116268118,13.409433079025819,0.9895974166678679,1.2759999999999994,29.510003
class2_2026_04_27_16_02_47.csv,22.016000000000002,background,0.14677333333333334,-24.507999,-18.424222,2.5303273854593518,-16.427999944444437,-16.35683322222222,-0.0711667222222161,-0.558501500000002,-491.1868194752498,482.09648172333675,973.2833011985865,-1144.1990595611314,-56.1399166660558,-1144.1990595611314,0.9232674354945692,1.0528179709010355,1.1403162183672726,0.0,7.7869980000000005
class2_2026_04_27_16_02_47.csv,71.791,background,0.4786066666666666,-16.926001,-16.74411088888889,0.16115058290544806,-16.63283311111111,-16.61661122222222,-0.016221888888889424,0.06949950000000271,-22.24082897203066,46.961859535599984,69.20268850763064,-86.20689655172464,231.97492163009156,-410.65673981191867,0.14753278443070414,0.24582773161268737,1.6662470400340839,0.0,0.44700000000000273
class2_2026_04_27_16_02_47.csv,175.488,background,1.16992,-21.612,-34.50677844444445,13.804105603745562,-38.02300094444444,-30.200889333333336,-7.822111611111104,4.638998999999998,4590.594145143862,1866.7166044330108,-2723.8775407108515,4264.888714733559,43622.260188084016,-46583.0752351057,13.289097041004093,12.348371848366574,0.9292106815876543,0.9570000000000134,29.720002
class2_2026_04_27_16_03_03.csv,15.952999999999998,bend,0.10635333333333331,-14.37,-14.731666666666664,0.4409167217917187,-14.340111111111108,-16.250000111111113,1.909889000000005,0.3990000000000009,-34.54812178937697,-229.23289469612442,-194.68477290674744,-442.3992075931674,368.33855799373487,-1040.5124429089337,0.1242747354716285,1.6578333049161182,13.339959716388828,0.9579999999999987,1.2990000000000013
class2_2026_04_27_16_03_03.csv,131.776,break,0.8785066666666668,-18.242001,-21.95700066666667,10.228194992829087,-12.669555666666668,-33.31138972222222,20.641834055555556,3.246000500000001,-2041.7752247309631,-5291.8007489424745,-3250.0255242115113,-3711.6003134796447,-1535.962410653552,-42236.681818178076,3.0835107526813217,13.33675892197562,4.325185046036685,0.0,34.824002
class2_2026_04_27_16_03_03.csv,127.62799999999999,connector,0.8508533333333332,-7.806,-10.637888888888888,2.7524022818235805,-15.610166444444442,-17.223611444444444,1.6134450000000022,8.496999999999996,1153.9109132844178,-2859.742685254102,-4013.65359853852,606.583072100475,9373.040752351342,-2710.0313479623273,2.189516492786839,9.127727587413263,4.168830629343547,2.8709999999999845,8.463999999999999
class2_2026_04_27_16_03_03.csv,79.76700000000001,background,0.53178,-16.219999,-16.319666666666667,0.23382557459306705,-16.327777722222223,-16.32716661111111,-0.0006111111111124501,0.2354990000000008,-3.4459847387817697,1.1907649061414334,4.636749644923203,429.46708463949835,429.46708463949835,-645.7695924764885,0.23464352521758186,0.2101470221242313,0.8955973804603604,0.0,0.6779989999999998
class2_2026_04_27_16_03_03.csv,141.348,background,0.94232,-49.900002,-34.76244522222222,13.609977355593921,-33.410834055555554,-40.45189027777778,7.041056222222224,21.549001999999998,5270.473968900647,-66.69943106895205,-5337.1733999696,-45471.78996864812,42460.71343477009,-45471.78996864812,13.265011185161669,12.171808831072976,0.9175874594889889,0.0,29.011002
class2_2026_04_27_16_03_03.csv,185.06,background,1.2337333333333333,-49.900002,-38.12911233333333,13.199834351294177,-38.315779,-33.06561194444444,-5.250167055555558,4.588000999999998,-2635.969902487017,-780.1466386941715,1855.8232637928454,-1.4551915228366852e-11,-1.4551915228366852e-11,-7.377821020781994e-09,13.046096766336124,13.499403556465138,1.0347464658205088,0.0,27.698002
class2_2026_04_27_16_03_03.csv,175.488,background,1.16992,-49.900002,-37.99933444444444,13.337966216820247,-35.97938988888889,-35.000334499999994,-0.9790553888888951,5.1140004999999995,589.2041405961065,2215.3570629543533,1626.1529223582468,-1.4551915228366852e-11,39087.7774294634,-43051.72570533292,13.973829069903417,13.416867348201029,0.9601424434878478,0.0,28.636002
class2_2026_04_27_16_03_03.csv,67.643,background,0.4509533333333333,-16.681999,-16.326888555555556,0.21180914265867398,-16.300833333333333,-16.270833222222223,-0.030000111111110783,0.2339999999999982,-17.460700142670063,14.565343380988505,32.02604352365857,554.8589341692787,691.2225705329147,-278.9952978056426,0.19395730515359408,0.13438072930196662,0.6928330766530032,0.0,0.6429989999999997
class2_2026_04_27_16_03_18.csv,16.910999999999998,bend,0.11273999999999998,-14.642,-14.860888888888887,0.49012978880756,-14.417499999999999,-22.09438927777778,7.67688927777778,0.23199999999999932,-38.66089168149542,-3207.2316547321243,-3168.570763050629,-467.0846394984328,188.01966054424702,-1573.6677115987513,0.1053687967727321,12.477657546413704,118.41778126730438,0.0,1.543000000000001
class2_2026_04_27_16_03_18.csv,127.62799999999999,connector,0.8508533333333332,-8.604,-11.428555555555555,2.7455831645718267,-16.386111111111106,-16.067944444444446,-0.3181666666666594,8.481000000000002,1185.9809366263612,-2901.2010588923995,-4087.1819955187607,597.1786833857423,9721.003134796509,-2785.2664576801944,2.1836097736162547,4.224968576638229,1.93485424586054,2.8709999999999845,8.258
class2_2026_04_27_16_03_18.csv,131.457,break,0.8763799999999999,-17.500999,-18.69288877777778,2.650707579007486,-13.440888777777777,-29.818278555555555,16.37738977777778,3.902499500000001,-1417.7440907662594,-2652.6773738823895,-1234.93328311613,-6858.937304074567,-1613.72694034483,-6858.937304074567,3.0557958375241183,12.710360368851656,4.159425853437921,0.0,7.432000000000002
class2_2026_04_27_16_03_18.csv,99.869,background,0.6657933333333333,-17.252001,-17.15155588888889,0.27330039901033826,-17.039889055555555,-17.1137225,0.07383344444444617,0.2810005000000011,2.893915299130368,49.31086838650469,46.41695308737432,-805.6426332288465,377.74137931034784,-805.6426332288465,0.35689095786084346,0.279099230053329,0.7820272323484331,0.0,0.968001000000001
class2_2026_04_27_16_03_18.csv,169.107,background,1.12738,-21.23,-46.71444622222222,9.010112369258614,-38.320111999999995,-42.218279222222215,3.89816722222222,28.670002,-2387.9245531270763,850.3557438753477,3238.280297002424,-7.828930392861366e-09,44937.30721002747,-44937.30721003528,13.025678208327696,12.405395499039662,0.9523799335629678,0.6379999999999997,28.670002
class2_2026_04_27_16_03_18.csv,74.98100000000001,background,0.4998733333333334,-16.433001,-16.858778,0.26003981371448975,-16.983055666666665,-17.047500055555552,0.06444438888888726,0.5199990000000021,69.91636000096531,-9.337994837751904,-79.25435483871722,-313.4811912225705,968.6520376175504,-1561.1285266457671,0.2617877420772195,0.2592163267542023,0.9901736976823152,0.9569999999999995,0.9959999999999987
class2_2026_04_27_16_03_18.csv,171.02100000000002,background,1.1401400000000002,-20.812,-43.624779333333336,11.74669464271065,-40.87016794444444,-40.62994577777778,-0.24022216666666196,29.088002,-3896.8144006546186,1472.8831001170654,5369.697500771684,-7.945345714688301e-09,45592.479623820516,-45592.47962382843,12.797195410107019,13.137896727074889,1.026623043520594,0.6379999999999997,29.088002
class2_2026_04_27_16_03_18.csv,43.713,background,0.29142,-16.940001,-17.16077811111111,0.3820867343204345,-17.113778055555557,-17.034333333333336,-0.07944472222222032,0.43449950000000115,-54.10779969964364,39.19672551277782,93.30452521242145,733.5016232014095,733.5016232014095,-250.78213166144633,0.3269673844881971,0.370941755835962,1.1344881445238086,0.0,1.377001
class2_2026_04_27_16_03_33.csv,18.825000000000003,bend,0.12550000000000003,-14.816,-14.916444444444444,0.4405680956601147,-14.481888888888891,-20.269111444444448,5.787222555555557,0.1769999999999996,-22.316592417449044,-1692.7028362823048,-1670.3862438648557,-241.37931034482608,-7.836990595613315,-1374.6081504702197,0.07448257729823568,10.579149986224094,142.0333229144552,0.0,1.2199999999999989
class2_2026_04_27_16_03_33.csv,131.776,break,0.8785066666666668,-19.702999,-18.451333444444444,1.9802267851978812,-13.14155561111111,-32.47038972222222,19.328834111111114,2.3495005000000013,-2020.1659475521194,-6056.977593933917,-4036.811646381798,-2396.55329153558,-1649.5827992313025,-3352.6645768022317,3.1042117814111694,13.971356571727052,4.500772838573166,0.0,6.370000000000001
class2_2026_04_27_16_03_33.csv,127.62799999999999,connector,0.8508533333333332,-8.25,-11.121777777777778,2.834655486720576,-16.067111111111114,-15.55611116666667,-0.5109999444444444,8.5775005,1102.9923570772266,-2546.937167634547,-3649.929524711774,625.3918495299458,9258.620689655389,-2910.6583072099893,2.1808303310867347,4.0385048571054565,1.851818982760588,2.8709999999999845,8.847000000000001
class2_2026_04_27_16_03_33.csv,25.526,background,0.17017333333333334,-16.882999,-16.095888666666664,0.4100364827191199,-20.397222555555555,-16.265111000000005,-4.13211155555555,0.8834994999999992,2980.083206448707,5.11072925845818,-2974.972477190249,19.555765293174773,1700.6253918495313,-111.28369905956424,10.520775334637374,0.24517147833800831,0.02330355389562217,0.0,1.452999000000002
class2_2026_04_27_16_03_33.csv,122.52300000000001,background,0.8168200000000001,-17.271,-16.884333333333334,0.20992317695449125,-16.926222111111112,-14.711388888888889,-2.2148332222222233,0.22749900000000167,26.96987140441593,1102.9923570772266,1076.0224856728107,-178.68338557988318,426.330721003138,-239.81504702194434,0.2495223272138386,3.4073513768336396,13.655442218088007,0.0,0.6439990000000009
class2_2026_04_27_16_03_33.csv,24.567999999999998,background,0.16378666666666666,-15.43,-16.23055533333333,0.47227538440641004,-20.235000333333332,-16.286277666666663,-3.9487226666666686,0.8945000000000007,240.103742283203,-37.365436883845184,-277.4691791670482,-452.97805642633466,1700.6253918495313,-1594.2495045004398,10.595675062102803,0.29901483224341174,0.028220458089775698,1.2759999999999994,1.452999000000002
class2_2026_04_27_16_03_33.csv,189.527,background,1.2635133333333333,-49.900002,-33.621223,14.562140605352322,-43.784612555555555,-37.57489016666667,-6.209722388888885,29.655001000000002,3729.43170743533,-5588.65515602059,-9318.08686345592,45145.77115987855,45567.402821320706,-46553.93331076279,11.488366925866115,13.856873625474956,1.206165550658953,0.0,29.655001000000002
class2_2026_04_27_16_03_33.csv,161.13,background,1.0742,-19.733,-31.109223,13.380406047751947,-36.86661216666666,-33.48483422222222,-3.381777944444444,6.1850004999999975,1253.4306506251799,-1531.7603102002042,-2785.190960825384,5429.46551724209,45009.407523508016,-47283.70219436128,13.189943758511577,13.182769133349266,0.9994559776182778,0.9569999999999856,30.167002
class2_2026_04_27_16_03_55.csv,17.868,bend,0.11911999999999999,-14.403,-14.768111111111113,0.35639318002093145,-14.437333333333335,-19.336555555555556,4.899222222222221,0.22049999999999947,-42.35243566074274,-3639.535855924879,-3597.183420264136,-296.2382445141084,202.19435736677042,-1037.6175548589272,0.08879251720224567,7.908629075230473,89.06764057129226,0.9569999999999995,1.049999999999999
class2_2026_04_27_16_03_55.csv,131.457,break,0.8763799999999999,-18.593,-18.181000111111114,2.04716775190622,-13.376833333333332,-29.44633383333333,16.069500499999997,3.9509995,-1436.0990390438665,-6466.8066160367935,-5030.707576992927,-3492.1645768024864,-2578.3699059561004,-4012.537617554819,3.092211740917297,12.79643082819064,4.1382763413602035,0.0,6.289001000000001
class2_2026_04_27_16_03_55.csv,127.30900000000001,connector,0.8487266666666667,-9.299,-12.034889,3.3802205638934275,-16.70122261111111,-15.269444444444446,-1.431778166666664,8.4755,599.6432235238449,-2690.722089561166,-3290.3653130850107,4553.291536049976,9318.042091645799,-2620.689655172426,1.3706827997186959,4.298754368744822,3.1362115534064468,2.8709999999999845,8.854001
class2_2026_04_27_16_03_55.csv,54.242,background,0.36161333333333334,-17.084999,-16.939111333333333,0.2816959350568542,-16.986277888888893,-17.016666999999998,0.03038911111110565,0.5145009999999992,14.224370380895532,-45.582943897314586,-59.807314278210114,575.2335423197474,575.2335423197474,-336.99059561128524,0.28746858379132095,0.31319437982789206,1.0894870187562007,0.0,0.9699999999999989
class2_2026_04_27_16_03_55.csv,158.577,background,1.05718,-23.454,-31.443667333333337,13.137310647651207,-37.661501055555554,-33.41683422222222,-4.2446668333333335,6.837500500000001,1960.3130898232828,-388.529645515311,-2348.8427353385937,259.07133621435787,816.6144200703857,-1523.5109717854211,13.764646852827601,13.225627421297032,0.9608402309093698,0.0,29.969002
class2_2026_04_27_16_03_55.csv,61.899,background,0.41266,-17.094,-17.08355566666667,0.2518408194589944,-17.078055833333334,-17.0924445,0.014388666666665273,0.39099999999999824,-45.06077490958792,-71.8877966860719,-26.827021776483974,638.5546516647664,638.5546516647664,-269.5909090909081,0.324844329375412,0.26803758231143865,0.825123706801637,0.0,0.9420000000000002
class2_2026_04_27_16_03_55.csv,194.31300000000002,background,1.29542,-49.900002,-40.884445666666664,12.785481270272744,-36.76655638888888,-33.724824176470584,-3.041732212418296,4.132002,-1646.887226247751,3228.390968900903,4875.278195148654,6043.888714740831,38821.31974921969,-44865.20846394597,13.238963987260833,13.56102635589664,1.024326778486514,0.0,28.624003000000002
class2_2026_04_27_16_03_55.csv,185.06,background,1.2337333333333333,-21.778,-23.16511111111111,1.6130677810685554,-32.37688955555556,-34.41350055555556,2.0366110000000006,5.409000499999998,56.58746487362198,-2398.0464765743845,-2454.6339414480067,1465.5172413787077,44821.318181815375,-42718.67294179639,12.517914498532951,12.467810059353356,0.9959973016924849,1.596000000000014,4.738001000000001
class2_2026_04_27_16_04_06.csv,16.910999999999998,bend,0.11273999999999998,-14.953,-15.162222111111113,0.6486677737230091,-14.437944444444447,-19.133055666666664,4.695111222222216,0.6645000000000003,-58.908445299,-1018.4377094845162,-959.5292641855161,-1084.6394984326034,171.09171486600098,-1771.158307210033,0.12251733311487098,7.788782260398734,63.57238188260456,0.0,2.0869989999999987
class2_2026_04_27_16_04_06.csv,127.947,connector,0.8529800000000001,-8.75,-10.671111111111113,1.9790179632245464,-15.759999944444441,-18.121889111111113,2.3618891666666713,8.574500500000001,1655.0181544710993,-2639.6269352543277,-4294.645089725427,-2004.70219435744,9404.38871473378,-3288.401253918484,2.8540395623280554,8.627353411558282,3.022855920632363,2.8709999999999845,6.754
class2_2026_04_27_16_04_06.csv,131.776,break,0.8785066666666668,-19.656,-18.653333555555555,1.710770423154766,-13.348888888888888,-27.785000444444446,14.436111555555557,3.167000500000002,-2134.15815792346,-54.54413285863558,2079.614025064824,-2319.747648902656,-2319.747648902656,-44810.34639498878,3.258793697655108,11.909124128671785,3.654456703652148,0.0,5.647001000000001
class2_2026_04_27_16_04_06.csv,119.01299999999999,background,0.7934199999999999,-17.941,-17.23355577777778,0.43452535381897534,-17.141222388888885,-17.134500055555556,-0.006722333333328834,0.4650014999999996,46.78477279131347,-0.6967220587481417,-47.481494850061615,920.0626959247638,1172.4153605015708,-1289.9686520376126,0.389216109620512,0.3220544106036661,0.8274415554795889,0.0,1.3010009999999994
class2_2026_04_27_16_04_06.csv,153.15300000000002,background,1.02102,-49.900002,-35.09055633333334,13.495004324895179,-43.49855711111112,-39.18233455555555,-4.316222555555569,30.604002,4152.829559490705,-3061.3140075932915,-7214.1435670839965,-11130.092476482336,45536.053291532124,-47984.142769361875,11.990946336774597,13.594865810676374,1.1337607804333174,0.0,30.604002
class2_2026_04_27_16_04_06.csv,38.607,background,0.25738,-17.427,-16.997111,0.3729205037588816,-16.85750011111111,-17.007777666666666,0.15027755555555444,0.495001000000002,-32.09229578738712,-47.786236059279645,-15.693940271892522,308.7789968652032,329.1551724137971,-578.3699059561186,0.265750752691291,0.355470974922942,1.3376053829299588,0.0,1.0970000000000013
class2_2026_04_27_16_04_06.csv,89.658,background,0.59772,-17.264999,-17.10333333333333,0.21266944512396077,-16.907944611111112,-17.052444333333334,0.1444997222222213,0.20449899999999843,-69.1792087395674,-23.875919100162793,45.30328963940461,419.99515920190606,419.99515920190606,-708.462382445141,0.2010468078143714,0.2966496205055904,1.475517807085411,0.0,0.678999000000001
class2_2026_04_27_16_04_06.csv,174.21200000000002,background,1.1614133333333334,-22.479,-35.60866755555555,12.847777114545467,-33.92444538888889,-39.22027916666667,5.29583377777778,16.2445015,-1972.39615376879,1180.406960855997,3152.803114624787,5775.860501566742,42979.626959250265,-42979.62695924409,12.896615782589699,13.403194113131798,1.039279862236891,1.2759999999999994,27.421002
class2_2026_04_27_16_04_21.csv,20.101,bend,0.13400666666666666,-14.396,-15.177222444444446,1.101592338323041,-14.44411111111111,-17.74283327777778,3.2987221666666713,0.4085000000000001,21.480572319809262,232.9356197521938,211.45504743238453,-738.2445141065837,280.5642633228854,-10431.032915360509,0.09549862645253585,2.264229111047555,23.709298090007678,0.9569999999999995,3.2560010000000013
class2_2026_04_27_16_04_21.csv,131.138,break,0.8742533333333333,-17.597,-18.471111333333333,3.282510599364253,-13.806111222222222,-31.568445277777773,17.76233405555555,3.8609990000000014,-666.7181632012351,-695.2497616707061,-28.531598469470964,-2078.5604472204723,-2078.5604472204723,-47095.61285266736,3.0658908316918367,13.124976389276389,4.280965249199185,0.0,10.415000000000001
class2_2026_04_27_16_04_21.csv,127.62799999999999,connector,0.8508533333333332,-8.953,-11.76611111111111,2.7202569504631744,-16.82816677777778,-19.760444777777778,2.9322779999999966,8.4890005,1163.4705615588782,-3056.172754401774,-4219.643315960652,542.3197492164654,9335.423197492402,-2694.3573667711025,2.253032163050732,11.429346977625238,5.072871169880725,2.8709999999999845,8.352
class2_2026_04_27_16_04_21.csv,189.527,background,1.2635133333333333,-25.212999,-32.844556,12.206038713776026,-37.983945500000004,-36.22638972222222,-1.7575557777777817,27.758002,4847.629729465713,3650.899691364612,-1196.7300381011014,-42915.36363636667,10137.932601879897,-42915.36363636667,13.412640631857899,13.683098795801861,1.0201643472902138,2.232999999999985,27.758002
class2_2026_04_27_16_04_21.csv,84.23400000000001,background,0.5615600000000001,-17.32,-17.54033366666667,0.45262666539041296,-17.63816688888889,-17.50850011111111,-0.12966677777777846,0.506000499999999,7.95638067566361,-26.810574806965093,-34.7669554826287,487.4592476489015,487.4592476489015,-1108.1520376175577,0.39779848155356384,0.38884991577783895,0.9775023191564421,0.0,1.399000000000001
class2_2026_04_27_16_04_21.csv,28.397,background,0.18931333333333333,-17.445,-16.804889222222222,0.4426067280654908,-16.91266638888889,-17.31300011111111,0.40033372222221786,0.921999999999997,-9.692573833009508,-165.12265282956793,-155.43007899655842,-192.7915360501538,615.9874608150494,-1442.0062695924826,0.5864113818941575,0.39701230095732787,0.6770189600617696,0.0,1.3810009999999977
class2_2026_04_27_16_04_21.csv,181.54999999999998,background,1.2103333333333333,-49.900002,-37.52289011111111,13.840000119819136,-35.99839016666667,-42.06733477777777,6.068944611111107,28.193001,164.34079538541707,-1616.2483877442744,-1780.5891831296915,-43610.46266453162,43542.321316618356,-44068.968652041476,13.955459101210183,12.6387435638654,0.9056486473541207,0.0,28.193001
class2_2026_04_27_16_04_21.csv,167.192,background,1.1146133333333335,-22.106001,-33.842000999999996,14.372116736761917,-34.35100088888888,-34.359667555555546,0.008666666666663048,3.7560005000000025,-174.22707504856854,1468.4275638054164,1642.654638853985,44573.670846391295,45830.72413793519,-44643.42619982844,13.949893569502446,13.929895623742896,0.9985663729815369,0.0,29.747002000000002
class2_2026_04_27_16_04_48.csv,20.740000000000002,bend,0.13826666666666668,-14.511,-15.05000011111111,1.0092994351419589,-14.46361111111111,-16.346222222222224,1.882611111111114,0.32450000000000045,15.400820324175248,-79.17632367486746,-94.5771439990427,185.96979385893792,185.96979385893792,-3435.7366771159905,0.09710998283097431,0.8166878620077807,8.409840351726846,0.0,2.8310010000000005
class2_2026_04_27_16_04_48.csv,131.776,break,0.8785066666666668,-18.521,-21.81266711111111,10.03734675938191,-13.349722333333334,-35.82466766666666,22.47494533333333,3.0649995000000025,-2138.2190611332876,-4217.671900169655,-2079.452839036367,-2727.272727272859,-1459.2476489028413,-47177.11755485498,3.2319588648563515,14.159575201706405,4.381111088561041,0.0,34.197002
class2_2026_04_27_16_04_48.csv,127.947,connector,0.8529800000000001,-8.756,-10.696333333333333,2.031977362078623,-15.943500055555555,-18.039444555555555,2.0959445,8.840500500000003,1661.3559431531414,-2504.181106233938,-4165.53704938708,-2015.6739811912994,9771.159874608424,-3335.4231974921677,2.9310036854767096,8.60707573878955,2.9365615761169153,2.8709999999999845,6.994
class2_2026_04_27_16_04_48.csv,168.469,background,1.1231266666666666,-25.511,-35.06977866666667,13.32889346619725,-39.43994566666666,-38.671501111111105,-0.7684445555555541,28.862002,1848.7787553944108,158.33204599812345,-1690.4467093962874,-6.664777174592018e-09,258.7284678614087,-44702.199059557264,13.153773196393555,12.793112472950309,0.972581122493183,0.6379999999999997,28.862002
class2_2026_04_27_16_04_48.csv,181.231,background,1.2082066666666667,-49.900002,-41.59944577777778,11.779525784812504,-35.164000888888886,-36.37661216666666,1.2126112777777749,4.185500499999996,-241.47812730799043,905.5897037936356,1147.067831101626,-37183.38871473033,37183.38871473033,-37183.38871473033,13.329298067919622,13.592745194393174,1.019764439610152,0.0,27.300002
class2_2026_04_27_16_04_48.csv,182.508,background,1.21672,-22.6,-40.932001444444445,12.716051525541367,-38.18733449999999,-36.34939,-1.8379444999999919,28.629002,-4094.2697764722784,-1485.7074683244575,2608.5623081478207,38844.82915360098,42789.97178683017,-42789.971786830836,13.228043017678644,13.620770102046036,1.0296889006297933,0.9570000000000134,28.629002
class2_2026_04_27_16_04_48.csv,180.59300000000002,background,1.2039533333333334,-26.218,-41.65722366666666,11.687105640680265,-37.79761222222222,-38.22911227777777,0.4315000555555528,26.780001000000002,-1984.6559050406345,3218.1760386644028,5202.831943705038,37183.38871473033,37183.38871473033,-37183.38871473033,13.635573064849646,13.122826546778729,0.9623963380175757,0.9570000000000134,26.780001000000002
class2_2026_04_27_16_04_48.csv,138.157,background,0.9210466666666668,-49.900002,-37.483445777777774,13.90265495725971,-37.49289,-40.28861261111111,2.7957226111111098,29.053002,109.19477308800988,-2141.91203861918,-2251.1068117071895,45490.597178687356,45490.597178687356,-45490.59717868688,13.949150323427197,13.62080952995736,0.9764615218620221,0.0,29.053002
class2_2026_04_27_16_05_17.csv,22.973,bend,0.15315333333333334,-14.805,-15.18,0.2794343492764546,-14.744055555555555,-16.005889111111106,1.261833555555551,0.4035000000000011,-221.8973144107996,-355.6616835835536,-133.76436917275402,258.6206896551703,725.7053291536067,-757.0532915360491,0.3823100068766508,0.5807245460376669,1.5189846370942506,1.2759999999999994,0.9250000000000007
class2_2026_04_27_16_05_17.csv,131.138,break,0.8742533333333333,-17.34,-17.516333333333332,2.5772752168823567,-13.387999944444447,-30.71594505555555,17.327945111111106,3.857498999999999,-603.6668655789007,-247.55335063880182,356.11351494009887,-1535.0849681859872,-1535.0849681859872,-44768.02978056803,3.1790020228052964,13.637403531581993,4.289836604039379,0.0,8.009001
class2_2026_04_27_16_05_17.csv,127.62799999999999,connector,0.8508533333333332,-8.463,-11.375666555555556,2.9485684159404513,-16.406889,-17.576722333333333,1.169833333333333,8.547000500000001,1058.4747622191617,-2799.488313224652,-3857.9630754438135,658.3072100315003,9851.881387316156,-2733.542319749233,2.2547113069234483,8.859784805758332,3.9294524532256156,2.8709999999999845,9.246999
class2_2026_04_27_16_05_17.csv,194.95100000000002,background,1.2996733333333335,-49.900002,-36.25444533333334,12.863639579066442,-39.14516788888889,-38.12913426666667,-1.0160336222222242,29.459002,-376.1068920942898,-1703.6087893052995,-1327.5018972110097,-17294.669278991532,39327.58934168819,-17294.669278991532,13.508773107093297,13.063234539264828,0.96701850484016,0.0,29.459002
class2_2026_04_27_16_05_17.csv,177.403,background,1.1826866666666667,-30.516001,-47.746224111111104,6.09180380161192,-36.304334555555556,-34.42088994444444,-1.8834446111111163,-5.6630015,-2106.28091133024,5771.921683796787,7878.202595127027,-189.89029193337774,30240.103281491785,-30382.44670846661,13.658651909612594,13.895481991700311,1.0173391244110936,0.0,19.384001
class2_2026_04_27_16_05_17.csv,151.558,background,1.0103866666666665,-20.601,-35.27500088888888,13.259508187033228,-41.48389011111111,-39.04138988888889,-2.442500222222222,29.299002,2767.29860630484,-210.86630049964006,-2978.1649068044803,45322.88871473762,45322.88871473762,-45923.200626963175,11.957099402964408,13.631107472688688,1.1400010883331932,0.9569999999999856,29.299002
class2_2026_04_27_16_05_17.csv,172.617,background,1.15078,-49.900002,-34.90511211111111,13.487869057848073,-34.511111944444444,-39.62516816666667,5.114056222222224,29.693001,3113.142062557505,-2440.122365278707,-5553.264427836212,-45001.34154440904,39851.10031347632,-45001.34154440904,13.811301428674012,13.044201628103254,0.9444584748953032,0.0,29.693001
class2_2026_04_27_16_05_17.csv,160.492,background,1.0699466666666666,-22.555,-34.92122311111112,13.46343812452414,-38.09138983333334,-38.96889011111111,0.8775002777777701,29.971001,2345.8198117438665,4861.677144149981,2515.857332406115,-38500.003134792154,38500.0031348,-42860.50470219066,13.30317475698227,13.756993287433215,1.0341134732594024,1.2759999999999994,29.971001
class2_2026_04_27_16_05_29.csv,23.611,bend,0.15740666666666667,-15.621,-15.658333444444445,0.5314338446687025,-14.826500000000001,-16.9833335,2.1568334999999994,1.2135000000000016,-323.57549003957456,-238.07415928986336,85.5013307497112,-467.08463949842917,1794.6708463949872,-1716.3009404388758,0.5086844961925485,0.657548461670169,1.29264244133525,0.0,1.636001000000002
class2_2026_04_27_16_05_29.csv,127.30900000000001,connector,0.8487266666666667,-10.158,-13.007777777777777,3.556177847251762,-17.967388944444444,-16.032333388888887,-1.9350555555555573,8.9825005,632.3203427190916,-2706.662192024554,-3338.9825347436454,4572.100313479452,9865.559419458845,-2641.065830721025,1.5764527764186793,4.186740389911798,2.6557964797566456,2.8709999999999845,9.405001000000002
class2_2026_04_27_16_05_29.csv,131.457,break,0.8763799999999999,-20.393,-19.23322233333333,2.279219184504397,-14.319500000000001,-34.31305661111111,19.993556611111106,3.625001000000001,-1438.191125767662,-6255.422322900547,-4817.231197132885,-1468.6520376179797,-1468.6520376179797,-3656.7366771162197,3.2091172930158782,14.029206561480452,4.371670122604308,0.0,7.023001000000001
class2_2026_04_27_16_05_29.csv,191.123,background,1.2741533333333332,-49.900002,-37.09389,14.331356162667781,-34.53155622222223,-32.58577855555556,-1.9457776666666717,5.210500999999997,-1400.1794334976125,2594.8087284001363,3994.988161897749,0.0,45764.893416924315,0.0,13.775908973540929,12.430493472647,0.9023355623346815,0.0,30.166003
class2_2026_04_27_16_05_29.csv,189.84599999999998,background,1.2656399999999999,-49.900002,-34.095778666666675,14.143839390833028,-34.922056277777784,-33.84083427777777,-1.081222000000011,5.804999999999996,2702.688293949028,1187.079052365436,-1515.609241583592,43565.833855795616,43565.833855795616,-45836.51296843721,13.477575280279929,12.978060527092307,0.9629372713016285,0.0,29.198002
class2_2026_04_27_16_05_29.csv,173.255,background,1.1550333333333334,-24.771999,-40.63911233333334,13.152241342086722,-42.40555711111111,-40.195779111111115,-2.209777999999993,30.230002,2239.5419055116267,920.1640629060582,-1319.3778426055685,47382.44827586484,47382.44827586484,-47382.448275866205,12.197818095962319,12.702555019093586,1.0413791940313613,0.9569999999999856,30.230002
class2_2026_04_27_16_05_29.csv,151.558,background,1.0103866666666665,-49.900002,-38.17266766666666,13.15163009823841,-35.197112,-37.74427872222222,2.5471667222222223,16.708501000000002,-134.06053932156402,512.9372935518019,646.997832873366,1.4551915228366852e-11,40178.68495297374,-3200.626959240675,13.20682420868983,13.64423032834696,1.0331196266131641,0.0,28.740002
class2_2026_04_27_16_05_29.csv,82.001,background,0.5466733333333333,-18.826,-18.051000444444444,0.4231122133800419,-18.080833444444448,-18.009111333333337,-0.07172211111111082,0.609000499999997,56.721505316436314,-59.04360980352074,-115.76511511995704,-1300.940438871472,1629.0523103638297,-1371.4733542319736,0.3887680540058166,0.38117771496129094,0.9804733968243984,0.0,1.4130000000000003
class2_2026_04_27_16_05_41.csv,19.782,bend,0.13188,-14.427,-14.486444444444446,0.14678942673935727,-14.467166666666666,-15.655666611111108,1.1884999444444428,0.3310000000000013,13.45983088986753,-392.8462516532189,-406.30608254308646,-297.8056426332296,343.2601880877737,-471.0067374816681,0.09001126472713165,0.8012380733498311,8.90143221902871,0.0,0.5449999999999999
class2_2026_04_27_16_05_41.csv,131.138,break,0.8742533333333333,-17.367001,-17.401778,2.4219477779132417,-13.298777722222221,-26.457444999999996,13.158667277777775,3.9295005000000014,-587.9466715572428,-2931.4831879892063,-2343.5365164319637,-2585.471166865311,-2326.018808777473,-46379.31504702565,3.0872842772741014,10.643205605433533,3.4474318534084034,0.0,7.750998999999998
class2_2026_04_27_16_05_41.csv,127.62799999999999,connector,0.8508533333333332,-8.434,-11.33199988888889,2.8836190567487487,-16.36833333333333,-17.561222555555553,1.1928892222222238,8.5634995,1073.6151816363115,-2741.0638845231083,-3814.6790661594196,609.7178683387137,9417.559201151467,-2774.294670846346,2.25603830867797,8.860155782767826,3.927305587578543,2.8709999999999845,9.007999
class2_2026_04_27_16_05_41.csv,150.92,background,1.0061333333333333,-49.900002,-28.39366711111111,11.554742204704791,-38.1033345,-34.544612,-3.558722500000002,17.879502000000006,1911.129513558004,-2949.406785635173,-4860.536299193177,2114.4184952903015,46286.838557990646,-46136.366771156776,13.249550567254094,13.795975177549758,1.0412409135148495,0.0,29.531003000000002
class2_2026_04_27_16_05_41.csv,143.581,background,0.9572066666666665,-22.705999,-35.169333888888886,13.21298077540367,-40.766834555555555,-38.327278944444444,-2.4395556111111105,28.365002,-1723.422116077891,-4129.6020568911445,-2406.179940813254,-3763.324451410248,42623.82915360141,-44528.827076001544,12.952987227640149,12.994269567380382,1.0031870128355513,1.9140000000000268,28.365002
class2_2026_04_27_16_05_41.csv,157.62,background,1.0508,-22.764999,-41.25689,12.277014589490785,-37.624612166666665,-37.993334499999996,0.3687223333333307,27.527003,-2573.5091511152814,-358.7227845921529,2214.7863665231284,-7.4069248512387276e-09,42531.35266457314,-42531.352664580525,13.785163016894847,13.413925083132451,0.9730696759713986,0.6379999999999997,27.527003
class2_2026_04_27_16_05_41.csv,176.126,background,1.1741733333333333,-22.35,-34.06144555555556,14.172978399261275,-34.236834277777774,-42.523834833333325,8.28700055555555,29.139002,1340.2602066365268,3611.3103411318903,2271.0501344953636,-45534.484326022386,45534.48432601484,-45534.484326022386,14.020034137443947,11.97917496820817,0.8544325924130419,1.2759999999999994,29.139002
class2_2026_04_27_16_05_41.csv,148.048,background,0.9869866666666667,-49.900002,-41.61444588888889,11.755604343870644,-38.170500999999994,-33.156167555555555,-5.014333444444439,3.394999000000002,-4547.394716358991,3094.549013822494,7641.943730181485,-1.4551915228366852e-11,6.359186954796314e-09,-42337.811212571585,13.161059202836107,13.411563774649192,1.0190336924193315,0.0,27.120001000000002
class2_2026_04_27_16_06_07.csv,21.378,bend,0.14252,-14.807,-15.226111,0.7518157900201057,-14.48511111111111,-15.817722222222223,1.3326111111111132,0.6070000000000011,-31.245883532040178,75.21000715871222,106.4558906907524,-1032.9153605015672,-23.510971786836308,-2263.3213166144196,0.14063502364824793,0.365994182491191,2.602421292901441,0.0,2.219000000000001
class2_2026_04_27_16_06_07.csv,131.776,break,0.8785066666666668,-18.223,-18.168888777777777,1.9746333218732464,-12.686777611111113,-32.68727866666667,20.00050105555556,3.2724999999999973,-2120.321405418722,-6458.199026504074,-4337.877621085352,-2493.733542319791,-2225.706896551739,-45717.87147335815,3.219062691424497,13.866557531930798,4.307636897297482,0.0,5.978999999999999
class2_2026_04_27_16_06_07.csv,127.62799999999999,connector,0.8508533333333332,-7.711,-10.625888777777778,2.9039717371724523,-15.581222055555555,-16.779888944444444,1.198666888888889,8.621499499999997,1097.6642100895212,-2606.840838061814,-3704.5050481513354,589.3416927901308,9579.937304075484,-2695.9247648902237,2.2044348950399075,8.942527853508658,4.056605988692979,2.8709999999999845,9.032998999999998
class2_2026_04_27_16_06_07.csv,167.83,background,1.1188666666666667,-49.900002,-40.56811244444444,13.201060104123922,-40.49877905555556,-35.934389833333334,-4.564389222222225,28.615002,1442.0990591016798,2545.5609561707615,1103.4618970690817,1807.5824681135855,42766.46081505076,-44851.10031347575,13.303929769665288,14.013554808221656,1.0533394265831872,0.0,28.615002
class2_2026_04_27_16_06_07.csv,153.791,background,1.0252733333333333,-49.900002,-30.96455633333333,13.403048142594919,-34.65777877777778,-33.165056388888885,-1.4927223888888932,4.567501,2901.9998027673555,-1206.3591356919037,-4108.35893845926,815.7084958602936,1228.8369906032458,-2286.8322883935252,13.729201146010586,13.402164162363228,0.976179389000956,0.0,29.625002000000002
class2_2026_04_27_16_06_07.csv,106.25,background,0.7083333333333334,-16.393,-16.392555666666667,0.18940251879000977,-16.325055777777777,-16.41983327777778,0.09477750000000285,0.36949949999999987,-74.42977933416857,-25.12568533248731,49.304094001681264,-253.9153605015672,90.91065830720981,-594.0438871473343,0.20304771989870213,0.2365640443790614,1.1650605061537918,0.0,0.7419989999999999
class2_2026_04_27_16_06_07.csv,149.005,background,0.9933666666666666,-22.274,-40.731445888888885,13.016291443779526,-34.97344544444444,-33.04383427777778,-1.9296111666666533,5.404000999999997,-3009.1693401727875,2305.433231607413,5314.6025717802,7.552444003522396e-09,43300.943573671495,-43368.707178630655,13.469423336539485,13.548998842841335,1.0059077882108134,0.6379999999999997,29.861002
class2_2026_04_27_16_06_07.csv,164.959,background,1.0997266666666667,-49.900002,-40.451556777777775,13.371116325921879,-37.46755650000001,-40.44039033333334,2.9728338333333326,29.498002,1480.650080828222,982.377185928563,-498.2728948996589,-43984.33072100698,46235.112852668615,-43984.33072100698,13.918981857859478,13.386995668594803,0.9617797367309578,0.0,29.498002
class2_2026_04_27_16_06_20.csv,23.611,bend,0.15740666666666667,-14.652,-14.863888888888889,0.19840499794580904,-14.718555555555557,-15.589388888888891,0.8708333333333336,0.46800000000000175,-139.54187996611662,-247.3645195499443,-107.82263958382768,-95.61128526645916,1105.01567398119,-636.3636363636324,0.33235877906968453,0.38448755779448235,1.1568414170652954,2.2329999999999988,0.5190000000000001
class2_2026_04_27_16_06_20.csv,127.62799999999999,connector,0.8508533333333332,-7.713,-10.62388888888889,2.906623793431687,-15.520277777777775,-15.280055666666666,-0.24022211111110892,8.458000499999997,1150.1051426272636,-2551.416279974379,-3701.5214226016424,628.5266457681864,9554.666796056965,-2835.4231974921186,2.1841924268748634,4.428056049054496,2.02731864063438,2.8709999999999845,9.050999999999998
class2_2026_04_27_16_06_20.csv,132.095,break,0.8806333333333334,-19.381001,-19.041000222222223,2.4639955072109916,-12.747333333333335,-30.06372277777778,17.316389444444447,2.490502000000003,-2431.1049529945153,-3948.2483682251454,-1517.1434152306301,-490.5956112854801,-490.5956112854801,-7478.054858935004,3.3059103861955585,12.472147972757998,3.772680666770969,0.0,8.064001000000001
class2_2026_04_27_16_06_20.csv,170.383,background,1.1358866666666667,-49.900002,-44.570556999999994,10.133260970562832,-35.82216744444444,-42.487446,6.66527855555556,27.820002000000002,-3525.2600947655583,393.7087993320892,3918.9688940976475,-43605.01880877367,43605.01880878124,-43605.01880877367,12.799904394094682,12.002584863847657,0.9377088731753539,0.0,27.820002000000002
class2_2026_04_27_16_06_20.csv,137.519,background,0.9167933333333333,-27.561001,-34.81777866666667,13.644811590007073,-27.860500499999993,-43.72805705555556,15.867556555555566,18.233501000000004,-4903.912438361608,-2358.855950982787,2545.056487378821,-6.097252480685711e-09,41308.78056425911,-43689.659874612706,11.931549681730871,11.579626941739486,0.9705047776790457,0.6379999999999997,30.494002000000002
class2_2026_04_27_16_06_20.csv,111.67399999999999,background,0.7444933333333332,-16.617001,-16.492333888888894,0.19345654024408165,-16.470222166666666,-16.381055944444444,-0.08916622222222159,0.4140000000000015,25.30882524071712,74.84627848259431,49.537453241877195,-266.45768025078723,164.5752351097144,-734.269044852972,0.27722746652889163,0.2294903618979514,0.8278022988452193,0.0,0.7510010000000023
class2_2026_04_27_16_06_20.csv,188.57,background,1.2571333333333332,-21.357,-40.98000122222223,12.640499834131084,-36.62705655555555,-36.46388983333334,-0.16316672222220774,17.693500999999998,-3441.295502607561,1600.0908193100538,5041.386321917615,-2299.3714733535016,44738.24764889949,-44738.247648905824,13.369101206959078,13.453091440734156,1.0062823391185804,1.2759999999999994,28.543002
class2_2026_04_27_16_06_20.csv,184.74099999999999,background,1.2316066666666665,-49.900002,-35.40300088888888,13.088702773579675,-32.337445111111116,-40.84105677777777,8.503611666666657,17.657501,3465.386337951242,897.8950381876555,-2567.4912997635865,6399.686520369709,6399.686520369709,-40410.66144200981,12.604498207742694,12.841076302315557,1.0187692577605574,0.0,28.234002
class2_2026_04_27_16_06_34.csv,24.887,bend,0.16591333333333333,-14.188,-14.447444444444443,0.26251353874551203,-14.699277777777777,-15.537777833333333,0.8385000555555564,0.8500000000000014,94.75471261228235,-339.89410348405096,-434.6488160963333,-504.7021943573636,496.86520376175395,-1059.561128526646,0.4117641997221706,0.5267133028696024,1.279159344269478,2.553,0.8870000000000005
class2_2026_04_27_16_06_34.csv,131.457,break,0.8763799999999999,-17.284,-17.89133355555556,2.9279411351222406,-12.6490555,-34.570001000000005,21.920945500000006,3.763500500000001,-1397.018761876898,-5934.120452410239,-4537.101690533341,-4742.948275861876,-1887.2180860326953,-10550.158307210517,3.016775227517664,13.863119232557736,4.595342241862241,0.0,10.374
class2_2026_04_27_16_06_34.csv,127.30900000000001,connector,0.8487266666666667,-8.595,-11.281555444444445,3.247442112448473,-16.14494433333333,-15.024444611111111,-1.1204997222222204,8.6385005,668.0547073124321,-2655.823094301071,-3323.877801613503,4608.150470219238,9470.21943573691,-2600.313479623841,1.3854206992468228,5.106051940142427,3.685557937282421,2.8709999999999845,8.407
class2_2026_04_27_16_06_34.csv,175.807,background,1.1720466666666667,-49.900002,-34.91966733333334,13.426275116113073,-37.42405666666666,-36.27872316666666,-1.1453334999999996,28.285002000000002,174.54712981031483,162.79936780880232,-11.747762001512513,39804.079937300645,43714.736677112094,-40247.439899277044,13.966078089655197,13.65710352422378,0.9778767137542363,0.0,28.285002000000002
class2_2026_04_27_16_06_34.csv,151.877,background,1.0125133333333334,-22.281,-30.859556111111107,13.53794166349063,-39.292945777777774,-36.412889777777785,-2.880055999999989,31.361002,5300.253383229053,2269.6192883012363,-3030.6340949278165,-43548.59404389093,47335.42476488586,-43548.59404389093,13.544519637286529,13.546313895097812,1.00013239728886,1.913999999999999,31.361002
class2_2026_04_27_16_06_34.csv,160.811,background,1.0720733333333334,-49.900002,-35.375445444444445,13.202261018015193,-30.67311172222222,-38.68950105555555,8.016389333333333,7.109500999999998,-1322.186446477606,2312.5640346654286,3634.7504811430344,-34152.04075234815,-5824.451410658417,-47445.14576802922,12.063383447849658,14.154998504625352,1.1733853435425026,0.0,30.270003
class2_2026_04_27_16_06_34.csv,184.422,background,1.22948,-49.900002,-41.14266788888889,12.478149527426575,-37.639723333333336,-40.75327905555555,3.113555722222216,29.463002,608.1319288727946,-326.8834321869395,-935.015361059734,-1.4551915228366852e-11,46180.25391849759,-41307.21316614064,13.77660972306613,12.986462730804543,0.9426456907184985,0.0,29.463002
class2_2026_04_27_16_06_34.csv,171.659,background,1.1443933333333334,-21.278,-40.812667999999995,12.8682379311924,-41.497001499999996,-36.08011194444444,-5.4168895555555565,28.622002000000002,404.7183342933443,-494.9628789334405,-899.6812132267848,2341.695924764339,44862.07210031666,-44862.07210030995,12.094905038568955,13.849025580352162,1.1450296129783537,1.2759999999999994,28.622002000000002
class2_2026_04_27_16_06_59.csv,25.845,bend,0.17229999999999998,-14.314,-14.568777777777777,0.3476843324938993,-14.682111111111112,-15.690333333333335,1.0082222222222228,0.9959999999999987,241.67517819849695,-308.9481032835488,-550.6232814820457,-227.27272727272793,319.7108132073554,-810.3448275862065,0.44380186881696654,0.49016538943526206,1.1044664734635061,2.8719999999999994,1.1559999999999988
class2_2026_04_27_16_06_59.csv,131.776,break,0.8785066666666668,-18.23,-18.376666555555556,2.1423541345740365,-12.837222055555555,-33.218778611111105,20.381556555555548,3.1579995000000007,-2079.9621489359533,-5914.675024391926,-3834.7128754559726,-2746.0830721003404,-2012.5407523510585,-4992.164576802337,3.16136439792525,13.602249569394772,4.302650234079773,0.0,6.2510010000000005
class2_2026_04_27_16_06_59.csv,127.30900000000001,connector,0.8487266666666667,-8.689,-11.445555444444445,3.381287282469902,-16.21855561111111,-14.64333327777778,-1.5752223333333308,8.5300005,600.8839602540338,-2584.174707370895,-3185.0586676249286,4623.824451410466,9556.186105822297,-2606.5830721003404,1.3866742336601283,4.300136869105135,3.1010410835383038,2.8709999999999845,9.050999000000001
class2_2026_04_27_16_06_59.csv,163.683,background,1.0912199999999999,-22.367001,-29.707889444444447,11.172136849134041,-37.34888977777778,-36.355945333333324,-0.9929444444444542,19.243001000000003,407.50839560676434,-3364.6600943025824,-3772.1684899093466,-30065.833855794488,37583.07366771622,-43155.1739811875,12.8123520281913,13.589739331823209,1.0606747489646444,0.6379999999999997,28.834002
class2_2026_04_27_16_06_59.csv,137.2,background,0.9146666666666666,-24.768999,-34.08233433333333,14.22240696770811,-31.05250072222223,-32.758223,1.7057222777777703,2.943498499999997,-3712.139168269157,146.608931766907,3858.748100036064,-44329.15673980894,44329.15673981575,-47967.08620690066,13.682295685176978,13.793706959179518,1.0081426588361615,0.0,30.603001
class2_2026_04_27_16_06_59.csv,177.403,background,1.1826866666666667,-49.900002,-37.65144522222222,11.526645289521413,-33.719556222222224,-32.592166999999996,-1.1273892222222273,4.156000000000002,-864.7113972234187,1705.980297877363,2570.6916951007815,-28517.80281200837,45084.642633231895,-28517.80281200837,13.126031805570213,12.646437781433487,0.9634623018820125,0.0,28.764002
class2_2026_04_27_16_06_59.csv,171.97799999999998,background,1.1465199999999998,-49.900002,-38.15588966666667,13.190550697064515,-38.19627877777778,-35.03827855555555,-3.1580002222222276,19.106002500000002,2161.002789370857,493.50836695877496,-1667.494422412082,-37205.33228840451,40065.835423200995,-37205.33228840451,13.12782487014834,13.488002006432232,1.0274360842264756,0.0,28.246003
class2_2026_04_27_16_06_59.csv,176.764,background,1.1784266666666667,-21.136,-38.89000122222222,12.585398645785292,-34.91300066666667,-34.46866716666666,-0.44433350000000615,5.919999499999999,707.8788348429879,-112.26951978773315,-820.1483546307211,-11283.700626961137,45084.642633231895,-44976.12238461788,13.463319810779765,12.830576914118591,0.9530023903051801,0.6379999999999997,28.764002
class2_2026_04_27_16_07_23.csv,24.567999999999998,bend,0.16378666666666666,-14.087,-14.483444444444444,0.3411308354775046,-14.71722222222222,-15.559888944444445,0.8426667222222246,1.0070000000000014,61.74828184722029,-329.8326275693505,-391.5809094165708,-396.55172413793116,727.2727272727279,-927.8996865203771,0.4065373504168474,0.5051991178404007,1.2426850193158672,1.913999999999999,1.1210000000000004
class2_2026_04_27_16_07_23.csv,131.457,break,0.8763799999999999,-17.528999,-18.128222333333333,2.798245096268453,-12.679944444444445,-31.940834000000002,19.260889555555558,4.399000000000001,-1419.239985645669,-3609.075420450619,-2189.8354348049497,-5177.114420062524,-2013.0183384507363,-10739.810344827183,3.090651281386484,12.955384450258556,4.19179618758235,0.0,8.762000999999998
class2_2026_04_27_16_07_23.csv,127.62799999999999,connector,0.8508533333333332,-7.822,-10.712666555555554,2.8987420192086817,-15.66505538888889,-15.875666722222222,0.2106113333333326,8.5885,1117.3406379056617,-2888.3987770308595,-4005.739414936521,526.6457680252352,9578.597507355811,-2768.0250783698484,2.2084556305102327,5.114871746978346,2.316039027579467,2.8709999999999845,9.067999
class2_2026_04_27_16_07_23.csv,155.70600000000002,background,1.03804,-49.900002,-40.54244577777778,13.249755872399081,-29.817278166666668,-38.989390111111106,9.172111944444438,4.427999500000002,-527.4008914251405,3925.8195547409664,4453.220446166107,-41697.49373040392,7871.47178683347,-41697.49373040392,12.531625472732863,13.734073498599276,1.0959529897003217,0.0,29.362002
class2_2026_04_27_16_07_23.csv,103.378,background,0.6891866666666666,-16.518,-16.52555566666667,0.18051527024172892,-16.475166833333333,-16.441388722222225,-0.033778111111107734,0.31699899999999914,-28.18727560934136,-4.983868896933206,23.203406712408153,-472.16602952791436,136.36363636363603,-503.13322884012814,0.24546544868932155,0.2100901473335791,0.8558813167965085,0.0,0.7129989999999999
class2_2026_04_27_16_07_23.csv,178.998,background,1.19332,-29.034,-38.465001,12.943581562002981,-34.51416755555555,-36.342001,1.827833444444451,3.6995000000000005,2895.6251748393306,5024.053660332542,2128.428485493211,-43134.800940436944,32705.332288396603,-43134.800940436944,13.808579629404095,13.605436170630924,0.9852885344102208,0.0,28.879002
class2_2026_04_27_16_07_23.csv,188.889,background,1.25926,-49.900002,-43.69744588888889,11.605572906920752,-34.79138994444444,-34.46794533333334,-0.3234446111110998,3.1854999999999976,-1347.1659196849955,1224.934578255232,2572.100497940228,-1.4551915228366852e-11,44399.689655168586,-1.4551915228366852e-11,13.565508909680165,13.850473314351724,1.0210064646717196,0.0,28.327002
class2_2026_04_27_16_07_23.csv,173.893,background,1.1592866666666666,-49.900002,-43.59000155555556,11.854357842301456,-38.29705655555555,-34.805000888888884,-3.4920556666666656,20.256000999999998,-1299.0124886721667,2895.6251748393306,4194.6376635114975,7191.222570525177,40910.66144200275,-48101.88401254339,13.014723805108133,13.633860203882138,1.0475719162752486,0.0,30.689002000000002
class2_2026_04_27_16_07_33.csv,33.501999999999995,bend,0.22334666666666664,-14.708,-14.807,0.3193075842089149,-14.435777777777778,-15.788833166666668,1.3530553888888903,0.27199999999999847,-59.2169954908856,-306.640772216762,-247.4237767258764,81.50470219435738,115.98746081504578,-1058.074691180871,0.13295887231920644,0.463237069316595,3.4840366588534923,0.0,1.0879999999999992
class2_2026_04_27_16_07_33.csv,127.62799999999999,connector,0.8508533333333332,-7.706,-10.533111111111111,2.792509959972069,-15.520777833333334,-15.210166500000001,-0.31061133333333224,8.566500000000001,1112.3812878276342,-2631.658791143352,-3744.0400789709865,606.5830721004659,9495.297805642878,-2824.4514106582537,2.200945423948012,4.2793629503246455,1.944328541468271,2.8709999999999845,8.568999999999999
class2_2026_04_27_16_07_33.csv,132.095,break,0.8806333333333334,-18.68,-18.92755522222222,2.0230047156960898,-12.720222111111113,-31.004389499999995,18.284167388888882,3.243499999999999,-2475.4043579979198,-5156.865812089175,-2681.4614540912553,-1976.4874608148857,-1976.4874608148857,-3978.056426332303,3.325847433729416,13.45674359048537,4.0461084919001395,0.0,5.781000000000001
class2_2026_04_27_16_07_33.csv,178.998,background,1.19332,-22.101,-37.517001111111114,13.866340772051856,-33.066056277777776,-41.89339033333333,8.827334055555554,29.081002,673.4353209918276,-1003.0099103847695,-1676.445231376597,816.6144200624258,43572.10344827188,-45581.507836994584,13.457908792856138,12.914106174884827,0.9595922675704085,1.2759999999999994,29.081002
class2_2026_04_27_16_07_33.csv,22.016000000000002,background,0.14677333333333334,-15.438,-14.89488888888889,0.31944620289371095,-14.540333333333333,-14.385,-0.1553333333333331,-0.13299999999999912,-99.78346835582427,138.80661217321696,238.59008052904124,-152.03761755485903,-152.03761755485903,-152.03761755485903,0.20361428677226392,0.3019109508153394,1.482751887646901,0.0,0.8670000000000009
class2_2026_04_27_16_07_33.csv,159.535,background,1.0635666666666665,-22.076,-31.86377855555556,12.821823936080747,-36.12172338888889,-33.289056499999994,-2.8326668888888946,3.9255014999999993,-3471.027411175068,-1873.0486529488712,1597.978758226197,4816.614420062622,43611.28840125725,-5931.036050155875,13.812797486861383,13.329793804462103,0.9650320908642294,0.9570000000000134,29.083003
class2_2026_04_27_16_07_33.csv,139.75199999999998,background,0.9316799999999998,-49.900002,-40.41255711111111,13.429576580926275,-34.346167611111106,-38.880834388888886,4.53466677777778,29.595002,774.7217320520181,1962.5295185103105,1187.8077864582924,1.4551915228366852e-11,42589.34326018401,-46387.150470215434,13.99789270672624,13.84180415765622,0.9888490688427635,0.0,29.595002
class2_2026_04_27_16_07_33.csv,144.21900000000002,background,0.9614600000000002,-23.292999,-34.38333399999999,13.923359902903451,-40.41027916666666,-36.74405638888888,-3.666222777777783,30.221001,2750.426530354092,-299.20302642172317,-3049.629556775815,-40920.067398122854,47368.34012539599,-43719.44673730276,13.44534989934612,13.326205749047011,0.9911385614855985,1.2759999999999994,30.221001
class2_2026_04_27_16_07_48.csv,24.249,bend,0.16166,-14.385,-14.81411111111111,0.36276452247350754,-14.71388888888889,-15.617777777777778,0.9038888888888881,0.827,-87.05463381984184,-197.74452699620807,-110.68989317636623,-467.0846394984328,573.6677115987477,-938.8714733542329,0.4412508594752583,0.3498730810444068,0.7929101567084156,1.913999999999999,1.1479999999999997
class2_2026_04_27_16_07_48.csv,131.776,break,0.8785066666666668,-18.823,-18.435666222222224,2.3673638643796635,-12.593444333333336,-26.564444666666663,13.971000333333327,3.4374990000000007,-2107.9241629146186,158.90221302227187,2266.8263759368906,-2725.706896551641,-2429.922099807598,-4843.260188088105,3.1409449803648446,10.538033188679808,3.355050756860115,0.0,7.228999
class2_2026_04_27_16_07_48.csv,127.62799999999999,connector,0.8508533333333332,-7.701,-10.501888888888889,2.69342526429099,-15.534555444444443,-15.507888666666664,-0.026666777777778705,8.625999499999999,1139.1540436131772,-2633.011707353536,-3772.1657509667134,539.1849529782157,9434.169278997115,-2702.1943573667268,2.2170483201103526,4.713981469775088,2.126241138172087,2.8709999999999845,8.195
class2_2026_04_27_16_07_48.csv,191.442,background,1.27628,-24.216,-32.456334222222225,12.45945470522809,-38.05800116666667,-32.99150094444445,-5.066500222222224,4.815998999999998,1722.3115517353863,-1866.2190994212165,-3588.5306511566027,34703.76332288004,43202.19749216614,-44554.86050156366,13.271163140157222,13.58603135356111,1.0237256664207122,0.0,28.426001
class2_2026_04_27_16_07_48.csv,171.34,background,1.1422666666666668,-49.900002,-40.92922377777778,12.731278818368464,-39.190834611111114,-39.293723388888885,0.10288877777777117,29.155001000000002,2646.629872625138,3125.578633667628,478.9487610424899,-42238.247648906516,45697.49373041029,-42238.247648906516,13.453187659133857,13.349333252502834,0.9922802385915765,0.0,29.155001000000002
class2_2026_04_27_16_07_48.csv,150.601,background,1.0040066666666667,-20.832001,-37.13022355555555,14.304657052319353,-35.025112111111106,-32.867945111111105,-2.157167000000001,7.184000499999996,-708.9495676384645,751.2522005305614,1460.2017681690259,2691.224137931171,45561.13009404778,-47702.19749215889,13.43012758936207,13.785217879553695,1.0264397535607284,1.2759999999999994,30.434002
class2_2026_04_27_16_07_48.csv,177.72199999999998,background,1.1848133333333333,-24.035999,-41.296890222222224,12.177285538089922,-39.293723388888885,-42.17733483333333,2.8836114444444476,26.861002,-2934.8279450152777,1806.664116497574,4741.492061512852,42101.8840125426,42101.8840125426,-42101.88401254287,13.349333252502834,12.472071802698515,0.9342841797792394,0.9569999999999856,26.861002
class2_2026_04_27_16_07_48.csv,190.165,background,1.2677666666666667,-49.900002,-35.23300088888889,13.153699321956749,-37.71200111111111,-31.78200083333333,-5.930000277777776,3.1879995,3281.1627688958397,-1353.9621832991688,-4635.1249521950085,-4924.764890274841,44377.74608150858,-39244.70921150328,13.676822440156077,12.91300954048973,0.9441526826014485,0.0,28.313002
class2_2026_04_27_16_08_08.csv,27.121,bend,0.18080666666666667,-14.453,-14.674,0.36008332369050366,-14.651500000000002,-15.693277666666667,1.0417776666666647,0.9280000000000008,164.11694071235885,-266.5129038221902,-430.6298445345491,-368.33855799373123,142.6332288401245,-810.3448275862065,0.4709141523557016,0.4423349375896555,0.9393092054416242,5.423999999999999,1.0169999999999995
class2_2026_04_27_16_08_08.csv,131.457,break,0.8763799999999999,-17.129,-17.320778,2.1762476318053614,-12.499777833333333,-29.220333888888888,16.720556055555555,3.8679999999999986,-1420.2497754847961,-3073.1955822923655,-1652.9458068075694,-3796.236677115863,-1929.491389137289,-4015.6739811906336,3.1095331628679186,12.895143592335993,4.14696958352206,0.0,6.3820000000000014
class2_2026_04_27_16_08_08.csv,127.947,connector,0.8529800000000001,-8.019,-9.92388888888889,1.9475630609926884,-15.016055611111113,-16.009889,0.9938333888888877,8.712000499999998,1627.6410134877608,-2627.5128935183525,-4255.1539070061135,-1992.1630094044594,9189.655172414014,-3257.0532915360236,2.8461281242762873,4.330301832309306,1.521470616133909,2.8709999999999845,6.632999999999999
class2_2026_04_27_16_08_08.csv,168.469,background,1.1231266666666666,-49.900002,-34.28077866666667,13.978486883338991,-34.93494561111111,-33.54200077777778,-1.3929448333333312,4.773500500000001,3585.695401730979,-1317.7709429672607,-4903.4663446982395,-1202.1912225629494,45793.106583075845,-42960.81974921259,13.453107982620374,13.118852563755599,0.9751539648347018,0.0,29.216002
class2_2026_04_27_16_08_08.csv,166.554,background,1.11036,-49.900002,-37.63566788888889,13.756527119893713,-34.9855565,-33.2425565,-1.743000000000002,4.480499999999996,-1863.398597006158,-2156.868055325345,-293.46945831918674,5155.170846402201,38898.12225705669,-90.2839370057045,13.414606121855838,13.343520331201901,0.9947007922029921,0.0,29.216002
class2_2026_04_27_16_08_08.csv,151.239,background,1.00826,-21.309,-26.12177777777778,8.523872009438248,-36.42044516666667,-34.474723166666664,-1.9457220000000035,3.830999500000001,4645.066258799874,-2215.865427118129,-6860.9316859180035,-39902.82601881313,39851.10031347648,-44956.115987464225,13.53825202765795,13.823139188361294,1.0210430518709717,0.6379999999999997,28.682002
class2_2026_04_27_16_08_08.csv,167.83,background,1.1188666666666667,-20.684,-34.217000999999996,14.033893783535511,-36.67916783333333,-35.158556555555556,-1.5206112777777747,5.273499499999996,-1043.7988398950226,-1482.423059562277,-438.62421966725447,-90.2839370057045,45793.106583075845,-45854.58218907083,13.27278888406866,13.241076276447187,0.9976106298752202,1.2770000000000004,29.216002
class2_2026_04_27_16_08_08.csv,153.791,background,1.0252733333333333,-49.900002,-34.369112,13.934967008863877,-33.170334,-34.20877872222221,1.0384447222222164,4.398498,1781.104583938675,2373.8357254813022,592.7311415426273,-2917.968736623967,47782.13322883697,-42136.36677115624,13.42146757747541,14.052295268351248,1.0470013163786356,0.0,30.485001
class2_2026_04_27_16_08_20.csv,27.439999999999998,bend,0.1829333333333333,-14.212,-14.672999999999998,0.45894226216377143,-14.605277777777777,-15.943333499999998,1.3380557222222205,1.096499999999999,97.05239398733154,-356.3014194902863,-453.35381347761785,-1009.4043887147309,355.79937304075065,-1155.172413793105,0.4902048104342095,0.5408949782025108,1.1034038493411622,4.785999999999999,1.3379999999999992
class2_2026_04_27_16_08_20.csv,127.62799999999999,connector,0.8508533333333332,-7.948,-10.848222111111111,2.9077563162457003,-16.05683322222222,-15.504000055555556,-0.5528331666666642,8.930500000000002,1083.6785784119243,-2651.046216579265,-3734.7247949911894,609.7178683387156,9663.232314632074,-2811.912225705284,2.3166139491044913,4.313210623859916,1.8618590998591402,2.8709999999999845,9.101999
class2_2026_04_27_16_08_20.csv,131.776,break,0.8785066666666668,-18.816999,-18.51955566666667,2.1093468745645207,-12.960944444444443,-31.21927844444444,18.258333999999998,4.064499999999999,-2157.078742563963,-4269.341186877344,-2112.262444313381,-1815.048589341739,-1815.048589341739,-3073.6645768028575,3.3071316451004487,13.2978839141055,4.020970835205674,0.0,6.745999000000001
class2_2026_04_27_16_08_20.csv,164.321,background,1.0954733333333333,-20.688999,-34.89488955555556,13.459829444726914,-36.362945388888896,-36.319556500000004,-0.043388888888891586,19.4125015,1496.6414291851227,271.4360817974903,-1225.2053473876324,7.974449545145035e-09,43038.90195300436,-45785.27115987066,13.717532777180447,13.618662305102552,0.992792328877486,0.6379999999999997,29.211003
class2_2026_04_27_16_08_20.csv,139.11399999999998,background,0.9274266666666665,-49.900002,-33.61200055555556,14.57341223725215,-32.86766727777777,-39.054945555555555,6.187278277777786,18.123502000000002,4574.142878467732,1161.1529859369741,-3412.989892530758,45960.81818181422,45960.81818181422,-45960.81818181433,13.661445808176458,13.643827964554955,0.9987103237403115,0.0,29.954003
class2_2026_04_27_16_08_20.csv,161.13,background,1.0742,-49.900002,-38.335001000000005,13.242057812230167,-40.13683461111111,-33.877834,-6.259000611111112,30.517003,1265.777131848988,153.10095105386847,-1112.6761807951193,1.4551915228366852e-11,8.338247425854206e-09,1.4551915228366852e-11,13.82894026218947,12.926704445965136,0.934757346992919,0.0,30.517003
class2_2026_04_27_16_08_20.csv,186.975,background,1.2465,-49.900002,-40.97855688888889,12.655913065251791,-31.57372305555556,-38.31066772222222,6.736944666666659,4.325498500000002,2501.706669619104,2388.7620022173332,-112.94466740177086,-38782.134796234895,4029.778996865498,-38782.134796234895,13.003007251977143,13.01294426663247,1.0007641319964413,0.0,28.950001
class2_2026_04_27_16_08_20.csv,167.511,background,1.11674,-49.900002,-37.66244566666666,13.710701461277337,-33.877834,-40.66894572222222,6.791111722222219,29.143002,-221.61982239854737,-1928.3664070416376,-1706.7465846430903,1.4551915228366852e-11,42706.89968652438,-2561.130094051605,12.926704445965134,13.077855274693727,1.0116928346020115,0.0,29.143002
class2_2026_04_27_16_08_30.csv,27.759,bend,0.18506,-14.498,-14.645999999999999,0.3594566887833791,-14.542555555555554,-15.830166555555556,1.2876110000000018,0.7364999999999995,50.19647002684933,-331.63048647496896,-381.8269565018183,-435.7366771159868,366.77115987461,-1308.7774294670817,0.4604682667582619,0.5217758799774542,1.133139424593514,5.104999999999999,1.1969999999999992
class2_2026_04_27_16_08_30.csv,131.138,break,0.8742533333333333,-16.021,-16.717666444444447,2.268057723610623,-12.73661111111111,-33.77138961111112,21.03477850000001,3.8604999999999983,-619.6627850779746,-4699.588524010153,-4079.925738932179,-2596.5246595387507,-1043.9435791867654,-47412.23040752762,3.157247626738093,14.490748639113958,4.589676123823373,0.0,6.547000000000001
class2_2026_04_27_16_08_30.csv,127.947,connector,0.8529800000000001,-8.184,-10.145111111111111,2.033370898256524,-15.22511122222222,-20.88488911111111,5.659777888888891,8.6385005,1590.0941048400246,-4944.28943395269,-6534.383538792715,-2034.4827586207666,9713.16614420088,-3167.71159874606,2.8510990661043443,13.433569388262375,4.711714452947136,2.8709999999999845,6.957999999999999
class2_2026_04_27_16_08_30.csv,142.624,background,0.9508266666666666,-49.900002,-40.53855722222223,13.24045510530157,-33.28550111111111,-41.606168,8.320666888888887,28.360001,129.07169870158313,1902.1149059593029,1773.0432072577198,-44451.41222570149,44451.412225701686,-44451.41222570149,13.44021895149863,11.842421964329054,0.8811181667461166,0.0,28.360001
class2_2026_04_27_16_08_30.csv,153.791,background,1.0252733333333333,-21.938999,-37.02255655555555,14.417453018778758,-40.66250144444444,-40.39889027777778,-0.2636111666666565,30.546002,3099.450446527684,591.7488132556244,-2507.7016332720596,47927.34886564128,47927.34886564128,-47877.746081500576,13.103728102715257,13.516110120443816,1.03147050847099,0.9580000000000144,30.546002
class2_2026_04_27_16_08_30.csv,157.62,background,1.0508,-49.900002,-37.55389011111111,13.929851542055449,-39.17505677777777,-40.04977927777778,0.8747225000000114,29.793002,-1478.7411287913867,-962.8031062138446,515.9380225775421,-1.4551915228366852e-11,9606.583072093224,-676.7306896213777,13.532234114747439,13.931410286529426,1.0294980960940419,0.0,29.793002
class2_2026_04_27_16_08_30.csv,140.071,background,0.9338066666666667,-49.900002,-30.89566766666666,13.502234958907968,-34.80966761111111,-37.065723500000004,2.256055888888895,9.630999500000001,3905.596330299681,-785.6917599641749,-4691.288090263856,-45951.1120922641,46014.1112852707,-45951.1120922641,13.676284527310923,12.971299049392561,0.9484519040999447,0.0,30.127001
class2_2026_04_27_16_08_30.csv,178.041,background,1.1869399999999999,-20.566999,-35.472223111111106,13.143530685017677,-37.05505677777777,-39.17405672222222,2.1189999444444467,29.333003,-4536.2594121491975,-1678.967091146497,2857.2923210027,43561.13166143781,45976.49373040356,-45976.49373040396,12.95328879071089,13.467665914519804,1.0397100761366265,0.9570000000000134,29.333003
class2_2026_04_27_16_08_42.csv,26.802,bend,0.17868,-14.196,-14.768777777777778,0.5407901169744916,-14.681111111111111,-16.428833166666667,1.7477220555555562,1.261000000000001,275.48004476935563,-401.5409416038042,-677.0209863731598,-1122.2570532915379,321.31661442006225,-1910.6567398119114,0.5484950003711055,0.7128698677804811,1.299681068409181,4.785999999999999,1.591000000000001
class2_2026_04_27_16_08_42.csv,127.947,connector,0.8529800000000001,-9.056,-10.974111111111112,1.9719231698152748,-15.999999888888887,-21.561944666666665,5.561944777777779,8.4105,1731.3131043472908,-4509.68431164986,-6240.997415997152,-2023.5109717869054,9321.316614420311,-3257.05329153602,2.852974879567776,13.11475118502678,4.596867179617956,2.8709999999999845,6.734999999999999
class2_2026_04_27_16_08_42.csv,132.095,break,0.8806333333333334,-19.316999,-26.113222444444446,12.80229325232475,-13.750777722222221,-35.61955672222222,21.868779,3.540999499999998,-2577.002278701603,-2233.481869581412,343.52040912019083,-46476.49373040325,-816.6128526642533,-46476.49373040325,3.42871517980997,14.296182242665594,4.169543786344524,0.0,33.143001999999996
class2_2026_04_27_16_08_42.csv,147.091,background,0.9806066666666667,-49.900002,-43.66889055555556,11.666086412514154,-36.231167666666664,-37.52350122222222,1.2923335555555582,28.998002,-4707.919382790528,361.9557655461895,5069.875148336718,-3003.1363636440074,45451.4137931015,-42448.2774294708,13.774311662906793,13.873584270664274,1.0072070099021937,0.0,28.998002
class2_2026_04_27_16_08_42.csv,149.644,background,0.9976266666666667,-49.900002,-40.86155711111112,12.831534716967461,-38.0638345,-34.13500088888889,-3.9288336111111093,18.708999499999997,1363.0458251303555,3915.364792304407,2552.318967174051,-42221.325498829785,38807.21159874274,-42221.325498829785,13.318056751962772,14.152483668592556,1.0626537241518426,0.0,29.523001
class2_2026_04_27_16_08_42.csv,177.403,background,1.1826866666666667,-49.900002,-38.252223444444446,13.057943044746853,-37.825278777777775,-36.62150116666666,-1.2037776111111143,28.226002,390.86433049699014,-438.51709422978934,-829.3814247267794,-37701.84682120159,44241.38244513726,-37701.84682120159,13.525161038784832,13.442359502357167,0.9938778895077028,0.0,28.226002
class2_2026_04_27_16_08_42.csv,189.527,background,1.2635133333333333,-49.900002,-34.65511166666666,13.649632317375172,-36.55644544444445,-33.300278277777785,-3.256167166666664,4.0405000000000015,4278.1660196008,71.68157637316624,-4206.484443227633,-960.8134796164959,42587.777429462934,-960.8134796164959,13.465599519863918,13.280062023537686,0.9862212980362419,0.0,28.904002000000002
class2_2026_04_27_16_08_42.csv,74.662,background,0.4977466666666667,-17.802999,-17.386555333333334,0.3124989383889523,-17.361111055555554,-17.195055500000006,-0.1660555555555483,0.32899799999999857,-7.929755621317439,7.783426244294008,15.713181865611446,-228.84012539185278,1147.3322884012523,-228.84012539185278,0.4434592646963786,0.2866862900803381,0.6464757113619232,0.0,0.8839979999999983
class2_2026_04_27_16_09_22.csv,31.906999999999996,bend,0.2127133333333333,-14.87,-15.094222222222221,0.5235086283440008,-14.395333333333335,-15.80833338888889,1.413000055555555,0.6019999999999985,-66.009167434645,-69.32137383455995,-3.312206399914956,-1169.2789968652069,180.2507836990626,-1200.6269592476492,0.13023909636596148,0.15223056003135485,1.1688455727459106,0.0,1.3499999999999996
class2_2026_04_27_16_09_22.csv,131.138,break,0.8742533333333333,-16.363001,-16.450444444444443,2.2206976362852537,-12.351388888888888,-30.389333833333335,18.037944944444448,4.3360009999999996,-594.5701878260244,-2630.48411461166,-2035.9139267856358,-3738.8209554414643,-2302.507836990633,-3738.8209554414643,3.077484316701439,13.917190374090168,4.522260528283241,0.0,6.536998999999998
class2_2026_04_27_16_09_22.csv,127.62799999999999,connector,0.8508533333333332,-7.504,-10.405888999999998,2.9166849009546594,-15.427389055555558,-18.189278,2.7618889444444434,8.706000000000001,1134.715004659756,-2685.530437229796,-3820.2454418895522,547.0219435738236,9652.559957286165,-2739.811912225654,2.2414747038928655,11.779503312017352,5.255244699534058,2.8709999999999845,9.109001000000001
class2_2026_04_27_16_09_22.csv,159.85399999999998,background,1.0656933333333332,-24.117001,-31.32677866666667,13.191681530103734,-33.398112,-38.85294583333333,5.454833833333332,18.570501499999995,845.5382443494768,2697.009783425375,1851.4715390758984,7.043126970529556e-09,7358.072979690522,7.043126970529556e-09,13.293458097868712,13.866052636535738,1.0430733291050505,0.6379999999999997,29.521002
class2_2026_04_27_16_09_22.csv,150.601,background,1.0040066666666667,-24.299,-31.99600066666667,12.997172249121515,-41.12050144444445,-31.925667333333333,-9.194834111111117,20.832500999999997,1947.4874557011053,1487.499160383006,-459.9882953180993,4658.3072100323625,47400.83356822963,-48291.53918495607,12.581044917374742,12.910615871182268,1.0261957516069775,1.913999999999999,30.810002
class2_2026_04_27_16_09_22.csv,153.472,background,1.0231466666666666,-21.709999,-29.201222444444447,11.277467530496759,-36.660778722222226,-31.88594522222222,-4.774833500000007,5.794500500000002,2088.73950767408,-1709.6493630221357,-3798.3888706962157,-336.99059561104514,44184.957680247164,-42715.24018966972,13.479359716409816,12.87174544215184,0.9549225451383415,1.2770000000000004,28.785002000000002
class2_2026_04_27_16_09_22.csv,183.46499999999997,background,1.2230999999999999,-49.900002,-41.61800133333333,12.058628320593646,-36.33988994444444,-34.74688972222222,-1.5930002222222157,10.359499500000002,208.29832331501694,8281.91305878392,8073.614735468904,-47594.047021947736,40520.37931034134,-47594.047021947736,13.778695987272076,13.683166808274432,0.9930668205356509,0.0,30.365002
class2_2026_04_27_16_09_22.csv,145.177,background,0.9678466666666666,-24.561001,-35.24655677777778,13.214699243056767,-35.90416777777778,-39.39427905555555,3.490111277777771,29.797001,-1717.7899686520477,939.715169447366,2657.5051380994137,-248.22689067423926,44230.41065830531,-46703.763322882005,14.056071859673215,13.359267433243051,0.9504267348791785,0.6389999999999729,29.797001
class2_2026_04_27_16_09_35.csv,29.673000000000002,bend,0.19782000000000002,-14.394,-14.60822222222222,0.3751766332980233,-14.358277777777776,-15.740944388888892,1.3826666111111159,0.2919999999999998,12.322516286675901,-324.1380094043889,-336.46052569106484,-372.6645093479747,366.77115987460274,-1322.8840125391835,0.13401484393551985,0.522190229191553,3.896481295471293,0.9580000000000005,1.2599999999999998
class2_2026_04_27_16_09_35.csv,127.62799999999999,connector,0.8508533333333332,-7.642,-10.511889,2.8567758178507616,-15.559111222222223,-16.778444555555556,1.2193333333333332,8.7510005,1147.7838258364227,-2669.286110320548,-3817.0699361569705,570.5329153606544,9725.705329153867,-2807.2100313479077,2.2308313329008476,9.041936188961943,4.0531670872836605,2.8709999999999845,8.756001000000001
class2_2026_04_27_16_09_35.csv,131.776,break,0.8785066666666668,-18.044001,-18.254,2.4998220355324405,-12.556000000000001,-32.330722944444446,19.774722944444445,3.5424999999999986,-2083.2218096719544,-2139.6510119234913,-56.429202251536935,-2700.6269592477183,-2512.540752351153,-47805.645768028175,3.1766401527050387,14.075033629342801,4.430791188786728,0.0,8.696
class2_2026_04_27_16_09_35.csv,189.527,background,1.2635133333333333,-49.900002,-34.813001111111106,13.542897934686435,-34.982612055555556,-37.51683444444444,2.5342223888888853,18.517499999999995,2055.357235168671,-2261.323685760441,-4316.680920929112,2780.5642633307616,41340.128526642424,-46655.173981194326,13.421526836233026,13.89836703778279,1.0355279374574988,0.0,29.766001
class2_2026_04_27_16_09_35.csv,150.601,background,1.0040066666666667,-49.900002,-34.36444533333333,13.91350504404153,-39.28494572222222,-37.20888988888888,-2.076055833333335,29.167002,837.3679271823241,-2516.861918795361,-3354.229845977685,-246.079937296141,43412.063891690894,-45470.224137934485,13.3829911953507,14.200467947668727,1.061083182324654,0.0,29.167002
class2_2026_04_27_16_09_35.csv,159.535,background,1.0635666666666665,-49.900002,-28.46744488888889,11.492429900507334,-37.24716783333333,-35.05627861111111,-2.190889222222218,17.670001000000003,6230.6111462839335,-5483.570526668737,-11714.18167295267,-3288.3996865129084,41313.48275861628,-3288.3996865129084,14.160063933873667,13.343001333905358,0.942298032969204,0.0,29.438002
class2_2026_04_27_16_09_35.csv,144.21900000000002,background,0.9614600000000002,-49.900002,-34.71155655555555,13.687372945375726,-38.794001333333334,-39.3997235,0.6057221666666663,29.490002,2803.3297270012067,-3855.4247798345377,-6658.754506835745,42478.059561132235,42478.059561132235,-36286.83542320067,13.948568073043702,13.23139101071956,0.9485841122076011,0.0,29.490002
class2_2026_04_27_16_09_35.csv,140.71,background,0.9380666666666667,-19.790001,-40.163890333333335,13.782675557895072,-40.48122355555555,-35.94039000000001,-4.540833555555544,30.110001,-2804.9596079573316,-129.61766266417922,2675.3419452931525,3277.4294670842683,46996.74214709953,-47194.358934165284,13.333637165730847,14.041784079988313,1.0531097293518503,1.2770000000000004,30.110001
class2_2026_04_27_16_09_51.csv,29.354000000000003,bend,0.19569333333333336,-14.711,-14.925666666666665,0.5217998764958757,-14.367444444444443,-16.11705572222222,1.7496112777777757,0.5500000000000007,-9.85662423547729,-252.10973045764237,-242.2531062221651,-992.163009404383,87.77429467084585,-992.1630094043903,0.12806431640313581,0.4318086797360874,3.371784741286237,0.0,1.5210000000000008
class2_2026_04_27_16_09_51.csv,131.776,break,0.8785066666666668,-18.162001,-18.33122211111111,2.136430852665905,-12.810833333333333,-31.157945,18.34711166666667,3.238000500000002,-2027.1071406247265,-6725.0376947884915,-4697.930554163765,-3833.8542319749868,-2224.131139589106,-5711.597178684082,3.1001895327364886,13.345180068831302,4.3046322243464585,0.0,6.010000999999999
class2_2026_04_27_16_09_51.csv,127.947,connector,0.8529800000000001,-8.348,-10.26011111111111,1.960329135881945,-15.300388833333333,-16.269999944444447,0.9696111111111136,8.5509995,1622.6814397710814,-2679.5846229603926,-4302.266062731474,-2047.021943573738,9269.592476489246,-3233.542319749209,2.832077660624621,4.3477542313756325,1.5351813111069188,2.8709999999999845,6.675999999999999
class2_2026_04_27_16_09_51.csv,149.644,background,0.9976266666666667,-49.900002,-40.695779111111115,13.067880385573455,-38.09383444444444,-31.506056222222224,-6.587778222222216,5.610500500000001,-2817.376958275086,332.8443229207346,3150.2212811958207,0.0,38915.36206896891,-1401.255485893067,13.259454885478453,13.220573676973526,0.9970675864197784,0.0,29.438002
class2_2026_04_27_16_09_51.csv,174.85,background,1.1656666666666666,-26.808001,-29.775334111111118,10.851634215593423,-35.00022311111111,-33.5741675,-1.42605561111111,2.9560010000000005,1055.006058164116,-4061.4206300042415,-5116.426688168358,38222.57366770864,42153.60658307525,-175.5517241381167,13.391322813075687,13.100748862431537,0.9783012527588629,0.0,27.583003
class2_2026_04_27_16_09_51.csv,177.083,background,1.1805533333333333,-21.672001,-32.03311211111111,12.760796701899563,-32.41461188888889,-39.45066777777778,7.036055888888889,5.846502000000001,1133.341725558223,-138.94744173350568,-1272.2891672917287,34627.37583153529,34627.37583153529,-44517.24608150086,12.451724995184598,13.16551959257244,1.0573248718823307,0.6390000000000007,28.402003
class2_2026_04_27_16_09_51.csv,191.123,background,1.2741533333333332,-49.900002,-38.20733466666666,13.25651042240506,-36.01316766666667,-38.509001222222224,2.4958335555555564,28.626002,1612.808083295888,-3742.313427188505,-5355.121510484393,0.0,296.2366771236266,-44868.34169279172,13.939924809971826,12.956633917315646,0.9294621860933586,0.0,28.626002
class2_2026_04_27_16_09_51.csv,165.27800000000002,background,1.1018533333333336,-49.900002,-35.14766788888889,13.336496938224066,-36.93489005555556,-33.31922311111111,-3.615666944444456,6.158998999999998,725.670513244842,2854.277626185599,2128.607112940757,-36112.8542319718,36112.85423197064,-37647.336990590826,13.071899006831535,13.302854181904017,1.0176679882000157,0.0,29.592001
class2_2026_04_27_16_10_18.csv,30.631,bend,0.20420666666666668,-14.345,-14.594777777777779,0.3531719058216953,-14.352722222222221,-15.640388777777778,1.2876665555555569,0.27199999999999847,-23.028638084268692,-344.65365399138267,-321.62501590711395,263.32288401253754,277.4294670846357,-1133.22884012539,0.10876927954546507,0.5059694692884756,4.65172537390588,0.9569999999999995,1.0920000000000005
class2_2026_04_27_16_10_18.csv,131.457,break,0.8763799999999999,-17.025999,-17.509333222222224,2.6596918786596224,-12.446666666666665,-32.51283411111111,20.066167444444446,3.694499999999998,-1432.4726520578176,-5774.570771734718,-4342.0981196769,-4012.542319749071,-1891.7252484626842,-6092.478056427164,3.131374428372751,14.034440860941364,4.481877431169118,0.0,9.497001000000001
class2_2026_04_27_16_10_18.csv,127.947,connector,0.8529800000000001,-7.95,-9.860111111111111,1.9770555797529057,-14.899111277777779,-15.740944388888884,0.8418331111111055,8.602999999999998,1620.0089045453533,-2803.6185969513285,-4423.627501496681,-2009.4043887148018,9597.771911701613,-3199.05956112853,2.8272165161467715,4.094493465784533,1.4482414042782734,2.8709999999999845,6.765
class2_2026_04_27_16_10_18.csv,153.15300000000002,background,1.02102,-49.900002,-40.323001222222224,13.554975305850746,-39.140334555555555,-36.121223111111114,-3.019111444444441,29.593003,5437.113772717825,3072.5723649371603,-2364.5414077806645,633.2304075315187,45750.7868338598,-46456.60568776251,13.52391921770328,13.846981089071821,1.0238881083419618,0.0,29.593003
class2_2026_04_27_16_10_18.csv,144.538,background,0.9635866666666667,-28.709999,-32.26933422222222,12.74029051761326,-36.62261216666667,-39.579334555555555,2.9567223888888847,30.106001,-1626.5057257914248,-5227.35114154073,-3600.845415749305,5.791662260890007e-09,44222.57210031696,5.791662260890007e-09,13.321264736491758,13.054876828669892,0.9800027329916459,0.6379999999999997,30.106001
class2_2026_04_27_16_10_18.csv,154.749,background,1.03166,-22.437,-40.444778888888884,13.38178263298452,-39.001279,-37.91811216666666,-1.0831668333333369,29.593003,-2561.8046218309496,3361.22417293108,5923.028794762029,7.494236342608929e-09,43045.45768025454,-43045.45768024707,13.702801114413127,13.468530850615322,0.9829034045853009,0.6379999999999997,29.593003
class2_2026_04_27_16_10_18.csv,179.636,background,1.1975733333333334,-22.379999,-31.12488955555555,13.30700232475049,-43.37294605555556,-34.44161205555556,-8.931334,29.742001000000002,953.3448242510487,-2286.5297099754744,-3239.874534226523,41117.55799373437,46617.55642633636,-6974.920062695455,12.223470114537122,13.86619983614637,1.1343913448329408,2.232999999999985,29.742001000000002
class2_2026_04_27_16_10_18.csv,193.03699999999998,background,1.2869133333333331,-24.912001,-38.14044555555555,13.164028864106848,-36.2345565,-39.1217235,2.887167000000005,27.639002,356.23867229429146,1042.081487528496,685.8428152342044,6.8248482421040535e-09,42302.512539181305,-43321.31974921256,13.69258151101371,13.547531873797174,0.9894066267557736,0.6379999999999997,27.639002
class2_2026_04_27_16_10_35.csv,32.544999999999995,bend,0.21696666666666664,-14.386,-14.80522222222222,0.5327346176470102,-14.470277777777776,-16.45349994444445,1.983222166666673,0.25849999999999973,8.3993349586213,-525.3620871588142,-533.7614221174356,-228.84012539185278,169.2789968651996,-1777.429467084643,0.09780695587372103,0.7614066560212728,7.784710857308153,1.5949999999999993,1.5909999999999993
class2_2026_04_27_16_10_35.csv,127.62799999999999,connector,0.8508533333333332,-8.566,-11.387,2.741392914397917,-16.278388722222218,-16.107277833333335,-0.17111088888888304,8.379999999999997,1077.1734765135843,-2805.9849396506615,-3883.158416164246,583.072100313635,9608.150470219698,-2703.76175548591,2.1632756120717027,4.32766991232362,2.0005162022156497,2.8709999999999845,8.304999999999998
class2_2026_04_27_16_10_35.csv,131.776,break,0.8785066666666668,-19.266001,-19.06655566666667,2.1099194390391087,-13.476777666666667,-35.06016755555555,21.583389888888885,2.6255014999999986,-2103.676531913715,-6291.653916005595,-4187.977384091881,-6799.373040752642,-2178.9205097354534,-6799.373040752642,3.1597186940561652,13.499947338639448,4.272514224611305,0.0,6.398000999999997
class2_2026_04_27_16_10_35.csv,194.31300000000002,background,1.29542,-49.900002,-34.12777855555555,14.128393613683995,-34.88127872222222,-37.667295,2.786016277777783,12.771999000000005,1811.9448925195964,-2214.263785299937,-4026.2086778195335,-43630.09874607774,43630.09874607729,-45628.98623991519,13.48120568014698,13.21813201058797,0.9804858217961732,0.0,29.462002000000002
class2_2026_04_27_16_10_35.csv,155.70600000000002,background,1.03804,-49.900002,-41.44866811111111,12.007707190979351,-35.13555655555555,-39.43389022222222,4.2983336666666645,27.151001,-2009.7199135596297,944.9149468794232,2954.6348604390528,-5935.733542313086,41299.37460815408,-35363.64106582767,13.340623833831886,13.20507590222018,0.9898393865879541,0.0,27.151001
class2_2026_04_27_16_10_35.csv,171.02100000000002,background,1.1401400000000002,-49.900002,-43.64233477777778,11.710445347918828,-39.52394555555556,-39.306945722222224,-0.2169998333333325,28.760003,-645.2085837537943,3927.4708609276695,4572.679444681464,-43195.92789968279,43195.927899690294,-43195.92789968279,13.034985194200965,13.345781047729856,1.0238431287075056,0.0,28.760003
class2_2026_04_27_16_10_35.csv,190.48399999999998,background,1.269893333333333,-22.358,-38.012223444444444,13.304470291942714,-36.51222327777778,-33.33277833333333,-3.179444944444448,3.071499499999998,-1826.6760237300505,742.180278644567,2568.8563023746174,39601.88244514516,43169.28213166521,-42989.327928403654,13.436856480414626,13.277737237010232,0.9881579272805174,0.6379999999999997,27.542002
class2_2026_04_27_16_10_35.csv,191.442,background,1.27628,-22.511999,-35.42844522222222,12.981145331775165,-36.593890055555555,-33.82988944444445,-2.7640006111111077,3.644999000000002,-1744.2547161834118,1713.6056887572265,3457.8604049406385,-7.479684427380562e-09,43169.28213166521,-37659.87931034102,13.354159994553637,13.092311972765694,0.9803919525985395,0.6379999999999997,27.542002
class2_2026_04_27_16_10_45.csv,29.034999999999997,bend,0.19356666666666664,-14.328,-14.565555555555555,0.2683712648598379,-14.368333333333332,-15.706666555555554,1.3383332222222215,0.28049999999999997,-60.641138004021535,-368.0575509903576,-307.41641298633607,-10.971786833852093,145.76802507837056,-885.6065971762364,0.16671266032041826,0.594242229541607,3.56444833854342,1.5950000000000026,0.7640000000000011
class2_2026_04_27_16_10_45.csv,131.776,break,0.8785066666666668,-18.362,-18.04055533333333,1.8279593699121315,-12.586277722222222,-30.828944888888884,18.242667166666664,3.262999500000001,-2147.0258268422526,-841.6291417644298,1305.396685077823,-1771.1583072099966,-1771.1583072099966,-6523.512539185591,3.240251242827969,13.577865071908928,4.190372864323267,0.0,5.291000000000002
class2_2026_04_27_16_10_45.csv,127.62799999999999,connector,0.8508533333333332,-7.611,-10.491222222222223,2.8677965904071048,-15.558055555555557,-15.238722166666669,-0.3193333888888876,8.748499499999998,1142.102293525865,-2710.0647543994414,-3852.167047925306,581.5047021945174,9495.297805642876,-2804.07523510966,2.246581699338556,4.458688592054834,1.9846536668191967,2.8709999999999845,8.905999999999999
class2_2026_04_27_16_10_45.csv,158.577,background,1.05718,-49.900002,-43.40277944444444,12.15542585604482,-37.398167666666666,-40.41372344444444,3.0155557777777773,29.398001,-2495.6080064121898,2138.25833769764,4633.86634410983,-788.7658438215476,46078.37147335026,-45575.23824451809,14.014507373083925,13.424097148783014,0.9578714280527424,0.0,29.398001
class2_2026_04_27_16_10_45.csv,151.558,background,1.0103866666666665,-49.900002,-40.221445888888894,13.688672955852844,-38.830334444444446,-39.03138994444444,0.2010554999999954,29.361002,4431.902195078091,2952.9690171576403,-1478.9331779204504,-45637.932601884866,2543.885579937727,-45637.932601884866,13.88597970830589,13.658773020986727,0.9836376204106883,0.0,29.361002
class2_2026_04_27_16_10_45.csv,146.134,background,0.9742266666666666,-49.900002,-41.00066799999999,12.788850020336762,-34.75533411111111,-38.83033444444444,4.075000333333328,29.667002,2095.417095985044,4055.0031692060393,1959.5860732209953,1.4551915228366852e-11,46282.14807316502,-45905.95924765292,13.66973062928676,13.885979708305891,1.015819482407089,0.0,29.667002
class2_2026_04_27_16_10_45.csv,165.916,background,1.1061066666666666,-49.900002,-35.02355633333333,13.40936533156525,-37.63333433333333,-35.167112333333336,-2.466221999999995,18.6230025,3691.7974063114216,2449.2000548952424,-1242.5973514161792,-1.4551915228366852e-11,327.5862068950082,-41271.163009408585,13.779802424144036,13.379775316027674,0.9709699699042543,0.0,28.433003
class2_2026_04_27_16_10_45.csv,186.017,background,1.2401133333333334,-26.145,-34.858556333333325,13.527671239436332,-39.16094572222222,-37.68294561111112,-1.4780001111111005,29.038002000000002,1707.2117660584372,-907.0085982982871,-2614.2203643567245,-939.4246925313746,45514.10971786442,-37337.99338087504,13.48974942863617,13.72741585501396,1.0176182226376311,1.2770000000000004,29.038002000000002
class3_2026_04_27_16_18_00.csv,35.416999999999994,connector,0.2361133333333333,-9.53,-11.596444444444444,1.9330493533454172,-14.264333333333333,-21.222333722222217,6.958000388888884,5.327500000000001,373.9100561218301,-5066.534144764624,-5440.444200886454,2873.0407523510985,6148.902821316618,-2697.492163009383,0.826366141610364,13.485240354602814,16.318703486108802,2.233000000000006,5.274000000000001
class3_2026_04_27_16_18_00.csv,37.331,break,0.24887333333333336,-13.349,-13.285222111111109,2.2173026706639383,-12.940388888888886,-29.3183895,16.378000611111112,4.828500000000002,1113.1738340249601,-7149.25344873145,-8262.42728275641,-2929.467084639502,-2326.0188087774004,-3166.142633228843,1.9822668039642812,14.810199722565915,7.471341507412579,0.0,7.1029990000000005
class3_2026_04_27_16_18_00.csv,117.41799999999999,background,0.7827866666666666,-49.900002,-37.32044533333333,14.109012707301378,-36.30338988888889,-34.27172294444444,-2.0316669444444457,5.4105009999999965,-362.80929342391653,-769.1060613582023,-406.29676793428575,0.0,0.0,-45268.02978056429,13.66006683389743,14.01350924208565,1.025874059520492,0.0,30.251002
class3_2026_04_27_16_18_00.csv,66.047,background,0.44031333333333333,-21.934999,-35.04900077777777,13.370755890890353,-36.200945499999996,-37.03050105555556,0.8295555555555651,18.9715015,596.5958898992678,-1126.5673941596672,-1723.163284058935,-7374.608150470223,43832.2931034483,-43832.2931034483,13.769757256789998,13.062402517324758,0.9486297634080515,1.2759999999999994,28.396002
class3_2026_04_27_16_18_00.csv,116.14099999999999,background,0.7742733333333333,-21.441999,-34.11300055555556,14.164348137583618,-33.50738966666667,-37.37111205555556,3.8637223888888883,6.202002,600.6744286898753,1418.2583373097623,817.583908619887,0.0,46489.03134796242,-40229.005155979496,13.197122737397713,14.047227814329352,1.0644158601409968,0.6379999999999997,29.777003
class3_2026_04_27_16_18_00.csv,102.102,background,0.6806800000000001,-49.900002,-33.784556555555554,14.42732488389164,-35.10388994444444,-37.558278888888886,2.454388944444446,19.285500999999996,2266.0213856660666,-645.1365071678036,-2911.1578928338704,-45912.22884012542,45887.14890282134,-45912.22884012542,13.362167899022507,13.853784137251338,1.0367915749264922,0.0,30.105002
class3_2026_04_27_16_18_00.csv,128.266,background,0.8551066666666666,-49.900002,-34.96955644444445,13.447778456621442,-37.42777900000001,-33.814667055555546,-3.613111944444462,5.372498999999998,2411.2740315058636,290.40390495757214,-2120.8701265482914,-43694.358934173106,45623.827586203435,-43694.358934173106,13.964752799763222,12.896560678906043,0.9235079159880865,0.0,29.108002
class3_2026_04_27_16_18_11.csv,37.331,break,0.24887333333333336,-13.154,-13.196777777777777,2.276351260620468,-12.882722222222224,-27.58150038888889,14.698778166666667,4.970000000000001,1161.6426635984872,-7748.355155816103,-8909.997819414592,-3028.2131661442,-2351.0971786833616,-3476.4890282131673,2.0456081085952458,14.038212888527237,6.8626077335799085,0.0,7.215999999999999
class3_2026_04_27_16_18_11.csv,35.736,connector,0.23823999999999998,-9.097,-11.238222222222223,1.7129504616160438,-13.960111111111111,-23.16744472222222,9.20733361111111,5.468500000000001,751.9960521132562,-4720.678697173175,-5472.6747492864315,-547.021943573669,6076.802507836994,-2710.0313479623837,1.4132934306037281,14.660096760852452,10.372995494357099,2.233000000000006,5.412000000000001
class3_2026_04_27_16_18_11.csv,121.884,background,0.81256,-21.065001,-35.00555666666666,13.431401448600127,-34.65600111111111,-39.345834555555555,4.689833444444446,29.290001,317.4079543464093,524.0912498260218,206.68329547961247,-40855.47435196403,45909.092476490056,-44984.18094190513,13.721668343532055,13.319790967736182,0.9707121367135039,1.5959999999999863,29.290001
class3_2026_04_27_16_18_11.csv,168.15,background,1.121,-21.256001,-27.713667555555556,11.887960531578615,-39.717112500000006,-39.276723499999996,-0.44038900000001036,30.479002,5722.290942677885,-3332.0863066128004,-9054.377249290686,43874.59750739005,43874.59750739005,-44086.20846394579,12.982556051102303,13.332007982833204,1.0269169571414463,1.2770000000000004,30.479002
class3_2026_04_27_16_18_11.csv,54.879999999999995,background,0.3658666666666666,-49.900002,-40.25388999999999,13.66325297676267,-37.167556499999996,-40.02316788888889,2.855611388888896,30.312003,847.9382413791845,2977.5304439476436,2129.592202568459,-42537.620689655196,42537.620689655196,-42537.620689655196,14.254898942331655,12.509837606363792,0.8775815794549572,0.0,30.312003
class3_2026_04_27_16_18_11.csv,98.273,background,0.6551533333333333,-49.900002,-37.74411222222222,13.62027926543798,-37.882667888888896,-34.355112111111104,-3.527555777777792,17.4980005,-3341.1770034221495,2763.93778831548,6105.114791737629,0.0,0.0,-45039.1865203762,13.515735797450404,13.948288983614914,1.0320035964481127,0.0,28.735001
class3_2026_04_27_16_18_11.csv,128.904,background,0.85936,-22.577,-31.880556222222214,12.868272105236047,-37.80505666666667,-39.90133455555556,2.096277888888885,30.150002,1442.0688110271883,-2160.254431660039,-3602.3232426872273,3786.833855798941,43470.22257052917,-43231.976489032,13.610713291566894,12.69257040487193,0.9325425641133442,1.913999999999999,30.150002
class3_2026_04_27_16_18_40.csv,35.736,connector,0.23823999999999998,-9.426,-11.426444444444444,1.624701963172262,-14.015611111111111,-13.532444444444446,-0.48316666666666563,5.011999999999999,647.5378485322306,-1008.9815391846557,-1656.5193877168863,-371.47335423197546,5984.326018808779,-2230.407523510956,1.2850949009007029,1.4678338621634193,1.142197917785465,2.233000000000006,5.1
class3_2026_04_27_16_18_40.csv,127.947,connector,0.8529800000000001,-6.749,-8.675444444444445,1.9999760615851334,-13.711777777777778,-14.567111277777776,0.8553334999999986,8.647000000000002,1621.2689272956009,-2536.0289949289077,-4157.2979222245085,-2010.9717868339249,9515.673981191467,-3238.244514106571,2.820779099538824,4.130743947826628,1.46439772051071,2.8709999999999845,6.848
class3_2026_04_27_16_18_40.csv,131.776,break,0.8785066666666668,-17.645,-16.65711122222222,1.903962960852021,-11.257,-24.440500333333333,13.183500333333333,2.9090000000000007,-2065.5635228799224,-3006.034261121074,-940.4707382411516,-3056.4263322881125,-1615.5628345131445,-3311.9137931035657,3.1360711620327324,9.266659852797297,2.9548618061106264,0.0,5.928001
class3_2026_04_27_16_18_40.csv,183.14600000000002,background,1.2209733333333335,-49.900002,-31.974778555555556,12.846114151034486,-40.6505016111111,-33.29883405555555,-7.351667555555551,29.794001,1257.381816765116,-2479.0105521196892,-3736.3923688848054,45357.36990596008,45357.36990596008,-7184.952978055568,13.116003236633835,13.337449553103303,1.0168835959850453,0.0,29.794001
class3_2026_04_27_16_18_40.csv,155.70600000000002,background,1.03804,-49.900002,-31.851556222222225,12.858658212873818,-29.345389388888886,-33.596889555555556,4.25150016666667,3.3930000000000007,65.36620603302312,-3225.6911405549786,-3291.0573465880016,5249.216300947344,37048.592476484446,-42297.80877743346,11.2523563291102,13.119316014289918,1.1659171167938152,0.0,29.369002000000002
class3_2026_04_27_16_18_40.csv,180.59300000000002,background,1.2039533333333334,-24.193001,-37.832445888888884,13.536710182293477,-40.61372361111111,-36.13550111111111,-4.478222500000001,29.136002,-2544.3300268101816,473.5072857308642,3017.837312541046,1123.8260188096137,44543.88871473743,-45667.71473353838,13.154623698530694,13.859851729297542,1.0536105777951703,1.2759999999999994,29.136002
class3_2026_04_27_16_18_40.csv,137.2,background,0.9146666666666666,-23.552,-32.24344522222222,12.536324745279702,-23.777944722222223,-39.21811227777777,15.440167555555547,1.521999000000001,-2151.606761528831,-1014.5372647584209,1137.0694967704103,1026.6426332283954,39993.731974918555,-42358.93730407894,9.584325773611987,13.407064210493107,1.398852994808781,0.0,28.290001
class3_2026_04_27_16_18_40.csv,152.834,background,1.0188933333333334,-23.343,-30.036000555555557,10.97750994252445,-34.562278666666664,-33.57994516666666,-0.9823335000000029,6.371498499999998,6007.309152233633,2707.1687666856865,-3300.140385547946,-45904.39028212843,17219.435736677846,-45904.39028212843,12.527745340457189,13.134649337978601,1.0484447067355982,1.2759999999999994,29.287001
class3_2026_05_14_12_53_50.csv,10.848,bend,0.07232000000000001,-16.677999,-16.34155544444444,0.6536864718516073,-11.854111111111113,-18.012944277777777,6.158833166666664,1.359500500000001,-1829.7517060284065,-569.1825225905591,1260.5691834378474,158.30564263322594,158.30564263322594,-1191.7488974096232,3.287164733878471,0.9292102708488422,0.2826782541787094,0.0,2.0920000000000005
class3_2026_05_14_12_53_50.csv,127.62799999999999,break,0.8508533333333332,-16.712,-18.01877766666667,0.8969503679515629,-19.564277444444446,-32.25144516666667,12.687167722222224,3.3870000000000005,522.2075124917571,-7634.189668642921,-8156.397181134678,749.2147335424306,2454.545454545434,-6159.874608149836,1.012856902650738,14.27525454523961,14.094034817598816,2.5519999999999987,2.9819999999999993
class3_2026_05_14_12_53_50.csv,189.208,background,1.2613866666666667,-23.028,-37.65533422222222,13.7088856672301,-39.17250111111111,-35.810556555555564,-3.361944555555546,29.013003,1249.7465582136454,3314.634265875941,2064.8877076622957,7.334165275096893e-09,44039.189655168346,-41097.18181817827,13.489271815697808,14.109317238765916,1.04596574118855,0.6379999999999997,29.013003
class3_2026_05_14_12_53_50.csv,66.68499999999999,background,0.4445666666666666,-20.167999,-23.560555666666666,9.458586741492963,-19.966611277777776,-21.92533366666667,1.9587223888888943,1.1509990000000023,28.428378583904614,2830.61010104159,2802.1817224576853,-48385.11166305766,2145.7664576802563,-48385.11166305766,1.5243859467944167,7.014381810212849,4.6014444199769375,0.0,31.332001
class3_2026_05_14_12_53_50.csv,153.15300000000002,background,1.02102,-23.365999,-33.24011155555556,12.031174925399313,-35.128500833333334,-31.622389499999997,-3.5061113333333367,3.6280015,-1422.4417243133255,170.11067560954785,1592.5523999228733,-3333.857366771008,44125.39655172284,-41589.346394980865,13.496913339671865,13.064988766464628,0.9679981985261872,0.9569999999999856,28.152003
class3_2026_05_14_12_53_50.csv,138.79500000000002,background,0.9253000000000001,-26.735001,-37.893112333333335,13.510216532150986,-39.48027894444445,-37.619112333333334,-1.8611666111111163,28.764002,-4021.484200795853,-1377.3285642400335,2644.15563655582,-6.3300831243395805e-09,43012.542319752974,-44874.13373846284,13.099020457023723,13.787951725258187,1.0525940254769992,0.6379999999999997,28.764002
class3_2026_05_14_12_53_50.csv,91.254,background,0.60836,-18.580999,-23.32422188888889,9.4659857961657,-19.848833166666665,-23.54455577777778,3.6957226111111154,1.5274999999999999,-202.5613774920842,1017.2449732569655,1219.8063507490497,-440.440438871472,5431.096745763243,-49089.34639498436,0.8598761570071362,9.382650761597798,10.911617648100787,0.6379999999999997,31.365002
class3_2026_05_14_12_54_33.csv,128.585,break,0.8572333333333334,-13.921,-14.177444333333334,1.8542187726345085,-14.523611111111112,-24.978000333333334,10.454389222222222,3.602499999999999,736.5859962460764,-4628.499615810737,-5365.085612056813,-2235.1097178683594,2739.811912225574,-3981.192789968867,1.226401879885894,11.441745852146516,9.329516458091708,0.0,5.253
class3_2026_05_14_12_54_33.csv,35.416999999999994,connector,0.2361133333333333,-9.353,-11.472666666666667,2.099827135742369,-14.265444444444446,-13.201500000000001,-1.063944444444445,5.436499999999999,349.06405313263144,-1366.7367213706286,-1715.80077450326,2789.968652037618,6269.5924764890315,-2319.749216300939,0.8846661154370439,1.9317570945184135,2.1835977180683215,2.552000000000006,5.795
class3_2026_05_14_12_54_33.csv,127.947,connector,0.8529800000000001,-12.21,-13.626555555555557,1.2861215694319197,-14.797277777777778,-24.13661138888889,9.339333611111114,3.449,566.0858575153029,-4582.789989078181,-5148.875846593484,-2219.4357366772165,4611.285266457711,-3025.0768025078505,1.04761171801789,11.936406627595916,11.393911530761008,1.595000000000013,3.779
class3_2026_05_14_12_54_33.csv,141.986,background,0.9465733333333333,-49.900002,-34.87600066666667,13.463898163871884,-34.66211194444444,-39.330834555555555,4.668722611111114,28.586003,1579.611916199692,-3689.6762459639094,-5269.288162163602,-1.4551915228366852e-11,3294.6739811908337,-7.101334631443024e-09,13.69172487997053,13.291825328577282,0.9707925388735502,0.0,28.586003
class3_2026_05_14_12_54_33.csv,184.10299999999998,background,1.2273533333333333,-19.368,-37.58144544444444,13.817477220857464,-36.58844527777778,-38.64127877777777,2.0528334999999913,30.532002000000002,-1455.21148039684,2216.987312905363,3672.198793302203,1598.7476489038163,47855.802507833985,-47855.80250784033,13.367940026378074,12.690164745781004,0.9492983789156716,1.2759999999999994,30.532002000000002
class3_2026_05_14_12_54_33.csv,145.815,background,0.9721,-49.900002,-46.56644633333334,9.428719269451369,-34.66216766666666,-37.672334388888885,3.0101667222222233,18.057000000000002,-1664.5382615074518,1595.5475508288184,3260.0858123362705,-1.4551915228366852e-11,46804.76486209307,-1.4551915228366852e-11,13.695012606131922,13.722290896682903,1.0019917680504362,0.0,30.002001
class3_2026_05_14_12_54_33.csv,141.348,background,0.94232,-23.563,-31.437667333333334,13.132904820234351,-33.015278499999994,-42.44822377777777,9.432945277777776,30.884001,5361.548330768512,-687.5372699115562,-6049.085600680068,-44235.114420066064,3294.6739811908337,-44235.114420066064,13.531508245363066,12.04743572720094,0.8903246126317592,2.2339999999999858,30.884001
class3_2026_05_14_12_54_33.csv,169.745,background,1.1316333333333333,-49.900002,-32.87922277777778,12.342263097158593,-33.75794533333333,-31.71594511111111,-2.042000222222221,3.4665,-1189.271780383046,-2430.683728177521,-1241.411947794475,30296.242946711107,42783.70219435489,5.282345227897167e-09,12.964533530885637,13.084067673879387,1.0092200103836342,0.0,28.490002
class3_2026_05_14_12_54_44.csv,35.416999999999994,connector,0.2361133333333333,-10.109,-12.065333333333335,1.7508470331052148,-14.3555,-16.643833444444443,2.2883334444444436,4.7545,272.65484092328245,-2526.664186766028,-2799.31902768931,2670.8463949843244,5673.981191222572,-2617.554858934145,0.7161136044263122,4.086921436326373,5.707077346370352,2.233000000000006,4.834
class3_2026_05_14_12_54_44.csv,37.331,break,0.24887333333333336,-13.985,-13.971444444444444,2.267033605598691,-13.238222222222223,-23.000666888888887,9.762444666666664,4.346,967.3785987275553,-3622.133831791324,-4589.512430518879,-3341.692789968656,-2219.4357366770855,-3545.452978056426,1.7514915090210512,9.79765934260345,5.593891662191341,0.0,7.029998999999998
class3_2026_05_14_12_54_44.csv,66.68499999999999,background,0.4445666666666666,-49.900002,-38.14533455555556,13.16668113710038,-36.27955683333333,-40.92411233333333,4.644555500000003,27.470002,1931.889670234638,3156.5782147789296,1224.6885445442915,0.0,41620.69122257055,-42821.31974921633,13.686348709289568,12.756236621988547,0.9320408211789512,0.0,27.470002
class3_2026_05_14_12_54_44.csv,73.70500000000001,background,0.49136666666666673,-49.900002,-35.85133422222222,12.706282725795656,-38.15466766666666,-39.43439005555555,1.2797223888888922,27.932002,3855.948992615752,149.76299378383305,-3706.1859988319193,-34045.456112852684,43780.56739811915,-34045.456112852684,13.247299044035827,13.176519144762915,0.9946569565845398,0.0,27.932002
class3_2026_05_14_12_54_44.csv,145.177,background,0.9678466666666666,-23.867001,-38.04077877777778,13.281414003233447,-40.92127905555555,-31.59650055555555,-9.3247785,16.799000500000002,362.8639274517759,3280.7984775944497,2917.9345501426737,-255.0254800159455,41937.30877743313,-44692.79310344525,12.733031143264869,12.996776908457864,1.0207134296234777,0.6389999999999729,28.514002
class3_2026_05_14_12_54_44.csv,172.617,background,1.15078,-49.900002,-49.900002,0.0,-37.898612333333325,-38.846056944444435,0.9474446111111092,0.0,-3924.358318006278,3283.310192355237,7207.668510361515,0.0,1.4551915228366852e-11,-1.4551915228366852e-11,13.503122670073411,13.882499240982193,1.0280953933458805,0.0,0.0
class3_2026_05_14_12_54_44.csv,61.580000000000005,background,0.41053333333333336,-25.966,-34.72755677777778,13.644558991765853,-36.57000116666667,-40.74883488888889,4.178833722222215,29.235001,2481.947662659419,1931.889670234638,-550.0579924247811,-43172.415360501596,45822.88557993782,-43172.415360501596,13.414106893677298,12.980513225877692,0.9676762203467904,1.5949999999999993,29.235001
class3_2026_05_14_12_55_25.csv,66.366,connector,0.44244,-10.975,-12.862666666666666,1.3321724946700995,-14.491999999999999,-17.788611166666666,3.2966111666666666,3.9215,403.0899598493334,-2414.187686093797,-2817.27764594313,-369.90595611285244,4836.990595611289,-2949.8432601880886,0.8975758092402745,3.513206361150915,3.9141010830310523,1.915,4.088000000000001
class3_2026_05_14_12_55_25.csv,69.87599999999999,break,0.4658399999999999,-19.219,-19.336,2.166250137911235,-14.49238888888889,-23.186055611111115,8.693666722222225,2.945499499999997,-1211.6504451779115,-1522.7750955489848,-311.12465037107336,-1929.4655172413804,-1852.663009404394,-3841.692789968656,2.1053762175516777,6.64606836714737,3.1567114490181556,0.0,7.43
class3_2026_05_14_12_55_25.csv,106.88799999999999,background,0.7125866666666666,-20.079,-27.677889333333336,11.900147275772982,-26.127833944444447,-26.867167055555555,0.7393331111111081,1.9690005,2676.177289712804,3829.5538943613,1153.3766046484961,-45244.51724137934,3266.45768025078,-46741.38244514109,10.680202263647754,10.492338292719658,0.9824099816931826,0.9569999999999995,29.821002
class3_2026_05_14_12_55_25.csv,190.803,background,1.27202,-49.900002,-41.851112444444446,11.538496243658212,-40.31239005555555,-33.71772283333334,-6.594667222222206,18.1110025,-1791.1576648806224,2509.2566784882606,4300.414343368883,0.0,37663.01253918171,-12556.42946709125,12.053599767767556,13.14094537383325,1.0902091107060186,0.0,28.211003
class3_2026_05_14_12_55_25.csv,165.59699999999998,background,1.10398,-21.927999,-35.03655611111112,13.341876919503754,-35.90561216666666,-39.72183455555555,3.816222388888896,28.706002,-1339.8877480152862,1427.4344383912917,2767.322186406578,-4221.001567397951,43843.26489027814,-43843.26489028545,14.056581401366913,12.816829460377813,0.9118026768107914,1.2759999999999994,28.706002
class3_2026_05_14_12_55_25.csv,119.97,background,0.7998,-29.728001,-21.825000666666668,3.370191087131114,-25.9527225,-31.41683422222222,5.464111722222221,2.4769989999999993,-559.0846161021913,-169.67075291949146,389.4138631826998,-6722.568965517246,6681.819749216302,-6722.568965517246,10.825924797647918,13.319522564023059,1.2303356602459727,0.0,10.427
class3_2026_05_14_12_55_25.csv,141.348,background,0.94232,-49.900002,-41.15211222222222,12.503133349456766,-41.73705677777778,-43.59089055555555,1.8538337777777727,30.660002000000002,247.0025343798793,-1075.9765725488392,-1322.9791069287185,10924.763322891435,37131.66614420387,-48056.429467080496,11.590507060296334,11.833138726076893,1.0209335660281966,0.0,30.660002000000002
class3_2026_05_14_12_56_13.csv,127.62799999999999,connector,0.8508533333333332,-11.411,-13.20411111111111,1.21389176201033,-14.707944444444443,-23.218944555555556,8.511000111111112,3.6165000000000003,361.17431346017963,-2574.3851881800824,-2935.559501640262,130.0940438872858,4401.253918495284,-3398.1191222569687,0.762531563807341,12.407349131396737,16.27123839727786,1.595000000000013,3.460000000000001
class3_2026_05_14_12_56_13.csv,130.81799999999998,break,0.8721199999999999,-19.771999,-19.940333000000003,2.6505332484867603,-14.671888833333334,-34.74794511111111,20.076056277777774,2.9924999999999997,-935.5199501364218,-5968.641379310308,-5033.121429173887,-6937.81667758177,-1956.1112852664482,-6937.81667758177,1.925601020800699,13.624131425496877,7.075258167745236,0.0,8.285
class3_2026_05_14_12_56_13.csv,117.41799999999999,background,0.7827866666666666,-15.221,-14.990555555555558,0.12051934940185678,-14.930722222222222,-14.98488888888889,0.05416666666666714,0.10849999999999937,2.2237399408991854,-5.03589076172168,-7.259630702620865,56.22809260649228,250.7836990595606,-592.4764890282131,0.11640485172952544,0.10167370953140506,0.8734415669037737,0.0,0.37899999999999956
class3_2026_05_14_12_56_13.csv,81.04400000000001,background,0.5402933333333334,-14.865,-14.908222222222223,0.11733691071987538,-14.887777777777778,-14.86327777777778,-0.024499999999997968,0.0920000000000023,-5.235959444125837,-19.341202818647155,-14.105243374521319,217.86833855799705,217.86833855799705,-164.57680250783596,0.12605843246313111,0.12263260648310254,0.972815790829212,0.0,0.38200000000000145
class3_2026_05_14_12_56_13.csv,22.654,background,0.15102666666666667,-15.632,-15.286333333333333,0.5444812005733326,-14.785388888888889,-14.449111111111112,-0.33627777777777723,0.3265000000000011,-294.05174891541816,115.49585668397408,409.5476055993922,195.92476489028195,219.43573667711462,195.92476489028195,0.4752977007318546,0.3468145339913745,0.7296770082841738,0.0,1.612
class3_2026_05_14_12_56_13.csv,189.84599999999998,background,1.2656399999999999,-18.719999,-37.324556666666666,14.109598731608688,-36.17694538888889,-34.77277866666667,-1.4041667222222216,9.448,-841.7849806260604,-332.5581114399558,509.2268691861046,-2714.7351097167993,48871.47805642293,-48871.47805642932,13.792009182808952,13.708813184546338,0.9939677394984587,0.9570000000000134,31.180003
class3_2026_05_14_12_56_13.csv,188.57,background,1.2571333333333332,-49.900002,-37.611001,13.849934486656174,-36.11972322222222,-33.23461172222222,-2.8851115000000007,7.828000499999998,-1488.9272367482795,1785.6241172257,3274.5513539739795,5741.379310337834,37329.1567398087,-2714.7351097167993,13.851545946133259,13.487166918981337,0.9736939109711757,0.0,31.180003
class3_2026_05_14_12_56_25.csv,107.526,break,0.7168399999999999,-17.610001,-18.232777777777773,0.9746331074683983,-14.765055444444442,-29.34938944444444,14.584333999999998,1.2340009999999992,-1243.9152121815694,-4597.643805233792,-3353.728593052222,-299.3730407523508,-299.3730407523508,-3262.270430154502,2.3836012492616487,12.988190131496005,5.448975446939296,0.0,3.0730000000000004
class3_2026_05_14_12_56_25.csv,97.954,connector,0.6530266666666666,-0.156,-1.1801111111111109,1.527436083001289,-10.23638888888889,-8.04561111111111,-2.190777777777779,10.193,4336.621967625287,-2535.4091773011,-6872.031144926386,0.0,1045.454545454546,-6564.137351538692,6.576983259307406,4.113808429327972,0.6254855214996636,4.147999999999999,4.194
class3_2026_05_14_12_56_25.csv,158.89700000000002,background,1.0593133333333336,-49.900002,-38.167778999999996,13.150189552687284,-34.71094533333333,-35.63177872222222,0.9208333888888944,4.568999999999999,-86.41963725922615,1669.030518330413,1755.4501555896393,40988.81147561453,40988.81147561453,-40924.76645768343,13.67128518773777,12.829786672065325,0.9384476702398921,0.0,28.514002
class3_2026_05_14_12_56_25.csv,155.387,background,1.0359133333333332,-49.900002,-34.97533444444444,13.425837025664533,-36.159389777777776,-36.32533455555555,0.16594477777777428,18.906001,1374.99080594334,-3451.759449040122,-4826.750254983463,41473.35579936947,47272.73040752094,-43242.948275865856,13.864539943329769,13.632787166911143,0.9832844248240241,0.0,30.160002000000002
class3_2026_05_14_12_56_25.csv,147.41000000000003,background,0.9827333333333335,-49.900002,-40.83944588888889,12.857320568120251,-35.240167666666665,-39.059890055555556,3.8197223888888914,29.772002,-1568.0916694559094,1658.983845997926,3227.0755154538356,-1.4551915228366852e-11,-1.4551915228366852e-11,-46664.57993730815,13.208463193847466,13.67786817307529,1.0355381195223645,0.0,29.772002
class3_2026_05_14_12_56_25.csv,152.196,background,1.01464,-49.900002,-34.55166744444445,13.86533456948851,-39.28672344444445,-34.63844527777778,-4.648278166666671,29.819003000000002,3508.856493838623,-814.3390678509545,-4323.1955616895775,-45416.93103448673,44318.18495297579,-45416.93103448673,13.392113088546127,13.745017774644216,1.0263516039189002,0.0,29.819003000000002
class3_2026_05_14_12_56_25.csv,159.216,background,1.0614400000000002,-23.790001,-41.09877922222222,12.481753029332857,-34.710945333333335,-37.08233433333333,2.3713889999999935,5.373500500000002,-2550.126453363677,3445.6277286156233,5995.7541819793005,38537.62068965897,40988.81147561453,-40924.76645768343,13.671285187737768,12.884836385668457,0.9424743369958342,0.6379999999999997,28.514002
class3_2026_05_14_12_56_35.csv,97.316,connector,0.6487733333333333,-0.156,-1.4443333333333332,1.884369331574301,-11.935611111111111,-7.061555555555556,-4.874055555555556,11.254999999999999,3353.949863806466,-2630.518483542138,-5984.468347348604,0.0,20241.379310344837,-6354.231974921633,5.54255775431132,4.262754980607184,0.769095136301689,4.147999999999999,5.283
class3_2026_05_14_12_56_35.csv,106.569,break,0.71046,-18.841999,-18.210000222222224,0.8749235685988397,-14.03994461111111,-25.221000388888886,11.181055777777775,0.8875000000000028,-1556.0082149441077,-2683.4249610432166,-1127.4167460991089,-956.1097178683412,-48.58934169278655,-3602.4204600338016,2.896520227395301,11.122654197882252,3.8400043792823526,0.0,2.7680000000000007
class3_2026_05_14_12_56_35.csv,124.756,background,0.8317066666666667,-19.639,-27.728000111111115,11.97851396306464,-25.005277999999997,-38.996723333333335,13.991445333333338,3.440500499999999,-1979.877888712584,-6609.889904638341,-4630.012015925757,1492.1630094043612,47431.03761755489,-47525.08150470493,11.260114827085985,13.710699005286683,1.2176339227617774,1.2759999999999994,30.465003
class3_2026_05_14_12_56_35.csv,145.177,background,0.9678466666666666,-20.641001,-35.514001,12.94209045886076,-36.63283422222222,-34.775056444444445,-1.8577777777777769,6.847499500000001,-3930.586990595562,-1620.927774826731,2309.659215768831,38254.78560436037,41197.496865201996,-45860.50313479356,13.388682821981824,13.580542563213765,1.0143299179951464,0.6389999999999729,29.259001
class3_2026_05_14_12_56_35.csv,122.52300000000001,background,0.8168200000000001,-21.278999,-24.032777666666668,9.306555259332722,-34.64772327777777,-30.727556,-3.9201672777777716,4.818500499999999,6498.195280377829,-4027.101472913489,-10525.296753291317,1346.3965517244906,48626.708890736976,-47750.78840125394,15.289535184395618,13.644874968381153,0.892432236257566,0.0,31.843003
class3_2026_05_14_12_56_35.csv,190.165,background,1.2677666666666667,-49.900002,-40.303779,13.574096105165635,-34.46800061111111,-39.15500127777777,4.687000666666663,29.484002,-3392.351397304535,269.75497135308706,3662.106368657622,-1.4551915228366852e-11,44653.60971786449,-1423.8751453721088,13.84743448788345,13.517634897853533,0.9761832730458652,0.0,29.484002
class3_2026_05_14_12_56_35.csv,128.585,background,0.8572333333333334,-49.900002,-43.80322377777778,11.41731094174952,-30.727556,-43.89561277777778,13.168056777777778,28.512002,-4094.9952900687026,-1180.1833106747417,2914.811979393961,-1.4551915228366852e-11,44689.65830721393,-7.203198038041592e-09,13.644874968381153,11.251753448529994,0.8246138311995898,0.0,28.512002
class3_2026_05_14_12_57_12.csv,38.926,break,0.25950666666666666,-18.382999,-18.263333111111113,3.2050222163787963,-13.32544438888889,-32.884111833333336,19.558667444444445,2.8769995,-735.0809178319969,-5589.790953583467,-4854.71003575147,-2430.3758315457926,-2227.2727272727316,-11199.059561128532,2.1153806785768725,13.746408916220243,6.498311418423633,0.0,11.347999999999999
class3_2026_05_14_12_57_12.csv,35.736,connector,0.23823999999999998,-9.554,-11.652444444444445,1.6092329512404426,-14.071944444444444,-20.444722277777778,6.372777833333334,5.0435,632.5959548712905,-3135.601921858685,-3768.197876729975,-581.5047021943592,5887.1473354232,-2915.3605015673966,1.2717014181456197,11.209834286612601,8.814825014612019,2.233000000000006,5.015000000000001
class3_2026_05_14_12_57_12.csv,186.017,background,1.2401133333333334,-24.226999,-32.176889555555555,12.591048341316117,-38.79072349999999,-36.449612222222214,-2.3411112777777774,29.541003,-448.4543232083913,-3418.428302731604,-2969.9739795232126,251.4988538473699,251.4988538473699,-677.8545147095938,13.967650795180484,13.497412256032534,0.966333672542567,0.6390000000000007,29.541003
class3_2026_05_14_12_57_12.csv,75.93900000000001,background,0.50626,-49.900002,-35.06966744444444,13.297193953640821,-33.509334055555556,-37.838501055555554,4.329166999999998,4.532999999999998,1816.7483951601157,-2318.3471992807786,-4135.095594440894,0.0,0.0,0.0,13.137229133698536,13.54879134181148,1.031327852517194,0.0,28.268002
class3_2026_05_14_12_57_12.csv,125.07499999999999,background,0.8338333333333332,-23.243,-31.03422288888889,13.413672974066836,-42.60405705555556,-39.339501,-3.264556055555559,30.947003000000002,2455.0367363179876,-3957.9609768725823,-6412.99771319057,1529.7836990585238,46976.490595611314,-41782.13479624309,11.881649270533526,13.323754566212497,1.121372390437664,1.5949999999999853,30.947003000000002
class3_2026_05_14_12_57_12.csv,102.102,background,0.6806800000000001,-19.752001,-31.215445222222222,13.274426857491445,-35.04272294444445,-39.66716794444445,4.6244450000000015,30.148001,2136.904001047622,724.9447182741301,-1411.9592827734919,0.0,3912.222570532922,-47253.92006269595,13.393583624138756,12.88454363562178,0.961993670641424,0.6379999999999997,30.148001
class3_2026_05_14_12_57_12.csv,68.28099999999999,background,0.4552066666666666,-49.900002,-43.551557,11.884261068029748,-41.128723666666666,-37.56355661111111,-3.5651670555555555,29.458003,-4143.279307554212,950.6156913497747,5093.894998903987,0.0,43450.339431223445,-46172.41849529784,12.489324813405798,13.838003813671486,1.107986453425536,0.0,29.458003
class3_2026_05_14_12_58_25.csv,37.969,break,0.25312666666666667,-15.109,-15.211666666666666,2.3422626823461394,-12.915222222222221,-29.420278444444445,16.505056222222223,3.9350000000000005,549.5498619735721,-5745.704319670014,-6295.254181643586,-2863.6363636363676,-2280.5642633228636,-3663.3474417254147,1.9423908965658094,13.074847955590286,6.731313067515829,0.0,7.225999
class3_2026_05_14_12_58_25.csv,35.416999999999994,connector,0.2361133333333333,-9.542,-11.646666666666667,1.9473180417064788,-14.292000000000002,-18.682666833333332,4.390666833333331,5.286,366.0194685900514,-3540.4684486951323,-3906.487917285184,2807.2100313479623,6257.053291536056,-2606.583072100293,0.8320006009613216,9.255904166776789,11.12486340901534,2.233000000000006,5.279999999999999
class3_2026_05_14_12_58_25.csv,66.366,background,0.44244,-21.361,-31.19544488888889,13.238623616938595,-38.091778777777776,-36.45650088888888,-1.6352778888888935,29.191002,1204.7942344261528,580.9445515970003,-623.8496828291525,0.0,43586.21159874611,-3617.5548589341743,13.236443475385034,13.742292037457915,1.0382162719764794,0.6379999999999997,29.191002
class3_2026_05_14_12_58_25.csv,103.059,background,0.68706,-49.900002,-40.580112444444445,13.195699891194483,-35.94427872222222,-37.44355677777778,1.499278055555557,29.438002,-2294.595116330268,387.9105921430788,2682.5057084733467,0.0,46141.06896551727,0.0,14.003122368183323,13.963899185709824,0.997198897600044,0.0,29.438002
class3_2026_05_14_12_58_25.csv,22.654,background,0.15102666666666667,-15.603,-15.17311111111111,0.5193528974587176,-14.718555555555557,-14.393055555555556,-0.3255000000000017,0.2944999999999993,-253.36535103778817,133.05760891624425,386.4229599540324,-86.20689655172464,12.539184952976939,-86.20689655172464,0.41403639429700995,0.33569818988394606,0.8107919586681893,0.0,1.4799999999999986
class3_2026_05_14_12_58_25.csv,182.827,background,1.2188466666666666,-22.044001,-28.11111166666667,11.707381541972124,-36.409611999999996,-35.85189005555555,-0.5577219444444452,18.419499999999996,2187.156822346862,-420.349535340155,-2607.506357687017,7750.78213166129,43576.05486323062,-43708.46708464332,13.516920889496346,14.080021065164287,1.0416588318162519,2.2339999999999858,30.915001
class3_2026_05_14_12_58_25.csv,60.304,background,0.4020266666666667,-49.900002,-41.42444577777778,12.067839861077806,-38.11289,-38.091778777777776,-0.021111222222224058,28.285002000000002,3775.7081174825253,3033.0142743762135,-742.6938431063118,-44333.85893416785,35036.05172413795,-44333.85893416785,13.25164798690723,13.236443475385034,0.9988525570261317,0.0,28.285002000000002
class3_2026_05_14_12_58_43.csv,35.416999999999994,connector,0.2361133333333333,-9.74,-11.753555555555558,1.8751860417990598,-14.248444444444447,-18.23388916666666,3.985444722222214,5.137499999999999,315.12867603424985,-2900.6861370141296,-3215.8148130483796,2841.6927899686543,6047.021943573671,-2553.2915360501356,0.7712670831691488,8.908133703123026,11.549983588740517,2.233000000000006,5.131
class3_2026_05_14_12_58_43.csv,38.607,break,0.25738,-17.296,-17.136000111111112,2.7741327584190043,-13.079722222222223,-26.844389333333336,13.764667111111113,3.1075,-246.77443260459592,-2599.7252016667176,-2352.9507690621217,-3083.072100313482,-1909.0909090909117,-9106.583072100326,1.9752963998559685,10.622881198603457,5.37786421395484,0.0,9.840000000000002
class3_2026_05_14_12_58_43.csv,120.927,background,0.80618,-49.900002,-38.25122333333334,13.063079994996595,-33.8261675,-36.64122294444444,2.8150554444444467,6.177000000000003,-138.69802299023485,2789.3188050809945,2928.016828071229,0.0,39542.32131661444,-44368.70384270006,13.066404280237627,13.396007800662453,1.0252251872918205,0.0,28.263003
class3_2026_05_14_12_58_43.csv,188.251,background,1.2550066666666666,-22.198999,-26.507889111111112,8.508241058966425,-33.56250083333333,-37.41327894444444,3.8507781111111115,5.6804999999999986,2044.2241760643587,-308.1625505417836,-2352.3867266061425,-5029.780564263339,37057.99686520037,-44699.062695921166,13.129450195793973,13.981813593922372,1.064919880154736,0.9569999999999856,29.268002
class3_2026_05_14_12_58_43.csv,100.507,background,0.6700466666666667,-49.900002,-41.01922344444445,12.633276194842987,-42.26627916666666,-34.545556222222224,-7.720722944444439,29.902003,-1929.7635085253705,-2632.3834302802034,-702.6199217548328,0.0,38194.36050156742,-5826.020376175547,12.350084543006265,13.796379934809668,1.117108046480085,0.0,29.902003
class3_2026_05_14_12_58_43.csv,108.484,background,0.7232266666666667,-21.236,-32.982111444444435,12.104782487091788,-36.241667388888885,-36.978667611111106,0.7370002222222212,17.314500999999996,424.89303531252887,-2212.8675919587663,-2637.760627271295,-5938.8714733542365,44722.967593047215,-44927.90282131664,13.698881548807591,13.03785835299852,0.9517461228349162,1.2770000000000004,28.664002
class3_2026_05_14_12_58_43.csv,119.97,background,0.7998,-24.672001,-39.443778888888886,11.932929142521782,-35.32138972222222,-36.61861183333333,1.297222111111111,7.538499000000002,-1195.8969765991046,2761.423197445733,3957.3201740448376,4137.931034482761,39542.32131661444,-42310.34796237972,13.278017264670817,13.418809496937753,1.010603331721688,1.2760000000000131,26.994002000000002
class3_2026_05_14_12_59_21.csv,96.678,connector,0.64452,-9.557,-11.623111111111111,2.1706862941600567,-14.525166666666665,-16.300055555555556,1.7748888888888903,5.905000000000001,314.7181339109225,-2735.0921282875006,-3049.810262198423,3959.247648902823,6755.485893416933,-2518.808777429469,0.7939613935478504,5.2422121292470525,6.602594999269465,2.2329999999999988,5.963000000000001
class3_2026_05_14_12_59_21.csv,99.869,break,0.6657933333333333,-16.287001,-16.471888888888888,2.3011024525670507,-12.930888888888889,-33.992778611111106,21.06188972222222,3.0885,-22.9394403277048,-8698.430679261635,-8675.49123893393,-3023.5109717868363,-1782.1316614420066,-4539.184952978059,2.138456215977854,14.475449155867324,6.769108611437954,0.0,7.597999999999999
class3_2026_05_14_12_59_21.csv,139.433,background,0.9295533333333332,-49.900002,-37.62189,13.739307222236992,-34.452889944444436,-35.98016766666667,1.5272777222222302,3.692000499999999,1302.3565796771509,3680.7643672128906,2378.4077875357398,-1.4551915228366852e-11,44031.349529784435,-44087.778996868525,13.859956692593109,13.986856830745744,1.009155809921444,0.0,28.146002
class3_2026_05_14_12_59_21.csv,176.445,background,1.1763,-25.049,-36.15044533333334,12.332943247052317,-33.157389499999994,-33.50516738888889,0.34777788888889916,1.7594995000000004,704.129308664155,3615.2098210292675,2911.0805123651126,65.83072100325808,38951.413793100204,-38104.370310710874,13.40801864958521,13.170829790997503,0.9823098515077844,0.0,26.963002
class3_2026_05_14_12_59_21.csv,117.41799999999999,background,0.7827866666666666,-23.225,-31.377445111111108,13.151795775097707,-37.31500111111111,-38.661334499999995,1.3463333888888869,29.992001000000002,4268.3787606921505,4298.163426688775,29.784665996624426,-43491.997171830706,1470.1119230031109,-43491.997171830706,14.100509772191497,12.678633282394655,0.8991612777176118,2.234,29.992001000000002
class3_2026_05_14_12_59_21.csv,172.617,background,1.15078,-49.900002,-34.89766744444445,13.440552004581253,-33.43266738888889,-33.71027844444445,0.2776110555555604,3.501999999999999,444.2346283471319,-422.67326697658564,-866.9078953237175,469.0737706950531,43905.95924765255,-44100.31661442392,13.225183780606455,13.008524336113153,0.9836175865904713,0.0,28.136002
class3_2026_05_14_12_59_21.csv,193.03699999999998,background,1.2869133333333331,-49.900002,-35.372445111111105,13.043291386153287,-37.85933416666666,-35.18866777777777,-2.6706663888888897,16.8114995,1699.6671202196321,1816.3248482495947,116.65772802996253,1.4551915228366852e-11,42749.22100313753,-41009.40752350691,13.550480818349076,13.258794691690804,0.9784740402172792,0.0,28.016001
class3_2026_05_14_13_00_27.csv,96.997,connector,0.6466466666666667,-8.855,-11.188888888888888,1.860642687319772,-14.274055555555556,-19.512389055555552,5.238333499999996,5.9575,719.1797992282776,-2498.6391371039135,-3217.8189363321912,32.91536050156719,6796.238244514108,-3631.6614420062724,1.4134940345832627,11.297035506217881,7.992271093862427,2.5519999999999987,5.779
class3_2026_05_14_13_00_27.csv,100.826,break,0.6721733333333333,-19.620001,-18.52744433333333,1.9078571164504021,-13.277777777777779,-35.403167499999995,22.125389722222216,3.5020000000000007,-1661.4007657075967,-1140.821081467292,520.5796842403047,-3829.1520376175504,-2007.836990595617,-47695.929467084665,2.6605402867244754,14.582246937810348,5.480932399197337,0.0,6.421999999999999
class3_2026_05_14_13_00_27.csv,137.2,background,0.9146666666666666,-49.900002,-37.53200111111111,13.895095954032811,-34.45650105555556,-37.57105655555554,3.1145554999999803,10.179999500000001,-1229.0160608513572,3850.9528250299672,5079.968885881324,-40078.37304075586,40078.37304075712,-40078.37304075586,13.863673362422576,12.570553525093796,0.9067259657487501,0.0,30.162001
class3_2026_05_14_13_00_27.csv,157.62,background,1.0508,-49.900002,-35.37233433333333,13.130682124220908,-37.92005655555556,-42.38533488888888,4.465278333333316,29.406003000000002,1800.489119145971,-2531.614709803143,-4332.103828949113,-877.7460814967599,46090.91379310067,-45213.16771159484,13.486485906954064,12.163566920058496,0.9019077395008313,0.0,29.406003000000002
class3_2026_05_14_13_00_27.csv,185.698,background,1.2379866666666668,-23.445,-34.38500055555556,13.919165783376275,-31.27277811111111,-38.0960566111111,6.823278499999994,4.445001000000001,3293.183321581718,30.32633385199351,-3262.856987729724,41194.36050156378,41194.36050156378,-41272.94689123137,13.22285063331195,13.285265983383322,1.0047201883377512,0.0,29.614003
class3_2026_05_14_13_00_27.csv,167.192,background,1.1146133333333335,-21.423,-43.62411255555556,11.74163887895463,-38.93200116666666,-36.32038994444444,-2.6116112222222156,28.477002000000002,891.2527206518057,4036.189198170032,3144.936477518226,-7.770722731947899e-09,44634.799373036905,-44634.79937304466,13.766533154497909,13.658192879967324,0.9921300980105304,0.6379999999999997,28.477002000000002
class3_2026_05_14_13_00_27.csv,111.35499999999999,background,0.7423666666666666,-49.900002,-37.75622355555556,13.690360861741091,-41.144168,-37.47461222222222,-3.6695557777777807,29.076003,3476.1526251796654,3430.705959014903,-45.44666616476252,0.0,0.0,-45644.992714910244,12.459126832879537,13.92085517315129,1.1173218029286343,0.0,29.076003
class3_2026_05_14_13_06_40.csv,137.2,break,0.9146666666666666,-17.502001,-17.835556,0.961698499633851,-13.607777888888888,-26.74544494444444,13.137667055555552,0.9454995000000004,-1557.3900597236548,-4606.151528834999,-3048.7614691113445,-1023.5094043886675,-310.34482758625745,-2326.0219435735926,2.8825683983404815,12.440098948325812,4.315628603941913,0.0,2.7560010000000013
class3_2026_05_14_13_06_40.csv,128.266,connector,0.8551066666666666,-0.156,-0.9216666666666666,1.1062301347871115,-11.117277777777778,-7.3555,-3.7617777777777777,10.6265,3818.2818779077274,-2706.7659245074465,-6525.047802415174,2.842170943040401e-14,9205.329153605382,-4645.768025078334,5.9916503551521645,4.313832393205219,0.7199738665527986,3.827999999999998,3.194
class3_2026_05_14_13_06_40.csv,171.34,background,1.1422666666666668,-23.356001,-37.37511244444444,14.023701551675643,-35.871612222222225,-36.572334444444444,0.7007222222222182,18.800001,1482.5194553189262,1744.365574801459,261.8461194825327,7.246853783726692e-09,46401.25705329538,-41605.01724137572,14.078057610396067,13.476778866106208,0.9572895836755618,0.6379999999999997,29.604002
class3_2026_05_14_13_06_40.csv,55.836999999999996,background,0.3722466666666666,-14.772,-14.655222222222221,0.08739409817065318,-14.633277777777778,-14.631777777777778,-0.0015000000000000568,0.13750000000000107,19.751844434547987,-0.3462177485272468,-20.098062183075236,152.03761755485903,152.03761755485903,36.050156739816885,0.0944368134172002,0.07969633726112825,0.8439028221571779,0.0,0.2790000000000017
class3_2026_05_14_13_06_40.csv,173.574,background,1.1571600000000002,-49.900002,-31.94866755555556,12.85173483758923,-32.989889777777776,-35.30211222222223,2.3122224444444512,7.107499999999998,-1730.396354964425,-672.083382213164,1058.312972751261,-1666.147335415706,43836.9952978022,-42170.84796238482,13.543532876135535,13.271112427113065,0.9798854972775982,0.0,30.144001
class3_2026_05_14_13_06_40.csv,173.893,background,1.1592866666666666,-22.995001,-35.04022333333333,13.438192605617767,-32.989889777777776,-36.7968345,3.8069447222222266,8.2074995,-2172.392661969584,-665.1986090840893,1507.1940528854948,34512.54075235546,43836.9952978022,-47247.65047022357,13.543532876135535,13.315866780117402,0.983189978472362,0.6379999999999997,30.144001
class3_2026_05_14_13_06_40.csv,178.998,background,1.19332,-23.604,-35.467112111111106,13.06475026796616,-36.423334499999996,-33.35188977777778,-3.0714447222222176,7.9705005000000035,-665.1986090840893,2926.787569456294,3591.986178540383,34253.92163009827,42791.53761755932,-41216.30407523752,13.642125244212453,13.350798892782391,0.9786450186565563,0.6379999999999997,29.907002000000002
class3_2026_05_14_13_09_36.csv,35.416999999999994,connector,0.2361133333333333,-9.778,-11.816222222222224,1.9123974353196784,-14.286444444444445,-17.72638888888889,3.4399444444444462,5.0875,275.84245313482484,-2420.92350729402,-2696.7659604288447,2873.0407523510985,6020.376175548592,-2540.7523510971623,0.7675406773311918,8.733605113766611,11.378672157757093,2.233000000000006,5.303000000000001
class3_2026_05_14_13_09_36.csv,39.246,break,0.26164000000000004,-18.035999,-18.007888666666666,1.9005202837482862,-13.41222227777778,-26.54711155555556,13.13488927777778,2.701500499999998,-1173.0020357401281,-1207.9499101535753,-34.94787441344715,-2375.6492419030037,-1597.1786833855804,-5470.219435736675,2.329542104418658,10.701936733647836,4.59400674464812,0.0,5.595998999999999
class3_2026_05_14_13_09_36.csv,146.453,background,0.9763533333333334,-49.900002,-40.76589033333333,12.960588054961876,-36.74727883333333,-46.95283511111111,10.20555627777778,28.901001,4659.8185904880565,2164.7902296788393,-2495.0283608092172,-45299.37460814852,44633.23197492455,-45299.37460814852,13.325241449354214,8.344017341513732,0.626181277618563,0.0,28.901001
class3_2026_05_14_13_09_36.csv,107.845,background,0.7189666666666666,-23.181999,-24.813444888888892,8.95805286153608,-23.451444722222224,-27.850000333333337,4.398555611111114,2.083500000000001,-740.468295750293,3188.2785938199545,3928.7468895702477,-45179.174590780756,45424.76645768028,-45179.174590780756,6.693032233873314,11.816112983972399,1.7654346797758713,0.0,30.025002
class3_2026_05_14_13_09_36.csv,119.332,background,0.7955466666666666,-49.900002,-34.61744522222222,13.759824515491191,-33.28794522222223,-29.47677844444445,-3.8111667777777782,2.153499499999999,-1038.6649174795605,3278.9663756132427,4317.631293092803,-36851.10031347965,36851.10031347965,-42663.01253918618,13.382941063325564,12.712796211369211,0.9499253715075991,0.0,29.181002
class3_2026_05_14_13_09_36.csv,180.274,background,1.2018266666666666,-24.819,-34.665445222222225,13.66590733100283,-35.938556500000004,-43.79311255555555,7.854556055555548,28.671002,-285.77792664880815,-2694.778271256263,-2409.0003446074547,6.853952072560787e-09,44938.87460814717,-482.76018808002846,14.007456760576527,11.445550053259469,0.8171040205077432,0.6379999999999997,28.671002
class3_2026_05_14_13_09_36.csv,85.19200000000001,background,0.5679466666666667,-19.82,-32.74766733333333,12.858192200910542,-35.82327877777777,-33.68355622222222,-2.139722555555551,5.615000500000001,-1499.8887909074806,-950.2439748755861,549.6448160318945,-294.6708659877622,47277.43260188091,-37047.02507836993,14.131256015476893,13.334381908262431,0.9436090429647055,0.6390000000000007,30.163002000000002
class3_2026_05_14_13_09_48.csv,38.607,break,0.25738,-17.35,-17.185222444444445,3.038981221737681,-12.901,-32.47550094444444,19.57450094444444,3.2290005000000015,-177.8642666881619,-5303.277907737768,-5125.413641049607,-3172.4137931034493,-1960.8150470219443,-8990.595611285273,2.0962038969951795,14.01970378591624,6.688136167419935,0.0,9.770001
class3_2026_05_14_13_09_48.csv,35.416999999999994,connector,0.2361133333333333,-9.352,-11.53288888888889,2.0418956576042784,-14.213444444444443,-17.932944666666668,3.7195002222222247,5.390499999999999,332.8949505960231,-2948.0664550728816,-3280.9614056689047,2543.887147335423,6314.376738487346,-2545.454545454544,0.9041112408340409,8.904036369537677,9.84837497756222,2.233000000000006,5.654999999999999
class3_2026_05_14_13_09_48.csv,85.51100000000001,background,0.5700733333333334,-49.900002,-38.19333433333333,13.196137717621994,-34.90588977777777,-39.069389888888885,4.163500111111112,23.625999999999998,-2478.0650274638933,-921.7080065089962,1556.357020954897,40158.311912225734,47329.15673981194,-40158.311912225734,13.46955292818947,12.523954245653075,0.9297972533034359,0.0,30.196002
class3_2026_05_14_13_09_48.csv,104.336,background,0.6955733333333334,-49.900002,-32.471778,12.825719683876796,-36.37100072222223,-30.19211155555556,-6.178889166666668,3.8364994999999986,1914.253618059289,-2249.200804480205,-4163.454422539494,0.0,26407.529780564284,-13144.199059561135,13.807563621866487,12.359453238140398,0.8951218825778463,0.0,29.844002
class3_2026_05_14_13_09_48.csv,84.553,background,0.5636866666666667,-19.704,-40.76711233333333,12.967476474517383,-36.607445388888884,-39.1730565,2.5656111111111173,30.196002,-4342.825938366163,81.89435424013831,4424.720292606302,41346.39811912228,47329.15673981194,-47144.809289501216,13.328499565949645,12.38634504655247,0.9293127149047732,0.9580000000000005,30.196002
class3_2026_05_14_13_09_48.csv,52.327,background,0.34884666666666664,-19.861,-34.42566766666667,13.898561269754227,-34.78388977777777,-41.206668,6.422778222222227,30.039002,-967.2553038519557,497.6970064211471,1464.9523102731027,-4769.595611285273,47083.07523510975,-46911.45985352846,13.578225900747931,12.388682219716197,0.9123932241133627,1.2770000000000004,30.039002
class3_2026_05_14_13_09_48.csv,173.255,background,1.1550333333333334,-49.900002,-38.38055655555556,12.956758317479794,-37.56166777777777,-36.17311205555555,-1.3885557222222218,27.784003000000002,-1457.43038270537,1761.6938314908205,3219.12421419619,1.4551915228366852e-11,7.436028681695461e-09,-43548.59404388486,13.805308527554322,13.822802799818422,1.0012671408945366,0.0,27.784003000000002
class3_2026_05_14_13_10_18.csv,69.55699999999999,break,0.46371333333333326,-18.775,-18.957666888888888,3.007452277876425,-13.71411111111111,-34.348389777777776,20.634278666666667,3.0735004999999997,-723.3945778619923,-2302.77240634839,-1579.377828486398,-3672.415360501571,-2106.583072100315,-6829.15047021944,1.9299067302992448,13.985322509707094,7.246627540861024,0.0,8.601999000000001
class3_2026_05_14_13_10_18.csv,66.047,connector,0.44031333333333333,-10.741,-12.377111111111113,1.617322303098169,-14.468777777777778,-18.719944611111107,4.251166833333329,4.4254999999999995,215.2928661984486,-3001.2968493384965,-3216.5897155369453,3236.6771159874625,5208.4639498432625,-2687.7172036047705,0.5452491332262257,8.715517819902825,15.98443959716876,2.234,4.422000000000001
class3_2026_05_14_13_10_18.csv,147.72899999999998,background,0.9848599999999998,-22.492001,-31.07088988888889,13.338831609606322,-40.794334666666664,-36.122001,-4.672333666666667,30.039002,1863.5530352625817,-197.97137812466303,-2061.5244133872447,7.479684427380562e-09,47083.07523510633,-45054.860501563926,12.920414571616712,13.860587567668308,1.0727663898146547,0.6379999999999997,30.039002
class3_2026_05_14_13_10_18.csv,122.84200000000001,background,0.8189466666666667,-49.900002,-37.341000777777786,14.108941724523564,-37.81461205555556,-36.27816761111111,-1.5364444444444487,29.958003,3927.288992707206,-2171.8201610313904,-6099.109153738596,38971.79153605018,38971.79153605018,-44368.341692789996,13.588363027023098,13.703718652780909,1.0084892210370877,0.0,29.958003
class3_2026_05_14_13_10_18.csv,166.873,background,1.1124866666666666,-21.15,-25.418888666666664,8.854396175512992,-37.67305666666667,-37.63544538888889,-0.03761127777777773,30.149003,4665.025373369698,-1425.9484270841203,-6090.9738004538185,-811.9122257056406,6004.703761755809,-44211.95694933855,13.749331483846055,13.807926199331554,1.004261568010981,3.1909999999999994,30.149003
class3_2026_05_14_13_10_18.csv,133.69,background,0.8912666666666667,-49.900002,-40.556667999999995,13.237152599919542,-34.83194533333333,-36.17677855555556,1.3448332222222277,7.243001499999998,-790.1493459719018,3892.832204607137,4682.981550579039,-1.4551915228366852e-11,-1.4551915228366852e-11,-46275.86677116392,13.595408060040477,13.77830632513252,1.0134528695888685,0.0,29.524003
class3_2026_05_14_13_10_18.csv,93.487,background,0.6232466666666666,-49.900002,-37.67277877777778,13.694707994670253,-34.281112,-39.35227894444444,5.0711669444444425,29.279002000000002,2858.7093400136523,-68.7510992803324,-2927.4604392939846,-40852.66771159877,43799.37774294674,-40852.66771159877,13.993079419727144,13.397460177535034,0.9574346588223408,0.0,29.279002000000002
class3_2026_05_14_13_10_25.csv,66.366,connector,0.44244,-9.828,-11.91711111111111,1.5673293240019925,-14.204833333333333,-17.0380555,2.8332221666666655,4.8645,566.0031882063382,-2344.625470132864,-2910.628658339202,-305.64263322883926,5744.514106583074,-2945.141065830725,1.1539731486381204,3.692260071318548,3.199603800202997,2.234,4.862
class3_2026_05_14_13_10_25.csv,69.87599999999999,break,0.4658399999999999,-19.254999,-18.511888666666668,1.60326084813441,-13.819777722222222,-35.560556666666656,21.740778944444436,3.1154999999999973,-1359.8363942214125,-8796.855382224132,-7437.018988002719,1072.1003134796265,1072.1003134796265,-4051.0801924052066,2.502526461716768,14.40458783102769,5.756015888491368,0.0,4.835000000000001
class3_2026_05_14_13_10_25.csv,106.88799999999999,background,0.7125866666666666,-49.900002,-37.05600100000001,14.371671374563425,-40.705445722222215,-37.43122316666667,-3.2742225555555464,30.189002000000002,1896.13761693075,-881.8803836145875,-2778.0180005453376,0.0,2717.8683385580007,-43727.969479904175,13.11061741030702,13.967112534739881,1.06532827801315,0.0,30.189002000000002
class3_2026_05_14_13_10_25.csv,118.375,background,0.7891666666666667,-49.900002,-37.77077877777778,13.593786408828148,-27.199444777777778,-39.59761233333333,12.398167555555553,4.123999999999999,-1727.7494932391085,-133.08365470647914,1594.6658385326293,0.0,5271.302556281611,-41126.96394984329,10.289591721122658,12.95183874994184,1.2587319149526761,0.0,29.713002
class3_2026_05_14_13_10_25.csv,160.173,background,1.06782,-20.792999,-28.75077811111111,11.366818073297093,-43.93822377777778,-39.05844572222222,-4.879778055555562,29.107003000000002,4562.171406155706,-4642.95900099934,-9205.130407155046,-38901.25862069424,42159.92033006492,-44896.553291539494,11.179118413419735,13.607100094901469,1.2171889029619916,1.5949999999999853,29.107003000000002
class3_2026_05_14_13_10_25.csv,191.442,background,1.27628,-49.900002,-29.772222555555555,10.914925524549881,-36.42577883333334,-37.037167555555556,0.6113887222222161,17.030000999999995,4670.8829737868455,-331.5525438618812,-5002.435517648727,-2862.0658307142367,43738.24608150777,-35065.83385580397,13.529675514059987,12.959481565832393,0.9578559806928829,0.0,28.216002
class3_2026_05_14_13_10_25.csv,129.542,background,0.8636133333333333,-22.264,-27.760889666666667,11.883033841015378,-36.07622333333333,-36.49105677777778,0.41483344444444725,18.389,224.43936859953382,-4136.310925200414,-4360.750293799948,-3296.2398119123754,47047.02351097565,-41663.01253918942,13.869299778884617,13.491126095285361,0.9727329668864771,1.913999999999999,30.016001
class3_2026_05_14_13_10_59.csv,66.366,connector,0.44244,-10.792,-12.631222222222222,1.2836998418441194,-14.31977777777778,-21.074444722222225,6.754666944444445,3.9275,434.5105530765557,-4331.542511780728,-4766.053064857284,-228.84012539184914,4628.526645768026,-2954.545454545456,0.8921698614772833,10.760341229812392,12.060852572561153,1.915,3.8930000000000007
class3_2026_05_14_13_10_59.csv,68.6,break,0.4573333333333333,-16.521,-16.465555555555554,2.1921670714468373,-13.725444444444443,-31.914778722222227,18.189334277777782,3.7794999999999987,200.00316858632826,-8421.902774229284,-8621.905942815612,-3039.184952978052,-2153.605015673984,-3039.184952978052,1.444442346152322,14.423212435454873,9.985308509243458,0.0,6.644000000000002
class3_2026_05_14_13_10_59.csv,115.82199999999999,background,0.7721466666666665,-23.607,-34.76677844444444,13.609441232452632,-34.74488972222222,-35.81450127777778,1.0696115555555608,5.109999999999999,-285.9294202684618,1907.9323383466215,2193.861758615083,0.0,37556.43103448278,-45755.4890282132,13.619233651056255,14.122008400576211,1.0369164466581067,0.0,29.192002000000002
class3_2026_05_14_13_10_59.csv,146.453,background,0.9763533333333334,-49.900002,-38.57222333333334,12.908520421381986,-36.351945444444446,-35.170500833333335,-1.181444611111111,8.248998499999999,3987.87951112349,3343.5751124428484,-644.3043986806415,0.0,46999.703033279045,-30813.484326021506,13.585891639242826,13.329551261916395,0.9811317972154447,0.0,30.103001
class3_2026_05_14_13_10_59.csv,138.79500000000002,background,0.9253000000000001,-25.354,-31.988222888888888,12.853953638450436,-40.94650133333334,-34.63605638888888,-6.3104449444444555,29.285002000000002,902.0422618560788,-5095.468705021894,-5997.510966877972,-6.708432920277119e-09,45901.25705329359,-1705.8369697461385,12.742604407664205,13.679205891000322,1.0735014899521873,0.6379999999999997,29.285002000000002
class3_2026_05_14_13_10_59.csv,127.62799999999999,background,0.8508533333333332,-13.743,-22.900222555555555,14.46362498368553,-41.55839044444445,-30.471612,-11.086778444444448,36.157002,3294.7076615205256,-7485.797052349338,-10780.504713869863,264.890282131797,55768.02821317043,-3161.440438871421,13.605412290849571,15.615717592634104,1.1477576798888263,4.146999999999984,36.157002
class3_2026_05_14_13_10_59.csv,187.932,background,1.25288,-49.900002,-38.48411233333333,12.881196781279696,-38.258278777777775,-43.61927927777778,5.361000500000003,29.125002000000002,1530.4390143240955,1464.6355473948615,-65.80346692923399,3385.5783698983105,42264.89498432904,-45650.47335423597,13.101124952408437,11.755629056097451,0.8972991404556616,0.0,29.125002000000002
class3_2026_05_14_13_11_29.csv,35.736,connector,0.23823999999999998,-9.554,-11.548222222222222,1.603906604220373,-14.033666666666667,-13.60538888888889,-0.42827777777777776,4.9350000000000005,606.704075316162,-991.3138759527689,-1598.0179512689308,-462.38244514106736,5791.536050156743,-2216.300940438874,1.2372186099832516,1.4353725857339419,1.1601599054458673,2.233000000000006,5.125
class3_2026_05_14_13_11_29.csv,127.947,connector,0.8529800000000001,-0.162,-2.223333333333333,2.388578842929178,-12.481055555555555,-8.012777777777778,-4.468277777777777,11.998000000000001,3111.653897427418,-2688.0229599470927,-5799.67685737451,-133.22884012540214,19251.607226955963,-4167.711598746139,5.300742583955386,4.333328878915089,0.8174945288867533,3.827999999999998,7.815
class3_2026_05_14_13_11_29.csv,134.647,break,0.8976466666666666,-16.676001,-16.477444444444444,1.5542946234447823,-9.671444444444443,-27.191944944444447,17.520500500000004,2.5409999999999986,-2451.692288866992,-4903.880020353495,-2452.187731486503,-855.799373040747,-855.799373040747,-2048.6694194251504,4.109629291503096,12.63653960371681,3.0748604393547523,0.0,4.965999999999999
class3_2026_05_14_13_11_29.csv,191.761,background,1.2784066666666667,-20.594,-38.18377888888889,13.156561518640766,-42.507612611111114,-37.530112277777775,-4.977500333333339,29.306002,1181.5016963228109,-614.0401357477017,-1795.5418320705126,3040.7539184964116,45934.17241379051,-45934.17241379629,11.9585615794078,13.861611297298603,1.1591369117529045,1.2759999999999994,29.306002
class3_2026_05_14_13_11_29.csv,109.122,background,0.72748,-15.386,-15.232888888888889,0.11734795784280386,-15.174611111111112,-15.168666666666667,-0.005944444444445196,0.12299999999999933,-25.379505509685174,-17.017442828970815,8.36206268071436,-97.17868338558037,-96.42950878380361,-153.60501567398023,0.09898660902077655,0.14210872207183092,1.4356213214727074,0.0,0.36299999999999955
class3_2026_05_14_13_11_29.csv,194.632,background,1.2975466666666666,-23.57,-37.393890111111105,14.000324011573378,-39.276890166666675,-37.710751125,-1.5661390416666734,29.072003000000002,-2534.287870063406,1187.6023880003604,3721.8902580637664,7.188646122813225e-09,44962.384012543116,-44619.123824447386,13.367241725229517,13.857456501873418,1.0366727669064215,0.6379999999999997,29.072003000000002
class3_2026_05_14_13_11_29.csv,186.017,background,1.2401133333333334,-49.900002,-37.71400088888889,13.646565690930833,-33.70816738888889,-40.87950138888889,7.171334000000002,29.418002,4100.402697066612,1716.211497984777,-2384.191199081835,-42412.66948259068,750.7852664576567,-42412.66948259068,12.977317262412758,12.806194414620464,0.9868136201692816,0.0,29.418002
class3_2026_05_14_13_11_29.csv,172.617,background,1.15078,-23.509001,-40.42266822222223,13.430085161082427,-43.714501500000004,-42.104168055555554,-1.61033344444445,29.839001,2366.156977382783,-2613.622903944653,-4979.779881327437,-1179.7158324388256,46769.59404388312,-45557.99686520775,11.5964301851691,12.626141170919265,1.0887954207038353,1.2770000000000004,29.839001
class3_2026_05_14_13_11_39.csv,37.969,break,0.25312666666666667,-14.816,-15.002777666666667,2.316965360195482,-12.844666666666667,-26.872889333333333,14.028222666666666,3.815500000000002,605.0910296268655,-2725.2857783797076,-3330.376808006573,-2689.6551724137935,-2228.8401253918273,-4104.9415819039095,1.967861190904142,12.48308478535293,6.343475088373708,0.0,7.1239989999999995
class3_2026_05_14_13_11_39.csv,35.736,connector,0.23823999999999998,-9.171,-11.347111111111111,1.7658387647828662,-13.965444444444445,-18.756555666666667,4.791111222222222,5.351000000000001,663.3473295001651,-3095.1474049161016,-3758.4947344162665,-648.9028213166148,6373.040752351102,-2896.551724137935,1.3750168977637338,8.707129798734648,6.332375609725172,2.233000000000006,5.584000000000001
class3_2026_05_14_13_11_39.csv,79.44800000000001,background,0.5296533333333334,-49.900002,-38.50600122222222,12.804153686449684,-35.906001,-34.529667499999995,-1.3763335000000083,5.117000000000001,-788.9722772662923,3146.4335962535415,3935.4058735198337,0.0,42010.97492163012,-836.185939055802,12.815601356185654,13.798111573347894,1.0766650829087263,0.0,27.344002
class3_2026_05_14_13_11_39.csv,125.394,background,0.83596,-49.900002,-32.96366722222222,12.516358246254928,-30.27044483333333,-38.041667888888895,7.771223055555566,5.064498999999998,2723.5292882139393,-3346.276275796954,-6069.805564010893,-14664.578369900373,39478.061128525405,-24813.482758625898,11.110193103187934,13.55833234502492,1.2203506274597422,0.0,29.248002
class3_2026_05_14_13_11_39.csv,154.43,background,1.0295333333333334,-49.900002,-40.33000133333334,13.551049629555187,-35.01733433333333,-31.158723166666668,-3.8586111666666625,3.841500500000002,-1545.3653391672808,1230.8024107823496,2776.1677499496304,-1.4551915228366852e-11,47257.056426328214,-1.4551915228366852e-11,13.38679914070413,13.277663039950827,0.9918474094177698,0.0,30.150002
class3_2026_05_14_13_11_39.csv,192.718,background,1.2847866666666665,-23.039,-34.605445333333336,13.724587101431917,-32.361278388888884,-39.308501388888885,6.947223000000001,9.833501000000002,156.20835620528428,827.4940635949763,671.285707389692,-7.334165275096893e-09,45547.02507837302,-4998.434169271386,12.68741857442295,13.370191638701812,1.053814888068752,0.6379999999999997,29.535002000000002
class3_2026_05_14_13_11_39.csv,114.54599999999999,background,0.76364,-49.900002,-41.925223555555554,11.350269683287658,-34.45405633333334,-35.12205644444444,0.6680001111110982,3.488000000000003,1864.809035720887,950.2332717919206,-914.5757639289665,-41744.51724137933,41744.51724137933,-41744.51724137933,12.59784262340826,13.299010812117423,1.055657714897041,0.0,26.633002
class3_2026_05_14_13_11_48.csv,35.416999999999994,connector,0.2361133333333333,-9.429,-11.554444444444444,2.0071351120501806,-14.261166666666668,-20.871333722222225,6.610167055555557,5.424499999999998,338.7408719143104,-4713.7584625270865,-5052.499334441397,2755.485893416928,6147.335423197497,-2501.567398119101,0.8636788401303397,13.46906778761649,15.594977631507348,2.233000000000006,5.489999999999998
class3_2026_05_14_13_11_48.csv,39.565000000000005,break,0.2637666666666667,-18.878,-25.570000555555552,13.158970679569848,-13.39183338888889,-40.994334666666674,27.602501277777783,4.759999999999996,-1792.2723288341729,-1035.5668583683544,756.7054704658185,-49175.55329153608,-2334.1685565894404,-49175.55329153608,2.6808962503686904,12.655477661440647,4.720612720125772,0.0,34.552002
class3_2026_05_14_13_11_48.csv,94.125,background,0.6275,-49.900002,-43.690223777777774,11.620703915518579,-33.455278722222225,-39.672945999999996,6.217667277777771,18.616000500000002,-3000.1689344909887,4387.491301562446,7387.660236053434,1557.2487827826262,42882.448275862094,-44716.30407523514,13.276474503948052,12.891517449133325,0.9710044992965,0.0,28.529002000000002
class3_2026_05_14_13_11_48.csv,153.791,background,1.0252733333333333,-49.900002,-35.153667222222225,13.467770734218908,-31.474056166666667,-36.371723277777775,4.897667111111108,3.0480005000000006,3647.394300089429,6071.417733990045,2424.023433900616,-14783.125780580638,686.5188087777788,-30366.77586206635,13.152521223863513,13.696492079640295,1.0413585962082483,0.0,29.306002
class3_2026_05_14_13_11_48.csv,158.577,background,1.05718,-19.768999,-29.441555888888892,11.443389407372562,-34.84222311111111,-38.77939005555556,3.9371669444444493,21.3280015,5803.21139890902,-415.89575558877453,-6219.107154497795,-44882.005059744915,5891.85109717854,-47006.01504792218,13.624921204510228,12.649803628812808,0.9284312555285911,2.2340000000000138,30.131003
class3_2026_05_14_13_11_48.csv,185.379,background,1.23586,-20.351,-28.707556222222227,11.370327132016142,-33.63888972222222,-40.77116811111111,7.132278388888892,29.549002,3340.7235638104835,-1173.872527582602,-4514.596091393086,-34.48432601802051,43388.717868342064,-46315.050156743084,13.010239925836904,12.951841941106611,0.9955113064344321,2.232999999999985,29.549002
class3_2026_05_14_13_11_48.csv,95.083,background,0.6338866666666667,-49.900002,-43.690223777777774,11.620703915518579,-36.548223444444446,-38.1970015,1.6487780555555531,28.529002000000002,-3444.4000778362147,3951.7114401323506,7396.111517968566,0.0,1557.2487827826262,0.0,13.492241110647731,13.150672701619163,0.9746840142485281,0.0,28.529002000000002
class3_2026_05_14_13_11_57.csv,38.926,break,0.25950666666666666,-18.115,-17.75588888888889,2.738525562919881,-12.979166666666668,-29.866167166666667,16.8870005,3.2645000000000035,-648.6302055370231,-5628.864190733951,-4980.233985196927,-2854.373644777057,-2200.626959247653,-7653.603448275862,2.1927436200644466,12.611537885318928,5.7514850429541875,0.0,9.056999
class3_2026_05_14_13_11_57.csv,35.736,connector,0.23823999999999998,-9.09,-11.232777777777777,1.6919969646530288,-13.95727777777778,-18.875444555555557,4.9181667777777776,5.452500000000001,669.0029636795365,-2726.5159961696354,-3395.518959849172,-471.78683385580007,6211.598746081509,-3003.134796238246,1.3868423288397742,8.932183225264927,6.440657743753611,2.233000000000006,5.287000000000001
class3_2026_05_14_13_11_57.csv,68.919,background,0.45946,-20.448,-34.39666777777778,13.979805333880224,-31.474056388888886,-37.14994555555555,5.675889166666661,4.929500000000001,-304.4283304661115,1978.6368636346308,2283.0651941007422,-758.6206896551739,42688.089341692816,-46163.01253918498,13.145149132920128,14.28305972179531,1.0865649747145492,1.2759999999999994,29.904002000000002
class3_2026_05_14_13_11_57.csv,152.51500000000001,background,1.0167666666666668,-21.667999,-35.092334,13.327976599977857,-33.82983405555555,-41.141723444444445,7.311889388888893,28.232003000000002,-112.118597708976,-975.8593360880799,-863.7407383791038,7291.5376175540005,44250.78840125632,-44250.788401250305,13.386005754207881,12.416820392975357,0.9275970512320367,1.2759999999999994,28.232003000000002
class3_2026_05_14_13_11_57.csv,125.394,background,0.83596,-49.900002,-40.89333455555555,12.742978291412449,-33.404000611111115,-34.37611183333333,0.9721112222222175,1.9835005000000017,111.27886891985698,1880.9112639861526,1769.6323950662957,-43793.10815046644,41789.97021943576,-43793.10815046644,13.20585467693954,13.94851041026508,1.0562367749196584,0.0,27.940003
class3_2026_05_14_13_11_57.csv,121.56500000000001,background,0.8104333333333334,-23.712,-32.29944488888889,12.481378191862374,-30.902000555555553,-37.744278944444446,6.842278388888893,4.008001,-750.7341099810855,-2510.050581048355,-1759.3164710672695,-3360.503134796236,44402.8260188088,-40854.74690632286,11.9552033362698,13.639103367551257,1.140850711030746,0.0,28.329003
class3_2026_05_14_13_11_57.csv,133.37099999999998,background,0.8891399999999998,-49.900002,-43.93500155555556,11.160661903011578,-33.01888938888889,-42.397001555555555,9.378112166666668,27.185002,-1387.9183633544983,1924.1409174551695,3312.059280809668,1.4551915228366852e-11,42609.72100313852,-41536.05329153969,13.523332897386828,12.1248390323107,0.8965865314213409,0.0,27.185002
class3_2026_05_14_13_14_44.csv,128.266,break,0.8551066666666666,-15.026,-15.590444222222223,1.5564408532860963,-15.250666666666667,-34.642445277777774,19.391778611111107,2.3979999999999997,337.1727323854102,-7570.930630801183,-7908.103363186593,-2557.9937304074847,1901.2539184953093,-4946.7084639497625,0.6214320379396109,15.333458374568306,24.67435337105197,0.0,4.983999000000001
class3_2026_05_14_13_14_44.csv,35.416999999999994,connector,0.2361133333333333,-6.1,-9.059666666666665,3.2853359713192867,-13.957722222222221,-11.46177777777778,-2.495944444444442,8.677,725.6291670561626,-2086.515264453796,-2812.144431509959,3236.6771159874625,10694.14109833153,-2474.921630094026,1.672403586510397,3.0707078184309293,1.8361034424320741,2.8710000000000053,8.898
class3_2026_05_14_13_14_44.csv,175.16899999999998,background,1.1677933333333332,-49.900002,-40.42433477777777,13.416671834704353,-41.22477927777778,-31.379834000000002,-9.844945277777775,21.956501000000006,-1265.2902064431141,1471.6851596730091,2736.975366116123,1.4551915228366852e-11,43211.60344827964,-6598.74451410666,12.568478465216785,13.169297253485773,1.0478035382029902,0.0,30.033001000000002
class3_2026_05_14_13_14_44.csv,146.134,background,0.9742266666666666,-22.837,-43.77044611111111,11.469968729507373,-36.111112,-36.61916772222222,0.508055722222224,17.7860005,-8739.742179231962,1596.3021800224456,10336.044359254407,7.392372936010361e-09,42418.498432605586,-42418.498432600056,13.810897462447395,13.41447165827034,0.9712960887189953,0.6379999999999997,28.103001
class3_2026_05_14_13_14_44.csv,154.43,background,1.0295333333333334,-49.900002,-35.80766766666667,12.818721828646698,-35.65516755555556,-33.35077866666667,-2.3043888888888873,4.236999999999998,1551.1494501687807,-976.667772907209,-2527.8172230759897,-42463.95141065464,44311.91536050316,-43335.42476488753,12.93868178618477,13.25043066147546,1.0240942513579172,0.0,28.271002
class3_2026_05_14_13_14_44.csv,170.383,background,1.1358866666666667,-24.702,-34.86344555555556,13.607561711560477,-30.63483388888889,-44.16027944444444,13.525445555555553,30.453001,1243.7550973168702,-111.39446219830728,-1355.1495595151775,-6.883055903017521e-09,6777.427899687995,-46332.29153604616,12.360279115788058,11.06482096168467,0.8951917641050328,0.6379999999999997,30.453001
class3_2026_05_14_13_14_44.csv,159.535,background,1.0635666666666665,-49.900002,-40.942556888888895,12.705446780805376,-31.898112,-36.966334222222216,5.068222222222214,3.9000009999999996,-976.667772907209,813.2755209140637,1789.9432938212726,-1.4551915228366852e-11,1109.737447347572,-45791.5407523551,12.772795720680554,13.227485178944134,1.0355981910780268,0.0,29.215003
class3_2026_05_14_13_15_01.csv,35.736,connector,0.23823999999999998,-6.877,-9.40088888888889,2.3505820293159756,-13.639277777777776,-12.628833333333334,-1.0104444444444418,7.5345,1036.992683389852,-1716.8619770809496,-2753.8546604708017,-379.31034482758696,8630.63437004822,-2742.9467084639527,2.036887107697963,2.471880778543604,1.2135574699472607,2.552000000000006,7.622000000000001
class3_2026_05_14_13_15_01.csv,128.585,break,0.8572333333333334,-16.805,-16.517555666666667,1.8724885418166564,-15.308833333333334,-33.534945500000006,18.226112166666674,2.3870000000000005,224.58003753140633,-5456.502432312427,-5681.082469843834,-2728.840125391711,1562.695924764852,-3354.233542320242,0.46727154251510383,14.720194508291005,31.502374244074485,0.0,5.272000000000002
class3_2026_05_14_13_15_01.csv,170.064,background,1.1337599999999999,-49.900002,-38.24522344444444,13.238893916800496,-41.06494577777777,-36.45833433333334,-4.606611444444432,29.654002000000002,1783.5190547141283,2698.4585340032263,914.939479289098,1.4551915228366852e-11,10959.24921630745,-43180.25391849099,12.633486148946316,13.547076270653015,1.07231488115163,0.0,29.654002000000002
class3_2026_05_14_13_15_01.csv,179.955,background,1.1997,-22.245001,-40.91989022222222,12.73906947679533,-32.06372294444444,-39.33039011111111,7.2666671666666645,5.485499999999998,397.3626820486474,757.9637550788468,360.6010730301994,-7.552444003522396e-09,38487.46551724586,-43346.396551727936,12.735130693113685,13.306074377029397,1.044832098927131,0.6379999999999997,28.611002
class3_2026_05_14_13_15_01.csv,149.324,background,0.9954933333333335,-49.900002,-34.76244522222222,13.57550753303747,-38.165112111111114,-39.65022338888889,1.4851112777777757,29.481001,3683.1370983503048,-1580.5089734765018,-5263.646071826806,-46280.77923479183,40702.19905955706,-46280.77923479183,13.282811647442482,12.880101855635477,0.969681813445999,0.0,29.481001
class3_2026_05_14_13_15_01.csv,136.56199999999998,background,0.9104133333333332,-21.834999,-35.443111888888886,13.0642490680795,-40.82044583333333,-38.0083345,-2.812111333333334,28.604002,-2300.404017870547,-1880.5948446107882,419.8091732597586,38766.46081505134,42002.91783059816,-38766.46081504447,12.903933693938791,13.43889089408468,1.041456827923747,1.2759999999999994,28.604002
class3_2026_05_14_13_15_01.csv,137.838,background,0.91892,-21.296,-35.02544511111111,13.508677393162692,-38.337112166666664,-37.66405677777778,-0.6730553888888835,30.683003,1059.0691216133182,-440.4385875296901,-1499.5077091430082,7.814378477633e-09,38766.46081505134,-48092.48119121842,13.028668761703893,13.754832191674025,1.0557357307577628,0.6379999999999997,30.683003
class3_2026_05_14_13_15_32.csv,36.055,connector,0.24036666666666667,-9.996,-11.13,1.2807952390778334,-13.675666666666666,-13.689277777777779,0.01361111111111235,5.036,947.0429613202764,-847.6039137786136,-1794.64687509889,-2155.172413793105,6083.072100313482,-2155.172413793105,1.667164125760335,1.223388682015634,0.733813743529268,2.552000000000006,4.112
class3_2026_05_14_13_15_32.csv,127.62799999999999,connector,0.8508533333333332,-11.575,-13.539555555555555,1.2846934014785276,-14.682055555555555,-24.964111722222224,10.282056166666669,3.434000000000001,256.7207407161285,-5629.786640456546,-5886.507381172674,-523.510971786709,5219.4357366770455,-5655.173981190892,0.744966999434816,13.663782791845806,18.34143587672503,1.2759999999999994,3.6190000000000015
class3_2026_05_14_13_15_32.csv,129.542,break,0.8636133333333333,-17.038,-16.73800011111111,2.188921639732498,-14.342666722222223,-33.44261205555555,19.099945333333327,3.610500499999999,179.13933725223671,-6569.6835599246315,-6748.8228971768685,-7.835423197448108,231.9749216299133,-4468.65047021908,1.3207408213378582,14.809991520957551,11.213388780220216,0.0,6.463998999999999
class3_2026_05_14_13_15_32.csv,150.282,background,1.00188,-22.617001,-31.753001,12.9018556065828,-37.787223555555556,-37.45050116666667,-0.3367223888888873,28.957001,1262.1834357768555,1122.5840123247774,-139.5994234520781,550.1567398115731,45387.14890282414,-42763.324451414795,13.597105319455267,13.939419860730338,1.0251754699296038,1.2759999999999994,28.957001
class3_2026_05_14_13_15_32.csv,45.946,background,0.30630666666666667,-14.808,-14.753111111111114,0.12139050342175721,-14.69661111111111,-14.753777777777778,0.057166666666667254,0.07949999999999946,-17.45904080971797,-8.946331857701278,8.512708952016691,-103.44827586206884,200.6269592476492,-103.44827586206884,0.0833287591337196,0.12103193130352712,1.4524454716028483,0.0,0.36599999999999966
class3_2026_05_14_13_15_32.csv,188.251,background,1.2550066666666666,-49.900002,-38.53377877777777,12.774813154848305,-30.56655605555555,-37.244279000000006,6.677722944444454,2.781500000000001,4625.882997812186,3375.2472343979744,-1250.6357634142114,-36208.46708463637,-3902.821316613863,-36208.46708463637,12.104404872433985,14.184288148235051,1.171828530678874,0.0,27.876002
class3_2026_05_14_13_15_32.csv,183.14600000000002,background,1.2209733333333335,-23.191,-38.03666777777778,13.280538826814208,-38.233001111111115,-35.003111999999994,-3.2298891111111203,17.083000999999996,224.29723364954998,4625.882997812186,4401.585764162635,-1678.6849529778628,43860.504702191334,-42181.81974921266,13.143444543028581,13.418723700246947,1.020944139519365,1.595000000000013,27.983002
class3_2026_05_14_13_15_32.csv,148.048,background,0.9869866666666667,-49.900002,-40.90700144444444,12.758022460414669,-34.63766761111111,-34.53266777777778,-0.10499983333333063,3.9069985000000003,-4385.811298555621,394.19902638407206,4780.0103249396925,-1.4551915228366852e-11,42750.786833852115,-38499.5026939085,13.703693438379132,13.786475206462615,1.0060407628363082,0.0,28.957001
class3_2026_05_14_13_16_20.csv,35.416999999999994,connector,0.2361133333333333,-13.467,-13.987444444444444,0.5040028904483057,-14.524722222222222,-14.302,-0.22272222222222204,1.2885000000000009,47.91795828073221,-270.4062384566841,-318.3241967374163,1062.695924764892,1589.3416927899707,-1161.4420062695935,0.18611400495262603,0.3908638580830359,2.1001200745878976,1.2759999999999994,1.4649999999999999
class3_2026_05_14_13_16_20.csv,127.62799999999999,connector,0.8508533333333332,-11.599,-13.308111111111112,1.1537950371076837,-14.491222222222222,-24.63416716666667,10.14294494444445,3.1739999999999995,285.9912929599973,-5762.888978791408,-6048.8802717514045,159.874608150556,4106.5830721002385,-3163.009404388922,0.6712480544607069,13.835540429405823,20.611634887920303,1.2759999999999994,3.164999999999999
class3_2026_05_14_13_16_20.csv,130.17999999999998,break,0.8678666666666666,-17.958,-20.985111333333336,10.38013441063934,-14.245555611111111,-34.043778611111115,19.798223000000004,3.2165000000000017,-235.91791401280278,-4270.293682282072,-4034.3757682692694,-3219.4341692791168,-1952.9780564265639,-46885.45418919156,1.3570237638821192,14.264264296450374,10.51142519731458,0.0,35.491002
class3_2026_05_14_13_16_20.csv,179.317,background,1.1954466666666668,-49.900002,-31.579000333333326,13.09279999971153,-33.09788966666666,-36.019167555555555,2.921277888888895,4.166999000000001,2071.6353158087263,-1687.6956761213328,-3759.330991930059,43145.7727272765,46219.437304078674,-10178.684952977237,13.430968926288958,13.975947034980999,1.0405761543420133,0.0,29.488001
class3_2026_05_14_13_16_20.csv,190.803,background,1.27202,-49.900002,-40.678779,13.083414468718512,-36.36516766666667,-34.819889833333335,-1.545277833333337,6.369000500000002,-813.7776571244532,2192.3608481655465,3006.1385052899996,-41616.75501984038,41551.728840121876,-47404.391849525695,13.623298504995892,13.567297122332182,0.9958892203285135,0.0,30.244002000000002
class3_2026_05_14_13_16_20.csv,146.453,background,0.9763533333333334,-49.900002,-40.562668111111115,13.22101995001677,-33.339167333333336,-35.956945555555556,2.6177782222222206,4.5219999999999985,-3853.015163697709,3493.2528457844987,7346.268009482208,-2072.101880877657,41776.87825315021,-43967.0862069004,13.258659129917124,13.973652804316902,1.0539264652230171,0.0,29.373002
class3_2026_05_14_13_16_20.csv,177.403,background,1.1826866666666667,-49.900002,-28.269667222222225,11.589568747356601,-33.21844516666667,-34.511000833333334,1.292555666666665,4.0234995,2365.517420510497,-3704.758042594219,-6070.2754631047155,1765.1593318829546,43819.7507836957,-42672.41849530217,13.340581168480947,13.854873887529068,1.038550920233692,0.0,29.488001
class3_2026_05_14_13_16_20.csv,186.017,background,1.2401133333333334,-23.329,-37.356890111111106,14.057280220880966,-37.66750116666666,-37.6600566111111,-0.007444555555558452,29.838002,1493.933446749439,-859.1356695029415,-2353.069116252381,3922.6429760200554,42289.97021943209,-46768.02821317023,13.769332828501776,13.78840576773422,1.0013851025380014,1.2770000000000004,29.838002
class3_2026_05_14_13_16_30.csv,69.238,break,0.46158666666666665,-17.594,-20.89277822222222,10.36746256152358,-13.795277833333335,-28.390056055555554,14.594778222222219,2.3835005000000002,-426.181547775311,-1634.6674481219823,-1208.4859003466713,-2749.216300940443,-959.2492163009374,-50061.131661442036,1.8366550680298699,11.786021200405779,6.417108464432493,0.0,35.033001999999996
class3_2026_05_14_13_16_30.csv,35.736,connector,0.23823999999999998,-13.263,-13.920666666666666,0.3842557019023196,-14.401166666666667,-14.431611111111108,0.030444444444441388,1.25,139.69511214876903,-155.7991794413697,-295.4942915901387,-442.0062695924753,1384.0125391849506,-1018.8087774294618,0.29355432016730526,0.2784528962537448,0.9485533973461863,1.5950000000000062,1.186
class3_2026_05_14_13_16_30.csv,66.366,connector,0.44244,-10.411,-12.364333333333333,1.4242357794815983,-14.30938888888889,-20.925833666666662,6.616444777777772,4.302000000000001,449.0313749439713,-4311.5840577450035,-4760.615432688975,79.93730407523617,5217.868338557997,-3630.0940438871476,0.9546274514111012,10.940099508307373,11.460060185861911,2.234,4.289
class3_2026_05_14_13_16_30.csv,162.72500000000002,background,1.0848333333333335,-49.900002,-43.543446222222215,11.893831562873261,-35.81361194444444,-36.109889833333334,0.29627788888889484,16.4535,-5507.160609634814,2902.828369683519,8409.988979318334,-1.4551915228366852e-11,44145.76959247269,-45523.51253918893,14.117291754691548,13.847874488169214,0.9809157271720672,0.0,29.044001
class3_2026_05_14_13_16_30.csv,89.339,background,0.5955933333333333,-24.045,-34.51677844444444,13.802009523883093,-37.43777883333334,-34.224945222222225,-3.2128336111111153,10.466000000000001,3307.3072889749346,717.0142317092033,-2590.2930572657315,-45481.195924764914,45481.195924764914,-45481.195924764914,13.961152510515221,12.83456820706837,0.9193057147750483,1.2759999999999994,29.758002
class3_2026_05_14_13_16_30.csv,104.655,background,0.6977,-21.929001,-28.085778444444443,11.686172903299154,-31.52322288888889,-34.91772283333333,3.3944999444444406,3.1224995,3847.00921414462,2306.7663184417597,-1540.24289570286,-42163.01253918498,158.78269765099685,-42289.97021943576,13.069176678339591,13.520517237836179,1.0345346563192437,0.0,29.661002
class3_2026_05_14_13_16_30.csv,193.356,background,1.28904,-26.948,-32.926778444444444,12.211541013785244,-35.44811216666667,-35.089889666666664,-0.35822250000000366,6.698501,-88.53152312854404,-3171.630522538994,-3083.09899941045,-41711.601880875955,37310.34639498758,-45263.32758621081,13.043691294793247,13.350836982590925,1.02354737300268,0.0,28.878003
class3_2026_05_14_13_16_30.csv,105.931,background,0.7062066666666666,-49.900002,-34.65877866666666,13.638302838261252,-31.62166738888889,-33.60650066666666,1.9848332777777706,1.4324985000000012,2786.9763629767726,3327.18445613781,540.2080931610371,-2010.9733542319736,43684.95768025081,-41673.984326018835,12.994360584103587,13.139339520120544,1.0111569879811806,0.0,27.971001
class3_2026_05_14_13_16_46.csv,66.366,connector,0.44244,-9.324,-11.488222222222221,1.71003468306463,-14.1345,-16.478055555555557,2.3435555555555574,5.323500000000001,628.3985622626224,-2336.6563176885757,-2965.054879951198,-59.56112852664228,6329.153605015674,-2857.3667711598755,1.2801438829721878,3.6856713732631796,2.8791048749934767,2.234,5.26
class3_2026_05_14_13_16_46.csv,35.416999999999994,connector,0.2361133333333333,-13.311,-13.889555555555555,0.43087149698440286,-14.456888888888889,-14.338277777777778,-0.118611111111111,1.2914999999999992,57.378245479594355,-269.1194347374998,-326.4976802170941,1073.6677115987477,1452.978056426331,-1175.5485893416917,0.18586969416738314,0.40966162263718153,2.204014056504608,1.2759999999999994,1.261000000000001
class3_2026_05_14_13_16_46.csv,70.195,break,0.46796666666666664,-19.51,-18.553444444444445,1.3683818411307824,-13.581111055555558,-32.74027866666666,19.1591676111111,3.0035004999999995,-1758.6922761440424,-4497.773713407536,-2739.0814372634936,-509.40282131660933,-509.40282131660933,-2144.9032039372796,2.688944861609836,13.849350441158363,5.150475745490443,0.0,4.857999000000001
class3_2026_05_14_13_16_46.csv,94.125,background,0.6275,-49.900002,-40.4738901111111,13.349517744636758,-39.75205666666667,-39.12150122222222,-0.6305554444444468,29.911002,-395.769300216852,-996.1382764772438,-600.3689762603918,0.0,43873.04388714736,-5227.27115987461,12.830189485208198,13.531213967141191,1.0546385872244997,0.0,29.911002
class3_2026_05_14_13_16_46.csv,134.009,background,0.8933933333333333,-49.900002,-44.44533488888889,10.422517933838535,-35.13244533333333,-35.75372316666667,0.6212778333333375,8.062499499999998,-6528.292624623004,7546.626458479282,14074.919083102286,1.4551915228366852e-11,31426.33542319479,-1.4551915228366852e-11,13.411992344673068,14.191588229324399,1.0581266978454749,0.0,29.042002
class3_2026_05_14_13_16_46.csv,188.251,background,1.2550066666666666,-21.469,-34.150556333333334,11.965926526175407,-37.00488977777778,-34.311500833333334,-2.693388944444443,8.718999999999998,498.77361854392,-21.792104974819257,-520.5657235187392,19556.427899684793,44293.105015676716,-44562.69905955731,13.191634659500782,12.691525531592196,0.9620888462342879,0.9570000000000134,28.431002
class3_2026_05_14_13_16_46.csv,154.749,background,1.03166,-49.900002,-40.867334666666665,12.775434590494404,-33.22722300000001,-38.94966772222222,5.722444722222214,15.686501000000003,908.9134111997371,1344.696177248322,435.782766048585,1.4551915228366852e-11,907.6782075622687,-42288.40438871843,13.36094717989898,13.745390280811106,1.0287735642512637,0.0,27.532002000000002
class3_2026_05_14_13_16_46.csv,135.92399999999998,background,0.9061599999999999,-49.900002,-37.14355666666667,14.266191788635274,-42.891612499999994,-32.616000611111104,-10.27561188888889,29.320002000000002,9.393069861129272,-2724.759160084052,-2734.1522299451813,0.0,45520.3793103488,-6838.556426331801,11.456162423476238,13.837167208424216,1.2078360526935894,0.0,29.320002000000002
class3_2026_05_14_13_16_57.csv,69.238,break,0.46158666666666665,-17.614,-17.41122222222222,1.823285653293635,-13.642111055555555,-31.77450072222222,18.13238966666667,3.3689994999999975,-419.2298461954903,-3854.2447785554596,-3435.0149323599694,-2887.1489028213255,-2388.7147335423215,-5021.940438871472,1.8667398037160479,13.260490895641462,7.103552281733127,0.0,5.614001000000002
class3_2026_05_14_13_16_57.csv,66.366,connector,0.44244,-10.242,-12.182555555555556,1.4227632044027805,-14.21861111111111,-19.66272238888889,5.444111277777781,4.432499999999999,497.33048909480425,-2494.727749537479,-2992.0582386322835,-360.5015673981179,5360.501567398122,-2909.0909090909117,1.0487965663818322,8.710209785287054,8.304948509115778,2.234,4.306999999999999
class3_2026_05_14_13_16_57.csv,35.416999999999994,connector,0.2361133333333333,-13.269,-13.852888888888891,0.44307271649105784,-14.447388888888888,-14.313111111111109,-0.13427777777777905,1.2750000000000004,75.89892105231708,-289.8523939227311,-365.75131497504816,1120.689655172413,1576.8025078369901,-952.978056426331,0.16534211632883733,0.42903494922246255,2.5948159121979426,1.5950000000000062,1.2609999999999992
class3_2026_05_14_13_16_57.csv,165.27800000000002,background,1.1018533333333336,-49.900002,-37.40500144444444,14.00308938260889,-32.72044538888888,-35.1536675,2.433222111111114,4.6654990000000005,2298.779151595003,1299.6840404786724,-999.0951111163306,42307.21159874978,43427.90125392309,-42598.74921629726,13.751957208774458,13.38138124402299,0.9730527857105455,0.0,30.578001
class3_2026_05_14_13_16_57.csv,85.19200000000001,background,0.5679466666666667,-49.900002,-34.48733444444444,13.817767862821244,-40.48800127777778,-36.945556611111115,-3.542444666666661,29.367001000000002,-428.15723074492024,-2219.8994327450987,-1791.7422020001784,41951.131715405725,41951.131715405725,-41885.58307210034,13.330492428676493,13.16339682643452,0.9874650849845876,0.0,29.367001000000002
class3_2026_05_14_13_16_57.csv,156.025,background,1.0401666666666667,-23.312,-33.981334,14.292626415517796,-37.627001166666666,-35.81244544444444,-1.8145557222222237,30.281003000000002,-3481.2006720476115,-1885.9961514758963,1595.2045205717152,7.261405698955059e-09,47310.34796238658,-47462.38714733152,13.748803806424636,14.134930878010582,1.0280843372949418,0.6379999999999997,30.281003000000002
class3_2026_05_14_13_16_57.csv,117.41799999999999,background,0.7827866666666666,-19.715,-32.416111777777786,12.50708650034303,-30.98716738888889,-34.60705644444445,3.6198890555555643,5.224501,4127.436094221107,5082.335827034119,954.8997328130117,-39663.68322980608,4701.87620131925,-47311.915360501596,11.882952698176219,13.716465392485798,1.154297638523239,0.6390000000000007,30.185002
class3_2026_05_14_13_16_57.csv,110.398,background,0.7359866666666667,-23.423,-34.86600077777777,13.47612291469625,-36.00588988888889,-32.180889666666666,-3.825000222222222,4.2570005,-950.6668778174844,1919.3569198901419,2870.0237977076263,1890.2821316614427,41808.78056426335,-43699.06269592479,13.943828192015037,12.64115069821772,0.9065767031524383,0.0,28.859002
class3_2026_05_14_13_17_44.csv,9.891,break,0.06594,-17.148001,-17.128555555555554,1.3197192177053008,-10.951666722222221,-28.203444777777772,17.25177805555555,2.1664995000000022,-2385.211913461648,-4710.558076586249,-2325.346163124601,-1931.0344827586232,-1451.4106583072062,-1973.3557993730356,3.5994966962423107,13.513964589315947,3.7544029000001378,0.0,4.187999
class3_2026_05_14_13_17_44.csv,83.277,background,0.55518,-20.881001,-41.31900144444444,12.208877530842539,-39.57422344444444,-39.25039011111111,-0.323833333333333,29.019001,-4828.734960574772,2239.9986924728887,7068.7336530476605,37684.95611285269,45484.32758620692,-45484.32758620692,13.00577052577763,13.38323726523986,1.0290229409853993,0.9569999999999995,29.019001
class3_2026_05_14_13_17_44.csv,108.484,background,0.7232266666666667,-49.900002,-40.510556888888885,13.295656359164402,-38.09350105555555,-33.20533427777778,-4.888166777777769,6.832501000000001,1185.431217976733,4073.1302466835923,2887.6990287068593,0.0,454.54388714733795,-46716.305642633255,13.2886358746132,13.377999551034616,1.0067247436486233,0.0,29.805003
class3_2026_05_14_13_17_44.csv,19.144000000000002,background,0.12762666666666667,-20.066,-33.92433411111111,14.303602756847843,-35.870723388888884,-41.664834666666664,5.79411127777778,29.834002,471.94521803439045,-1467.4479657647219,-1939.3931837991122,-1619.120689655174,46761.75862068968,-46761.75862068968,14.066125085614557,13.296592768546267,0.9452917375840039,1.2759999999999994,29.834002
class3_2026_05_14_13_17_44.csv,89.02,background,0.5934666666666666,-49.900002,-44.15955733333333,10.812509959345167,-37.63822338888889,-40.12361244444443,2.485389055555544,28.495001000000002,371.210296094876,1725.9449975953992,1354.7347015005232,0.0,289.967084639502,-36315.04858934171,13.746182237192256,12.410262154569367,0.9028151262374879,0.0,28.495001000000002
class3_2026_05_14_13_17_44.csv,132.733,background,0.8848866666666667,-49.900002,-40.82433455555556,12.83842313372323,-40.97539022222222,-39.48577888888889,-1.489611333333329,27.928002,-337.664530692719,2785.828256617777,3123.4927873104957,1.4551915228366852e-11,41833.860501563795,-1.4551915228366852e-11,12.627519729607167,13.324576407546967,1.0552013093358419,0.0,27.928002
class3_2026_05_14_13_17_52.csv,11.485999999999999,break,0.07657333333333333,-18.721001,-19.617,1.831326575645947,-14.128444388888889,-27.939778277777773,13.811333888888884,1.8395004999999998,-1800.015125147474,-2702.571184662712,-902.5560595152378,-4856.171317948167,-178.6849529780593,-4856.171317948167,3.3335605432174695,11.778836269685675,3.5334089732499847,0.0,5.563998999999999
class3_2026_05_14_13_17_52.csv,120.927,background,0.80618,-28.466999,-38.27500088888889,13.132949513350908,-36.21433427777778,-40.56805688888889,4.35372261111111,28.800002,2502.42693270505,4610.578154032222,2108.151221327172,0.0,3909.0909090909117,-33594.04858934171,13.700809549927026,13.208515516757858,0.9640681818513439,0.6379999999999997,28.800002
class3_2026_05_14_13_17_52.csv,183.784,background,1.2252266666666667,-49.900002,-43.88022377777778,11.288510639433055,-39.268001166666664,-36.23600094444444,-3.032000222222223,28.730002,-3187.6845034050657,441.23328071714883,3628.9177841222145,-1.4551915228366852e-11,45031.3510971748,-39887.15047022292,13.398984353284275,13.690479006221041,1.021754904961167,0.0,28.730002
class3_2026_05_14_13_17_52.csv,81.04400000000001,background,0.5402933333333334,-26.983999,-35.167334,13.29269948236423,-36.109723333333335,-33.09761172222222,-3.0121116111111164,4.903501999999996,2053.189638266507,4251.2821235828005,2198.0924853162937,0.0,6031.351097178685,-40310.349529780586,13.847853629915681,13.485649866671771,0.9738439799576294,0.0,29.933003
class3_2026_05_14_13_17_52.csv,97.954,background,0.6530266666666666,-49.900002,-37.84933455555555,13.504475611213222,-33.73944516666667,-39.19505677777778,5.4556116111111095,18.221999999999998,-5033.170274501558,-870.1277351112586,4163.0425393903,0.0,5231.973354231974,-44313.042408053414,12.99588293238994,13.446330548521857,1.0346607139980113,0.0,28.655001000000002
class3_2026_05_14_13_17_52.csv,47.541,background,0.31694,-49.900002,-37.204334333333335,14.25465407919663,-38.20077888888889,-36.07005644444444,-2.1307224444444515,31.041003,586.0852709410415,-528.692537096626,-1114.7778080376675,40186.52351097181,40186.52351097181,-276.29313283726515,13.405383629145298,13.858739484653102,1.0338188621997568,0.0,31.041003
class3_2026_05_14_13_18_12.csv,129.542,break,0.8636133333333333,-16.917,-19.75955588888889,10.797944519999541,-14.127666666666668,-38.251945666666664,24.124278999999994,3.1819999999999986,229.5654200822889,-5448.139837425976,-5677.705257508265,-3731.9749216301534,-2271.1598746081036,-51382.44827586614,1.0709933084135803,14.653918528637291,13.68253632490684,0.0,36.766002
class3_2026_05_14_13_18_12.csv,35.416999999999994,connector,0.2361133333333333,-13.246,-13.89288888888889,0.5502596244692024,-14.437,-14.294666666666664,-0.14233333333333498,1.4059999999999988,27.955452891869417,-284.14861163661993,-312.10406452848935,1299.3730407523508,1902.8213166144233,-1084.6394984325998,0.17655373749151326,0.44991505371075946,2.5483034899156203,1.5950000000000062,1.734
class3_2026_05_14_13_18_12.csv,127.62799999999999,connector,0.8508533333333332,-11.464,-13.425444444444445,1.1147899763444344,-14.556000000000003,-29.61922305555555,15.063223055555548,3.362499999999999,306.80814706236265,-9389.775078051092,-9696.583225113454,-123.82445141042263,3752.35109717862,-2670.8463949843135,0.619288660032173,16.356782672610944,26.412168211820596,1.595000000000013,3.1980000000000004
class3_2026_05_14_13_18_12.csv,185.379,background,1.23586,-23.167999,-38.29644566666667,13.19947538922351,-38.13900116666666,-39.27466799999999,1.1356668333333317,29.696002,-2495.9443530226604,-2048.0007567541925,447.9435962684679,43808.77899686872,43808.77899686872,-41899.69122257455,13.30057477150271,13.455395442630309,1.0116400728650643,0.9569999999999856,29.696002
class3_2026_05_14_13_18_12.csv,153.472,background,1.0231466666666666,-49.900002,-35.38333433333333,13.105962214020542,-38.28466766666666,-32.31300077777777,-5.971666888888883,7.224499999999999,1891.2944148134957,2740.369781287593,849.0753664740973,-7079.9388714801535,46735.112852661914,-35336.802225159416,13.097751129394577,12.774283858714,0.9753035278508108,0.0,29.817002000000002
class3_2026_05_14_13_18_12.csv,177.083,background,1.1805533333333333,-49.900002,-31.953445444444444,12.725755426885835,-31.511667444444445,-35.92966783333334,4.4180003888888955,2.7689990000000044,1575.0036698059134,-3402.6651309149697,-4977.668800720883,40759.5526163891,40759.5526163891,-45305.644200630515,13.086948366057419,13.988201955914326,1.06886651462062,0.0,28.905001000000002
class3_2026_05_14_13_18_12.csv,163.683,background,1.0912199999999999,-49.900002,-40.38000133333334,13.46535150562365,-36.105556611111105,-37.905001166666665,1.79944455555556,29.103001,-1806.452701807276,1088.1780156782859,2894.630717485562,1.4551915228366852e-11,44087.7789968614,-2931.0329153600687,13.866661971476281,13.449260452348756,0.9698988487723311,0.0,29.103001
class3_2026_05_14_13_18_12.csv,165.916,background,1.1061066666666666,-49.900002,-34.69700088888889,13.626241976470796,-35.742112166666665,-39.34361233333333,3.6015001666666677,29.103001,-243.348432448568,-1063.7261448819042,-820.3777124333362,-1.4551915228366852e-11,45615.9890282094,-1.4551915228366852e-11,14.193257364254922,13.277472831137938,0.9354774281131,0.0,29.103001
class3_2026_05_14_13_18_31.csv,96.997,connector,0.6466466666666667,-8.567,-10.978000000000002,2.033573045979252,-14.134444444444444,-16.008277777777774,1.8738333333333301,6.17,707.894468776408,-2416.517267626287,-3124.4117364026947,152.03761755485903,7463.949843260192,-2821.316614420066,1.4714650757445122,4.139163530145199,2.8129520607880285,2.5519999999999987,6.209999999999999
class3_2026_05_14_13_18_31.csv,35.736,connector,0.23823999999999998,-13.152,-13.853444444444445,0.4479432283252748,-14.349166666666665,-14.38738888888889,0.038222222222223934,1.2730000000000015,134.51390020091793,-224.17617340000953,-358.69007360092746,-114.42006269592093,1601.880877742944,-1089.341692789967,0.2936023860787087,0.33986960553340484,1.1575806739582124,1.2759999999999994,1.4240000000000013
class3_2026_05_14_13_18_31.csv,100.826,break,0.6721733333333333,-18.115,-17.991000111111113,1.7999503857977397,-12.975722222222224,-22.44544461111111,9.469722388888886,3.0740000000000016,-1605.1598190992877,271.014634902275,1876.1744540015627,-3161.4420062695935,-1327.5862068965507,-8131.661442006272,2.682008260935897,6.912688513635191,2.5774290246943377,0.0,6.305001000000001
class3_2026_05_14_13_18_31.csv,178.041,background,1.1869399999999999,-49.900002,-37.01822322222222,14.40599572273668,-34.18161188888889,-34.93366761111111,0.7520557222222237,4.403001,7979.898107842534,5179.321194541753,-2800.5769133007807,-44978.05956112464,3462.3824451404,-44978.05956112464,14.086190324247626,13.494447244707219,0.9579911939346023,0.0,29.722003
class3_2026_05_14_13_18_31.csv,189.84599999999998,background,1.2656399999999999,-49.900002,-37.23822344444444,14.172406699572058,-40.66289005555556,-33.249834111111106,-7.4130559444444515,29.596001,5309.115081480964,1848.5803274594243,-3460.53475402154,3084.639498424851,43137.934169282766,-8.032657206058502e-09,13.089032402733364,13.493566358620047,1.0309062513204532,0.0,29.596001
class3_2026_05_14_13_18_31.csv,142.624,background,0.9508266666666666,-49.900002,-38.20033411111111,13.107038312420592,-30.711611444444443,-42.534723611111104,11.823112166666661,17.051002000000004,3637.64403827978,1533.790677950961,-2103.853360328819,-40865.20846394632,4484.326018808308,-40865.20846394632,11.990100603475788,11.9809069710218,0.9992331480784682,0.0,28.423003
class3_2026_05_14_13_18_31.csv,127.947,background,0.8529800000000001,-24.804001,-31.218667555555555,13.293162318656494,-29.60355588888889,-39.09783483333334,9.494278944444446,5.360501000000003,315.08623720994433,-3138.526931542019,-3453.6131687519637,-6.853952072560787e-09,3252.3510971795768,-44177.11912225316,12.64271729227675,13.57190612163599,1.0734958897191333,0.0,30.993002
class3_2026_05_14_13_18_31.csv,192.08,background,1.2805333333333335,-49.900002,-31.123223111111106,13.35862040640594,-37.25250111111111,-32.209056222222216,-5.043444888888892,6.217998999999999,-1532.937796598093,-2128.1298638560415,-595.1920672579486,41233.54545454906,41233.54545454906,-42979.626959245805,14.179806235755013,12.708173892318136,0.8962162659217194,0.0,30.165001
class3_2026_05_14_13_18_55.csv,36.055,connector,0.24036666666666667,-13.437,-13.87111111111111,0.39980702135028534,-14.333055555555555,-14.460388888888891,0.12733333333333618,1.2889999999999997,205.45021100507168,-137.64905590502576,-343.0992669100974,-1092.476489028213,1495.2978056426327,-1092.476489028213,0.3881595422592538,0.23380574531694026,0.6023428964626203,1.2759999999999994,1.1929999999999996
class3_2026_05_14_13_18_55.csv,96.678,connector,0.64452,-6.424,-11.899777777777777,2.7984180363506876,-14.696166666666663,-16.4532225,1.757055833333336,8.2865,19.432946898694333,-1690.5830300488824,-1710.0159769475767,8081.504702194359,12890.282131661448,-5554.8589341692805,0.09695775139490179,8.654246624939223,89.25699331349139,1.2759999999999994,8.314
class3_2026_05_14_13_18_55.csv,99.55,break,0.6636666666666666,-15.699,-15.559889222222223,2.5164129886619158,-12.983444444444444,-21.517500277777778,8.534055833333333,3.6445000000000007,496.0344721231146,-1083.6886406312574,-1579.7231127543719,-8296.23981191223,5762.215280537293,-8296.23981191223,2.4327448654240156,10.395156575345322,4.2730137673190525,0.0,8.560001
class3_2026_05_14_13_18_55.csv,173.255,background,1.1550333333333334,-49.900002,-36.97877888888888,14.458401099007428,-37.59722338888889,-35.53011211111111,-2.0671112777777836,30.412001,-2019.9115760017548,-2913.7590182463127,-893.8474422445579,45072.105015670095,45072.105015670095,-45703.766457676305,13.817843207718775,14.38474535284167,1.041026743144652,0.0,30.412001
class3_2026_05_14_13_18_55.csv,170.064,background,1.1337599999999999,-49.900002,-38.29033422222223,13.01742666932243,-31.347889555555557,-35.75616772222222,4.4082781666666655,2.3520010000000013,348.84147864887785,2926.16418756438,2577.322708915502,-44184.95768025465,39045.45768024687,-44184.95768025465,13.235454982538524,14.195825865940092,1.0725603926807343,0.0,28.190003
class3_2026_05_14_13_18_55.csv,187.29399999999998,background,1.2486266666666666,-49.900002,-44.050223777777774,10.966059088748649,-38.38355661111111,-32.72250061111111,-5.661056000000002,4.6584985,-2250.4335460790685,2385.273999761865,4635.707545840934,4630.09090908373,38945.14576802172,-43575.2366771198,12.946753968825455,13.727244353055768,1.0602845567178538,0.0,27.801001
class3_2026_05_14_13_18_55.csv,193.356,background,1.28904,-21.660999,-31.936222666666666,13.072582230079837,-32.72250061111111,-38.18383444444444,5.4613338333333346,6.712999999999997,-1631.9116386228256,1314.1848584343984,2946.096497057224,106.5815047021897,45556.43103448674,-45663.012539183896,13.727244353055768,13.258330029860653,0.9658405374760253,1.2759999999999994,29.133002
class3_2026_05_14_13_18_55.csv,105.29299999999999,background,0.7019533333333333,-19.837,-21.567555666666667,10.449170781736788,-21.28761138888889,-27.240333777777778,5.952722388888887,5.390999500000003,-273.76559806186935,-29.25759717289677,244.5080008889726,1935.7366771159832,3746.0799373040754,-47120.692789968685,10.475226404722923,14.368121955334713,1.3716286434847818,0.0,35.237002000000004
class3_2026_05_14_13_19_51.csv,35.736,connector,0.23823999999999998,-13.337,-13.981333333333332,0.37112950719541454,-14.385222222222223,-14.416666666666666,0.03144444444444261,1.1255000000000006,96.69925728110762,-172.47587022125106,-269.1751275023587,-250.78369905956424,1385.579937304079,-1073.6677115987477,0.24254359414696658,0.2556364606232843,1.053977152211378,1.2759999999999994,1.2010000000000005
class3_2026_05_14_13_19_51.csv,96.997,connector,0.6466466666666667,-0.17,-3.654888888888889,4.295840169912295,-12.802555555555557,-7.7846111111111105,-5.0179444444444465,12.5215,2306.70788691845,-2648.3442324128864,-4955.052119331336,293.1034482758622,18206.89655172415,-2796.2382445141084,4.255770203463922,4.325041401714348,1.0162767674620392,3.828999999999999,14.27
class3_2026_05_14_13_19_51.csv,105.612,break,0.7040799999999999,-19.569,-19.144444555555555,0.8722379453220205,-13.949111222222221,-29.394722555555557,15.445611333333336,1.5729995000000017,-2114.671771582582,-6113.92137181514,-3999.2496002325584,-1377.7429467084694,-1377.7429467084694,-1482.7570532915379,3.6959625418175737,12.860470266035438,3.479598789470475,0.0,2.992000000000001
class3_2026_05_14_13_19_51.csv,148.048,background,0.9869866666666667,-49.900002,-32.00477866666667,12.737088938516516,-36.819501111111116,-34.69316744444444,-2.1263336666666746,7.526500500000001,2631.352102721307,-5550.447553083978,-8181.7996558052855,-38327.587774291365,38327.58777429065,-38327.587774291365,13.264495567813974,13.647898731179088,1.0289043885989184,0.0,29.295002
class3_2026_05_14_13_19_51.csv,163.683,background,1.0912199999999999,-22.483,-37.44900122222222,13.953471823910618,-37.83933438888889,-37.46477888888889,-0.3745554999999996,30.167002,45.30390074703595,4044.613380021794,3999.309479274758,7.494236342608929e-09,47283.70219435329,-44274.29780564651,13.535433423363196,13.916077083215702,1.0281219389010143,0.6379999999999997,30.167002
class3_2026_05_14_13_19_51.csv,162.72500000000002,background,1.0848333333333335,-19.733,-37.42944555555555,13.975701699828663,-36.57894533333334,-37.485167833333335,0.9062224999999984,30.167002,-3290.0940735305926,259.86615812900305,3549.9602316595956,41109.71943573204,47283.70219435329,-47100.76285194086,13.415256479625162,13.892158303339931,1.0355491368271594,0.9580000000000144,30.167002
class3_2026_05_14_13_19_51.csv,170.702,background,1.1380133333333333,-49.900002,-37.56322333333334,13.795640972274628,-34.44438977777778,-39.00605683333333,4.561667055555553,28.417002,3168.5369647691336,3232.8441401146915,64.30717534555788,-43258.62225705708,43440.443573664066,-44540.755485897316,13.837773792367834,13.69674028080304,0.989808006440271,0.0,28.417002
class3_2026_05_14_13_19_51.csv,131.776,background,0.8785066666666668,-49.900002,-34.807667333333335,13.526795087545533,-41.056056777777776,-37.11922305555555,-3.936833722222225,28.925002,2858.506022822736,1702.7542430043582,-1155.751779818378,-41311.91692789612,41123.491776705945,-41311.91692789612,12.526353435351194,13.078335104350744,1.0440655477096976,0.0,28.925002
class3_2026_05_14_13_21_06.csv,66.047,break,0.44031333333333333,-10.462,-12.159,1.6476343984971638,-14.379277777777778,-17.599333555555557,3.2200557777777785,4.6175,251.3768109800111,-2231.884750973736,-2483.2615619537473,3062.69592476489,5498.432601880882,-2728.905586952569,0.6173214366704266,8.44503938585428,13.680110885655173,2.234,4.443
class3_2026_05_14_13_21_06.csv,35.736,break,0.23823999999999998,-13.458,-14.017555555555557,0.35082382761820974,-14.37372222222222,-14.406944444444447,0.033222222222226705,0.9979999999999993,76.28055692859218,-151.3909977071587,-227.67155463575088,-180.25078369905896,1423.1974921630062,-998.4326018808788,0.23097493985172113,0.23885292364926672,1.0341030490128207,1.2759999999999994,1.0310000000000006
class3_2026_05_14_13_21_06.csv,69.87599999999999,bend,0.4658399999999999,-17.889999,-18.015444555555558,1.4698102580997094,-13.709222277777776,-22.196222555555558,8.487000277777781,2.4945004999999973,-1194.3445199697207,337.73161256719715,1532.0761325369178,-3224.1363636363676,-757.0517241379312,-3224.1363636363676,2.202399586620966,7.0066546955909965,3.1813716079421135,0.0,4.640000999999998
class3_2026_05_14_13_21_06.csv,82.32000000000001,break,0.5488000000000001,-21.164,-21.007222111111112,0.9651767703380036,-20.846722444444445,-24.47200038888889,3.625277944444445,1.0870010000000008,-424.7866306702773,-2390.5178752575525,-1965.7312445872753,1567.3981191222592,5601.882445141069,-4467.084639498436,1.2537553856612016,9.108863311876249,7.265257761437003,0.0,2.8660010000000007
class3_2026_05_14_13_21_06.csv,133.37099999999998,background,0.8891399999999998,-49.900002,-27.444111555555555,12.04279096662309,-15.458111055555557,-34.24583405555555,18.787722999999993,1.090498499999999,-2338.3527875921086,-3701.428726547885,-1363.0759389557766,-2238.244514114478,3310.343260187532,-45438.874608154445,4.09806057590393,14.02686244987801,3.422804218549116,0.0,30.606001
class3_2026_05_14_13_21_06.csv,151.558,background,1.0103866666666665,-49.900002,-40.35911222222222,13.513745030649686,-36.06633438888889,-34.78227855555556,-1.2840558333333334,5.656501500000001,-1752.0667164834902,2677.6295562919204,4429.696272775411,1.4551915228366852e-11,8481.194357366712,-1.4551915228366852e-11,13.902860495630536,13.584654937443522,0.9771121536176548,0.0,29.739003
class3_2026_05_14_13_21_06.csv,138.157,background,0.9210466666666668,-49.900002,-40.39100122222222,13.472994995116926,-32.313167388888886,-36.090001111111114,3.7768337222222286,3.7359994999999984,-1165.09511347795,3329.579149165051,4494.674262643001,-1.4551915228366852e-11,47721.00626958836,-44061.13166143849,14.064572487024284,13.949597469381649,0.9918251330018142,0.0,30.446002
class3_2026_05_14_13_21_06.csv,118.69399999999999,background,0.7912933333333333,-23.379999,-24.82177788888889,8.973401535228735,-26.088167055555555,-29.81344472222222,3.7252776666666634,1.9979994999999988,-826.3808557606867,812.5151936638123,1638.8960494244989,43793.108150470245,43793.108150470245,-46036.0548589342,10.842836195335208,12.566720823667621,1.1589882424015425,0.0,30.184002
class3_2026_05_14_13_21_06.csv,143.262,background,0.95508,-49.900002,-38.06655666666667,13.455945511066524,-34.39855655555556,-37.453556722222224,3.055000166666666,19.483499500000004,3329.579149165051,2014.095226846243,-1315.4839223188083,-32048.594043884383,46562.697492159656,-32048.594043884383,14.018213422656146,13.961355831793403,0.995943949125871,0.0,29.707001
class3_2026_05_14_13_21_18.csv,72.11,break,0.48073333333333335,-18.318001,-20.232777666666667,0.8551881459730889,-16.203444444444447,-25.726166944444444,9.522722499999997,1.6804985000000023,-1990.1921230300625,-1431.0817221763305,559.110400853732,-772.7272727272721,2744.512539184954,-4326.02037617566,3.563324029052777,10.854825996134299,3.046263225395352,0.6379999999999997,2.9989980000000003
class3_2026_05_14_13_21_18.csv,66.366,connector,0.44244,-10.032,-12.058333333333334,1.493386159779922,-14.166555555555554,-16.66377783333333,2.4972222777777766,4.5495,502.4479005500016,-2302.125577295303,-2804.5734778453048,-98.74608150470158,5603.4482758620725,-2931.034482758623,1.0599507966684232,3.2585043128503712,3.074200471278323,2.234,4.509
class3_2026_05_14_13_21_18.csv,145.177,background,0.9678466666666666,-22.173,-30.838889777777784,13.547487723677257,-36.181389777777774,-36.45105666666667,0.26966688888889934,19.7185005,4621.484952978078,-807.2453491461422,-5428.73030212422,-7358.865601743819,43552.97725616587,-46992.164576806616,13.854256120227216,13.56090650513912,0.9788259585091862,1.5959999999999863,30.352002000000002
class3_2026_05_14_13_21_18.csv,93.487,background,0.6232466666666666,-21.521,-23.969333000000002,9.24302715318122,-27.43066683333333,-23.084166777777778,-4.346500055555552,1.8435009999999963,361.6999638176671,2882.584109495417,2520.88414567775,-45371.478056426364,44702.19905956115,-45371.478056426364,12.117305670321326,9.55197148012838,0.7882916344375298,0.0,31.381003
class3_2026_05_14_13_21_18.csv,179.317,background,1.1954466666666668,-20.004,-28.728000444444447,11.627958803275293,-28.629222555555558,-34.53661211111111,5.907389555555554,3.6844999999999963,3923.7029155025393,-548.2285772888524,-4471.931492791392,305.6426332285482,15346.394984327053,-45368.341692793554,10.322457312923918,13.798254365176042,1.3367217330294627,1.2759999999999994,29.896002
class3_2026_05_14_13_21_18.csv,120.28899999999999,background,0.8019266666666666,-19.214001,-23.794000444444443,9.312829148509813,-24.403389166666667,-25.746444833333335,1.3430556666666682,2.115001999999997,1397.4362563498826,1666.4951848128264,269.05892846294387,2006.27115987465,6293.101880877744,-45081.50783699062,9.120572120462086,10.841744902838991,1.1887131169986942,0.9570000000000134,30.770003
class3_2026_05_14_13_21_18.csv,109.122,background,0.72748,-19.318001,-23.502889222222223,9.467504504564628,-28.983945055555555,-24.358944833333332,-4.625000222222223,2.179999500000001,649.0856470491821,543.0754334220157,-106.01021362716631,1065.832288401256,47555.182162245736,-40363.63793103451,13.093702433073366,9.277135861530272,0.708518862440184,1.915,31.168002
class3_2026_05_14_13_21_46.csv,66.68499999999999,connector,0.4445666666666666,-9.506,-11.05111111111111,1.51060351768898,-13.756722222222223,-18.474111111111114,4.717388888888891,5.618,1031.3663325276596,-4713.837428147374,-5745.203760675034,-2343.48879764129,6485.893416927904,-3191.2225705329183,1.7839047622048894,8.358774285775622,4.685659109842362,2.234,4.622
class3_2026_05_14_13_21_46.csv,70.195,break,0.46796666666666664,-18.247,-21.68199988888889,10.119942129489832,-13.233444333333333,-28.389667333333332,15.156222999999999,3.125999000000002,-1680.2275601183621,-1628.4437677606495,51.78379235771263,-1992.1661442006261,-1992.1661442006261,-48241.01752841699,2.6143121392126583,11.759355909218314,4.4980670956501525,0.0,34.483002
class3_2026_05_14_13_21_46.csv,176.445,background,1.1763,-49.900002,-34.874556444444444,13.66216376747331,-39.497445611111104,-36.108223277777775,-3.389222333333329,30.348002,-37.392199728486275,1360.778953980222,1398.1711537087083,1.4551915228366852e-11,47567.4012539223,1.4551915228366852e-11,13.248645430390653,13.821288941232583,1.043222718173561,0.0,30.348002
class3_2026_05_14_13_21_46.csv,171.659,background,1.1443933333333334,-28.559,-44.597112555555555,9.991780074608052,-37.747278944444446,-39.20127899999999,1.4540000555555466,26.385003,-2804.108017027978,-222.06218088622714,2582.045836141751,41355.8040752329,41355.8040752329,-41420.52364342446,13.681061213584966,13.546104964943716,0.990135469999746,0.9570000000000134,26.385003
class3_2026_05_14_13_21_46.csv,92.53,background,0.6168666666666667,-49.900002,-30.728111888888893,13.563524429362996,-39.303390166666674,-43.65739055555555,4.354000388888878,29.391001,6075.856182776874,-1984.393241849662,-8060.249424626536,-1288.401253918495,43724.14106583074,-44394.98746081507,13.39151765366567,11.708909613206831,0.8743526343818925,0.0,29.391001
class3_2026_05_14_13_21_46.csv,92.849,background,0.6189933333333334,-21.576,-31.164334222222223,13.294717791734152,-39.303390166666674,-43.66955722222222,4.366167055555543,29.391001,3941.379752017838,-705.8614072619476,-4647.241159279786,0.0,1959.2476489028231,-44647.09059636233,13.391517653665668,11.686050101108489,0.8726456202119884,0.6379999999999997,29.391001
class3_2026_05_14_13_21_46.csv,108.16499999999999,background,0.7211,-49.900002,-34.20755622222222,14.049259265011376,-34.91894511111111,-37.59116761111111,2.6722225000000037,18.0855025,1443.0645832944917,76.68246754163557,-1366.3821157528562,-45679.96849080576,45894.9890282132,-45679.96849080576,13.531286933682846,13.799924643329604,1.0198530037172628,0.0,29.281003000000002
class3_2026_05_14_13_21_55.csv,102.74,break,0.6849333333333333,-19.615,-20.48911133333333,2.9660128203897638,-11.933555555555557,-36.17377888888889,24.240223333333333,2.7814999999999976,-2671.116810287649,-5102.851602798444,-2431.734792510795,-10995.297805642644,-1976.4874608150421,-44847.96394984329,4.374039863967904,13.785212333350415,3.151596604162765,0.0,9.442
class3_2026_05_14_13_21_55.csv,96.997,connector,0.6466466666666667,-5.04,-7.955222222222222,2.9536034029179334,-13.577444444444446,-12.743277777777779,-0.8341666666666665,9.52,1357.08148188858,-2684.0984284513365,-4041.179910339916,36.05015673981143,11009.40438871474,-2752.3510971786854,2.606007807232746,4.372018503665689,1.677668353050665,3.1909999999999994,9.504000000000001
class3_2026_05_14_13_21_55.csv,137.838,background,0.91892,-49.900002,-40.490001333333325,13.325912291671983,-34.69761205555555,-41.588723611111114,6.891111555555561,29.833003,341.5102148523315,2844.605238066066,2503.0950232137343,1.4551915228366852e-11,43774.29780563832,-42208.46551724507,13.740223509501469,11.865642217874768,0.863569748053941,0.0,29.833003
class3_2026_05_14_13_21_55.csv,144.85700000000003,background,0.9657133333333335,-49.900002,-40.22255677777778,13.688968616712312,-41.43544577777778,-34.94283422222222,-6.492611555555563,29.688002,-1560.9528493311184,1546.276236889948,3107.2290862210666,-1488.9528063156285,46532.91849530187,-4072.103448283284,12.120240641618029,13.471908989258095,1.1115214850996669,0.0,29.688002
class3_2026_05_14_13_21_55.csv,130.499,background,0.8699933333333333,-49.900002,-44.01133488888888,11.040954128831617,-39.483056777777776,-37.90655677777777,-1.576500000000003,28.051001,712.4040796845421,3753.8838664602335,3041.4797867756915,-39101.88557993393,43967.08620689276,-39101.88557993393,13.106244680138843,13.53835039387086,1.0329693738601915,0.0,28.051001
class3_2026_05_14_13_21_55.csv,193.675,background,1.2911666666666668,-23.561001,-31.816667555555554,12.85568486403904,-35.19988983333333,-32.42166744444445,-2.778222388888878,5.120999000000001,-98.96147920868958,-845.811221460722,-746.8497422520325,-7.188646122813225e-09,41680.25235109321,-3278.995297812544,13.279821926210658,12.596026655306277,0.948508630370759,0.0,29.210001000000002
class3_2026_05_14_13_21_55.csv,115.503,background,0.77002,-49.900002,-25.035222222222224,8.982086162341634,-31.699833888888893,-34.98094516666666,3.2811112777777645,5.5825,4066.714044590523,-2454.1257537318525,-6520.839798322375,-3101.880877742944,46642.6363636364,-42131.664576802534,12.95778506202043,13.48147608715982,1.0404150850023939,0.0,30.123002
class3_2026_05_14_13_22_18.csv,134.328,break,0.89552,-18.643999,-18.219999555555557,1.6728124792962105,-11.21772211111111,-30.3718895,19.154167388888894,2.8674994999999974,-2494.7522658198245,-3428.2680734855044,-933.5158076656799,-1537.6191222570815,-1537.6191222570815,-4525.076802507472,4.2085648217256635,13.878238971005898,3.297617183355664,0.0,5.970998999999999
class3_2026_05_14_13_22_18.csv,127.30900000000001,connector,0.8487266666666667,-2.863,-6.631111111111111,4.904426400812603,-13.991166666666665,-8.79922222222222,-5.191944444444445,12.245499999999998,1090.0385426073517,-2618.725861935833,-3708.764404543185,4793.1034482756595,15290.760414980236,-2652.037617554875,2.430119001429994,4.26015162165693,1.7530622434900587,3.5089999999999844,12.83
class3_2026_05_14_13_22_18.csv,171.34,background,1.1422666666666668,-49.900002,-41.943668111111116,11.47261428428912,-34.98205655555555,-36.36522322222223,1.3831666666666749,7.803999000000001,-1029.5372142046715,5103.205342312754,6132.742556517425,9443.573667705678,29366.77429466832,-38810.347962385844,13.528274948821624,13.649683591341212,1.0089743617722526,0.0,28.110001
class3_2026_05_14_13_22_18.csv,157.301,background,1.0486733333333333,-23.952,-40.65889033333334,13.103569307269696,-32.31572311111111,-39.558167777777776,7.242444666666664,19.6304995,-7286.991054870233,1389.52433912038,8676.515393990612,7.086782716214657e-09,46899.6880877784,-42789.97178683016,14.08134868834189,13.079310430666522,0.9288392604506536,0.6379999999999997,29.922001
class3_2026_05_14_13_22_18.csv,191.123,background,1.2741533333333332,-21.827999,-31.149000777777776,13.341803042359462,-39.25483455555556,-37.18016766666667,-2.074666888888892,31.262002,96.48440438876682,-2857.056022972853,-2953.54042736162,-3589.8632217940176,44815.04858934483,-44000.00470219774,13.395868697726991,13.124973988571098,0.9797776691421641,1.5959999999999863,31.262002
class3_2026_05_14_13_22_18.csv,188.251,background,1.2550066666666666,-49.900002,-40.29222355555555,13.588414837411358,-39.54188994444444,-36.65205666666667,-2.8898332777777753,29.032002000000002,3771.5813502495566,4677.826069186449,906.2447189368922,-1.4551915228366852e-11,-1.4551915228366852e-11,-44556.42946708854,13.049994261241878,13.539820967112446,1.0375345504779865,0.0,29.032002000000002
class3_2026_05_14_13_22_18.csv,156.982,background,1.0465466666666667,-49.900002,-40.65889033333334,13.103569307269696,-32.31572311111111,-39.68416777777778,7.368444666666669,19.6304995,-4366.2571396486455,1124.015138909064,5490.27227855771,-6228.838557986121,46899.6880877784,-42789.97178683016,14.08134868834189,12.916422223732937,0.9172716046123469,0.0,29.922001
class3_2026_05_14_13_22_54.csv,127.62799999999999,connector,0.8508533333333332,-2.367,-5.773333333333334,3.9110632825358373,-13.660666666666666,-9.901722166666666,-3.7589445,12.293499999999998,1886.4437594111428,-2647.432673386524,-4533.876432797667,584.6394984327608,14961.637839050985,-2744.514106583015,3.5371605373048403,4.309900543596984,1.2184630241345824,3.5089999999999844,12.600999999999999
class3_2026_05_14_13_22_54.csv,134.009,break,0.8933933333333333,-17.749001,-18.686888888888888,3.402131055919883,-10.711999944444447,-30.712556222222215,20.00055627777777,2.718,-2529.1825763126603,-3232.5948162044883,-703.412239891828,-2852.66457680237,-1750.7821316613554,-13736.677115988412,4.2621916410587595,13.716043883907815,3.2180722550589946,0.0,12.181999999999999
class3_2026_05_14_13_22_54.csv,184.422,background,1.22948,-49.900002,-34.548000888888886,13.742220082860666,-34.95561194444444,-30.463556222222223,-4.492055722222219,3.2500014999999998,519.5636137112917,2962.1788462019626,2442.6152324906707,-42257.054858930525,42636.3667711562,-44268.028213170175,13.420018523541344,12.216451731463348,0.9103154961908437,0.0,28.770003
class3_2026_05_14_13_22_54.csv,190.48399999999998,background,1.269893333333333,-49.900002,-28.20122266666667,11.67581223013243,-30.463556222222223,-40.3629455,9.899389277777779,7.884501,4855.157933042882,-4832.578797484021,-9687.736730526904,180.25391848796426,3557.9952978050133,-47619.12695925143,12.216451731463348,13.50048614180366,1.1051068946579967,0.0,30.381003
class3_2026_05_14_13_22_54.csv,171.659,background,1.1443933333333334,-21.702,-31.367333888888894,13.203570334937101,-39.31216788888889,-40.820168055555555,1.508000166666669,30.297001,4757.920321865128,-2082.624653105692,-6840.5449749708205,44655.17554858556,44655.17554858556,-44489.733197721565,13.313910029223589,12.879874668079143,0.967399785067532,1.2770000000000004,30.297001
class3_2026_05_14_13_22_54.csv,143.581,background,0.9572066666666665,-49.900002,-40.647668,13.095152037876918,-36.11261205555556,-42.086112444444446,5.973500388888887,29.008002,2646.343232881755,-1506.5704347595301,-4152.913667641285,-45467.08777429865,3286.8338557917523,-45467.08777429865,13.947982790554784,12.62230876489996,0.9049557953635897,0.0,29.008002
class3_2026_05_14_13_22_54.csv,98.592,background,0.65728,-15.458,-15.164777777777779,0.1353955339635839,-15.071777777777775,-15.099555555555558,0.02777777777778212,0.1490000000000009,-53.88838820870471,-22.055530676220787,31.832857532483924,-58.571846439139335,42.319749216301716,-158.3072100313475,0.13651314774106132,0.14331016177904402,1.0497824888514362,0.0,0.5080000000000009
class3_2026_05_14_13_33_21.csv,127.947,connector,0.8529800000000001,-4.064,-6.137444444444444,2.270890775352317,-14.543333166666665,-11.980944444444443,-2.562388722222222,12.3984995,2646.589388701101,-2634.1769294571263,-5280.7663181582275,-1912.2257053292215,15728.447616647203,-3184.952978056408,4.4714629233991845,4.218258045847602,0.9433729351529472,3.827999999999998,7.86
class3_2026_05_14_13_33_21.csv,133.69,break,0.8912666666666667,-18.445,-18.71900011111111,1.9439733859060966,-11.181999999999999,-29.797555944444444,18.615555944444445,2.653500000000003,-2554.892254534581,-1918.2117882368038,636.680466297777,-5186.520376175766,-1631.661442006185,-44741.38244514507,4.279739036696305,12.648733375038631,2.9554910500598237,0.0,5.517000000000001
class3_2026_05_14_13_33_21.csv,153.15300000000002,background,1.02102,-20.922001,-27.80677822222222,11.978049003189792,-39.381056666666666,-37.674723388888886,-1.7063332777777802,31.210001000000002,6018.267955746369,-2456.7027431044567,-8474.970698850826,-38166.14890282593,41711.60188087288,-47339.11264537579,13.240528002417108,13.74914111692233,1.0384132774764794,1.913999999999999,31.210001000000002
class3_2026_05_14_13_33_21.csv,183.14600000000002,background,1.2209733333333335,-26.867001,-34.72066755555556,13.73874973959642,-35.004722944444445,-38.44227866666667,3.4375557222222213,19.397002000000004,1345.0168711308038,1047.940225678914,-297.0766454518898,-6.28642737865448e-09,47266.462382448895,-7517.239811919695,13.451329464613364,12.95928278728815,0.9634201480203276,0.6379999999999997,30.156003000000002
class3_2026_05_14_13_33_21.csv,173.255,background,1.1550333333333334,-49.900002,-36.243445333333334,12.364349663677432,-31.12477844444445,-36.87222327777777,5.747444833333322,4.518000999999998,-1143.304302188158,-680.8474700741278,462.45683211403025,1000.001567390711,41898.708462143666,-43072.10344827963,11.842674483903222,13.208387114865664,1.1153212070041725,0.0,27.480002
class3_2026_05_14_13_33_21.csv,169.107,background,1.12738,-20.412001,-29.527556111111114,11.143745983020036,-30.46083416666666,-35.88288977777778,5.422055611111116,6.0539995,1016.8179055408514,-211.51965265971637,-1228.3375582005679,-35460.81974922129,5996.865203760419,-35460.81974922129,12.252061370341396,12.689262484205905,1.0356837976047886,0.6379999999999997,29.488001
class3_2026_05_14_13_33_21.csv,60.304,background,0.4020266666666667,-16.85,-16.608333444444447,0.24938490628304388,-16.472944388888887,-16.467222111111113,-0.005722277777774565,0.38599849999999947,-25.16432857220886,119.59110487786982,144.75543345007867,128.52821316614427,471.7836990595606,-695.9247648902856,0.2750613756097879,0.3012790579811146,1.0953117717870602,0.0,0.8440000000000012
class3_2026_05_14_13_33_36.csv,132.41400000000002,break,0.8827600000000001,-17.364,-18.177888555555555,2.111214876590259,-11.339222166666666,-29.54294488888889,18.203722722222224,3.3854995,-2624.7630984241114,-4029.4530026622824,-1404.689904238171,-4942.006269592908,-470.22100313484043,-6484.324451410957,3.5688371251210143,12.810750334377067,3.5896137300827204,0.0,6.571999
class3_2026_05_14_13_33_36.csv,127.62799999999999,connector,0.8508533333333332,-6.082,-9.745222222222221,4.452483845569991,-17.751888666666666,-13.737888777777778,-4.013999888888888,11.763999499999997,1801.494272987803,-2581.4993284350426,-4382.993601422846,645.7680250785361,17968.843010606026,-2769.5924764889696,3.7104423898333048,4.497925185876354,1.2122338797031014,3.5089999999999844,14.585
class3_2026_05_14_13_33_36.csv,9.891,bend,0.06594,-16.951,-16.531555555555556,0.9576826443860449,-11.049277777777778,-18.064388944444445,7.015111166666667,1.5625004999999987,-2236.3718421353096,-258.3878087997842,1977.9840333355255,-1189.656739811915,-957.680250783691,-1407.520376175551,3.378843865478834,0.5713593040096445,0.16909900476554554,0.0,2.9529999999999994
class3_2026_05_14_13_33_36.csv,81.682,background,0.5445466666666667,-18.972,-19.350333222222222,1.2004437751963766,-18.91799983333333,-19.437055611111113,0.5190557777777833,0.6795010000000019,118.54108268070475,287.9442748204966,169.40319213979188,2385.5815047021933,2385.5815047021933,-3858.937304075236,0.9298278507338663,1.0771223029273747,1.158409208401371,0.0,3.7750020000000006
class3_2026_05_14_13_33_36.csv,150.92,background,1.0061333333333333,-49.900002,-37.954223222222225,13.387157283952604,-41.81944572222222,-27.378445,-14.44100072222222,4.319001500000002,-3703.5075039057406,1852.4925888073133,5556.000092713054,41705.33228839766,44457.68495298194,-2888.7147335493282,13.035534413636924,10.34108299144611,0.7932994436598243,0.0,28.364003
class3_2026_05_14_13_33_36.csv,155.068,background,1.0337866666666669,-23.129,-25.848889333333332,8.91184370646279,-33.05250094444444,-31.347167444444445,-1.7053334999999947,3.221500500000001,3383.3130568582937,-669.9707260023299,-4053.2837828606234,-620.6896551725367,46489.858228368685,-45115.992163011084,13.538584005535638,13.270602752080244,0.9802060367944049,0.0,29.799002
class3_2026_05_14_13_33_36.csv,94.764,background,0.63176,-19.562,-19.241777555555558,0.5954252975505291,-19.127944555555555,-19.194944555555555,0.06700000000000017,0.916999999999998,73.73133484022412,63.78328509498126,-9.948049745242862,-2219.4357366771183,1559.559561128528,-2219.4357366771183,0.6608139285370578,0.6318229637182328,0.9561269523934504,0.0,2.1140000000000008
class3_2026_05_14_13_33_36.csv,153.15300000000002,background,1.02102,-19.242001,-25.262667222222223,8.994676161012244,-41.05100133333334,-28.298500555555556,-12.752500777777783,6.612999500000004,6736.327023901802,-894.9926233829655,-7631.319647284768,-1713.1661442013792,43534.48589341398,-48053.29310344502,12.563053584994591,11.731720012569955,0.9338270349141372,1.2759999999999994,30.658001000000002
class3_2026_05_14_13_37_11.csv,134.328,break,0.89552,-18.660999,-18.282888666666665,1.7392336342464176,-11.33211111111111,-30.80616733333333,19.47405622222222,2.269999500000001,-2520.4496820305926,-4780.370240692926,-2259.9205586623334,326.0203761757075,326.0203761757075,-5448.275862068414,4.2339181996098665,13.67352881494431,3.2295204916060407,0.0,6.551000000000002
class3_2026_05_14_13_37_11.csv,35.736,connector,0.23823999999999998,-5.753,-8.450222222222221,2.6787610228021372,-13.45122222222222,-11.889722222222225,-1.5614999999999952,8.6035,1245.7696813097368,-1916.4673536224198,-3162.2370349321563,-357.3667711598737,10449.290868863469,-2753.918495297805,2.396153550903233,2.763016021298215,1.153104260431237,2.8710000000000053,8.804
class3_2026_05_14_13_37_11.csv,127.62799999999999,connector,0.8508533333333332,-2.178,-5.706111111111111,4.102480318713559,-13.780666666666667,-9.688666666666666,-4.0920000000000005,12.187999999999999,1921.1496863885136,-2630.0066060932336,-4551.156292481747,705.3291536051797,15888.809982412657,-2771.159874608163,3.630196046129373,4.273444720337187,1.1771935974918122,3.5089999999999844,13.29
class3_2026_05_14_13_37_11.csv,140.391,background,0.93594,-49.900002,-40.80311233333333,12.905339621397271,-30.80616733333333,-38.88900122222222,8.082833888888889,4.538501,-4325.353657967747,-3072.355487783702,1252.9981701840447,0.0,38898.12225705669,-967.08620688878,13.67352881494431,13.8526300337317,1.0130983163244098,0.0,28.836003
class3_2026_05_14_13_37_11.csv,120.608,background,0.8040533333333334,-15.276,-15.37722222222222,0.19598059868703419,-15.385166666666667,-15.321333333333333,-0.06383333333333319,0.10400000000000098,-4.019860371741991,13.874054907417028,17.893915279159017,626.959247648836,626.959247648836,-95.61128526645916,0.1917426660918221,0.12879786057574452,0.6717189840005764,0.6380000000000136,0.6509999999999998
class3_2026_05_14_13_37_11.csv,193.356,background,1.28904,-49.900002,-40.755334777777776,12.97171103933196,-36.18555655555556,-36.29633433333333,0.11077777777776987,18.669000999999998,236.47242776103533,4782.46891890638,4545.996491145344,-45869.90909090712,6551.725705336568,-45869.90909090712,13.850048210947909,13.626032914886,0.983825595660351,0.0,29.265002
class3_2026_05_14_13_37_11.csv,171.34,background,1.1422666666666668,-20.827999,-21.60522177777778,1.6671801458130016,-35.58877855555556,-33.18766755555556,-2.401111,4.689500999999996,7407.220474703216,-4253.796713904677,-11661.017188607893,3459.249216301345,5257.053291536584,-38625.2565289969,14.351407762878495,13.401368633013833,0.9338016117050443,1.2759999999999994,5.637000999999998
class3_2026_05_14_13_37_11.csv,192.399,background,1.28266,-24.815001,-37.59733444444444,13.832183582377505,-36.11116761111111,-36.16111211111112,0.04994450000001649,19.765000999999998,3003.6120751887383,1689.820112903992,-1313.7919622847464,6.853952072560787e-09,7.101334631443024e-09,-45869.90909090712,13.907233871607083,13.767965642110024,0.9899858432835279,0.6379999999999997,30.361002
class3_2026_05_14_13_37_53.csv,35.736,connector,0.23823999999999998,-12.414,-13.419777777777776,0.6736421367425448,-14.253277777777775,-14.203777777777779,-0.04949999999999655,1.9674999999999994,208.05446105645842,-338.5395272375655,-546.5939882940239,-92.47648902821311,2462.3824451410655,-1299.3730407523362,0.43422687433536605,0.5199208866693679,1.197345719606703,1.5950000000000062,2.093
class3_2026_05_14_13_37_53.csv,96.678,connector,0.64452,-7.259,-9.903777777777778,3.149125196967063,-14.295944444444444,-12.124500000000001,-2.171444444444443,8.0265,543.3818853808333,-2080.3352903610585,-2623.717175741892,4307.210031347964,9026.645768025084,-2576.802507836992,1.2731315927543139,3.0671107513604903,2.409105515651797,2.8719999999999994,8.195
class3_2026_05_14_13_37_53.csv,127.62799999999999,connector,0.8508533333333332,-2.975,-6.403222222222222,4.016355140831541,-14.461222222222224,-10.469666666666667,-3.991555555555557,12.3945,1909.0974293087495,-2654.4724654524293,-4563.569894761179,706.8965517242941,15375.982996551187,-2822.884012539129,3.599451161412707,4.328757917822514,1.2026157658735408,3.827999999999998,12.896
class3_2026_05_14_13_37_53.csv,134.009,break,0.8933933333333333,-17.983999,-18.273888777777778,1.602455202170495,-11.276333333333334,-30.21922288888889,18.942889555555556,2.5504999999999995,-2530.73801064579,-4073.9730243162526,-1543.2350136704626,-2288.3996865202134,-1003.1332288400772,-3916.929467085054,4.273808423928761,13.946982486110672,3.2633608808157164,0.0,5.806000999999998
class3_2026_05_14_13_37_53.csv,155.387,background,1.0359133333333332,-49.900002,-27.82844477777778,11.89698158225002,-28.495333666666664,-36.10100088888888,7.60566722222222,3.420499999999997,4052.3022308364307,-2875.4317309250537,-6927.733961761484,-45711.60188088174,5666.147335422291,-45711.60188088174,11.604351756096653,13.834557772095422,1.1921869373392733,0.0,29.517003
class3_2026_05_14_13_37_53.csv,194.31300000000002,background,1.29542,-28.896999,-30.243333666666665,10.775107217698125,-35.54500105555556,-35.28082447058824,-0.26417658496731633,5.061999999999998,5709.356015683932,-4006.5831250462584,-9715.93914073019,-304.07210031204886,41327.58777429222,-32920.06739811486,12.919932594410547,13.878132750126465,1.0741644025268409,0.0,29.309002
class3_2026_05_14_13_37_53.csv,189.84599999999998,background,1.2656399999999999,-49.900002,-41.47811244444444,11.933744224835866,-38.62772333333333,-32.75344511111111,-5.874278222222216,4.349501,675.979556535755,4477.014652739979,3801.0350962042244,1.4551915228366852e-11,1.4551915228366852e-11,-42263.446977703024,12.632767628223052,12.264099799812733,0.9708164663455745,0.0,27.091002
class3_2026_05_14_13_37_53.csv,141.986,background,0.9465733333333333,-22.58,-44.25166822222222,10.605055179034716,-38.82289016666667,-38.39022322222222,-0.4326669444444491,27.320002000000002,-2281.5185790001324,2266.817465454708,4548.33604445484,-7.465132512152195e-09,42821.31974921261,-42821.31974922005,13.902759399264168,12.942094052567676,0.9309010355420254,0.6379999999999997,27.320002000000002
class3_2026_05_14_13_37_53.csv,156.34400000000002,background,1.0422933333333335,-20.753,-33.95966755555556,14.282158828277655,-29.891889388888885,-36.28361211111112,6.391722722222234,4.015000999999998,1119.2005096330506,-3219.83154060522,-4339.032050238271,-531.349529780513,46264.89498433006,-45684.956112848704,12.561406129308669,13.659023044196015,1.087380012731723,1.2759999999999994,29.517003
class3_2026_05_14_13_38_59.csv,134.328,break,0.89552,-17.927999,-18.050666555555555,1.4356733589868098,-11.082277611111111,-23.802889055555553,12.720611444444442,2.0459999999999994,-2591.3832781773117,-4370.34814820901,-1778.9648700316984,-3768.0282131666136,-648.9012539185351,-3768.0282131666136,4.336859316312646,9.323842778110032,2.1499061759124163,0.0,4.672001000000002
class3_2026_05_14_13_38_59.csv,127.62799999999999,connector,0.8508533333333332,-1.894,-5.351666666666667,4.043403983993904,-13.428666666666667,-9.4410555,-3.9876111666666674,12.389,1938.6362319828368,-2633.754365575315,-4572.390597558152,636.3636363637906,15796.443474938691,-2736.6771159874775,3.6462094015566358,4.387413720687321,1.2032804576538565,3.827999999999998,13.103
class3_2026_05_14_13_38_59.csv,66.366,connector,0.44244,-11.651,-12.971888888888888,1.0036132991949576,-14.346388888888889,-14.131555555555556,-0.214833333333333,2.8605,211.48381478362336,-631.8961198821696,-843.3799346657929,890.2821316614463,3973.3542319749213,-1663.0094043887148,0.48841764219761397,0.9474613578882035,1.9398550260595113,2.234,2.8599999999999994
class3_2026_05_14_13_38_59.csv,82.63900000000001,background,0.5509266666666668,-14.977,-14.921777777777777,0.1701938618672366,-14.916666666666666,-14.87011111111111,-0.046555555555556793,0.30100000000000016,6.149031787434783,1.3763905839627553,-4.772641203472028,-324.45141065830467,293.1034482758623,-324.45141065830467,0.13477553355280952,0.16258942458737694,1.206363009207901,0.0,0.6159999999999997
class3_2026_05_14_13_38_59.csv,194.95100000000002,background,1.2996733333333335,-49.900002,-43.777557111111115,11.454789859572452,-42.303223611111115,-40.45066786666667,-1.8525557444444445,27.828001,-2266.3182533237955,2250.8969054492723,4517.215158773068,-1.4551915228366852e-11,43617.55642632853,-7.450580596923828e-09,12.284643139451296,13.374985563549481,1.0887564516904995,0.0,27.828001
class3_2026_05_14_13_38_59.csv,171.97799999999998,background,1.1465199999999998,-49.900002,-38.14522322222222,13.205453583726381,-33.4351675,-36.395890055555554,2.960722555555556,5.871000500000001,1472.3894858545768,3078.034916174954,1605.6454303203773,-46625.394984330094,46625.39498432883,-46625.394984330094,13.214846362093025,13.610300153140674,1.0299248852606508,0.0,29.747002000000002
class3_2026_05_14_13_38_59.csv,178.998,background,1.19332,-49.900002,-28.31611133333333,11.597308667581533,-33.17705638888889,-38.87327911111111,5.696222722222217,18.663500999999997,3934.9579091890287,-3640.1905021254265,-7575.148411314455,-44772.73197492555,4249.21786833895,-44772.73197492555,13.4508103075837,13.844427300987277,1.0292633644471434,0.0,30.025002
class3_2026_05_14_13_38_59.csv,154.749,background,1.03166,-49.900002,-31.157778222222223,13.306632489056582,-29.946611555555553,-34.97188955555555,5.025277999999997,3.5365,3464.4573734986125,-741.2869874280542,-4205.744360926667,-45355.80407523908,641.1383596766973,-45355.80407523908,12.535723747505727,13.609611521716054,1.0856661099250766,0.0,29.619002000000002
class3_2026_05_14_13_39_14.csv,66.366,connector,0.44244,-9.732,-11.860222222222221,1.591391688483021,-14.09077777777778,-19.95927783333333,5.868500055555552,4.793500000000002,501.075103658859,-3321.9651738398557,-3823.0402774987147,156.73981191222447,5965.517241379317,-3250.7836990595642,1.0645826284697242,9.282904322015714,8.719751153189664,2.234,4.815000000000001
class3_2026_05_14_13_39_14.csv,69.55699999999999,break,0.46371333333333326,-16.837,-18.138555666666665,2.642506078057006,-13.404111111111112,-27.641611444444447,14.237500333333335,3.264500499999997,-667.5997647649803,-1060.2336778167517,-392.6339130517714,-3311.913793103453,-1670.8463949843244,-11647.335423196797,2.0081743198152475,10.34219623784701,5.150046480403161,0.0,7.097998999999998
class3_2026_05_14_13_39_14.csv,125.394,background,0.83596,-21.516001,-24.324666999999998,9.094000468465179,-38.704945611111114,-32.83005633333333,-5.874889277777783,18.295500500000003,1082.783667878428,-4109.649959074627,-5192.433626953055,-114.42006269572812,45308.780564263354,-47259.5596690597,14.04423222744008,13.687955293507155,0.9746317276163702,2.2339999999999858,30.111002
class3_2026_05_14_13_39_14.csv,123.161,background,0.8210733333333333,-49.900002,-40.19633466666667,13.72335380489125,-35.673778722222224,-32.48761188888889,-3.1861668333333313,2.552999500000002,-778.028614902822,-425.4604793334583,352.56813556936373,0.0,0.0,-45673.984326018835,14.24864551284844,13.916694153583007,0.9767028847991912,0.0,29.286002
class3_2026_05_14_13_39_14.csv,180.91199999999998,background,1.2060799999999998,-49.900002,-31.863666999999996,12.936308714432903,-34.79900083333334,-33.98261194444444,-0.8163888888888948,6.645001000000001,6242.833588453947,2527.510935628939,-3715.3226528250084,1805.6442006197394,7960.816614420684,-42483.31277810042,13.657769725813019,12.956385057567955,0.9486456697563789,0.0,30.656003000000002
class3_2026_05_14_13_39_14.csv,175.488,background,1.16992,-49.900002,-40.084890333333334,13.90193297869754,-31.195612,-34.96688966666667,3.7712776666666663,4.916500000000003,-1803.982449387398,6628.197570524471,8432.18001991187,-47153.608150466156,48056.429467080496,-47153.608150466156,13.401495322567222,13.490103411387908,1.006611731010326,0.0,30.660002000000002
class3_2026_05_14_13_39_14.csv,170.064,background,1.1337599999999999,-18.985001,-22.69977788888889,2.8074273818649713,-32.35055633333333,-34.55422322222221,2.2036668888888826,6.228999999999999,2711.5422202289806,-3925.845239452989,-6637.38745968197,-2186.5172413787477,10857.366771160829,-12219.438871472637,12.578812944433615,13.870342981229834,1.1026749455474496,1.2759999999999994,10.565999999999999
class3_2026_05_14_13_39_31.csv,133.37099999999998,break,0.8891399999999998,-19.917999,-18.982888666666668,1.9517687950633678,-11.313888944444443,-35.98777861111111,24.673889666666668,3.505999499999998,-2592.78414804991,-6454.579083261412,-3861.794935211502,-4551.722570532871,-1401.2539184952184,-46501.570532911544,4.2866217238831235,13.960291051573954,3.2567109239153527,0.0,5.613999
class3_2026_05_14_13_39_31.csv,127.62799999999999,connector,0.8508533333333332,-4.583,-8.108555666666668,4.135034246359757,-16.1388335,-12.165833333333332,-3.9730001666666688,12.1435005,1917.587515956761,-2645.687094511524,-4563.274610468285,678.6833855800987,16135.780212288502,-2739.811912225716,3.6300438428712045,4.386934781446697,1.2085070491792673,3.5089999999999844,13.398000999999999
class3_2026_05_14_13_39_31.csv,96.997,connector,0.6466466666666667,-7.931,-10.390222222222222,2.141727847519266,-13.986444444444446,-14.196666722222222,0.2102222777777758,6.636,847.0691244366315,-2062.8616971345946,-2909.9308215712263,302.50783699059684,7777.429467084645,-2645.768025078367,1.628306182722205,2.9935833237542298,1.8384635009406245,2.5519999999999987,6.543
class3_2026_05_14_13_39_31.csv,101.783,bend,0.6785533333333333,-17.169001,-16.999777777777776,0.5603579567819481,-12.593499999999999,-17.45494422222222,4.861444222222222,1.1105000000000018,-2179.5374582322897,-45.00744203884097,2134.530016193449,-136.36363636363603,-136.36363636363603,-481.1927899686525,2.9816876154285694,0.29768216271788095,0.09983677074042621,0.0,1.626999999999999
class3_2026_05_14_13_39_31.csv,151.239,background,1.00826,-49.900002,-40.745445777777775,13.00148564099745,-41.016779166666666,-33.28977877777777,-7.7270003888888965,29.806002,-4912.169464555673,-462.11270303469973,4450.056761520973,-1.4551915228366852e-11,38830.72570532581,-7.596099749207497e-09,12.58766977845613,13.391626636578062,1.0638685164453068,0.0,29.806002
class3_2026_05_14_13_39_31.csv,165.59699999999998,background,1.10398,-49.900002,-36.00677844444445,12.623442964378432,-37.932945555555555,-39.711778833333334,1.7788332777777782,28.717001,1173.8438638434957,-1621.802535073512,-2795.646398917008,-37556.43103448605,38409.09404388267,-37556.43103448605,13.461750530424032,12.89438925061246,0.9578537548751133,0.0,28.717001
class3_2026_05_14_13_39_31.csv,186.337,background,1.2422466666666665,-49.900002,-39.6791121111111,12.016507701319792,-38.65939,-34.20066761111111,-4.458722388888894,21.631000999999998,-2236.4738989862,1369.827720916289,3606.3016199024887,6525.709384358568,22134.799373042682,-41684.95611284907,12.949794906647584,14.063372607670834,1.0859918340837798,0.0,28.692002000000002
class3_2026_05_14_13_39_31.csv,179.317,background,1.1954466666666668,-19.448999,-32.10611133333334,12.904114648705661,-33.84305633333333,-37.542612222222225,3.699555888888895,10.687500499999999,211.56909172254595,-2970.846569748989,-3182.4156614715353,13625.39028212984,47728.844827587374,-47728.84482758271,13.060299915598565,13.841182767281756,1.0597904946240975,0.9570000000000134,30.451003
class3_2026_05_14_13_39_31.csv,146.77200000000002,background,0.9784800000000001,-24.419001,-34.886223333333334,13.457861135729141,-39.74466811111111,-42.341445944444445,2.5967778333333342,28.526001,2155.332158064534,-2805.988851489526,-4961.32100955406,650.4686520382093,39938.87304075063,-43681.82131661769,12.830288370097243,12.223021682565648,0.9526692134514974,1.595000000000013,28.526001
class3_2026_05_14_13_39_50.csv,134.009,break,0.8933933333333333,-18.337999,-19.64277744444444,2.5564982085793373,-11.653055499999999,-28.751111388888887,17.098055888888886,3.5224995000000003,-2680.224811259136,-1512.7936094641054,1167.4312017950306,-3719.437304074825,101.88244514114194,-5672.4137931029545,4.292621750959277,11.510054411379949,2.6813570814737413,0.0,8.770000000000001
class3_2026_05_14_13_39_50.csv,96.997,connector,0.6466466666666667,-0.462,-4.081888888888889,4.071419611673671,-12.693055555555556,-8.0945,-4.598555555555556,11.899000000000001,2340.3151083372286,-2416.8861097827494,-4757.201218119978,-1231.9749216300947,18581.504702194365,-3457.6802507837006,4.298821459581455,4.037235072147493,0.9391490600290037,3.5099999999999993,13.897
class3_2026_05_14_13_39_50.csv,127.62799999999999,connector,0.8508533333333332,-3.01,-6.818555555555555,4.212898582821072,-14.744277777777777,-10.826944444444443,-3.9173333333333336,12.33,1986.656612822589,-2547.117299662875,-4533.773912485464,-206.89655172394487,17728.800296554407,-3253.9184952978385,3.826263031057843,4.296661371502067,1.1229390697102974,3.827999999999998,14.110999999999999
class3_2026_05_14_13_39_50.csv,104.336,bend,0.6955733333333334,-15.104,-15.452222333333332,0.7420785308182243,-10.742666666666667,-16.150222333333335,5.407555666666669,0.9344999999999999,-1824.551570886033,-26.456154463162097,1798.0954164228708,-717.8683385579934,908.9290641970911,-1854.231974921633,3.659136996008151,0.5371207885168848,0.14678888555251096,0.0,2.303000000000001
class3_2026_05_14_13_39_50.csv,194.632,background,1.2975466666666666,-21.687,-37.69933444444444,13.698933128464763,-38.40161222222222,-36.0770008125,-2.324611409722216,29.107003000000002,-543.0430413376564,2130.596025165818,2673.639066503474,1340.1285266456434,44282.13322883631,-45456.2560390485,13.192210667728972,13.873978328934767,1.0516794816803574,1.596000000000014,29.107003000000002
class3_2026_05_14_13_39_50.csv,144.21900000000002,background,0.9614600000000002,-21.683001,-34.46655644444444,13.839863249490358,-38.31950088888889,-42.379557000000005,4.060056111111116,29.250002000000002,1827.1606624614174,-4292.694864020589,-6119.855526482006,45846.39811911857,45846.39811911857,-45918.14522102623,13.044293860829276,12.24078121033578,0.9384011432533338,0.9570000000000134,29.250002000000002
class3_2026_05_14_13_39_50.csv,189.84599999999998,background,1.2656399999999999,-49.900002,-36.250223444444444,12.775566523114312,-37.6463345,-35.172834111111115,-2.473500388888887,22.207000499999996,-2095.236945485433,-387.1387410966004,1708.0982043888325,7835.42476488321,36733.54388714417,-44568.96865203727,13.779180950421026,13.518863979156215,0.9811078791033124,0.0,29.988001
class3_2026_05_14_13_39_50.csv,139.433,background,0.9295533333333332,-49.900002,-38.37666766666666,13.06004544347212,-26.409222277777776,-36.75694527777777,10.347722999999991,3.688499499999999,-2956.998705595848,2033.142196083351,4990.1409016791995,32373.04388715016,32373.04388715016,-41692.46849080939,10.668771777676623,13.246084103999566,1.241575238317543,0.0,29.341002
class3_2026_05_14_13_39_50.csv,157.301,background,1.0486733333333333,-20.993999,-29.511000000000006,11.097929268271487,-26.945111333333337,-36.75750105555556,9.812389722222221,3.4080010000000023,-3340.5389037275368,-1078.2302108681415,2262.3086928593953,-2520.3761755482265,45307.21473353855,-42257.25266261824,10.470232217282872,13.21972998250263,1.2626012915052602,0.9570000000000134,28.906003000000002
class3_2026_05_14_13_41_43.csv,96.997,connector,0.6466466666666667,-8.217,-10.576444444444443,2.0706370523269246,-14.014555555555555,-17.02933338888889,3.0147778333333353,6.3995,780.7114495639701,-4857.053496494111,-5637.764946058081,330.7210031347968,7357.3667711598755,-2945.141065830723,1.557229313814272,8.778747607664465,5.637411197167005,2.5519999999999987,6.4
class3_2026_05_14_13_41_43.csv,101.464,break,0.6764266666666666,-18.440001,-22.00577788888889,9.97943991785115,-12.985111111111111,-29.507500277777776,16.522389166666663,3.2855000000000025,-2444.954538317003,440.2309049635955,2885.1854432805985,-48374.60971786837,-1753.9216300940425,-48374.60971786837,3.179557107608436,12.711306227233353,3.9978216459753266,0.0,33.996002000000004
class3_2026_05_14_13_41_43.csv,127.62799999999999,background,0.8508533333333332,-12.82,-18.96866711111111,11.137124469242853,-33.45422305555556,-25.348389444444447,-8.105833611111112,9.042499999999997,1846.1628580605534,-4404.369763840848,-6250.5326219014005,448.27586206912383,52384.06922798835,-2808.7774294670744,14.889008483879175,13.439527779162843,0.9026475396979406,3.1899999999999986,37.080002
class3_2026_05_14_13_41_43.csv,106.569,background,0.71046,-25.697001,-34.46011188888888,13.888461980768813,-25.579777833333328,-31.065167277777775,5.485389444444447,1.9579989999999974,440.2309049635955,1775.2256892046455,1334.99478424105,0.0,2264.8887147335518,-37935.73824451413,10.967398643985163,13.341939910744188,1.2165089578058088,0.0,29.841002
class3_2026_05_14_13_41_43.csv,112.312,background,0.7487466666666667,-21.684999,-34.37689,13.889057802637778,-31.28805627777778,-35.80844555555555,4.52038927777777,1.8314985000000021,-2412.4711388457968,-561.4479872143233,1851.0231516314734,87.77272727272793,44224.14263322886,-44023.356862103734,13.216294470646242,14.110951937871773,1.0676934371823472,0.6379999999999997,28.776001
class3_2026_05_14_13_41_43.csv,115.184,background,0.7678933333333333,-21.790001,-31.095778444444452,13.334528423300316,-31.18700061111111,-35.72061216666667,4.533611555555559,2.334499000000001,1155.5641753108682,1067.5164041361468,-88.04777117472145,0.0,3661.4388714733577,-46192.79153605019,13.260001167328644,14.232172206062994,1.0733159788713824,0.0,29.471001
class3_2026_05_14_13_41_43.csv,148.367,background,0.9891133333333333,-49.900002,-38.13044555555555,13.204732143715013,-32.681111833333325,-35.213334333333336,2.5322225000000103,4.3374995,1283.0365092233178,2404.5550044220195,1121.5184951987017,-43764.89184953361,37247.652037613574,-43764.89184953361,12.393060181387604,13.254388787156959,1.0695007950951563,0.0,27.922001
class3_2026_05_14_13_42_19.csv,134.328,break,0.89552,-18.113001,-18.233333555555557,1.781405925188499,-11.057499944444444,-26.431000444444447,15.373500500000002,2.0180000000000007,-2479.325211541123,-2439.6447035391393,39.680508001983526,-4003.1363636364695,-1352.6630094043503,-8272.287126347936,4.2049539315021764,10.688597280664236,2.5419053128462057,0.0,5.911001000000002
class3_2026_05_14_13_42_19.csv,127.62799999999999,connector,0.8508533333333332,-1.94,-5.473222222222223,4.186117978317747,-13.580833333333334,-9.468277777777779,-4.112555555555556,12.3545,1935.5100732211297,-2635.108848540364,-4570.618921761494,673.9811912227324,16374.38866260944,-2746.081504702136,3.6562890301810413,4.337435030644462,1.186294028876504,3.827999999999998,13.57
class3_2026_05_14_13_42_19.csv,35.416999999999994,connector,0.2361133333333333,-7.216,-9.81788888888889,2.8092445186263335,-13.991388888888888,-11.940166666666665,-2.051222222222224,7.509000000000001,604.2952392127361,-1799.8137770424096,-2404.1090162551454,3260.188087774295,8593.291017876676,-2443.5736677115838,1.348215534157358,2.6007172568351216,1.9290056092218026,2.552000000000006,7.5680000000000005
class3_2026_05_14_13_42_19.csv,174.85,background,1.1656666666666666,-22.226,-31.896556111111106,12.896530237284226,-36.09938983333333,-37.9730565,1.873666666666665,28.597003,2243.585595400862,390.67498577669693,-1852.910609624165,-44606.586206900254,44822.88871472974,-44606.586206900254,13.86125087688814,13.44968179871963,0.9703078710477262,0.9569999999999856,28.597003
class3_2026_05_14_13_42_19.csv,179.955,background,1.1997,-21.334999,-34.825667555555555,13.579861736194127,-38.13711211111111,-37.82111222222222,-0.3159998888888893,30.521002,390.67498577669693,-3478.8650886211053,-3869.540074397802,9409.090909090624,44772.73197492445,-44772.73197491722,13.23782723530859,13.561078630828733,1.0244186878522834,1.2759999999999994,30.521002
class3_2026_05_14_13_42_19.csv,183.14600000000002,background,1.2209733333333335,-49.900002,-47.007668333333335,8.180754996616606,-36.25555638888889,-34.84388972222222,-1.4116666666666688,1.8110014999999997,-196.401541145747,5333.117149930945,5529.5186910766915,-40800.94514106231,40800.945141069395,-40800.94514106231,13.702350092005318,13.541073622794906,0.9882299418451984,0.0,26.031003000000002
class3_2026_05_14_13_42_19.csv,159.535,background,1.0635666666666665,-22.868,-40.89111255555555,12.74490175041685,-35.75433444444444,-37.50166761111111,1.747333166666671,27.735001,-3084.7191761779854,2918.8198853248628,6003.539061502848,41242.94984325643,42369.90909090544,-42369.90909090562,14.198289266599623,13.888856492873382,0.9782062651265724,0.9570000000000134,27.735001
class3_2026_05_14_13_42_19.csv,158.258,background,1.0550533333333334,-22.165001,-38.08589011111111,13.235780921130003,-31.081000722222218,-37.654167666666666,6.5731669444444485,1.8164990000000003,-2554.4335854608903,1841.5933339680107,4396.026919428901,-7.58154783397913e-09,42526.64890282503,-43539.819369021876,13.39003219657987,13.711133992501665,1.0239805825129553,0.6379999999999997,27.735001
class3_2026_05_14_13_42_54.csv,133.37099999999998,break,0.8891399999999998,-18.379999,-18.153110777777776,2.245049919651864,-10.223499944444445,-31.181889444444444,20.9583895,2.787000000000001,-2655.662994485825,-3991.929227454904,-1336.2662329690788,-4000.000000000062,-1874.6065830722728,-8130.094043887566,4.360145761968419,13.361812355336516,3.064532706074378,0.0,7.925998999999999
class3_2026_05_14_13_42_54.csv,37.969,bend,0.25312666666666667,-14.856,-14.459333333333332,1.2702504564936092,-13.163888888888888,-16.22416666666667,3.060277777777781,2.745000000000001,447.07422559633005,-241.96456466006973,-689.0387902563998,-1460.8150470219443,-1460.8150470219443,-1460.8150470219443,1.546077398123281,0.4006961822188698,0.2591693815173008,0.0,3.686
class3_2026_05_14_13_42_54.csv,35.736,connector,0.23823999999999998,-10.127,-11.982777777777777,1.3805964715600105,-14.037333333333333,-14.839333333333334,0.8020000000000014,4.321499999999999,532.5803798229365,-1260.6019836285807,-1793.1823634515172,-362.0689655172464,5065.830721003142,-2228.840125391831,1.0552127221034104,1.838719635295834,1.7425092156976711,2.233000000000006,4.298
class3_2026_05_14_13_42_54.csv,127.62799999999999,connector,0.8508533333333332,-3.469,-6.958666666666667,4.093197961930934,-15.09755572222222,-11.05188877777778,-4.04566694444444,12.490000499999999,1931.867290330034,-2677.22862110368,-4609.095911433714,771.1598746083064,15834.932986984873,-2763.322884012553,3.65333600064621,4.414299878169528,1.2082925493565793,3.827999999999998,13.202
class3_2026_05_14_13_42_54.csv,151.239,background,1.00826,-20.416,-30.742667333333333,13.704684016398716,-42.682112499999995,-32.977223055555555,-9.70488944444444,30.627001,1452.160964419472,-4134.0610755729085,-5586.222039992381,846.3934169280146,46449.847962386506,-46213.169278992675,11.730972083269906,13.636580331688053,1.1624423852046701,1.2759999999999994,30.627001
class3_2026_05_14_13_42_54.csv,163.04399999999998,background,1.08696,-21.49,-43.635446111111115,11.720367676337789,-39.217167777777775,-34.873500944444444,-4.34366683333333,28.410002000000002,-1525.2050155797176,3171.1153381101576,4696.320353689875,278.3111481271335,44529.78369906345,-44321.15922339191,13.425585373431499,13.5526060712302,1.0094610167679579,0.6390000000000007,28.410002000000002
class3_2026_05_14_13_42_54.csv,183.46499999999997,background,1.2230999999999999,-20.832001,-35.100334333333336,13.409687858899325,-30.95994511111111,-36.46427883333333,5.504333722222221,4.326499999999999,-4922.4840905864385,1276.4274105528866,6198.911501139325,10962.382445142204,45561.13009404203,-45561.13009404771,11.870069370479204,13.498196120635638,1.1371622660473502,0.9569999999999856,29.068001
class3_2026_05_14_13_42_54.csv,163.683,background,1.0912199999999999,-49.900002,-40.33811244444444,13.524275050656266,-39.05522327777778,-34.873500944444444,-4.181722333333333,29.214001,-237.6087249395614,474.7280379372437,712.3367628768051,1.4551915228366852e-11,44529.78369906345,-45789.97021943198,13.61945971260056,13.552606071230198,0.9950912416591863,0.0,29.214001
class3_2026_05_14_13_42_54.csv,182.827,background,1.2188466666666666,-49.900002,-35.314001,13.200783732676244,-32.150723,-34.92538988888889,2.7746668888888877,4.024499500000001,-1622.9356484582106,-206.75156855540172,1416.184079902809,33595.61442005981,33595.61442005981,-45561.13009404771,12.612068075557426,13.492983539314457,1.0698469425182797,0.0,29.068001
class3_2026_05_14_13_43_17.csv,134.647,break,0.8976466666666666,-18.433001,-18.052444666666663,1.1814182531765234,-11.541944444444445,-31.57077861111111,20.028834166666662,1.9100000000000001,-2433.612527099225,-4340.393118970568,-1906.780591871343,-1620.689655172504,-1326.0172413793407,-2542.319749216178,4.124900752465623,14.634819509602961,3.5479195355029067,0.0,4.091000000000001
class3_2026_05_14_13_43_17.csv,35.736,connector,0.23823999999999998,-9.77,-11.674444444444443,1.5077959713960059,-13.994555555555555,-13.507166666666668,-0.4873888888888871,4.595000000000001,561.1319876102425,-889.2248538767241,-1450.3568414869665,-242.94670846395275,5666.144200626963,-2194.3573667711444,1.1399961609205447,1.295127288896518,1.1360793985229807,2.233000000000006,4.694000000000001
class3_2026_05_14_13_43_17.csv,127.62799999999999,connector,0.8508533333333332,-1.661,-5.140666666666667,4.09829349309631,-13.260944444444444,-9.157777777777778,-4.103166666666667,12.369000000000002,1930.375695874488,-2644.925947448195,-4575.301643322683,703.7617554860453,15903.634174429983,-2727.2727272727443,3.649679262501816,4.312412028803932,1.1815862537634516,3.827999999999998,13.218
class3_2026_05_14_13_43_17.csv,179.317,background,1.1954466666666668,-49.900002,-43.739334888888884,11.529612639241773,-37.409723166666666,-36.16705644444445,-1.2426667222222179,28.372002000000002,-3156.118089036825,-460.3026925520476,2695.8153964847775,-1.4551915228366852e-11,7.741618901491165e-09,-42435.73981190856,13.979602376026657,13.762858084901897,0.9844956051116263,0.0,28.372002000000002
class3_2026_05_14_13_43_17.csv,159.535,background,1.0635666666666665,-22.298,-34.36266744444444,13.901455423710452,-29.319444999999998,-37.72100105555555,8.401556055555549,1.305499000000001,-310.6904944841446,7041.921499711335,7352.611994195479,-7.53789208829403e-09,42753.92319748826,-43263.326018812564,12.785304322305995,13.875070536865795,1.0852357598890137,0.0,28.508002
class3_2026_05_14_13_43_17.csv,166.554,background,1.11036,-21.315001,-37.886112555555556,13.448453538075604,-36.274000944444445,-35.11800094444445,-1.1559999999999988,9.010000000000002,-2448.515129777565,1498.635623898275,3947.15075367584,1841.6912225699998,44804.07680251108,-44804.07680250433,13.887631527001968,13.319062662694359,0.9590592663506808,1.2759999999999994,28.585001000000002
class3_2026_05_14_13_43_17.csv,169.426,background,1.1295066666666667,-49.900002,-35.519667444444444,13.026735625690389,-36.61966777777778,-33.77166733333333,-2.8480004444444447,6.716000000000001,2854.3891368430764,-1944.3742241788962,-4798.763361021973,36739.8166144169,36739.8166144169,-42424.76802508069,13.509449404952226,12.977676657300636,0.9606369073714016,0.0,29.397002
class3_2026_05_14_13_43_17.csv,157.62,background,1.0508,-21.968,-24.861555777777777,8.885103563343197,-29.490722777777776,-35.64316755555555,6.152444777777774,1.8824989999999993,2079.630905364642,-2221.5987997417283,-4301.229705106371,-42489.03134796633,219.43573667691817,-42832.027836053436,12.791162116231067,14.276320475849142,1.1161080775940944,0.0,29.474001
class3_2026_05_14_13_43_49.csv,134.328,break,0.89552,-18.011999,-18.09122211111111,1.9294336276628168,-10.859611111111112,-27.75233366666667,16.892722555555558,2.8594994999999983,-2501.32503081478,-5950.563172402869,-3449.238141588089,-1493.72884012543,-1493.72884012543,-3882.443573667184,4.224988465781625,11.955964602429901,2.829821162694436,0.0,6.826999999999998
class3_2026_05_14_13_43_49.csv,35.416999999999994,connector,0.2361133333333333,-8.897,-11.086555555555556,2.242876482015951,-14.144388888888889,-12.734555555555554,-1.409833333333335,5.826999999999998,390.98822588765154,-1385.4986220237295,-1776.4868479113811,3059.561128526646,6741.37931034483,-2294.6708463949653,0.9390173432837405,1.9783270491959224,2.1068034116114567,2.552000000000006,6.051
class3_2026_05_14_13_43_49.csv,127.947,connector,0.8529800000000001,-2.108,-4.180777777777778,2.247594456192258,-12.625777777777778,-10.046055555555556,-2.5797222222222214,12.491499999999998,2650.887926511483,-2629.644344514591,-5280.532271026073,-1918.495297805719,15751.1822940428,-3236.677115987455,4.481736773414168,4.251063803557139,0.9485302394920571,3.827999999999998,7.782000000000001
class3_2026_05_14_13_43_49.csv,179.317,background,1.1954466666666668,-19.365,-37.74355688888889,13.654098129877406,-34.74355661111111,-36.810778944444436,2.0672223333333264,8.7495005,2043.3463884096025,2100.1979483736272,56.85155996402477,-40307.21316614905,40352.66614419715,-42965.51880878119,13.611044111193412,13.254418162933987,0.9737987094050448,0.6379999999999997,30.535002000000002
class3_2026_05_14_13_43_49.csv,162.08700000000002,background,1.08058,-49.900002,-38.174223222222224,13.29727199910471,-34.02533433333333,-33.42905638888889,-0.596277944444445,3.2409999999999997,-1967.7568376222505,4653.078562935116,6620.8354005573665,-1.4551915228366852e-11,420.06269592541867,-44621.84187922694,14.229821036783624,13.281988275226961,0.9333910319393635,0.0,29.386002
class3_2026_05_14_13_43_49.csv,178.041,background,1.1869399999999999,-49.900002,-31.65911211111111,13.017637430445813,-37.60250122222223,-33.75627877777777,-3.8462224444444573,8.7495005,-252.1510040465181,1350.3914933327494,1602.5424973792674,-40003.13793103103,39806.86524915171,-40307.21316614905,13.790856800056611,13.084490304510922,0.9487800174734027,0.0,30.535002000000002
class3_2026_05_14_13_43_49.csv,194.95100000000002,background,1.2996733333333335,-49.900002,-34.35588977777778,13.90457836507528,-33.97633411111111,-40.80853466666666,6.832200555555552,28.452002,-73.75082199457346,-3202.0095049280153,-3128.258682933442,43399.68965517621,44595.614420066406,-43471.105049405225,12.98014642422267,12.866707543755487,0.9912605090867082,0.0,28.452002
class3_2026_05_14_13_43_49.csv,165.916,background,1.1061066666666666,-20.700001,-28.094000555555553,11.708530269565605,-36.28300094444444,-36.08594561111111,-0.19705533333333136,19.654001,1484.5808611704688,-2043.3013515924563,-3527.882212762925,43626.962382440994,47122.260188091896,-40351.10031348364,13.761559819378562,13.846960211185529,1.006205647232014,1.913999999999999,30.064002000000002
class3_2026_05_14_13_47_19.csv,35.416999999999994,connector,0.2361133333333333,-11.252,-12.650777777777778,1.3543296642642708,-14.29627777777778,-13.646222222222223,-0.6500555555555572,3.4800000000000004,126.10827749610777,-785.049329338983,-911.1576068350907,2526.6457680250787,4484.326018808777,-1915.3605015674002,0.463436895567066,1.1416714138857775,2.4634830789761377,2.233000000000006,3.8420000000000005
class3_2026_05_14_13_47_19.csv,96.997,connector,0.6466466666666667,-6.108,-8.881,2.7104909764345892,-13.756888888888888,-12.873333333333335,-0.883555555555553,8.438500000000001,1125.1814086778734,-2283.8615194131476,-3409.042928091021,344.82758620689674,9145.76802507837,-2689.655172413797,2.195173414787008,3.4575152325205063,1.5750526287251667,2.8719999999999994,8.504999999999999
class3_2026_05_14_13_47_19.csv,127.62799999999999,connector,0.8508533333333332,-4.406,-7.878777666666666,4.045280989651357,-15.968999833333335,-12.101888833333334,-3.8671110000000013,12.1739995,1909.0589848228874,-2623.9940556852334,-4533.053040508121,673.981191222726,15414.392578636636,-2736.6771159874006,3.623838727448564,4.6367598611144425,1.2795157098128742,3.5089999999999844,12.966999000000001
class3_2026_05_14_13_47_19.csv,101.783,bend,0.6785533333333333,-16.400999,-16.276555555555554,1.0122525331724412,-11.008722166666665,-17.461555666666662,6.452833499999997,1.8779994999999996,-2355.398061569967,10.926784492869901,2366.324846062837,-844.8307210031344,-844.8307210031344,-1111.2884012539216,3.211630748100103,0.5129849802992931,0.15972721050685784,0.0,3.0109999999999975
class3_2026_05_14_13_47_19.csv,133.052,break,0.8870133333333333,-19.18,-18.11544411111111,1.9294383846915684,-10.408166666666666,-29.131555777777773,18.723389111111107,3.1485000000000003,-2650.7292786466282,-1655.0071531680271,995.7221254786011,-4932.6003134796665,-1981.19122257052,-4932.6003134796665,4.18174298123535,12.95902583387782,3.0989524686419303,0.0,5.817998999999999
class3_2026_05_14_13_47_19.csv,148.367,background,0.9891133333333333,-49.900002,-37.988334555555554,13.43478596032898,-39.18827922222223,-34.27989005555556,-4.908389166666666,30.257002,3443.293508045971,2353.630355429664,-1089.663152616307,1.4551915228366852e-11,40763.32601881352,-1.4551915228366852e-11,13.481113242163557,14.053471361621451,1.0424562175779053,0.0,30.257002
class3_2026_05_14_13_47_19.csv,171.97799999999998,background,1.1465199999999998,-21.931,-38.37411211111112,12.962682284658102,-38.175334444444445,-35.265278499999994,-2.9100559444444514,17.701500999999997,-2464.348329683707,930.600044978385,3394.948374662092,7.639755494892597e-09,43838.56112853048,-43600.316614416304,13.178965756910364,13.288990062495584,1.0083484014805282,0.6379999999999997,27.969002
class3_2026_05_14_13_47_19.csv,193.994,background,1.2932933333333334,-22.716999,-37.99566788888889,13.35094915689244,-37.665112333333326,-37.914001,0.24888866666667298,29.080002,-1148.1188488251496,2877.0374961050297,4025.1563449301793,-2106.583072099842,42606.58777429128,-42606.58777429775,13.701378412361183,13.466499163207493,0.9828571823256143,1.2759999999999994,29.080002
class3_2026_05_14_13_47_19.csv,178.679,background,1.1911933333333333,-49.900002,-40.96511255555556,12.66698819793669,-36.810667499999994,-35.78816777777778,-1.0224997222222143,18.300499999999996,-2454.9143396681698,2644.3179959154245,5099.232335583594,-1.4551915228366852e-11,42182.07427176375,-3214.730407515999,13.283584691109938,14.153055645535732,1.0654544619686301,0.0,28.568001
class3_2026_05_14_13_47_19.csv,170.702,background,1.1380133333333333,-24.834,-38.61144544444444,12.67867899348366,-37.80066788888889,-36.87400083333333,-0.9266670555555621,27.969002,-906.774954846836,3914.9332196928603,4821.708174539696,35863.64106583447,39288.40438871817,-39288.40438871759,13.560242220662502,13.244028197992622,0.9766807263318076,0.9569999999999856,27.969002
class3_2026_05_14_13_47_32.csv,100.507,break,0.6700466666666667,-16.084999,-16.20788888888889,2.1799264620342096,-11.838666666666667,-27.09250061111111,15.253833944444443,3.4314994999999975,-874.3134982946899,-4334.168046403785,-3459.8545481090955,-1681.8166144200623,-1681.8166144200623,-7285.264890282131,2.7421589831534,12.286544920691393,4.480608351144503,0.0,7.045000999999999
class3_2026_05_14_13_47_32.csv,35.736,connector,0.23823999999999998,-10.883,-12.454,1.1519972993795509,-14.1495,-13.81411111111111,-0.3353888888888896,3.4730000000000008,406.89496683591386,-604.3040626889018,-1011.1990295248156,-233.5423197492164,4355.799373040754,-1896.5517241379312,0.8504984976144547,0.9242604784901091,1.086726660136243,2.233000000000006,3.596
class3_2026_05_14_13_47_32.csv,96.997,connector,0.6466466666666667,-7.307,-9.885333333333334,2.3745887129259993,-13.933055555555555,-15.0034445,1.0703889444444457,7.369999999999999,956.4618261164003,-2620.3870789726325,-3576.848905089033,199.059561128528,8109.717868338559,-2873.0407523510985,1.865120564235943,4.419706672893579,2.3696614513725467,2.5519999999999987,7.466999999999999
class3_2026_05_14_13_47_32.csv,178.679,background,1.1911933333333333,-49.900002,-37.81189011111112,13.540269339186159,-33.86216727777778,-36.19966794444444,2.3375006666666636,7.363999000000003,1404.4146217989783,3304.6950771520073,1900.280455353029,-1.4551915228366852e-11,1362.0721003062572,-8.003553375601768e-09,12.922805658946855,13.850767884267373,1.071808025130366,0.0,29.283001000000002
class3_2026_05_14_13_47_32.csv,106.25,background,0.7083333333333334,-21.281,-34.37633433333334,13.930188016359004,-26.80383388888889,-37.7597235,10.955889611111111,2.2275005000000014,-4144.53808242864,-80.72342182770768,4063.8146606009327,0.0,45429.47021943576,-44866.774294670875,12.479220482633766,13.657990597021508,1.0944585458338192,0.6379999999999997,28.984002
class3_2026_05_14_13_47_32.csv,115.503,background,0.77002,-21.17,-37.237334444444436,14.174538524988092,-37.352889999999995,-40.58911233333333,3.2362223333333375,29.770003,214.03772841962316,386.96116772346335,172.92343930384018,0.0,46661.44670846398,-45031.35109717871,14.102529490296421,12.065766395571192,0.8555745654209596,0.6379999999999997,29.770003
class3_2026_05_14_13_47_32.csv,113.589,background,0.75726,-49.900002,-37.35933433333334,14.06395111603506,-37.70889005555555,-40.02461238888889,2.3157223333333405,29.770003,-632.607138629459,-2882.9337651130086,-2250.3266264835497,-39891.85423197495,45291.51329225334,-46661.44670846398,13.712395270943048,12.692655447304258,0.9256336526825987,0.0,29.770003
class3_2026_05_14_13_47_32.csv,114.22699999999999,background,0.7615133333333333,-21.287001,-34.1671118888889,14.115657706427942,-37.70889005555555,-40.59516783333333,2.886277777777778,29.770003,-2972.5424883717633,-405.3308432960881,2567.2116450756753,46661.44670846398,46661.44670846398,-46661.44670846398,13.712395270943048,12.052214720726695,0.878928415033168,0.9569999999999995,29.770003
class3_2026_05_14_13_47_38.csv,35.416999999999994,connector,0.2361133333333333,-11.176,-12.612222222222222,1.3690080575834442,-14.289055555555557,-13.58111111111111,-0.7079444444444469,3.490499999999999,128.20361962597914,-794.8343892504743,-923.0380088764534,2462.3824451410655,4481.191222570535,-1775.8620689655181,0.47161830991482234,1.1405422145672102,2.4183535122283266,2.233000000000006,3.7849999999999984
class3_2026_05_14_13_47_38.csv,96.997,connector,0.6466466666666667,-7.401,-9.977333333333332,2.3370375834946824,-13.938833333333333,-16.717000277777778,2.778166944444445,7.205,909.2746586027184,-2644.1494863031744,-3553.4241449058927,431.0344827586214,8394.984326018814,-2731.9749216300934,1.7691118063404965,9.12541582329268,5.158187646704727,2.5519999999999987,7.09
class3_2026_05_14_13_47_38.csv,101.464,break,0.6764266666666666,-18.165001,-22.217889444444445,10.061165665534686,-12.327444611111112,-28.284389555555556,15.956944944444444,3.452499999999999,-2510.119399727805,-2173.2150160235255,336.90438370427955,-2778.9937304075247,-663.0094043887184,-45073.67084639501,3.2828103846634913,11.652945950279555,3.5496848843400897,0.0,34.436002
class3_2026_05_14_13_47_38.csv,122.84200000000001,background,0.8189466666666667,-23.024,-28.29777822222222,11.589167269928048,-36.011500833333336,-38.33933444444444,2.327833611111103,29.583003,6811.981572016968,-4866.276122050523,-11678.257694067492,-4432.603448275866,671.4177159059218,-42125.39498432604,13.92588175099203,13.382370071861724,0.9609710429960652,2.553,29.583003
class3_2026_05_14_13_47_38.csv,176.126,background,1.1741733333333333,-23.534,-40.66611255555555,13.09315330633197,-37.48594572222222,-38.10244566666667,0.616499944444449,30.018002,593.3525288339982,663.7539967210553,70.40146788705704,-7.203198038041592e-09,47050.15987461139,-41326.02194357729,13.922965939113803,13.240765164367932,0.9510016954195761,0.6379999999999997,30.018002
class3_2026_05_14_13_47_38.csv,117.41799999999999,background,0.7827866666666666,-49.900002,-40.59033444444444,13.219052386802872,-37.4360011111111,-34.42550077777778,-3.010500333333326,17.301501499999997,404.95586168407283,6680.880357961709,6275.924496277636,-39130.858553403596,46775.8667711599,-39130.858553403596,13.980679505267304,13.867389484831005,0.9918966018575694,0.0,29.843003
class3_2026_05_14_13_47_38.csv,161.13,background,1.0742,-49.900002,-38.51911233333333,12.977369374373955,-31.598167333333336,-36.25216755555555,4.654000222222216,3.2285000000000004,-4418.05447101278,2366.287028008987,6784.341499021766,1.4551915228366852e-11,46663.01253918093,-42462.38557994078,13.119677369843314,13.66418782949855,1.0415032628320247,0.0,29.771002
class3_2026_05_14_13_47_38.csv,193.03699999999998,background,1.2869133333333331,-26.587,-38.68322333333334,12.685715180868781,-34.259889666666666,-35.90850088888889,1.6486112222222218,7.0980019999999975,611.306781361507,2413.2397246909013,1801.9329433293942,6.373738870024681e-09,46416.93260187889,-36540.755485891845,12.661743264006196,14.045169965064757,1.109260278221797,0.0,29.614003
class3_2026_05_14_13_47_50.csv,133.052,break,0.8870133333333333,-19.774,-22.025000111111112,9.966647883326821,-11.667444444444445,-31.321944999999996,19.65450055555555,2.6249995000000013,-2539.15210661199,-1271.148528620448,1268.003577991542,-2808.7774294667834,-905.9545454544932,-47974.92476488663,4.049986078813155,13.25539917423919,3.272948509782326,0.0,33.993002000000004
class3_2026_05_14_13_47_50.csv,68.919,bend,0.45946,-15.707,-15.778222222222224,1.6401876476508392,-13.242666666666667,-18.87405588888889,5.631389222222223,3.0129994999999994,107.25433160501255,-374.3753518484706,-481.62968345348315,-2078.3683385579934,-1421.6300940438887,-2376.175548589341,1.7043571939134252,1.3130400946697829,0.7704014915168004,0.0,4.935999999999998
class3_2026_05_14_13_47_50.csv,35.736,connector,0.23823999999999998,-10.863,-12.41211111111111,1.1553555916729172,-14.140277777777778,-13.808666666666666,-0.33161111111111197,3.5060000000000002,416.1325183322241,-622.2956583351944,-1038.4281766674185,-289.96865203761627,4357.366771159879,-1873.0407523510985,0.870130820659588,0.9466651995293797,1.087956074071371,2.233000000000006,3.615
class3_2026_05_14_13_47_50.csv,66.366,connector,0.44244,-9.907,-11.950666666666667,1.5224297830916356,-14.11138888888889,-16.107055722222224,1.9956668333333347,4.6690000000000005,540.041203999335,-2005.7647827109818,-2545.8059867103166,-115.9874608150476,5625.391849529786,-2633.2524338822877,1.0913052398587713,2.8462543554069795,2.608116999106796,2.234,4.589
class3_2026_05_14_13_47_50.csv,127.62799999999999,connector,0.8508533333333332,-5.733,-9.121333333333332,3.9027344544847296,-18.355166777777775,-13.173222166666667,-5.181944611111108,12.0015,2483.201997887633,-2609.093044204662,-5092.295042092295,518.8087774296328,15082.891076868673,-2783.699059561075,4.292028106626782,4.22027125365419,0.9832811355212387,3.5089999999999844,12.623999999999999
class3_2026_05_14_13_47_50.csv,187.29399999999998,background,1.2486266666666666,-20.823999,-28.161000444444444,11.66274380139125,-33.89488983333334,-40.35211244444444,6.457222611111099,29.318001,5920.853053719763,-2530.0863749391906,-8450.939428658954,-41373.04388714302,3420.065830721436,-45573.67241378917,13.057309203378889,13.525309089888697,1.0358419061215765,2.553,29.318001
class3_2026_05_14_13_47_50.csv,190.165,background,1.2677666666666667,-19.042999,-40.42944577777777,13.43622717593317,-31.47127855555555,-42.061168,10.589889444444452,30.857003000000002,-5431.200161929007,876.2804721522704,6307.4806340812775,43915.36363635906,48365.20846394567,-48365.20846394644,13.06159762423451,12.660394537989594,0.9692836920053169,0.9570000000000134,30.857003000000002
class3_2026_05_14_13_47_50.csv,188.251,background,1.2550066666666666,-21.323999,-34.37488977777778,13.919944401384335,-33.74727861111111,-38.68766788888889,4.940389277777776,21.6070005,314.77526441868827,-3168.7758974976377,-3483.5511619163262,45952.979623820676,45952.979623820676,-44789.9733542279,13.18856139197651,14.080298427923022,1.0676143471474204,0.9570000000000134,29.318001
class3_2026_05_14_13_47_50.csv,181.231,background,1.2082066666666667,-49.900002,-38.43533488888889,12.821454349152738,-32.32177866666666,-33.89488983333334,1.5731111666666777,0.8979999999999997,-757.7816260064704,4706.216022195916,5463.997648202386,-1.4551915228366852e-11,816.6144200625567,-41409.09247649265,12.514670379297163,13.057309203378889,1.0433601336891198,0.0,26.419001
class3_2026_05_14_13_47_50.csv,190.803,background,1.27202,-49.900002,-43.35833477777778,12.256618981855132,-31.290222944444437,-42.04650133333334,10.756278388888902,30.857003000000002,-2202.321352155489,540.2352410548552,2742.556593210344,-43984.088775070966,48365.20846394567,-43984.088775070966,13.204972632630472,12.683894079019227,0.9605391447110794,0.0,30.857003000000002
class3_2026_05_14_13_47_57.csv,66.047,connector,0.44031333333333333,-10.619,-12.307,1.6342787739890372,-14.325388888888888,-15.857611055555553,1.5322221666666653,4.328999999999999,176.49736289270385,-2162.4337243594327,-2338.9310872521364,3122.257053291538,5442.006269592479,-2611.1569648647674,0.5407018215953627,3.154293531389706,5.8336916424494545,2.234,4.481999999999999
class3_2026_05_14_13_47_57.csv,35.416999999999994,connector,0.2361133333333333,-11.217,-12.580111111111112,1.3100999490661809,-14.253222222222222,-13.604555555555557,-0.6486666666666654,3.5090000000000003,180.54574329366585,-781.610363786931,-962.1561070805968,2506.269592476492,4119.122257053292,-1851.0971786833688,0.4727109235927921,1.1399271527515462,2.411462660149679,2.233000000000006,3.625
class3_2026_05_14_13_47_57.csv,127.62799999999999,connector,0.8508533333333332,-5.718,-9.287222222222223,4.303549666077418,-18.328777944444443,-13.340777611111111,-4.988000333333332,12.517500000000002,1847.0369966476896,-2729.4701968030768,-4576.507193450767,579.9373040753962,24249.565525336282,-2680.2507836990117,4.683856754561061,4.377826998813835,0.934662670861595,3.827999999999998,14.097999999999999
class3_2026_05_14_13_47_57.csv,133.37099999999998,break,0.8891399999999998,-20.666,-20.644555555555556,3.2616615266903164,-12.510333166666667,-33.17183411111111,20.66150094444444,1.5980005000000013,-2615.347202642721,-3012.273542456066,-396.92633981334484,-2330.7241379313564,-1260.1865203762354,-13760.1865203755,4.326989061396456,13.517032944808495,3.1238881423374756,0.0,11.245001000000002
class3_2026_05_14_13_47_57.csv,68.6,bend,0.4573333333333333,-15.221,-15.419000000000002,2.0170015465206985,-13.310611111111111,-18.703389,5.39277788888889,3.1594999999999995,376.2287391949414,-477.19657310771856,-853.4253123026599,-1481.1912225705346,-1481.1912225705346,-3199.05799373041,1.5796945956203365,1.0376932220135089,0.6568944199695722,0.0,6.247001000000001
class3_2026_05_14_13_47_57.csv,146.77200000000002,background,0.9784800000000001,-49.900002,-43.89622377777778,11.262710871925696,-37.60016788888888,-38.0013345,0.4011666111111154,28.779002000000002,-4513.554830691073,4195.079340402403,8708.634171093476,-1.4551915228366852e-11,45108.153605019615,-1.4551915228366852e-11,13.779461454108437,13.43907665734108,0.9752975997502813,0.0,28.779002000000002
class3_2026_05_14_13_47_57.csv,189.527,background,1.2635133333333333,-23.329,-37.741223222222224,13.615049080001175,-39.82111233333333,-34.990945277777776,-4.830167055555556,28.611002,-1313.518241048759,3227.531988807277,4541.050229856036,-7.261405698955059e-09,44844.83072099927,-3757.0548589415775,12.84985804993993,13.419571462461777,1.0443360826222068,0.6379999999999997,28.611002
class3_2026_05_14_13_47_57.csv,168.15,background,1.121,-49.900002,-41.12944566666667,12.405427753574713,-35.89350111111111,-34.788000777777775,-1.1055003333333318,4.407500500000001,-5676.5006269590995,2263.364426532449,7939.865053491549,1730.5115610566281,40525.0815046987,-42000.00313479992,14.084904396397862,13.631509445863585,0.9678097979521944,0.0,26.796002
class3_2026_05_14_13_47_57.csv,157.939,background,1.0529266666666666,-49.900002,-43.75411255555556,11.524233188749168,-37.80916777777777,-36.46266766666667,-1.346500111111105,29.308003,-824.7500694484218,1927.3655323575545,2752.1156018059764,1.4551915228366852e-11,40760.191222574096,-45722.08996967503,13.555333999310127,13.559382292674332,1.0002985756799379,0.0,29.308003
class3_2026_05_14_13_47_57.csv,149.005,background,0.9933666666666666,-49.900002,-40.845223555555556,12.83004723381897,-40.73889033333333,-37.828445555555554,-2.9104447777777764,28.451003,1073.0890204805844,399.9446677263057,-673.1443527542788,1.4551915228366852e-11,43553.2931034452,0.0,12.994221434125523,13.629486202043893,1.0488881709651234,0.0,28.451003
class3_2026_05_14_13_48_07.csv,35.736,connector,0.23823999999999998,-10.859,-12.383000000000001,1.1317487942707665,-14.142277777777776,-13.791333333333334,-0.3509444444444423,3.517999999999999,442.8164674695808,-619.4117653936587,-1062.2282328632396,-341.6927899686525,4297.805642633233,-1862.0689655172428,0.8811882007050075,0.9351122333115363,1.0611934787255528,2.233000000000006,3.5269999999999992
class3_2026_05_14_13_48_07.csv,66.047,connector,0.44031333333333333,-10.003,-11.869111111111112,1.8762678939523918,-14.311666666666667,-17.817722333333332,3.506055666666665,5.032,261.1074062856117,-2636.937867520836,-2898.0452738064478,3446.7084639498444,6197.49216300941,-2656.8001990522025,0.6504607768514734,8.71147201597548,13.392750083091597,2.234,5.029
class3_2026_05_14_13_48_07.csv,69.87599999999999,break,0.4658399999999999,-18.413,-21.62955577777778,10.174064461266235,-13.417444444444445,-32.85638955555556,19.438945111111114,3.5084999999999997,-1145.4651898974853,-918.0537119168158,227.41147798066947,-4108.15047021944,-2017.2413793103478,-45239.81347962078,2.2919788204912033,13.690404541012724,5.973178480288137,0.0,34.834002
class3_2026_05_14_13_48_07.csv,158.89700000000002,background,1.0593133333333336,-24.368999,-38.09144555555556,13.267960611075022,-36.978834388888885,-39.27594561111111,2.2971112222222274,29.407002000000002,2275.112068965433,3888.9938156202093,1613.8817466547762,-37859.91137760629,40065.930822939314,-40017.24608150821,12.999401947299889,13.409163909864027,1.0315215217364464,0.9579999999999866,29.407002000000002
class3_2026_05_14_13_48_07.csv,115.184,background,0.7678933333333333,-49.900002,-46.74922388888889,8.911746273523232,-32.74822294444445,-41.62322366666667,8.875000722222218,28.357003000000002,-1906.1539262242065,3891.1845357652683,5797.338461989475,0.0,44446.71316614423,0.0,13.72582771623012,11.985520267726685,0.8732092258702308,0.0,28.357003000000002
class3_2026_05_14_13_48_07.csv,115.82199999999999,background,0.7721466666666665,-49.900002,-46.74922388888889,8.911746273523232,-35.787723111111106,-40.063390222222225,4.275667111111119,28.357003000000002,-1489.4780082359346,3654.048432840137,5143.526441076072,0.0,0.0,0.0,14.126994177464383,12.617221213081757,0.8931284434222048,0.0,28.357003000000002
class3_2026_05_14_13_48_07.csv,138.157,background,0.9210466666666668,-20.297001,-33.867112111111105,14.353195121632515,-34.803278444444445,-37.74966783333333,2.946389388888889,19.707499499999997,-1485.294870137073,-2958.6970105157893,-1473.4021403787162,1500.001567397896,46399.68808777802,-46399.688087770366,13.657194667843012,13.63715164876616,0.9985323473746484,1.2759999999999994,29.603001
class3_2026_05_14_13_48_07.csv,170.702,background,1.1380133333333333,-22.344,-37.40900111111111,13.974580085712816,-42.03266822222222,-37.38961222222221,-4.6430560000000085,28.883002,-521.9088207580528,-1677.2452525690946,-1155.3364318110418,2703.763322883882,43191.225705325516,-45271.16300940835,12.709144199981623,14.007023966768632,1.1021216412563204,1.2759999999999994,28.883002
class3_2026_05_14_14_04_11.csv,35.736,connector,0.23823999999999998,-11.751,-13.007666666666667,0.8579700849485761,-14.20211111111111,-14.038944444444446,-0.16316666666666357,2.6220000000000017,272.6075917436189,-425.685203871053,-698.2927956146718,-308.7774294670853,3300.9404388714756,-1600.3134796238264,0.6204719430391397,0.6659083580779152,1.0732270690422505,1.914000000000006,2.6630000000000003
class3_2026_05_14_14_04_11.csv,96.678,connector,0.64452,-7.885,-10.388555555555554,2.870237586414953,-14.336833333333333,-14.045555555555554,-0.2912777777777791,7.4215,473.92002280592146,-2633.4188795199734,-3107.338902325895,4261.75548589342,8360.501567398123,-3076.802507836992,1.1285813242985885,4.331237354334263,3.8377681991662578,2.5519999999999987,7.667
class3_2026_05_14_14_04_11.csv,101.464,break,0.6764266666666666,-18.551001,-19.198222333333334,3.190518462380474,-12.183333222222222,-29.32455616666667,17.14122294444445,3.2415000000000003,-2505.919027723803,-2122.283888414862,383.63513930894123,-2294.672413793105,-2293.106583072098,-8036.051724137935,3.2851407741300753,12.86911656543214,3.9173702233414134,0.0,11.203000999999999
class3_2026_05_14_14_04_11.csv,133.052,background,0.8870133333333333,-49.900002,-37.234445666666666,14.194950509977733,-28.5301115,-33.331333944444445,4.801222444444445,3.9244994999999996,-26.75744440179119,3928.6517304431095,3955.409174844901,-45833.8573667672,45833.8573667669,-45833.8573667672,11.573021114630361,13.341618187737641,1.1528205904723416,0.0,30.341002
class3_2026_05_14_14_04_11.csv,184.74099999999999,background,1.2316066666666665,-49.900002,-31.70100088888889,12.961227291048607,-34.935501,-38.95983455555555,4.02433355555555,29.724001,2998.0787281032967,-2590.0346823215305,-5588.113410424827,-38796.23981191562,38796.23981191671,-44901.887369977885,13.441385478592313,13.741135864095071,1.022300481128205,0.0,29.724001
class3_2026_05_14_14_04_11.csv,142.94299999999998,background,0.9529533333333332,-49.900002,-37.211667777777784,14.210319621734511,-37.90533444444444,-38.15977872222222,0.2544442777777789,29.918002,3286.6004363151987,-2261.667100009337,-5548.267536324536,41570.53605015316,41570.53605015316,-45416.93103448081,13.50581610596521,13.274319394950147,0.9828594072318058,0.0,29.918002
class3_2026_05_14_14_04_11.csv,156.663,background,1.0444200000000001,-31.431999,-31.757000555555553,13.272623315992343,-32.311223000000005,-38.20189011111111,5.890667111111107,7.460499500000001,5517.64655201831,4403.394226606382,-1114.2523254119278,-48532.9169278989,4791.537617554783,-48532.9169278989,14.07240252919978,13.135947258459819,0.9334544188704621,0.0,30.964001
class3_2026_05_14_14_04_11.csv,151.877,background,1.0125133333333334,-19.669001,-43.290223888888896,12.367893413489321,-38.13872322222222,-31.46222277777778,-6.676500444444439,8.273498999999997,-3374.9598607287035,6128.01300325409,9502.972863982794,-8.250935934484005e-09,47384.01410657899,-47384.014106587216,13.292708661198727,13.276154632055945,0.9987545782940626,0.6379999999999997,30.231001
class3_2026_05_14_14_32_37.csv,68.919,break,0.45946,-15.486,-15.624888666666667,2.4287632364012395,-12.788555555555554,-26.68138916666667,13.892833611111115,3.534499500000001,323.71479403366226,-2045.994024054603,-2369.708818088265,-2271.158307210033,-2271.158307210033,-5885.5830721003185,2.035689515242719,12.516362350690107,6.148460317013247,0.0,7.978001000000001
class3_2026_05_14_14_32_37.csv,66.68499999999999,connector,0.4445666666666666,-9.559,-11.073,1.533966680791267,-13.75238888888889,-20.352777833333334,6.600388944444445,5.619499999999999,1021.2648197902024,-4221.806004011034,-5243.070823801237,-2281.419678818291,6733.54231974922,-3239.811912225705,1.77501571632757,11.015644367725306,6.205938381536024,2.234,4.777999999999999
class3_2026_05_14_14_32_37.csv,118.375,background,0.7891666666666667,-26.125999,-35.13255611111111,13.262709753485032,-42.46266794444445,-36.96205644444444,-5.500611500000005,28.329003,1707.6937214452744,-3182.831022128964,-4890.5247435742385,-2869.9075235109703,44402.8260188088,-43843.26489028216,12.038954649496404,13.028393634862566,1.0821863635163032,1.913999999999999,28.329003
class3_2026_05_14_14_32_37.csv,145.49599999999998,background,0.9699733333333332,-49.900002,-40.829778888888896,12.863242460031499,-35.4997785,-40.297779166666665,4.798000666666667,29.477002000000002,3797.4158912214293,329.80526346120246,-3467.6106277602266,-41747.65360501933,4015.6739811897933,-41747.65360501933,12.982141054414626,13.602921592429734,1.047817959117464,0.0,29.477002000000002
class3_2026_05_14_14_32_37.csv,171.659,background,1.1443933333333334,-49.900002,-34.06100055555556,14.190299247741263,-37.99127894444444,-31.182944888888887,-6.808334055555552,5.233501000000004,624.9493516431115,1345.3806880822199,720.4313364391083,-1.4551915228366852e-11,42484.3291536089,-1.4551915228366852e-11,13.357591291092087,13.272291483017792,0.993614058116508,0.0,30.194003000000002
class3_2026_05_14_14_32_37.csv,87.10600000000001,background,0.5807066666666667,-49.900002,-31.904556111111113,12.843766470846111,-36.20416766666667,-31.91450061111111,-4.289667055555562,5.275998999999999,2319.195570861077,-4101.117639206411,-6420.313210067488,36239.81661442009,36239.81661442009,-2826.0172413793116,13.813924903327761,12.833806627240035,0.929048462910054,0.0,29.699002
class3_2026_05_14_14_32_37.csv,164.002,background,1.0933466666666667,-22.332001,-32.05233422222223,12.67585911055023,-38.33911238888888,-39.60755677777777,1.268444388888895,29.446002,5528.48425659157,663.7672819047335,-4864.716974686836,-41310.34639498828,5963.670581482387,-43210.03291536428,13.138364208172705,12.950046255417222,0.9856664851546113,2.2339999999999858,29.446002
class3_2026_05_14_14_33_25.csv,13.082,break,0.08721333333333334,-19.038,-19.085222444444447,2.113159124488163,-13.144277777777777,-27.97050072222222,14.826222944444442,1.5640004999999988,-2009.741204199416,-37.07031123927314,1972.6708929601427,-329.15517241378984,288.4012539184914,-7681.8166144200695,3.613868392204237,11.853652840606214,3.2800446153855654,0.0,7.288999999999998
class3_2026_05_14_14_33_25.csv,4.7860000000000005,connector,0.031906666666666667,-1.355,-3.415111111111111,1.9727818173243163,-3.9887857142857146,-7.900666666666668,3.9118809523809532,4.482,-200.94243085051988,-2630.7111305448607,-2429.7686996943407,3139.4984326018734,6905.956112852663,-2570.5329153605026,2.360172456730695,4.275255028130551,1.8114156041957274,1.914,5.5200000000000005
class3_2026_05_14_14_33_25.csv,39.565000000000005,background,0.2637666666666667,-49.900002,-40.755557111111116,12.977484661215152,-33.714834277777776,-45.20011283333333,11.485278555555553,28.761002,847.471128934867,1863.99041065224,1016.5192817173729,-45076.80407523514,45147.366406890156,-45076.80407523514,12.989440747681865,10.522314266381434,0.8100667042337888,0.0,28.761002
class3_2026_05_14_14_33_25.csv,107.845,background,0.7189666666666666,-49.900002,-37.74589011111111,13.599060223998091,-38.756001222222224,-37.07894533333333,-1.6770558888888942,27.905001000000002,5059.765398772478,1624.3507389163058,-3435.414659856172,40522.42741099357,43738.24608150473,-40713.17084639501,13.982646252945159,13.0095450477124,0.9304064396655795,0.0,27.905001000000002
class3_2026_05_14_14_33_25.csv,72.11,background,0.48073333333333335,-49.900002,-42.899334555555555,9.913278601433076,-37.101389722222216,-40.77561238888889,3.6742226666666724,21.918002,-308.3255777061153,990.2592712630983,1298.5848489692137,0.0,31137.938248451042,-34354.23510971863,13.044316464861323,12.988035293196425,0.995685311108342,0.0,21.918002
class3_2026_05_14_14_33_25.csv,99.231,background,0.66154,-49.900002,-40.75989011111111,12.931492651152702,-40.66272355555555,-42.6537235,1.9909999444444466,28.274003,-821.3026820432582,-2051.735450040396,-1230.4327679971375,2462.385579937305,41658.144165688405,-44316.61912225708,13.07320279068018,11.811137886794995,0.903461620877898,0.0,28.274003
class3_2026_05_14_14_33_25.csv,45.946,background,0.30630666666666667,-49.900002,-46.57266844444444,9.411120481611517,-45.20011283333333,-39.800445777777774,-5.399667055555554,29.946002,1428.024355549535,1038.0732437431675,-389.9511118063674,0.0,46937.30721003137,0.0,10.522314266381434,12.738203956316964,1.2105894600036597,0.0,29.946002
class3_2026_05_14_14_33_35.csv,10.529,break,0.07019333333333333,-18.59,-19.073444333333335,2.815199341098917,-12.089333222222223,-31.259833944444445,19.170500722222222,1.8595000000000006,-2327.525132966553,-3257.3670383353024,-929.8419053687494,-4199.061128526646,-717.8683385579934,-37623.82869491431,3.8715694326385055,13.376727594129227,3.455116683751736,0.0,9.792000000000002
class3_2026_05_14_14_33_35.csv,27.439999999999998,background,0.1829333333333333,-49.900002,-29.701111222222224,11.687850704207898,-36.38205661111111,-28.747500277777775,-7.634556333333336,3.4179999999999993,4322.302972262356,-1562.9394852783298,-5885.242457540686,-3307.2100313479605,45761.75862068968,-4695.924764890289,13.915558520220674,11.620185357225546,0.8350498117118667,0.0,29.822003000000002
class3_2026_05_14_14_33_35.csv,79.129,background,0.5275266666666667,-49.900002,-42.148445888888894,11.001203581430296,-39.23072349999999,-31.132722777777776,-8.098000722222213,2.305500500000001,-2113.1711806783173,4585.54184847077,6698.713029149087,0.0,37305.64420062698,0.0,13.421896732396135,11.829367675912646,0.8813483690432513,0.0,24.883002
class3_2026_05_14_14_33_35.csv,52.327,background,0.34884666666666664,-49.900002,-34.745111888888886,13.603470093959869,-39.05777883333334,-36.43277883333333,-2.625000000000007,29.719002,5279.68083324361,-164.38785473102544,-5444.068687974635,-3536.051724137935,46581.507836990626,-38850.04713419389,13.613565743701681,13.613024311726,0.9999601550434289,0.0,29.719002
class3_2026_05_14_14_33_35.csv,16.273,background,0.10848666666666666,-49.900002,-41.29500122222222,12.271448661190067,-29.52038938888889,-39.013779055555545,9.493389666666655,4.466499500000001,-2038.0332717784045,5494.595011032402,7532.628282810807,-45470.91959115787,40523.5141065831,-45470.91959115787,12.865695029856202,13.677250632413402,1.0630789504643903,0.0,29.147002
class3_2026_05_14_14_33_35.csv,15.633999999999999,background,0.10422666666666666,-49.900002,-41.295001222222226,12.27144866119007,-27.55816694444444,-37.394501166666664,9.836334222222224,3.1935000000000002,-3257.3670383353024,5170.058767944859,8427.425806280162,5161.442006269139,40523.5141065831,-45470.91959115787,12.24551271682896,14.013799614362304,1.1444027534021048,0.0,29.147002
class3_2026_05_14_14_34_08.csv,96.678,connector,0.64452,-8.964,-11.142111111111111,2.3429185713760443,-14.310055555555554,-15.316055499999997,1.0059999444444436,6.2094999999999985,359.98585628683315,-2595.7337597133487,-2955.7196160001818,3874.6081504702197,7639.498432601884,-2396.551724137933,0.8645244982212428,4.601818767741973,5.322941633543711,2.5519999999999987,6.202999999999999
class3_2026_05_14_14_34_08.csv,101.145,break,0.6743,-18.511999,-19.160111,2.8871728407853325,-12.937611166666667,-35.897945388888886,22.96033422222222,3.0339994999999984,-2102.6376864740664,-5290.471507277076,-3187.8338208030095,-4626.957680250787,-1822.8840125391798,-46879.31504702197,2.8442364795275656,14.067200466606227,4.945860030275257,0.0,10.091001
class3_2026_05_14_14_34_08.csv,170.064,background,1.1337599999999999,-24.365,-29.49522311111111,11.177371074581421,-33.859945333333336,-36.14577866666666,2.285833333333322,6.705498499999997,286.2603189619715,-1442.253771355908,-1728.5140903178794,8247.647335422578,8247.647335422578,-47760.1896551766,12.910697125394895,13.838614387884704,1.0718718889929453,0.0,30.471001
class3_2026_05_14_14_34_08.csv,114.22699999999999,background,0.7615133333333333,-22.209,-24.218444555555557,9.19052484930564,-38.72189022222222,-40.53683455555555,1.8149443333333295,31.411002,1815.0024637190743,-6237.5623600313365,-8052.564823750411,46352.66771159877,46352.66771159877,-41333.860501567426,14.0433057568863,13.285189180556914,0.9460157362184207,1.913999999999999,31.411002
class3_2026_05_14_14_34_08.csv,120.927,background,0.80618,-49.900002,-40.694334777777776,13.058879934687873,-40.725779055555556,-34.89794538888888,-5.8278336666666775,29.957001,4457.183576388265,1926.2775755958196,-2530.906000792445,-40239.81661442009,46954.5470219436,-42732.91594919486,13.025971525506169,13.488420821431232,1.0355020168374793,0.0,29.957001
class3_2026_05_14_14_34_08.csv,180.59300000000002,background,1.2039533333333334,-22.726,-35.08488966666667,13.342929459607088,-39.661001111111105,-34.83388955555555,-4.827111555555554,28.848002,-1096.076705020966,-1106.4684440455108,-10.391739024544677,3855.797805642753,42592.479623827974,-45216.304075237436,12.870361667589489,13.623405174838044,1.05850981255912,1.5949999999999853,28.848002
class3_2026_05_14_14_34_08.csv,175.16899999999998,background,1.1677933333333332,-22.538,-38.13500111111111,13.181383127940586,-34.869834166666664,-38.06877877777778,3.1989446111111164,16.201000500000003,-1442.253771355908,-4112.6158576544885,-2670.362086298581,42199.06426332671,42887.15047022318,-42887.15047022308,13.545635544523448,13.27289124003662,0.9798647111495769,0.9569999999999856,27.362002
class3_2026_05_14_14_34_26.csv,134.009,break,0.8933933333333333,-17.285999,-16.89733288888889,1.5886353542399176,-9.721722166666666,-25.46188911111111,15.740166944444443,2.9509995,-2529.694976255171,-2478.776435305324,50.91854094984683,-2888.7163009404103,-2139.4968652037314,-2888.7163009404103,4.257650722383025,11.05221348259827,2.595847242388417,0.0,5.017999000000001
class3_2026_05_14_14_34_26.csv,66.366,connector,0.44244,-7.116,-9.675777777777778,2.3644661966417977,-13.837888888888891,-12.588666666666667,-1.2492222222222242,7.3580000000000005,952.2086601686344,-1675.4785845847919,-2627.687244753426,158.3072100313475,8144.200626959253,-2535.990244847697,1.8958107878187307,2.373439253254418,1.251938229577754,2.553,7.418000000000001
class3_2026_05_14_14_34_26.csv,127.30900000000001,connector,0.8487266666666667,-2.249,-6.213111111111111,5.29003078009202,-14.280777777777777,-8.11416666666667,-6.1666111111111075,12.3385,1208.9334069011095,-2619.9695302308623,-3828.902937131972,4913.793103448075,16401.820643908617,-2670.846394984338,2.7051370175927536,4.288166977599843,1.5851934170130788,3.827999999999998,13.876
class3_2026_05_14_14_34_26.csv,74.024,bend,0.49349333333333334,-15.007,-15.020888888888887,0.1251367646878533,-14.190999999999999,-15.075055555555556,0.8840555555555571,0.010999999999999233,-305.04340816768354,20.92327461120517,325.9666827788887,-161.44200626959355,188.08777429467955,-451.4106583072062,1.055451404218435,0.1399045199103944,0.1325540776175445,0.0,0.4139999999999997
class3_2026_05_14_14_34_26.csv,157.301,background,1.0486733333333333,-49.900002,-35.176667555555554,13.299469876483156,-29.9608895,-36.520223055555554,6.559333555555554,5.080499,-3803.302772922233,999.2103621255238,4802.513135047757,1.4551915228366852e-11,46023.512539187795,-46394.77066198079,12.425366198605895,13.518732184344294,1.0879945814286336,0.0,29.705002
class3_2026_05_14_14_34_26.csv,187.613,background,1.2507533333333334,-49.900002,-40.42544555555556,13.423866500310178,-36.22566750000001,-40.71444572222222,4.488778222222216,29.946002,1455.5822324067485,-16.778129236312918,-1472.3603616430614,3515.673981198772,41600.318181821815,-45115.99216300551,13.688994239335374,13.10405044126523,0.9572689749800407,0.0,29.946002
class3_2026_05_14_14_34_26.csv,163.04399999999998,background,1.08696,-19.504999,-32.150556111111115,12.752591045468547,-38.20883433333333,-33.48466744444445,-4.724166888888881,8.441001,-1108.0095991529809,-5850.213222122509,-4742.203622969529,34725.04698328529,45583.07366771558,-7260.619884522279,13.182027848939772,13.20182176315778,1.0015015074268785,0.6390000000000007,30.395003
class3_2026_05_14_14_34_26.csv,148.048,background,0.9869866666666667,-49.900002,-46.834668444444446,8.670072574928016,-36.34683438888889,-37.390167777777776,1.0433333888888896,27.588002,-2319.692847628689,5454.32064222338,7774.013489852068,-1.4551915228366852e-11,1.4551915228366852e-11,-1.4551915228366852e-11,13.741371251411952,13.993006488114293,1.0183121621406106,0.0,27.588002
class3_2026_05_14_14_34_26.csv,120.28899999999999,background,0.8019266666666666,-15.546,-15.347333333333333,0.1530475597830802,-15.227444444444444,-15.229666666666665,0.0022222222222207932,0.1844999999999999,-70.35180003797633,88.70073929783817,159.05253933581452,-67.39811912227378,188.08777429466863,-67.39811912227378,0.19558806547952917,0.14616049017736918,0.747283544808729,0.0,0.5109999999999992
class3_2026_05_14_14_35_14.csv,35.736,connector,0.23823999999999998,-8.933,-11.031777777777776,1.7649707443453737,-13.872166666666665,-13.233444444444444,-0.6387222222222206,5.384,677.102704498608,-1090.9652846875433,-1768.0679891861514,-253.91849529780666,6261.755485893422,-2304.0752351097217,1.3749046936666798,1.6016012203840888,1.164880782559598,2.552000000000006,5.620000000000001
class3_2026_05_14_14_35_14.csv,127.947,connector,0.8529800000000001,-1.714,-3.5192222222222225,2.2383389068075448,-12.500222222222224,-9.356944444444444,-3.1432777777777794,12.489,2801.266398991471,-2661.2554498531313,-5462.521848844603,-1487.4608150469921,16767.50287294982,-3305.6426332288647,4.718615469670874,4.273703643240476,0.905711169939304,3.827999999999998,7.835000000000001
class3_2026_05_14_14_35_14.csv,134.009,break,0.8933933333333333,-16.639999,-16.85055522222222,2.0575751879756567,-9.356944444444444,-25.110222333333333,15.753277888888888,2.9814999999999987,-2503.7845958712273,-4175.306116026426,-1671.5215201551987,-3282.131661441934,-1642.6332288400627,-4485.8918495298785,4.273703643240476,11.201664663542548,2.621066638580116,0.0,6.815999
class3_2026_05_14_14_35_14.csv,143.9,background,0.9593333333333334,-49.900002,-35.53155633333333,13.046535512986052,-37.685945555555556,-37.64933438888889,-0.03661116666666686,29.963002,394.8539346092174,-6124.541395255177,-6519.395329864395,33420.06739811769,39529.78369906302,-4286.463186993955,13.724349456986388,13.804371657472535,1.005830600197579,0.0,29.963002
class3_2026_05_14_14_35_14.csv,28.397,background,0.18931333333333333,-14.488,-14.406555555555554,0.108215947798948,-14.362222222222222,-14.412555555555555,0.050333333333332675,0.17149999999999999,-1.102955402490172,26.630924545854786,27.733879948344956,-101.88087774294763,92.47648902821311,-145.28101866160068,0.14770486923274312,0.10449839032371216,0.7074762219438413,0.0,0.347999999999999
class3_2026_05_14_14_35_14.csv,189.208,background,1.2613866666666667,-49.900002,-28.391555777777782,11.576792080480143,-38.86433438888889,-30.509556,-8.354778388888892,6.5930009999999974,2587.1297530071315,-4732.545048154337,-7319.674801161468,2551.7241379238767,44926.335423194374,-47037.62225704955,12.48576018054024,12.154542526346043,0.9734722898023696,0.0,30.010003
class3_2026_05_14_14_35_14.csv,174.531,background,1.16354,-49.900002,-38.44644566666667,12.892107540474573,-38.20888994444444,-36.30722316666666,-1.901666777777777,28.278002,-2650.247358113391,1073.6428896428301,3723.890247756221,-1467.0862069041395,44322.8871473316,-42855.80094044262,13.177560600134742,13.632245581768375,1.0345044094978075,0.0,28.278002
class3_2026_05_14_14_35_14.csv,148.367,background,0.9891133333333333,-49.900002,-49.900002,0.0,-34.88533416666666,-37.50933466666667,2.624000500000008,-10.661001499999998,-1187.740321687398,3108.4516376014776,4296.191959288875,1.4551915228366852e-11,1.4551915228366852e-11,-1.4551915228366852e-11,13.563543310310477,13.912310173447933,1.025713475413085,0.0,0.0
class3_2026_05_14_14_35_31.csv,133.69,break,0.8912666666666667,-16.195999,-16.253777777777778,1.8245516311795487,-8.732611111111112,-24.89038922222222,16.157778111111107,3.3725004999999992,-2598.706422984906,-4405.607422488327,-1806.9009995034207,-3128.528213166286,-2131.659874608198,-3128.528213166286,4.327594817484764,11.321711725503173,2.6161666206811915,0.0,5.691999000000001
class3_2026_05_14_14_35_31.csv,66.366,connector,0.44244,-8.82,-11.026111111111112,1.8487141143354775,-14.039833333333332,-13.291111111111112,-0.7487222222222201,5.644500000000001,729.8974265186158,-1206.7008906806393,-1936.5983171992552,1.5673981191212079,6711.59874608151,-2429.406912127586,1.4144949334185213,1.7381937588226104,1.2288432350751153,2.553,5.757999999999999
class3_2026_05_14_14_35_31.csv,127.62799999999999,connector,0.8508533333333332,-1.209,-4.774222222222223,4.225591182249671,-13.334944444444444,-8.732611111111112,-4.602333333333332,12.47,2069.726119391193,-2651.305328954173,-4721.031448345366,797.8056426333878,16454.754747572737,-2764.8902821316788,3.836214489314263,4.327594817484764,1.1280896053778087,3.827999999999998,13.663
class3_2026_05_14_14_35_31.csv,165.27800000000002,background,1.1018533333333336,-22.115999,-27.79333366666667,11.854041798119182,-36.715945500000004,-36.15461205555555,-0.5613334444444504,19.605001499999997,5713.843587913905,-3503.570693076187,-9217.414280990091,-65.82915360452535,46423.20062695529,-44183.388714729816,13.372854586887271,13.80829907387628,1.0325617430144076,2.233000000000013,29.618002
class3_2026_05_14_14_35_31.csv,142.30499999999998,background,0.9486999999999999,-23.569,-40.70633466666666,13.020718424657803,-35.84300094444444,-42.252501499999994,6.409500555555553,29.227002000000002,-2779.6067884299764,660.5861513604084,3440.192939790385,45810.34796238567,45810.34796238567,-45810.347962386455,14.120749485180434,12.354905849668276,0.8749468282606231,0.9569999999999856,29.227002000000002
class3_2026_05_14_14_35_31.csv,159.85399999999998,background,1.0656933333333332,-29.874001,-38.50777911111111,12.941999086930096,-36.05333433333334,-36.25977866666667,0.20644433333333012,18.196000999999995,3017.7702640864145,5168.02608736885,2150.255823282436,-45647.33855799226,45647.338557997304,-45647.33855799226,13.894730285563544,13.736093753458135,0.9885829003206251,1.2759999999999994,29.123002
class3_2026_05_14_14_35_31.csv,139.75199999999998,background,0.9316799999999998,-49.900002,-34.50588988888889,13.8359001607288,-24.89038922222222,-40.86583472222222,15.9754455,4.0455000000000005,-4237.524251903708,-431.4771585018626,3806.047093401846,1.4551915228366852e-11,47495.30094044191,-250.25472178013297,11.321711725503173,12.794107586260056,1.1300505406253758,0.0,30.302002
class3_2026_05_14_14_35_31.csv,121.24600000000001,background,0.8083066666666667,-15.175,-15.062222222222223,0.12696874311575687,-15.030611111111114,-14.069055555555556,-0.9615555555555577,0.13349999999999973,-36.0415094754782,25.546738754384947,61.58824822986315,-114.42006269592457,57.99373040750652,-318.1818181818089,0.10139095888297858,2.7016815025753913,26.64591484708895,0.0,0.38400000000000034
class3_2026_05_14_14_35_39.csv,66.366,connector,0.44244,-9.91,-11.976555555555557,1.5336989499689313,-14.152388888888888,-16.7605555,2.608166611111111,4.643000000000001,534.9489188166383,-2214.6770874716035,-2749.626006288242,-29.780564263324777,5786.8338557993775,-2700.626959247653,1.0740949233289339,3.556513402614361,3.31116925906552,2.234,4.5969999999999995
class3_2026_05_14_14_35_39.csv,69.55699999999999,break,0.46371333333333326,-17.851,-17.541444555555554,1.919244495319743,-13.474888833333333,-23.60427794444444,10.129389111111108,2.821500000000002,-668.6205218605421,-2643.3318145593553,-1974.7112926988132,-2351.097178683387,-2269.5924764890297,-4346.396551724141,1.9531333314212562,9.398297260105332,4.811905207393688,0.0,6.518001
class3_2026_05_14_14_35_39.csv,105.612,background,0.7040799999999999,-19.596001,-21.729444444444443,2.824894600319497,-25.711944555555554,-26.257222499999997,0.5452779444444431,2.6974994999999993,2807.14142907096,34.57937563800128,-2772.5620534329587,-746.0815047021933,11661.44043887148,-36446.71316614422,9.07541248251034,10.701957741062838,1.1792253611019587,1.2759999999999994,7.818998000000001
class3_2026_05_14_14_35_39.csv,81.682,background,0.5445466666666667,-21.438999,-27.632778,11.92757509600922,-25.867777833333335,-32.10161183333333,6.2338339999999945,1.8139995000000013,-765.3512324607935,3063.8021505698175,3829.153383030611,0.0,2026.647335423193,-44291.539184953006,10.816362195528825,14.218996853899979,1.3145820454492232,0.0,30.354002
class3_2026_05_14_14_35_39.csv,115.82199999999999,background,0.7721466666666665,-21.792,-24.605778,9.135312484398428,-24.085555722222225,-26.28572266666667,2.200166944444444,2.460999000000001,2127.468158164172,3447.1766749823323,1319.7085168181602,-4214.735109717876,1131.6614420062724,-46412.056289598695,9.235740429624252,10.77842731194937,1.1670343300622137,0.0,31.488001
class3_2026_05_14_14_35_39.csv,142.94299999999998,background,0.9529533333333332,-20.778999,-31.69388933333333,12.910802607987675,-36.587445611111114,-39.63672327777777,3.0492776666666543,29.121003,1532.1557280912466,-3494.144470924947,-5026.300199016194,43308.782131665655,43308.782131665655,-45644.20532915721,13.351150513373982,12.910868318056897,0.9670228298378571,0.9569999999999856,29.121003
class3_2026_05_14_14_35_39.csv,118.375,background,0.7891666666666667,-19.990999,-24.741333555555553,9.266687366251906,-26.329222555555557,-27.72166711111111,1.392444555555553,2.260499000000003,-2637.2116763158533,-2002.7322586163743,634.479417699479,-1144.2006269592493,48106.58620689658,-4485.896551724141,10.812003009902314,11.903772009333274,1.1009773949797883,1.2759999999999994,30.692002000000002
class3_2026_05_14_14_36_02.csv,35.416999999999994,connector,0.2361133333333333,-7.589,-10.138555555555556,2.7282604596706794,-14.023,-12.112111111111112,-1.9108888888888877,7.0935,523.6941591750459,-1678.8643769505725,-2202.5585361256185,3123.824451410659,8205.035757036118,-2418.4952978056263,1.272784087476479,2.4358972768181086,1.9138323514205409,2.552000000000006,7.392
class3_2026_05_14_14_36_02.csv,127.62799999999999,connector,0.8508533333333332,-1.025,-4.595,4.24272936262077,-13.332944444444443,-8.522611111111111,-4.8103333333333325,12.417,2072.100503868762,-2654.798140004706,-4726.898643873468,826.018808777591,16513.674368134827,-2733.5423197492178,3.907618150232273,4.30495824136269,1.101683167129222,3.827999999999998,13.725
class3_2026_05_14_14_36_02.csv,134.647,break,0.8976466666666666,-17.739,-18.113222666666662,2.0337890414412865,-10.940277833333333,-30.935667499999997,19.995389666666664,2.1740005,-2467.2225001790725,-5222.069006852143,-2754.84650667307,-5515.675548589046,-937.302507837092,-5515.675548589046,4.155484582068461,13.53616303094135,3.2574202854539807,0.0,6.660000999999999
class3_2026_05_14_14_36_02.csv,159.216,background,1.0614400000000002,-19.452999,-34.70588944444444,13.752505042039983,-33.024167500000004,-38.449278944444444,5.42511144444444,8.4275005,-2258.3787135886273,-3614.5597617019107,-1356.1810481132834,3249.216300940934,47526.6079518284,-46553.29623824247,13.517969370099397,12.941482168840428,0.9573539380930949,1.2770000000000004,30.447003000000002
class3_2026_05_14_14_36_02.csv,186.65599999999998,background,1.244373333333333,-49.900002,-43.679446111111105,11.647416799363677,-34.573723333333334,-40.656168111111114,6.082444777777781,29.007002,-2769.8345053460994,1862.0529696114745,4631.887474957573,-42285.26802508207,45465.52037617952,-42285.26802508207,13.726564593930501,13.097387457006976,0.9541634699067238,0.0,29.007002
class3_2026_05_14_14_36_02.csv,146.134,background,0.9742266666666666,-24.32,-32.269667222222225,12.550436174683977,-41.36227916666667,-36.19288972222222,-5.169389444444448,28.963002,1480.1508721002417,-866.3703199570226,-2346.521192057264,-446.71159874575824,43973.09981799742,-45396.55485893068,12.174076898300564,13.81886232741148,1.1351054628408876,2.233000000000013,28.963002
class3_2026_05_14_14_36_02.csv,179.317,background,1.1954466666666668,-28.412001,-38.25455677777777,13.159072001415803,-35.92227861111111,-34.55705661111111,-1.3652220000000028,5.694499499999999,-2026.9803602904287,1369.9862022006012,3396.96656249103,42423.20062695711,42423.20062695711,-42423.200626955586,12.588776085136757,13.74254020104958,1.0916501347279428,0.0,29.219002
class3_2026_05_14_14_36_02.csv,167.83,background,1.1188666666666667,-49.900002,-40.73211255555556,12.993428633248964,-38.256278944444446,-37.90305672222222,-0.35322222222222877,29.442002000000002,1496.9470728643435,2800.9125652859952,1303.9654924216518,0.0,3492.1645767947884,-40525.08150470574,13.144428520305276,13.489004467837526,1.0262145228136343,0.0,29.442002000000002
class3_2026_05_14_14_36_15.csv,69.238,break,0.46158666666666665,-17.219,-17.007555444444446,2.180867897250853,-13.251,-29.120556111111114,15.869556111111114,3.365499999999999,-189.6207374058057,-6895.277710958284,-6705.656973552478,-4042.3197492163017,-1981.1912225705346,-4042.3197492163017,1.8890015587311961,13.007816144032947,6.886076508424652,0.0,6.377000000000001
class3_2026_05_14_14_36_15.csv,35.416999999999994,connector,0.2361133333333333,-10.867,-12.440777777777779,1.527220407419802,-14.32311111111111,-13.480722222222223,-0.8423888888888875,3.867499999999998,192.95310226849608,-846.3922288941037,-1039.3453311626,2684.952978056426,4891.849529780564,-1967.0846394984328,0.5383514846154456,1.251539709742255,2.324758862469542,2.233000000000006,4.231999999999999
class3_2026_05_14_14_36_15.csv,66.047,connector,0.44031333333333333,-10.203,-12.034111111111109,1.8583854070099812,-14.443166666666668,-18.204333388888887,3.761166722222219,4.9315,261.7615330573828,-2665.189889900405,-2926.9514229577876,3351.097178683385,5923.197492163012,-2720.69387108089,0.655827657747572,8.833488603463465,13.469201900694417,2.234,5.106999999999999
class3_2026_05_14_14_36_15.csv,127.62799999999999,background,0.8508533333333332,-13.797,-22.956445,14.43584097771848,-38.648445888888894,-31.073334111111105,-7.5751117777777885,24.839001,4097.14882421089,-7213.079289219305,-11310.228113430196,1062.6959247650339,55247.65203762193,-3101.880877742973,14.309700566005612,15.28780492183355,1.0683524636286992,4.146999999999984,36.103002000000004
class3_2026_05_14_14_36_15.csv,78.81,background,0.5254,-49.900002,-31.078222888888888,13.351536787596562,-29.638278388888896,-35.65288966666667,6.014611277777771,3.385499999999997,2811.982874826474,-1572.780981408283,-4384.7638562347565,731.9764890282167,3087.774294670846,-45377.74764890285,12.617851504187362,14.282059987249191,1.1318930842240822,0.0,29.966002
class3_2026_05_14_14_36_15.csv,156.982,background,1.0465466666666667,-49.900002,-31.027889666666667,13.355731809686539,-37.31077922222222,-34.343222999999995,-2.9675562222222283,16.816502,5745.083650168319,-2690.617140017461,-8435.70079018578,-44015.67554858555,43628.52821317019,-44015.67554858555,14.101616731536446,13.947910832165897,0.9891000520439012,0.0,29.628003
class3_2026_05_14_14_36_15.csv,84.872,background,0.5658133333333333,-21.322001,-34.222334222222216,14.05076538965712,-35.65288966666667,-36.44883438888889,0.7959447222222238,18.762500999999997,-812.3866395352829,-2196.037035378453,-1383.65039584317,-4189.298071766105,47626.96238244517,-43435.73981191225,14.282059987249191,13.509109630966213,0.9458795647929905,1.915,30.386002
class3_2026_05_14_14_36_15.csv,85.83,background,0.5722,-49.900002,-34.26200088888889,14.018908269754068,-32.61655616666667,-39.50589022222222,6.889334055555551,18.762500999999997,3224.467481003606,3749.2012824513413,524.7338014477355,-42813.484326018835,2304.0736677116074,-42813.484326018835,13.82615288378483,13.087310730472915,0.9465619173978367,0.0,30.386002
class3_2026_05_14_14_39_37.csv,101.783,break,0.6785533333333333,-19.288,-22.898333666666662,9.724097401655815,-12.953833388888889,-28.78038961111111,15.826556222222223,3.486501000000004,-2672.0648629645025,412.55171648521247,3084.616579449715,-702.1943573667704,-702.1943573667704,-45003.137931034515,3.6233361152575507,11.4406989244191,3.157503307170435,0.0,33.494002
class3_2026_05_14_14_39_37.csv,96.678,connector,0.64452,-8.472,-10.739777777777778,2.581882249564702,-14.297944444444445,-14.585611166666666,0.28766672222222134,6.791499999999999,438.63507392443927,-2672.0648629645025,-3110.699936888942,4020.376175548592,7738.244514106587,-2717.8683385579952,1.0031106880445129,4.319890208150591,4.306489755464694,2.5519999999999987,6.923
class3_2026_05_14_14_39_37.csv,177.083,background,1.1805533333333333,-23.349001,-31.608111666666666,12.960938207851871,-35.96266766666666,-37.74416783333333,1.7815001666666674,29.028002,-470.32005190562495,-1891.2479766093961,-1420.9279247037712,260.099931433826,43175.55172414138,-44642.63793103111,13.95123402784782,13.600086209675744,0.974830270046261,0.6390000000000007,29.028002
class3_2026_05_14_14_39_37.csv,188.889,background,1.25926,-49.900002,-32.35755611111111,12.557244293981945,-29.83627811111111,-34.883778722222225,5.047500611111115,3.0855004999999984,101.48838944709696,-2733.008328467855,-2834.4967179149517,-34299.37617554563,34299.376175544356,-34299.37617554563,12.561179196852239,13.464082177153752,1.0718803461260573,0.0,29.498002
class3_2026_05_14_14_39_37.csv,176.126,background,1.1741733333333333,-22.354,-34.65766766666666,13.652041643244786,-35.97388983333334,-34.656445444444444,-1.3174443888888945,2.7230004999999977,-159.55699532111646,1696.0784612952004,1855.6354566163168,4228.840125391889,43175.55172414138,-43175.55172413379,13.937905034432738,13.65054321966807,0.9793826408317895,0.0,29.028002
class3_2026_05_14_14_39_37.csv,171.659,background,1.1443933333333334,-22.870001,-31.113445000000006,13.295961376388737,-37.339612333333335,-35.989278777777784,-1.350333555555551,29.256003,2137.0033213995553,2035.605544591757,-101.39777680779821,-7.377821020781994e-09,44656.742946712366,-45855.80407523877,14.061768933445247,13.926670408103716,0.9903924238569568,0.6379999999999997,29.256003
class3_2026_05_14_14_39_37.csv,114.865,background,0.7657666666666666,-49.900002,-26.820000333333336,8.584863161182193,-34.97916755555556,-34.749945499999995,-0.2292220555555673,4.734499500000002,190.4197592718915,-2764.9081293605345,-2955.327888632426,5018.811912225705,30882.44670846397,-40423.19905956115,13.52713748380699,13.590050015717326,1.004650764238545,0.0,29.545002
class3_2026_05_14_14_40_18.csv,38.607,break,0.25738,-16.773001,-16.353111111111108,2.146676707556561,-12.720444444444444,-27.46177833333333,14.741333888888887,3.2849994999999996,-131.94650805142737,-4614.726889540657,-4482.7803814892295,-2626.9576802507836,-2460.8150470219443,-3493.61316540834,2.116723889573545,12.255442993511025,5.789813808057088,0.0,6.422001
class3_2026_05_14_14_40_18.csv,35.736,connector,0.23823999999999998,-8.855,-11.088000000000001,1.801013480114892,-13.896722222222222,-16.839722388888887,2.943000166666666,5.646000000000001,721.0367178221712,-2632.366720033767,-3353.403437855938,-321.31661442006407,6387.1473354232,-2894.98432601881,1.4069517801717282,4.826464068335375,3.4304378486293428,2.233000000000006,5.712999999999999
class3_2026_05_14_14_40_18.csv,102.102,background,0.6806800000000001,-49.900002,-40.97022377777778,12.703899216291989,-34.114334333333325,-37.04938994444444,2.9350556111111175,6.816499,742.2716820750653,6323.207282883112,5580.935600808047,-36697.49529780567,44918.49686520379,-36697.49529780567,14.189775250205145,12.98486033961821,0.9150856300098803,0.0,28.658001000000002
class3_2026_05_14_14_40_18.csv,108.16499999999999,background,0.7211,-49.900002,-34.610001,13.717709598674135,-37.04938994444444,-34.84783422222222,-2.201555722222224,7.558499999999999,6632.462080003934,29.786691672819103,-6602.675388331115,7220.892835562041,7220.892835562041,-46081.507836990626,12.98486033961821,13.520059308933345,1.041217072351954,0.0,29.400002
class3_2026_05_14_14_40_18.csv,68.919,background,0.45946,-49.900002,-37.093779000000005,14.339368281825667,-34.3585565,-37.749612222222225,3.3910557222222266,18.7185005,-1940.832671280382,1122.4267444110976,3063.2594156914797,43170.84952978059,47736.68025078373,-43666.14733542322,13.967225872503528,13.632151057916463,0.9760098538066487,0.0,30.456002
class3_2026_05_14_14_40_18.csv,51.37,background,0.34246666666666664,-49.900002,-37.808001000000004,13.54633517903977,-37.757834333333335,-38.10777883333333,0.34994449999999233,28.488001,2442.7124127336688,-854.6104781326619,-3297.3228908663305,-4622.255485893424,44133.23197492166,-39510.97648902824,13.608440574188647,13.278150644079377,0.9757289673245364,0.0,28.488001
class3_2026_05_14_14_40_18.csv,48.499,background,0.3233266666666667,-49.900002,-37.901222999999995,13.470632453800551,-33.028334055555554,-39.639834388888886,6.611500333333332,19.012501999999998,-1162.539162561599,1326.979832363,2489.5189949245987,-41286.85424980421,41481.195924764914,-41286.85424980421,13.516264038449211,12.943310030102557,0.9576099605388922,0.0,29.975003
class3_2026_05_14_14_40_43.csv,96.997,connector,0.6466466666666667,-7.462,-10.033666666666667,2.2873604389727866,-13.91527777777778,-16.962444444444444,3.047166666666664,7.141500000000001,871.4269350980684,-2968.5620534193313,-3839.9889885174,346.39498432601977,8203.761755485897,-2728.840125391851,1.746943419727266,9.133021239316314,5.227997603233518,2.5519999999999987,7.008000000000001
class3_2026_05_14_14_40_43.csv,101.464,break,0.6764266666666666,-19.452999,-22.558999999999997,9.957061284424167,-12.428944333333334,-31.525889666666664,19.09694533333333,2.920999,-2521.8062681353317,-836.1413343683797,1685.664933766952,-7661.443573667715,-2043.8855799373086,-47722.57523510975,3.288445271217118,13.19928965000034,4.013837709781107,0.0,34.049002
class3_2026_05_14_14_40_43.csv,184.422,background,1.22948,-49.900002,-25.908444555555555,8.731055436895883,-39.14311222222222,-35.229000944444444,-3.914111277777778,29.735001,3920.747628548355,-2343.2528415320985,-6264.000470080453,3672.4106583145694,39354.2351097132,-41797.808777432074,13.523984745467256,13.202044089723424,0.9761947652265358,0.0,29.735001
class3_2026_05_14_14_40_43.csv,176.445,background,1.1763,-21.091,-35.64988955555556,13.218570342691873,-36.44750088888889,-40.51705683333333,4.0695559444444385,29.222003,1665.9181476832116,309.83509769111555,-1356.083049992096,-25910.66300939879,45155.17554858878,-45155.175548585445,12.531790328813154,13.281675012006227,1.0598385070032996,0.9570000000000134,29.222003
class3_2026_05_14_14_40_43.csv,157.301,background,1.0486733333333333,-21.108999,-37.43155655555555,13.953456343916434,-40.60761255555556,-33.07350077777778,-7.534111777777781,29.080002,-2013.9921458461959,728.3517046961712,2742.343850542367,3474.9231974923932,45126.96394983988,-45126.963949847304,13.147492224535561,13.451527113227337,1.0231248560846866,1.2759999999999994,29.080002
class3_2026_05_14_14_40_43.csv,185.698,background,1.2379866666666668,-27.118,-32.13422277777777,12.688507139758604,-34.4823341111111,-36.92911211111111,2.446778000000009,5.636500000000002,3847.958922539511,392.3017186550781,-3455.657203884433,-41797.808777432074,45567.40282132036,-41797.808777432074,13.834925367418451,13.053539503104133,0.9435207066837378,0.0,29.072003000000002
class3_2026_05_14_14_40_43.csv,122.84200000000001,background,0.8189466666666667,-49.900002,-38.58166800000001,12.733875795757491,-33.32594527777778,-36.61850094444444,3.292555666666665,3.081998500000001,2093.60138751058,135.87196162444658,-1957.7294258861334,-40061.13166144203,41566.10093407921,-40061.13166144203,13.285619325287467,13.394469597335533,1.008193013903979,0.0,27.658001000000002
class3_2026_05_14_14_41_08.csv,11.485999999999999,break,0.07657333333333333,-19.268999,-19.104555666666666,0.8873228392264508,-13.930166611111112,-27.760055944444446,13.829889333333334,1.4374995000000013,-2114.387469182026,-3876.286083108103,-1761.898613926077,-1289.3381747599815,874.6097178683376,-4924.761755485895,3.781184310109557,12.00195031681585,3.1741238084065504,0.0,2.8799990000000015
class3_2026_05_14_14_41_08.csv,112.951,background,0.7530066666666666,-49.900002,-35.02577877777778,13.40678185384615,-35.18161205555556,-34.4199455,-0.7616665555555642,6.587998499999998,-1773.0186184504917,-4101.458907770759,-2328.440289320267,0.0,0.0,-6896.550156739817,13.288696112500652,13.909171337879055,1.0466918780769505,0.0,29.599001
class3_2026_05_14_14_41_08.csv,71.472,background,0.47647999999999996,-49.900002,-37.39444544444445,13.987057564954812,-38.133778666666664,-37.03961216666667,-1.094166499999993,28.635003,2735.5322133481136,369.3574723817563,-2366.174740966357,0.0,44882.44984326021,-44641.06739811914,13.227628978821086,13.138444735885635,0.993257655144705,0.0,28.635003
class3_2026_05_14_14_41_08.csv,189.527,background,1.2635133333333333,-25.358999,-32.10111144444445,12.732478056818302,-33.38155622222222,-40.647445777777776,7.265889555555553,29.246003,6083.3544215224265,2463.419207214896,-3619.9352143075307,-41194.36050157054,9963.951410658912,-41194.36050157054,13.269751950258774,13.099822290713911,0.9871941354008743,2.8709999999999845,29.246003
class3_2026_05_14_14_41_08.csv,190.165,background,1.2677666666666667,-49.900002,-34.67455622222222,13.681765791176922,-35.112834,-39.042667888888886,3.9298338888888864,29.246003,2322.997884886099,1312.289155052671,-1010.7087298334282,-1.4551915228366852e-11,-1.4551915228366852e-11,-45476.73946730793,13.314385738970941,13.62677709516713,1.0234626169661896,0.0,29.246003
class3_2026_05_14_14_41_08.csv,108.16499999999999,background,0.7211,-23.302999,-32.13977844444444,12.68655989866718,-34.789612000000005,-36.542167777777784,1.7525557777777792,7.855499999999996,-492.5800443890602,-1737.4040241086802,-1244.82397971962,3217.5715864632366,41763.69645829971,-41688.09247648905,13.618344273275593,13.49722844738329,0.9911063478372824,1.2770000000000004,29.698002
class3_2026_05_22_11_05_05.csv,133.69,break,0.8912666666666667,-17.788,-17.64955544444444,1.5266564955751518,-10.417666666666667,-27.721222444444443,17.303555777777774,2.1695005,-2644.957311053128,-2282.398804683634,362.5585063694939,183.38714733555753,183.38714733555753,-47735.112852668884,4.383899780383278,12.097860228604599,2.759610865907166,0.0,4.935999000000001
class3_2026_05_22_11_05_05.csv,39.884,bend,0.2658933333333333,-14.432,-14.051444444444446,0.7476966275927556,-10.414055555555557,-15.036722222222222,4.622666666666666,1.9639999999999986,-1903.0689854231882,-163.02364604206136,1740.045339381127,-846.3949843260198,-846.3949843260198,-846.3949843260198,2.9038266605793397,0.23991475466542866,0.08262017678334378,0.0,2.161999999999999
class3_2026_05_22_11_05_05.csv,35.736,connector,0.23823999999999998,-5.784,-8.459666666666667,2.614850240028629,-13.530666666666669,-11.96888888888889,-1.5617777777777793,8.672,1296.330394276766,-1899.6431891178345,-3195.9735833946006,-543.8871473354229,10485.60561601934,-2647.3354231974936,2.474303224029837,2.732181686021649,1.1042222130518022,2.8710000000000053,8.673000000000002
class3_2026_05_22_11_05_05.csv,127.62799999999999,connector,0.8508533333333332,-2.824,-6.140555555555554,3.8354123669680362,-13.920055555555557,-10.417666666666667,-3.5023888888888894,12.3125,1863.0992050452846,-2660.3000569409755,-4523.39926198626,366.7711598747492,14805.135206484385,-2984.326018808705,3.5175962195198367,4.383899780383278,1.2462767925947174,3.5089999999999844,12.408
class3_2026_05_22_11_05_05.csv,156.025,background,1.0401666666666667,-20.237,-30.71522288888889,13.584952373845683,-30.12100061111111,-35.84822305555556,5.727222444444447,3.4579995000000032,-2365.1377501000884,-3064.1342447294987,-698.9964946294103,438.8730407526018,46493.73354231601,-46493.73354232362,12.378394966342723,14.084141874329744,1.1378002378195853,1.2759999999999994,29.663002000000002
class3_2026_05_22_11_05_05.csv,171.97799999999998,background,1.1465199999999998,-49.900002,-33.86811188888888,14.372132483592239,-31.85555605555556,-37.82261222222222,5.967056166666659,7.758998999999999,3566.1708706787535,-928.8320567166273,-4495.0029273953805,2761.75548588534,3122.2570532839673,-47867.579400117174,12.913950179924871,13.750743909309362,1.0647975757168193,0.0,30.505002
class3_2026_05_22_11_05_05.csv,142.624,background,0.9508266666666666,-21.929001,-30.221889555555556,11.264567736521995,-30.903278166666666,-39.445167999999995,8.541889833333329,7.858501499999999,993.0526531216364,-2953.24983977852,-3946.3024929001563,-38852.667711603026,32123.82601881405,-38852.667711603026,12.063910358317223,13.394613975243129,1.110304409357955,0.6379999999999997,29.440003
class3_2026_05_22_11_05_05.csv,167.83,background,1.1188666666666667,-49.900002,-34.95077855555556,13.489717640157881,-33.23222305555556,-33.06244511111111,-0.16977794444444783,4.016500000000001,3622.0524472090083,2951.194698954728,-670.8577482542801,0.0,3708.46238244529,0.0,13.35055838993774,13.610615016179674,1.0194790059836696,0.0,29.195002000000002
class3_2026_05_22_11_05_05.csv,161.768,background,1.0784533333333333,-23.309,-37.414890222222226,13.994034494524847,-35.677556388888895,-33.23222305555556,-2.4453333333333376,4.367998500000002,-2828.548320225873,5505.496918538163,8334.045238764036,7.261405698955059e-09,7.916241884231567e-09,-47235.24864968704,14.252658279356183,13.35055838993774,0.9367064860152055,0.0,30.089001
class3_2026_05_22_11_05_17.csv,35.416999999999994,connector,0.2361133333333333,-11.603,-12.930777777777777,1.1983684999733577,-14.448388888888891,-13.889333333333333,-0.5590555555555579,3.224500000000001,169.09083892736498,-721.1632404784286,-890.2540794057936,2396.551724137931,4208.4639498432625,-1923.1974921630099,0.4102290876095791,1.0517845681401579,2.5638893877066224,2.233000000000006,3.3610000000000007
class3_2026_05_22_11_05_17.csv,127.62799999999999,connector,0.8508533333333332,-2.277,-5.660222222222222,3.8751420555403238,-13.392055555555554,-9.870166666666668,-3.5218888888888866,12.285499999999999,1857.9245464333928,-2644.4449069358902,-4502.369453369283,231.97492163025345,15036.373524585291,-2905.9561128525975,3.50884052505196,4.313921678704888,1.2294432928660142,3.5089999999999844,12.533000000000001
class3_2026_05_22_11_05_17.csv,133.37099999999998,break,0.8891399999999998,-16.604,-17.018555444444445,2.3417866700291095,-9.074222222222224,-23.422666777777774,14.34844455555555,3.227499999999999,-2624.155077777171,-1186.376000387644,1437.779077389527,-2600.3134796237355,-1976.4890282131419,-5573.667711598464,4.319765535761243,9.440143370036948,2.1853364740632624,0.0,7.6129999999999995
class3_2026_05_22_11_05_17.csv,171.97799999999998,background,1.1465199999999998,-26.084,-35.16688988888888,13.2767239995201,-36.55094555555556,-42.27027922222223,5.719333666666671,29.325001,2514.5124233009756,1290.6563974263847,-1223.8560258745908,4622.255485892321,41341.695924768006,-45748.60778071583,13.478915215778649,12.365838804052709,0.9174208523959106,1.5959999999999863,29.325001
class3_2026_05_22_11_05_17.csv,182.508,background,1.21672,-21.809999,-41.09933455555556,12.490369284615861,-31.702111722222224,-39.5359456111111,7.833833888888879,4.7600005,-4035.200265282576,4976.439799790453,9011.640065073028,-7.668859325349331e-09,44028.21786833476,-44028.21786834241,12.993585632622642,13.072622513993808,1.0060826839890946,0.6379999999999997,28.090003
class3_2026_05_22_11_05_17.csv,194.31300000000002,background,1.29542,-49.900002,-35.12588955555556,13.329985301309884,-34.753889722222226,-33.36529488235294,-1.3885948398692847,6.742000999999998,1547.868068752474,-2114.082770773077,-3661.9508395255507,-1.4551915228366852e-11,36299.37774295121,-41561.315521084616,13.662951409180176,13.916851624191164,1.018583041747287,0.0,30.017003
class3_2026_05_22_11_05_17.csv,81.682,background,0.5445466666666667,-15.016,-14.861333333333334,0.2031233888824997,-14.82711111111111,-14.815499999999998,-0.011611111111111683,0.18299999999999983,6.456179596542725,28.157461202355307,21.701281605812582,-838.5579937304101,480.4797305252614,-838.5579937304101,0.122265598363603,0.1560716537719489,1.276486430969598,0.0,0.6320000000000014
class3_2026_05_22_11_05_17.csv,186.337,background,1.2422466666666665,-49.900002,-34.64866744444444,13.744107158927262,-38.204001,-34.296389833333336,-3.907611166666662,18.373501,3982.9203848665866,-1600.8174965111239,-5583.73788137771,-38013.85621576337,44865.20846395283,-47039.188087770235,13.13515153252275,14.040340784291235,1.068913417604191,0.0,30.011002
class3_2026_05_22_11_05_50.csv,69.55699999999999,break,0.46371333333333326,-17.725,-18.050444222222225,2.6925770958115685,-13.302166666666666,-32.45661166666666,19.154444999999996,3.3034994999999974,-629.5996132629422,-3420.6592731777487,-2791.0596599148066,-4595.611285266459,-1833.8557993730428,-6084.639498432607,2.1101055858258215,14.011011354660358,6.639954326845977,0.0,8.439999
class3_2026_05_22_11_05_50.csv,66.047,connector,0.44031333333333333,-9.947,-11.907333333333334,1.9440392657214174,-14.446333333333333,-17.765833277777777,3.319499944444443,5.184500000000002,261.7934717996619,-2857.1640143611476,-3118.9574861608094,3261.755485893418,6335.4231974921695,-2620.6348483621987,0.7245993528993954,8.692256708446745,11.995932204098155,2.234,5.303000000000001
class3_2026_05_22_11_05_50.csv,167.83,background,1.1188666666666667,-49.900002,-40.75577911111111,12.940995738397065,-38.04405661111112,-35.851112,-2.192944611111116,28.147002,-2935.5946200248436,-436.5922703536116,2499.002349671232,-662.6267611232688,44117.5579937271,-43728.844827582434,13.337285082384554,14.068273230144978,1.0548077879746383,0.0,28.147002
class3_2026_05_22_11_05_50.csv,120.927,background,0.80618,-22.438999,-34.956445111111115,13.42066844253835,-36.32750083333334,-42.369612611111116,6.042111777777777,29.189002000000002,-192.90293078226327,-1455.4360747477342,-1262.533143965471,-2846.3949843260234,43042.324451407636,-43042.324451410685,13.615637900041886,12.176297572083756,0.8942876394912543,1.2760000000000131,29.189002000000002
class3_2026_05_22_11_05_50.csv,147.72899999999998,background,0.9848599999999998,-49.900002,-37.550001,13.842383706260085,-35.34311183333333,-36.21455644444444,0.8714446111111087,6.318500999999998,-1058.924070694276,-1140.0214676050232,-81.0973969107472,1.4551915228366852e-11,1.4551915228366852e-11,-1437.3040752359739,13.169401321617807,13.721297591110552,1.041907389266011,0.0,28.871003
class3_2026_05_22_11_05_50.csv,116.14099999999999,background,0.7742733333333333,-21.987,-34.665223,13.655820807001662,-36.22377894444444,-37.82627872222222,1.6024997777777799,29.428002,226.3685037257452,2327.027285579065,2100.65878185332,0.0,42612.85736677118,-5834.278436962155,13.710620661140483,13.540910589439886,0.9876219272987743,0.6379999999999997,29.428002
class3_2026_05_22_11_05_50.csv,184.422,background,1.22948,-21.913,-31.567111444444443,12.997051784224146,-35.962111944444445,-35.331112,-0.6309999444444472,5.942501499999999,-2071.6388020128447,1039.4282595340978,3111.0670615469426,-2692.791536049979,43866.77429467511,-43866.774294667106,13.958418206548883,13.09208507945045,0.9379346533243554,1.2759999999999994,29.503003
class3_2026_05_22_11_06_12.csv,66.366,connector,0.44244,-2.627,-5.797666666666667,3.5671531132449767,-13.180555555555557,-9.75127777777778,-3.429277777777777,11.174,1894.8567572771028,-2397.615964156766,-4292.472721433869,-106.58307210031307,14832.288401253925,-2813.4796238244517,3.4742328845088193,3.6589599433833584,1.0531703002777706,3.5099999999999993,11.859000000000002
class3_2026_05_22_11_06_12.csv,127.947,connector,0.8529800000000001,-3.411,-5.385555555555555,2.1625371473295543,-13.421666666666667,-11.375888944444446,-2.045777722222221,12.235,2553.5772276241596,-2638.4640242559844,-5192.041251880144,-2095.611285266522,15685.838778753889,-3242.946708463929,4.328897717022712,4.2830066959374005,0.9893986844957013,3.5089999999999844,7.471
class3_2026_05_22_11_06_12.csv,72.42899999999999,bend,0.4828599999999999,-14.732,-14.618888888888888,0.49687902494681624,-9.75127777777778,-15.285222222222224,5.533944444444444,1.1960000000000015,-2057.808660439767,-122.19483649042171,1935.6138239493455,-695.924764890282,-402.82131661441963,-695.924764890282,3.6589599433833584,0.19765670451443368,0.054019900068040895,0.0,1.5540000000000003
class3_2026_05_22_11_06_12.csv,133.37099999999998,break,0.8891399999999998,-16.674999,-17.36511122222222,1.925082150243336,-9.762055611111114,-27.15255583333333,17.390500222222215,3.024499999999998,-2617.3499433092443,-3409.263266740073,-791.9133234308288,-3352.6645768022354,-1081.503134796163,-3388.71630094017,4.312479775542491,12.241590191231305,2.8386422637887274,0.0,5.487999999999998
class3_2026_05_22_11_06_12.csv,192.399,background,1.28266,-22.474001,-31.561334444444444,13.069764497050851,-39.1181681111111,-36.66488994444445,-2.4532781666666565,30.398001,1380.8323769016786,1156.785515678827,-224.04686122285148,-1095.6097178690543,42492.164576799296,-46550.15987461222,13.563216133169698,13.310550107777953,0.9813711582649642,1.913999999999999,30.398001
class3_2026_05_22_11_06_12.csv,178.998,background,1.19332,-21.459,-43.51766822222222,11.940980095198494,-42.62594583333333,-42.17239033333333,-0.4535555000000002,29.000002000000002,-3016.132433275524,3081.0186222969865,6097.151055572511,7.770722731947899e-09,44578.37304075625,-44578.373040748505,11.86694161255273,12.518169797248877,1.0548774192273658,0.6379999999999997,29.000002000000002
class3_2026_05_22_11_06_12.csv,161.449,background,1.0763266666666667,-24.365,-40.76022344444444,12.948581095929129,-37.475667666666666,-40.52505677777778,3.049389111111111,28.475003,-3681.101442679515,-385.78032708931994,3295.321115590195,44631.666144197574,44631.666144197574,-44631.66614419677,13.911258190816417,13.277542403543292,0.9544457637816514,0.9570000000000134,28.475003
class3_2026_05_22_11_06_12.csv,155.387,background,1.0359133333333332,-26.403999,-34.962445333333335,13.438713766301051,-37.312223277777775,-37.475667666666666,0.163444388888891,29.204003,1261.3383590752399,559.0605185256661,-702.2778405495737,4583.0752351085575,42970.22100313855,-45774.299373044756,14.110529497838547,13.911258190816417,0.9858777593760452,1.5949999999999853,29.204003
class3_2026_05_22_11_06_12.csv,151.877,background,1.0125133333333334,-49.900002,-40.08455666666666,13.90227786791761,-40.388001222222215,-34.595223000000004,-5.792778222222211,30.739003,3865.597227802626,1931.3838636182757,-1934.2133641843504,-1.4551915228366852e-11,1.4551915228366852e-11,-6757.054858926382,13.469301579975653,13.774165405499199,1.022633898356161,0.0,30.739003
class3_2026_05_22_11_09_21.csv,132.733,break,0.8848866666666667,-16.684999,-16.97666633333333,2.224798484957034,-9.460111055555556,-30.08227822222222,20.622167166666664,3.0989999999999984,-2662.777754641471,-4102.546659626556,-1439.768904985085,-2053.294670846368,-1929.4655172413695,-3826.0188087775605,3.8953173914757433,14.07849590290236,3.614209286129423,0.0,7.732000000000001
class3_2026_05_22_11_09_21.csv,66.68499999999999,connector,0.4445666666666666,-6.781,-8.416777777777778,1.7698887458932286,-13.263388888888889,-12.485833333333334,-0.7775555555555549,8.270999999999999,1602.7005543148548,-1600.6324324467457,-3203.3329867616003,-2251.935377941627,9736.67711598747,-2935.7366771159886,2.7984020666343157,2.313856983240081,0.8268490736121847,2.8719999999999994,5.959999999999999
class3_2026_05_22_11_09_21.csv,96.997,connector,0.6466466666666667,-4.331,-7.216444444444444,3.119114408186725,-13.612499999999999,-11.305777777777777,-2.3067222222222217,10.436499999999999,1663.299860935752,-2313.0676475643413,-3976.367508500093,-529.780564263323,13181.818181818187,-2647.3354231974954,3.0956281582975116,3.493762307560203,1.1286113836328027,3.1909999999999994,10.398
class3_2026_05_22_11_09_21.csv,127.62799999999999,connector,0.8508533333333332,-3.96,-7.2767778888888905,3.764355652786645,-14.95138894444444,-11.556666555555557,-3.3947223888888836,12.073,1848.7814302693807,-2662.777754641471,-4511.559184910851,481.1912225706901,14558.765667251011,-2677.1159874607656,3.4707553884245828,4.3683186393283995,1.2586071018690053,3.5089999999999844,12.202001
class3_2026_05_22_11_09_21.csv,102.74,bend,0.6849333333333333,-15.772,-15.526444444444444,0.47051038744257095,-10.670166666666667,-16.186333444444443,5.5161667777777765,1.086999999999998,-2087.7389034761923,-183.96414955511068,1903.7747539210816,-255.48589341692787,-255.48589341692787,-854.233542319751,3.6601693077112034,0.3015701151814951,0.0823923724385586,0.0,1.450000000000001
class3_2026_05_22_11_09_21.csv,156.34400000000002,background,1.0422933333333335,-20.485001,-28.590445222222222,11.573368830197126,-27.46916733333333,-34.91750088888889,7.448333555555557,3.9579994999999997,887.5184838121539,759.795738140373,-127.7227456717809,5612.852664576454,39454.54702193934,-46147.33855798975,10.212569685398076,13.76104597792467,1.3474615159922665,0.9570000000000134,29.911002
class3_2026_05_22_11_09_21.csv,166.873,background,1.1124866666666666,-20.860001,-37.81111222222222,13.54626685420779,-39.05188999999999,-35.81011205555555,-3.2417779444444434,29.040001,-2120.036713292605,117.67536859654275,2237.7120818891476,43750.78683385995,45517.242946712446,-45517.242946712155,13.613398429423711,14.137564804052326,1.0385036358733217,0.9569999999999856,29.040001
class3_2026_05_22_11_09_21.csv,170.383,background,1.1358866666666667,-49.900002,-37.379556666666666,14.041695720710285,-36.09855661111111,-36.36244516666667,0.26388855555556034,20.261000999999997,1684.7129987583407,-1684.708263904713,-3369.4212626630538,-1493.7288401172664,47437.30721002829,-45943.578369901996,13.835197879489497,13.734915555103678,0.9927515805692907,0.0,30.265002
class3_2026_05_22_11_09_21.csv,154.111,background,1.0274066666666666,-24.861,-28.64011177777778,11.447810863292991,-34.61127883333333,-32.29355644444444,-2.317722388888889,3.5509999999999984,5093.465159880828,-4058.064861947778,-9151.530021828607,3376.9585363094448,39323.41170323553,-39246.0846395029,13.754410526531668,12.861842638640429,0.9351067193118723,0.0,28.807002
class3_2026_05_22_11_09_21.csv,153.791,background,1.0252733333333333,-23.237,-28.240445111111114,11.638613391021071,-36.09255672222222,-32.400056444444445,-3.692500277777775,4.6215005,3250.869178897297,-3226.1757725033576,-6477.044951400654,39323.41170323553,39323.41170323553,-39246.0846395029,13.884812011205161,12.791730093637934,0.9212749270238569,0.6390000000000007,28.807002
class3_2026_05_22_11_10_02.csv,100.188,break,0.6679200000000001,-17.614,-20.872778333333333,10.38986952745468,-13.668833388888888,-33.741667666666665,20.072834277777776,2.718,-539.1832270860464,-3530.040053526917,-2990.8568264408705,-1366.77115987461,-1366.77115987461,-48227.274294670875,2.205145742529584,14.503887300739638,6.57728894908002,0.0,35.161001999999996
class3_2026_05_22_11_10_02.csv,35.416999999999994,connector,0.2361133333333333,-7.273,-9.903111111111109,2.8410437614230775,-14.069666666666667,-12.0605,-2.009166666666667,7.515999999999999,609.4513809621125,-1832.5218034894365,-2441.973184451549,3133.2288401253936,8751.858219151196,-2412.225705329136,1.380120566391856,2.6271139900405287,1.9035381041894508,2.552000000000006,7.639
class3_2026_05_22_11_10_02.csv,66.047,connector,0.44031333333333333,-8.095,-10.588666666666665,2.8221537087046755,-14.656222222222222,-12.469722222222222,-2.1865000000000006,7.394,534.3730890781038,-1734.7735069331152,-2269.146596011219,3733.542319749218,8109.717868338563,-2438.884795625021,1.232580831496596,2.5173537871157823,2.0423421170010445,2.553,7.548
class3_2026_05_22_11_10_02.csv,96.678,connector,0.64452,-10.212,-12.30822222222222,2.155975148165251,-15.061666666666664,-19.339889277777775,4.2782226111111115,5.6075,290.3494666011474,-4775.580174548475,-5065.9296411496225,3551.7241379310362,7010.971786833861,-2753.9184952978067,0.7715982691069811,11.306140708505223,14.652866016307284,2.2329999999999988,5.741000000000001
class3_2026_05_22_11_10_02.csv,74.024,bend,0.49349333333333334,-14.942,-15.210666666666665,0.16824188935379097,-14.422888888888886,-15.363944444444448,0.9410555555555611,0.24450000000000038,-303.9112512513791,-17.852423383932706,286.0588278674464,-479.62382445140975,695.9247648902783,-509.4043887147309,0.9898946570715318,0.1482746971079999,0.14978820853366495,0.6379999999999997,0.5259999999999998
class3_2026_05_22_11_10_02.csv,146.453,background,0.9763533333333334,-49.900002,-40.88655722222222,12.776465805811167,-36.41977883333333,-36.51872333333333,0.09894449999999466,17.7325005,-1268.5276569420032,-1347.8268339954602,-79.29917705345702,0.0,39379.714189002065,-1.4551915228366852e-11,13.595331059884685,13.50004007809739,0.9929908308699227,0.0,28.742001000000002
class3_2026_05_22_11_10_02.csv,129.542,background,0.8636133333333333,-22.365,-43.65311255555556,11.6900139087552,-37.76600094444444,-37.10477877777778,-0.6612221666666613,28.687003,-1122.646614549631,2432.288738398551,3554.935352948182,7.523340173065662e-09,44963.95454545847,-43158.31034482386,13.60279221703321,14.328522450089881,1.0533514860865432,0.6379999999999997,28.687003
class3_2026_05_22_11_10_02.csv,111.35499999999999,background,0.7423666666666666,-49.900002,-43.581779444444436,11.83404388392623,-36.2319455,-34.65633422222222,-1.5756112777777815,4.470498499999998,-1790.1762305398731,2791.377231685863,4581.553462225736,0.0,42669.28213166147,0.0,13.701485680661248,13.699546042757442,0.999858362968265,0.0,29.641001
class3_2026_05_22_11_10_02.csv,145.815,background,0.9721,-49.900002,-44.21244622222222,10.643147612159778,-36.41977883333334,-39.344779111111116,2.9250002777777766,26.103001,-2122.401900173998,256.91770959600166,2379.3196097699997,-39318.18338557654,39379.714189002065,-39318.18338557654,13.595331059884685,13.293662636388055,0.9778108087270073,0.0,26.103001
class3_2026_05_22_11_10_02.csv,118.69399999999999,background,0.7912933333333333,-49.900002,-31.72588966666666,12.883223839666039,-31.73038955555556,-38.02300111111111,6.2926115555555455,3.7824995,90.47565667013997,-2728.390313608361,-2818.8659702785008,-43658.310344827616,42833.85736677118,-43658.310344827616,12.906318132291444,13.320531748094785,1.0320937837936293,0.0,28.883002
