m,candidate_idx,m_norm,db_at_event,local_mean_db,local_std_db,pre_mean_db,post_mean_db,loss_dB,peak_above_bg_dB,pre_slope_dB_per_km,post_slope_dB_per_km,slope_change_dB_per_km,derivative_at_event_dB_per_km,max_pre_derivative,min_post_derivative,pre_std_db,post_std_db,post_to_pre_std_ratio,peak_width_m,local_range_db,file,split,label,gt_m,hard_negative_score,background_kind
163.044,510,0.816293,-24.517,-31.6118,12.9647,-32.8842,-35.0911,2.2069,2.9925,-64.7519,1973.7129,2038.4648,248.6579,248.6579,-44815.0486,13.5939,13.3603,0.9828,0.0,28.592,class3_2026_05_14_14_40_43.csv,train,background,,-7.898947472400314,random
137.838,431,0.690097,-49.9,-37.281,14.1411,-32.4483,-39.43,6.9817,20.1055,-2639.6419,184.9295,2824.5713,-46410.6599,46410.6599,-46410.6599,14.14,13.1571,0.9305,0.0,29.61,class2_2026_04_27_15_18_47.csv,train,background,,3.753886025958086,hard
135.604,424,0.678913,-49.9,-34.1422,14.1267,-25.6819,-36.1399,10.4581,2.2395,-3970.0712,-2774.6305,1195.4407,-45354.5671,46147.3386,-45354.5671,13.283,13.7924,1.0383,0.0,29.442,class2_2026_04_27_15_16_41.csv,train,background,,4.636669764148851,hard
132.095,413,0.661345,-20.494,-23.3612,9.621,-13.8678,-36.0461,22.1782,3.6205,-2454.5405,-2508.9689,-54.4285,-6637.9326,-2118.3388,-46090.9138,3.2877,13.8729,4.2196,0.0,33.109,class2_2026_04_27_15_31_02.csv,train,break,131.14,,positive
193.994,607,0.971247,-49.9,-37.4969,13.9972,-34.8063,-40.8203,6.0141,30.77,2644.1471,2085.4974,-558.6497,-41520.3793,41520.3793,-41520.3793,13.6124,12.9449,0.951,0.0,30.77,class2_2026_04_27_15_49_43.csv,train,background,,4.074297637071434,hard
129.223,404,0.646966,-13.484,-13.3686,2.2066,-13.8092,-25.9408,12.1317,6.494,1313.1225,-5617.0484,-6930.171,-3199.0596,-2045.4545,-3285.2665,2.4639,13.0325,5.2893,0.0,6.885,class2_2026_04_27_15_12_38.csv,train,break,129.22,,positive
135.924,425,0.680515,-20.209,-31.2291,13.2764,-23.6022,-39.201,15.5988,2.064,-2484.3596,3684.405,6168.7646,-1677.6197,45369.9091,-46537.6207,9.7466,13.5216,1.3873,0.958,29.691,class2_2026_04_27_15_41_16.csv,train,background,,6.370872167811393,hard
193.356,605,0.968053,-22.933,-32.5198,12.3734,-39.7061,-35.1925,-4.5136,28.485,-1482.4173,-1440.8101,41.6072,37205.3323,40210.0345,-37669.2806,12.845,13.2467,1.0313,1.914,28.485,class2_2026_04_27_15_24_25.csv,train,background,,-0.1490441579753108,random
126.032,394,0.63099,-16.558,-14.1613,2.4441,-14.8714,-13.1552,-1.7162,6.0265,-57.4884,-642.8666,-585.3782,-954.5439,-92.4765,-954.5439,0.2288,3.4028,14.8713,0.0,7.786,class2_2026_04_27_15_22_37.csv,train,bend,125.39,,positive
184.422,577,0.923324,-49.9,-37.3004,14.1134,-33.0479,-41.5556,8.5077,30.112,3810.257,3000.0714,-810.1856,-43766.4624,45167.7147,-43766.4624,13.5092,11.9242,0.8827,0.0,30.112,class2_2026_04_27_15_20_55.csv,train,background,,4.365135309505245,hard
131.138,410,0.656553,-14.738,-14.9028,2.2987,-10.8488,-24.8641,14.0153,3.806,-624.9734,-2884.949,-2259.9756,-2034.8502,-2034.8502,-4562.6959,3.1443,11.3551,3.6114,0.0,6.367,class1_2026_04_27_14_38_26.csv,train,break,131.78,,positive
88.701,277,0.444089,-21.134,-31.357,13.1871,-43.7051,-36.0893,-7.6158,30.157,4091.4126,-1853.3332,-5944.7458,3274.2962,45087.7759,-43388.2063,11.5985,13.8689,1.1958,1.915,30.157,class3_2026_05_14_13_10_59.csv,train,background,,4.9127672230291495,hard
187.932,588,0.940897,-49.9,-34.7659,13.6379,-31.2798,-36.7124,5.4326,5.019,3484.0229,953.6864,-2530.3365,-1336.989,3663.0094,-44094.047,13.2602,13.2838,1.0018,0.0,29.267,class2_2026_04_27_15_38_41.csv,train,background,,-4.602822952285845,random
134.647,421,0.674121,-23.777,-31.0201,13.398,-17.5236,-37.5831,20.0595,2.398,-4335.9166,-1524.2821,2811.6346,-321.3166,40945.1442,-44417.8842,8.8689,13.7868,1.5545,0.0,30.699,class1_2026_04_27_14_49_22.csv,train,background,,9.233901456888523,hard
157.301,492,0.787541,-24.966,-35.0916,13.352,-34.6501,-42.4834,7.8333,30.08,313.7747,-1210.5407,-1524.3154,-36894.9875,47147.3386,-39081.5078,13.7871,11.9919,0.8698,0.957,30.08,class2_2026_04_27_15_34_55.csv,train,background,,3.733546225835631,hard
126.99,397,0.635786,-49.9,-37.883,13.635,-25.8606,-38.1991,12.3385,4.6075,-3961.7036,842.3113,4804.0149,0.0,48407.5251,-41092.4781,11.5524,13.1544,1.1387,0.0,30.884,class3_2026_05_14_12_56_25.csv,train,background,,6.432780518931478,hard
176.764,553,0.884984,-49.9,-33.8046,14.4007,-42.1856,-35.5219,-6.6636,29.751,355.328,-4447.1891,-4802.5171,2335.4232,45302.511,-717.9663,12.4919,14.4077,1.1534,0.0,29.751,class2_2026_04_27_15_23_25.csv,train,background,,5.499541718863748,hard
164.002,513,0.82109,-49.9,-34.2572,14.0562,-33.3721,-43.4762,10.1041,29.803,6157.073,570.232,-5586.841,-43826.0235,45782.1348,-43826.0235,13.2969,12.0231,0.9042,0.0,29.803,class1_2026_04_27_14_46_48.csv,train,background,,4.970569413032969,hard
127.628,399,0.63898,-8.054,-10.9487,2.8785,-16.1714,-17.3716,1.2002,8.898,1216.7964,-3135.6189,-4352.4153,656.7398,9595.6113,-2694.3574,2.2906,9.0186,3.9372,2.871,8.884,class2_2026_04_27_15_23_09.csv,train,connector,127.63,,positive
173.255,542,0.867416,-49.9,-37.3496,14.0373,-37.1427,-32.9785,-4.1642,4.0325,-223.3873,-563.7068,-340.3194,0.0,724.3468,-43467.0893,13.3167,13.5145,1.0149,0.0,29.1,class2_2026_04_27_15_42_28.csv,train,background,,-5.3429005013463895,random
147.091,460,0.736423,-49.9,-38.8001,12.6515,-38.247,-36.4297,-1.8173,27.947,-3044.1085,2503.8454,5547.9539,0.0,13442.0031,-3018.8103,13.1787,13.5154,1.0255,0.0,27.947,class3_2026_05_14_13_15_01.csv,train,background,,-5.311325150649297,random
189.208,592,0.947286,-23.028,-37.6553,13.7089,-39.1725,-35.8106,-3.3619,29.013,1249.7466,3314.6343,2064.8877,0.0,44039.1897,-41097.1818,13.4893,14.1093,1.046,0.638,29.013,class3_2026_05_14_12_53_50.csv,train,background,,2.153637699436604,random
132.414,414,0.662942,-21.281,-26.5513,12.5085,-16.3797,-36.1447,19.765,2.1495,-4890.5048,-1112.6262,3777.8785,-0.0,-0.0,-46478.0596,8.7394,13.8991,1.5904,0.0,31.737,class2_2026_04_27_15_35_45.csv,train,background,,3.690305357597258,hard
127.628,399,0.63898,-4.406,-7.8788,4.0453,-15.969,-12.1019,-3.8671,12.174,1909.059,-2623.9941,-4533.053,673.9812,15414.3926,-2736.6771,3.6238,4.6368,1.2795,3.509,12.967,class3_2026_05_14_13_47_19.csv,train,connector,127.63,,positive
104.336,326,0.522367,-49.9,-40.0796,13.893,-40.5354,-31.4524,-9.083,18.87,3656.5048,682.7678,-2973.737,0.0,45340.0923,-47553.2931,13.2558,13.1912,0.9951,0.0,30.339,class3_2026_05_14_13_10_18.csv,train,background,,5.06824887609193,hard
127.628,399,0.63898,-7.928,-10.8461,2.9206,-16.0117,-17.3389,1.3272,8.8615,1131.5322,-2675.1061,-3806.6383,623.8245,9985.8934,-2708.4639,2.2798,9.1251,4.0025,2.871,8.905,class2_2026_04_27_15_24_02.csv,train,connector,127.63,,positive
127.628,399,0.63898,-7.634,-10.4631,2.7929,-15.4944,-15.1692,-0.3253,8.685,1129.9391,-2746.266,-3876.2051,603.4483,9189.6552,-2789.9687,2.2199,4.3311,1.951,2.871,8.702,class2_2026_04_27_16_08_08.csv,train,connector,127.95,,positive
185.379,580,0.928115,-49.9,-40.7778,12.915,-31.4793,-36.5939,5.1146,2.9575,-555.0752,-1826.676,-1271.6008,-849.5298,44457.685,-43676.3995,13.0859,13.3542,1.0205,0.0,28.364,class2_2026_04_27_16_10_35.csv,train,background,,-0.5286517862653427,random
127.628,399,0.63898,-5.91,-8.801,2.8957,-13.933,-13.4468,-0.4862,8.8685,1147.5282,-2616.7712,-3764.2995,594.0439,9680.2508,-2750.7837,2.2597,4.3833,1.9398,2.871,8.936,class1_2026_04_27_14_45_33.csv,train,connector,127.63,,positive
148.048,463,0.741215,-49.9,-44.9989,9.2513,-36.1827,-31.6551,-4.5277,0.161,-2985.8638,6380.9813,9366.8451,-0.0,0.0,-0.0,13.7733,13.1519,0.9549,0.0,24.664,class2_2026_04_27_15_26_42.csv,train,background,,-13.75417131336243,random
133.69,418,0.66933,-49.9,-37.214,14.2648,-15.5485,-40.3913,24.8428,1.418,-2633.7186,2203.5503,4837.2689,-39448.279,-1216.3025,-39448.279,4.4116,13.4804,3.0557,0.0,30.71,class2_2026_04_27_15_22_54.csv,train,background,,6.388572481479406,hard
159.216,498,0.797128,-23.046,-37.3379,14.0737,-39.9612,-34.4012,-5.5599,30.361,-3951.5572,95.0592,4046.6164,47587.7774,47587.7774,-47587.7774,12.5978,13.9042,1.1037,0.957,30.361,class3_2026_05_14_13_18_31.csv,train,background,,5.187123733781629,hard
154.43,483,0.773167,-49.9,-34.3703,13.9725,-34.8042,-39.0313,4.2271,30.683,1864.955,-1382.4086,-3247.3635,-39366.7743,46500.0031,-39366.7743,13.6099,13.6842,1.0055,0.0,30.683,class2_2026_04_27_15_59_21.csv,train,background,,4.427430617489163,hard
127.628,399,0.63898,-9.09,-11.9499,2.8182,-17.3149,-17.7423,0.4274,8.8595,1131.9753,-2389.3951,-3521.3704,623.8245,9710.0313,-2721.0031,2.3799,8.5663,3.5994,2.871,8.582,class2_2026_04_27_15_16_03.csv,train,connector,127.63,,positive
144.219,451,0.722044,-21.673,-34.8904,13.5722,-33.418,-42.2878,8.8698,30.151,785.1682,-4814.7391,-5599.9074,12457.6803,43935.7414,-47332.5794,13.2483,12.3132,0.9294,1.595,30.151,class2_2026_04_27_15_31_49.csv,train,background,,4.318159507316757,hard
135.604,424,0.678913,-49.9,-40.2636,13.6313,-23.8142,-39.5346,15.7204,2.325,-6252.3631,-913.1499,5339.2132,0.0,46111.2868,-0.0,11.9733,13.0823,1.0926,0.0,29.419,class2_2026_04_27_16_01_55.csv,train,background,,6.1991300708994315,hard
136.562,427,0.683709,-22.614,-28.2772,11.6475,-19.9808,-36.4026,16.4218,0.7785,-2835.9728,-317.2906,2518.6822,-38830.7257,45846.083,-45822.8856,7.9158,13.5902,1.7168,0.0,29.697,class3_2026_05_14_13_47_19.csv,train,background,,5.531900238811129,hard
22.016,68,0.110225,-18.227,-17.0756,1.4601,-14.8061,-16.6652,1.8592,0.998,-440.1156,348.0015,788.1171,-2268.0219,-1376.3259,-2268.0219,0.8894,0.8752,0.984,0.0,4.729,class2_2026_04_27_16_05_53.csv,train,bend,20.74,,positive
133.371,417,0.667733,-22.622,-31.0976,13.3628,-18.7921,-31.9507,13.1587,1.2555,-5554.4969,-1353.749,4200.7479,-3523.5094,42755.489,-40402.826,11.5386,12.796,1.109,0.0,30.157,class2_2026_04_27_15_13_52.csv,train,background,,4.621017348860191,hard
138.795,434,0.694889,-19.928,-28.087,11.7428,-21.0366,-36.5032,15.4666,1.3345,-2606.8545,-2538.4774,68.3771,2692.7915,46978.0611,-47059.5658,7.2475,13.5863,1.8746,0.957,30.024,class3_2026_05_14_14_34_45.csv,train,background,,5.632811499018116,hard
131.776,412,0.659748,-22.711,-34.0758,14.1771,-32.7188,-43.7482,11.0294,29.831,-2756.7966,16.1737,2772.9703,-46757.0564,45445.1442,-46757.0564,13.7767,11.5217,0.8363,0.957,29.831,class3_2026_05_14_13_11_57.csv,train,background,,5.067720444006682,hard
158.258,495,0.792332,-49.9,-34.046,14.2242,-29.5858,-36.3766,6.7907,4.2185,-961.0243,-1529.6582,-568.634,-41608.1536,47302.5094,-41608.1536,12.668,13.6617,1.0784,0.0,30.179,class3_2026_05_14_13_43_49.csv,train,background,,3.7712772958245084,hard
127.628,399,0.63898,-5.887,-8.7766,2.8934,-13.8883,-13.4312,-0.4571,8.8435,1128.5307,-2689.0532,-3817.584,606.5831,9664.5768,-2750.7837,2.2491,4.3565,1.937,2.871,8.928,class1_2026_04_27_14_48_45.csv,train,connector,127.63,,positive
127.628,399,0.63898,-5.95,-8.8183,2.8346,-13.9234,-13.5765,-0.3469,8.8095,1157.7781,-2659.7206,-3817.4987,597.1787,9498.4326,-2768.0251,2.2475,4.433,1.9724,2.871,8.764,class1_2026_04_27_14_37_34.csv,train,connector,127.63,,positive
150.601,471,0.753997,-49.9,-34.78,13.6924,-45.3586,-30.2366,-15.1221,29.82,-876.3959,-5132.7797,-4256.3838,-11885.5799,46515.6771,-11885.5799,10.1791,12.3579,1.2141,0.0,29.82,class1_2026_04_27_14_39_34.csv,train,background,,7.564508714179199,hard
136.562,427,0.683709,-49.9,-40.1838,13.7439,-28.4833,-39.0452,10.5619,4.1085,-7200.3928,-1947.782,5252.6109,0.0,44374.2026,-46410.6599,13.6204,13.6451,1.0018,0.0,29.61,class2_2026_04_27_15_18_47.csv,train,background,,4.287165920495176,hard
127.628,399,0.63898,-7.688,-10.5637,2.8121,-15.8593,-16.3343,0.475,8.9745,1290.6662,-3207.0604,-4497.7266,478.0564,9727.2727,-2703.7618,2.3441,6.2137,2.6508,2.871,8.616,class2_2026_04_27_15_40_35.csv,train,connector,127.95,,positive
171.978,538,0.861022,-19.239,-40.1259,13.8356,-37.5942,-37.4859,-0.1082,30.661,1075.5042,3416.4329,2340.9287,0.0,3951.4107,-48133.205,13.848,13.9142,1.0048,0.638,30.661,class2_2026_04_27_15_24_51.csv,train,background,,-3.496609469829012,random
144.219,451,0.722044,-22.094,-37.4494,13.9908,-37.8705,-42.1678,4.2973,31.466,561.0098,-984.059,-1545.0687,-42169.2821,49319.7524,-43583.0752,13.5208,12.4873,0.9236,0.957,31.466,class2_2026_04_27_15_53_29.csv,train,background,,4.612431563991365,hard
170.383,533,0.853037,-23.073,-37.7958,13.5784,-43.9829,-32.1683,-11.8147,29.573,-577.5528,-1178.5094,-600.9566,-4197.4906,43272.7304,-42048.5925,11.0849,12.8242,1.1569,1.276,29.573,class1_2026_04_27_14_47_25.csv,train,background,,5.549014364292607,hard
158.897,497,0.795531,-22.463,-43.9301,11.1719,-36.0042,-38.0785,2.0743,27.437,-6286.3641,2537.2267,8823.5909,-268.7794,42803.2275,-43004.7069,13.9478,13.2595,0.9507,0.639,27.437,class2_2026_04_27_15_40_35.csv,train,background,,-2.9721960243355734,random
134.328,420,0.672524,-23.426,-28.2152,11.7297,-18.0243,-39.128,21.1037,1.9785,-4208.1441,-3764.5201,443.624,43529.7837,43529.7837,-43529.7837,8.477,13.5411,1.5974,0.0,30.892,class2_2026_04_27_15_25_41.csv,train,background,,8.726296849750394,hard
180.274,564,0.902557,-49.9,-35.2894,13.2291,-27.5018,-38.2229,10.7212,3.9115,1355.9807,1713.6772,357.6965,-45202.1959,9805.6442,-45202.1959,10.2866,13.1253,1.276,0.0,28.839,class2_2026_04_27_15_51_31.csv,train,background,,-2.0690002096778555,random
191.442,599,0.95847,-49.9,-41.4371,12.0575,-39.1435,-36.6935,-2.45,28.739,-4640.5331,-2762.498,1878.035,-9612.8558,44834.4188,-9612.8558,13.5126,13.2869,0.9833,0.0,28.739,class2_2026_04_27_16_02_21.csv,train,background,,-0.48017833694637363,random
131.138,410,0.656553,-17.836,-17.5969,2.2725,-13.648,-26.2733,12.6253,4.514,-609.2715,-1440.1457,-830.8742,-2621.8496,-2299.373,-4717.8699,3.2519,10.7405,3.3029,0.0,6.775,class2_2026_04_27_15_41_16.csv,train,break,131.14,,positive
127.628,399,0.63898,-7.355,-10.2413,2.8579,-15.4125,-14.882,-0.5305,8.801,1182.0096,-2561.2802,-3743.2899,615.9875,9755.4859,-2738.2445,2.2698,4.3351,1.9099,2.871,8.74,class2_2026_04_27_15_36_45.csv,train,connector,127.63,,positive
127.947,400,0.640577,-0.157,-1.4353,2.0306,-12.1034,-6.828,-5.2754,10.767,3258.4014,-2605.1636,-5863.565,0.0,20765.8547,-5120.6897,5.4957,4.2477,0.7729,3.828,6.223,class3_2026_05_14_13_12_07.csv,train,connector,127.95,,positive
127.628,399,0.63898,-8.085,-10.9598,2.8656,-15.8973,-20.5056,4.6083,8.507,1020.5032,-2860.9462,-3881.4493,553.2915,9454.5455,-2818.1818,2.202,13.6432,6.1959,2.871,8.918,class2_2026_04_27_15_57_38.csv,train,connector,127.63,,positive
152.515,477,0.763579,-19.849,-33.8928,14.3437,-32.7467,-45.0473,12.3006,30.051,-2180.4238,-3905.0077,-1724.5839,44771.163,44771.163,-47101.8824,13.7154,10.8529,0.7913,0.957,30.051,class2_2026_04_27_15_12_38.csv,train,background,,5.370127019464697,hard
22.335,69,0.111822,-16.579,-15.7528,0.5946,-14.667,-15.7494,1.0824,0.4845,-238.9723,-2.2444,236.7279,1045.453,1045.453,-1109.7179,0.4711,0.2905,0.6167,0.0,1.772,class2_2026_04_27_16_06_07.csv,train,bend,21.38,,positive
22.335,69,0.111822,-14.619,-14.5281,0.1363,-14.3857,-14.3734,-0.0123,0.0405,-23.7429,71.9747,95.7175,-302.5078,70.5329,-302.5078,0.0979,0.1416,1.4466,0.0,0.467,class3_2026_05_14_13_47_50.csv,train,background,,-56.99243261844112,random
127.628,399,0.63898,-7.588,-10.425,2.804,-15.4016,-15.0026,-0.399,8.603,1117.9456,-2586.4274,-3704.373,575.2351,9327.5862,-2808.7774,2.1976,4.2212,1.9208,2.871,8.697,class2_2026_04_27_15_59_35.csv,train,connector,127.63,,positive
134.328,420,0.672524,-20.096,-34.3186,13.9828,-18.3797,-37.6631,19.2833,1.2435,-4101.7839,3497.0409,7598.8248,-44998.4357,46714.7351,-46714.7351,8.5618,13.7197,1.6024,0.638,29.804,class2_2026_04_27_16_08_56.csv,train,background,,9.157598021971765,hard
115.184,360,0.576678,-17.698,-17.1352,0.3628,-15.5091,-17.1854,1.6763,0.1805,-666.2357,44.8325,711.0682,282.1317,282.1317,-956.1113,0.9495,0.3145,0.3313,0.0,1.125,class2_2026_04_27_15_20_26.csv,train,bend,112.95,,positive
155.387,486,0.777958,-49.9,-37.5849,13.8225,-26.0994,-34.8884,8.7891,4.927,-730.4455,2499.8166,3230.2622,-42369.9091,42369.9091,-42369.9091,8.6838,13.4828,1.5526,0.0,30.668,class1_2026_04_27_14_43_57.csv,train,background,,4.091846630597153,hard
157.301,492,0.787541,-49.9,-37.2043,14.2067,-33.1582,-40.8077,7.6494,29.53,2265.295,-345.0302,-2610.3252,0.0,45901.2571,0.0,13.4742,12.9366,0.9601,0.0,29.53,class3_2026_05_14_12_56_13.csv,train,background,,4.4184124236536055,hard
134.009,419,0.671052,-20.782,-31.3012,13.1995,-17.5872,-37.6906,20.1034,0.817,-4175.1109,-2121.1543,2053.9565,3865.2022,42343.2633,-46208.4655,8.841,13.7272,1.5527,0.957,29.481,class2_2026_04_27_15_34_41.csv,train,background,,8.005881215233503,hard
149.644,468,0.749205,-21.593,-35.2827,13.4127,-38.068,-30.0348,-8.0332,4.3765,-1607.6252,1145.8286,2753.4538,45380.2478,45380.2478,-44368.3417,13.2973,12.5686,0.9452,0.958,29.084,class2_2026_04_27_15_32_19.csv,train,background,,1.5141001690988292,random
153.153,479,0.766773,-49.9,-32.7334,12.3188,-36.7054,-36.1264,-0.579,18.36,2994.6804,309.3304,-2685.35,43465.5188,43465.5188,-43320.0505,13.3103,13.8886,1.0434,0.0,29.063,class3_2026_04_27_16_18_11.csv,train,background,,-1.246729117207465,random
155.068,485,0.776361,-49.9,-34.9226,13.4412,-33.2916,-37.5557,4.2641,4.2445,252.0544,2809.5766,2557.5221,-44783.7038,41393.0387,-44783.7038,13.3106,13.8537,1.0408,0.0,28.572,class2_2026_04_27_15_16_03.csv,train,background,,-0.24828613596298799,random
185.698,581,0.929713,-49.9,-30.3414,13.9003,-32.8804,-37.5809,4.7005,7.0605,-1614.616,-2605.6682,-991.0522,-0.0,47487.4624,-47501.5705,13.6708,13.8832,1.0155,0.0,31.04,class2_2026_04_27_15_26_06.csv,train,background,,3.690555856169842,hard
16.273,50,0.081472,-23.259,-34.6067,13.7063,-23.8947,-37.451,13.5563,2.179,-3407.8381,-955.2936,2452.5445,-1099.046,41831.6696,-42133.2335,9.32,13.9479,1.4966,0.0,29.765,class3_2026_05_14_13_17_52.csv,train,background,,5.655960407444009,hard
127.628,399,0.63898,-9.593,-12.4947,2.8936,-18.0403,-19.8194,1.7792,8.964,1268.2668,-4557.1352,-5825.402,554.8589,9570.5313,-2725.7053,2.557,11.1471,4.3595,2.871,8.996,class2_2026_04_27_15_35_45.csv,train,connector,127.63,,positive
132.733,415,0.664539,-49.9,-36.9872,14.4625,-16.1652,-42.0445,25.8793,2.6775,-5137.9124,-1491.075,3646.8374,0.0,0.0,-44018.8119,9.0551,12.6754,1.3998,0.0,30.789,class3_2026_04_27_16_17_30.csv,train,background,,6.343162333057145,hard
134.966,422,0.675719,-49.9,-37.2682,14.1305,-21.5327,-38.7773,17.2447,0.562,-4030.9313,667.2443,4698.1755,-45735.1113,45735.1113,-45735.1113,10.6479,13.953,1.3104,0.0,29.179,class2_2026_04_27_15_21_31.csv,train,background,,7.7096540001630665,hard
131.457,411,0.65815,-18.246,-18.1333,2.3317,-13.3175,-32.8997,19.5822,3.451,-1434.3224,-3437.1052,-2002.7828,-1648.9028,-1648.9028,-7189.6552,3.2017,13.6736,4.2707,0.0,8.229,class2_2026_04_27_15_19_40.csv,train,break,131.14,,positive
130.818,409,0.654951,-16.239,-16.1416,2.019,-13.2689,-24.1048,10.8359,4.5245,229.5672,-1309.3595,-1538.9267,-2560.5862,-2106.5831,-2869.906,3.2402,9.3045,2.8716,0.0,5.76,class2_2026_04_27_15_38_20.csv,train,break,131.46,,positive
134.647,421,0.674121,-20.681,-34.0926,14.2524,-20.6646,-36.3398,15.6752,2.169,-5068.1814,2036.1362,7104.3176,-8105.0188,45797.8088,-45797.8088,10.884,13.709,1.2596,0.0,30.921,class2_2026_04_27_15_36_21.csv,train,background,,8.555485104255144,hard
134.966,422,0.675719,-26.072,-31.069,13.4416,-21.2241,-36.1488,14.9247,2.169,-4122.569,4059.2088,8181.7778,-45797.8088,45797.8088,-48465.5204,10.6081,13.8737,1.3078,0.0,30.921,class2_2026_04_27_15_36_21.csv,train,background,,7.6857989943399225,hard
35.736,111,0.178915,-6.877,-9.4009,2.3506,-13.6393,-12.6288,-1.0104,7.5345,1036.9927,-1716.862,-2753.8547,-379.3103,8630.6344,-2742.9467,2.0369,2.4719,1.2136,2.552,7.622,class3_2026_05_14_13_15_01.csv,train,connector,35.74,,positive
147.091,460,0.736423,-49.9,-35.2154,13.2069,-34.5079,-29.2992,-5.2087,4.366,3446.4379,1246.4263,-2200.0115,-5932.6019,6109.7179,-42161.4467,13.873,11.3939,0.8213,0.0,29.646,class2_2026_04_27_15_37_07.csv,train,background,,-6.042934596926767,random
47.222,147,0.236421,-49.9,-44.4687,10.2652,-37.6154,-38.1041,0.4886,27.535,-2093.2216,4400.2518,6493.4734,-9699.058,43158.3103,-33459.2524,13.8262,13.2956,0.9616,0.0,27.535,class3_2026_04_27_16_18_00.csv,train,background,,-4.293660921763771,random
131.457,411,0.65815,-17.711,-17.5118,2.2085,-12.6939,-31.456,18.7621,3.747,-1376.8514,-5440.9438,-4064.0924,-2927.8997,-2472.0957,-4548.5909,3.1346,13.2995,4.2428,0.0,6.69,class2_2026_04_27_15_18_09.csv,train,break,131.46,,positive
135.604,424,0.678913,-19.771,-27.6718,12.1856,-14.9476,-36.1434,21.1958,1.085,-2769.4389,-1391.9852,1377.4537,11808.9948,11808.9948,-46880.8809,4.7086,13.9314,2.9587,0.0,31.153,class3_2026_05_14_13_22_54.csv,train,background,,5.2093982398316845,hard
150.92,472,0.755594,-18.729,-37.1641,14.3284,-35.1104,-37.1234,2.013,19.2985,-395.3152,1809.9084,2205.2236,156.7367,48857.3699,-48857.3699,13.2872,14.3161,1.0774,1.276,31.171,class2_2026_04_27_15_19_23.csv,train,background,,4.201636181851212,hard
138.476,433,0.693292,-49.9,-37.0206,14.406,-30.8671,-42.2299,11.3629,29.412,383.6383,1358.1561,974.5178,-46100.315,43678.685,-46100.315,13.6876,12.4003,0.9059,0.0,29.412,class1_2026_04_27_14_37_46.csv,train,background,,5.5113636874043,hard
184.741,578,0.924921,-21.317,-32.9091,12.2195,-38.105,-36.7377,-1.3673,29.421,3988.658,2242.7851,-1745.873,-35932.605,44800.9451,-44800.9451,13.2487,13.356,1.0081,0.957,29.421,class2_2026_04_27_15_53_51.csv,train,background,,-0.15085233229594175,random
138.795,434,0.694889,-20.573,-40.7486,12.9937,-45.7607,-33.4774,-12.2833,29.327,-3320.1176,-1221.5197,2098.598,44451.4122,45967.0878,-45967.0878,9.3346,13.2164,1.4159,0.957,29.327,class2_2026_04_27_15_45_39.csv,train,background,,5.789413977088431,hard
135.604,424,0.678913,-22.894,-34.5671,13.7936,-22.524,-37.6336,15.1096,2.3975,-2313.1211,3262.0487,5575.1698,-44920.466,38324.4561,-44920.466,10.0639,13.7377,1.365,0.0,30.415,class2_2026_04_27_15_46_41.csv,train,background,,6.43503836159889,hard
112.631,352,0.563897,-17.471,-17.0881,0.2923,-15.8942,-17.0899,1.1958,0.471,-623.7444,-1.0062,622.7382,188.2597,188.2597,-36.0486,1.0046,0.2968,0.2955,0.0,1.061,class2_2026_04_27_15_22_54.csv,train,bend,109.44,,positive
151.558,474,0.758788,-21.009,-34.3453,14.0652,-46.7094,-35.3677,-11.3417,30.822,3237.1607,-310.6977,-3547.8585,48310.3495,48310.3495,-45283.7006,9.0309,13.2361,1.4656,0.957,30.822,class2_2026_04_27_15_48_47.csv,train,background,,8.009084893503557,hard
127.628,399,0.63898,-8.066,-10.8382,2.6901,-15.8439,-15.4496,-0.3943,8.6015,1142.8912,-2760.8467,-3903.738,575.2351,9300.9404,-2799.373,2.1947,4.0744,1.8565,2.871,8.205,class2_2026_04_27_16_00_02.csv,train,connector,127.63,,positive
170.702,534,0.854634,-49.9,-35.4634,12.9469,-34.7843,-34.913,0.1287,1.826,816.9467,2213.3681,1396.4214,0.0,2597.1771,-40065.8354,13.5583,13.4633,0.993,0.0,27.244,class2_2026_04_27_16_06_59.csv,train,background,,-9.84832752114495,random
158.897,497,0.795531,-49.9,-41.1572,12.4962,-32.9972,-40.8299,7.8327,28.604,-448.0632,-1212.6703,-764.6071,-0.0,44336.9922,-44833.8589,13.5249,12.9054,0.9542,0.0,28.604,class3_2026_05_14_13_09_36.csv,train,background,,1.9841683961334664,random
133.69,418,0.66933,-22.096,-31.8423,12.8876,-19.4347,-36.9769,17.5422,1.908,-6330.9462,-1555.4873,4775.4589,39103.4514,43579.9389,-43579.9389,11.2865,13.015,1.1531,0.0,30.198,class2_2026_04_27_16_00_33.csv,train,background,,6.790445409640187,hard
186.337,583,0.932912,-23.691,-37.8167,13.55,-42.0952,-33.1599,-8.9352,29.651,3286.1664,3150.2077,-135.9586,46290.9043,46290.9043,-46474.9232,12.6102,13.4099,1.0634,0.958,29.651,class2_2026_04_27_15_40_35.csv,train,background,,5.117013332758211,hard
168.788,528,0.845051,-49.9,-40.8172,12.8621,-35.8088,-36.3521,0.5432,17.528,-5808.5677,3996.1317,9804.6993,0.0,45217.8699,-41073.6708,14.1412,13.6842,0.9677,0.0,28.849,class2_2026_04_27_15_25_54.csv,train,background,,-1.0190986829054391,random
132.414,414,0.662942,-22.953,-23.5083,9.6589,-12.9552,-34.8402,21.8849,3.7375,-2593.536,-4160.5881,-1567.0521,-4887.1473,-1598.7533,-42236.6818,3.5044,13.5647,3.8707,0.0,33.846,class2_2026_04_27_16_03_03.csv,train,break,131.78,,positive
135.285,423,0.677316,-49.9,-34.6411,13.6609,-19.0593,-37.6041,18.5447,0.6655,-3482.3262,-863.0501,2619.2761,1203.7618,40945.1442,-44417.8842,8.4789,13.7636,1.6233,0.0,28.472,class1_2026_04_27_14_49_22.csv,train,background,,6.4914440652644,hard
183.784,575,0.92013,-49.9,-43.3484,12.2576,-43.3641,-34.6903,-8.6738,29.769,1313.1448,2531.0452,1217.9004,-0.0,45760.1912,-6661.442,12.2303,13.6665,1.1174,0.0,29.769,class2_2026_04_27_15_40_35.csv,train,background,,4.229250378869624,hard
134.009,419,0.670927,-23.008,-30.5709,13.7145,-17.6499,-39.1076,21.4577,2.729,-4438.8729,-3345.3325,1093.5404,46761.7586,46761.7586,-46761.7586,8.6876,13.5633,1.5612,0.0,31.243,class2_2026_04_27_15_26_06.csv,train,background,,11.322560386315313,hard
135.604,424,0.678913,-22.274,-40.4201,13.4256,-22.6502,-41.1407,18.4906,3.466,-5949.2678,765.0369,6714.3048,270.6309,43109.721,-43098.0763,12.6108,12.4069,0.9838,0.0,30.189,class1_2026_04_27_14_37_39.csv,train,background,,7.18479772367237,hard
135.285,423,0.677316,-20.034,-29.9996,14.0926,-19.8969,-39.5423,19.6454,2.586,-1899.5224,1317.73,3217.2524,-2573.6693,46452.9812,-46595.3517,7.7319,13.1475,1.7004,0.0,31.227,class2_2026_04_27_16_02_34.csv,train,background,,10.301084098396911,hard
133.052,416,0.666136,-18.611,-18.349,2.1095,-10.5793,-34.3221,23.7428,3.0485,-2573.4627,-6000.8279,-3427.3652,-4894.9828,-1401.2539,-4894.9828,4.1021,13.9896,3.4103,0.0,6.207,class3_2026_05_14_13_39_31.csv,train,break,133.37,,positive
129.223,404,0.646966,-15.514,-15.587,2.0861,-14.087,-37.9653,23.8783,3.5255,430.0011,-6328.5854,-6758.5865,-3658.3072,-2271.1599,-51382.4483,1.0307,15.0136,14.5661,0.0,6.377,class3_2026_05_14_13_18_12.csv,train,break,129.54,,positive
161.13,504,0.806711,-19.706,-34.7323,13.6298,-39.2543,-34.6362,-4.6181,30.194,-1367.8357,1501.8896,2869.7253,38634.8009,47326.0235,-47326.0235,13.3706,13.7296,1.0269,0.957,30.194,class2_2026_04_27_15_13_52.csv,train,background,,4.016677084642221,hard
135.285,423,0.677316,-22.094,-30.4307,11.1299,-19.1249,-34.3204,15.1954,2.5885,-4499.2512,1086.2222,5585.4734,-7506.2649,43583.0752,-43493.2376,8.683,12.9486,1.4913,0.0,30.263,class1_2026_04_27_14_46_48.csv,train,background,,4.2886312468299055,hard
127.628,399,0.63898,-7.813,-10.6562,2.772,-15.7089,-15.4966,-0.2124,8.632,1138.9792,-2886.3191,-4025.2983,578.3699,9384.0125,-2807.21,2.2166,4.546,2.0509,2.871,8.547,class2_2026_04_27_16_06_47.csv,train,connector,127.95,,positive
156.982,491,0.785944,-22.797,-37.1019,14.354,-32.9752,-37.5388,4.5636,9.2265,-1514.5395,955.2843,2469.8239,924.7649,47329.1567,-48253.9216,13.787,13.8632,1.0055,1.276,30.786,class2_2026_04_27_16_02_47.csv,train,background,,3.849839547619487,hard
134.328,420,0.672524,-49.9,-30.8696,13.487,-16.8356,-39.2596,22.4241,2.529,-4584.2087,-2388.1736,2196.0351,3910.6567,3910.6567,-47318.185,9.0561,13.374,1.4768,0.0,30.189,class1_2026_04_27_14_37_39.csv,train,background,,4.454402916907844,hard
134.009,419,0.670927,-49.9,-37.1562,14.2508,-19.4862,-36.0854,16.5993,0.9665,-4576.7773,-347.3556,4229.4217,15.6755,44537.6191,-44553.2947,11.3883,13.8444,1.2157,0.0,29.404,class2_2026_04_27_15_49_00.csv,train,background,,7.460802408843341,hard
127.628,399,0.63898,-1.228,-4.8132,4.2835,-13.5054,-8.7211,-4.7843,12.404,2066.1357,-2644.298,-4710.4337,749.2163,16829.1287,-2688.0878,3.9037,4.3004,1.1016,3.828,13.891,class3_2026_05_14_14_40_05.csv,train,connector,127.63,,positive
175.807,550,0.880192,-49.9,-37.4374,13.9696,-40.4579,-34.9269,-5.531,30.071,1046.0932,213.1654,-832.9278,0.0,47133.232,-40601.5298,13.367,13.5144,1.011,0.0,30.071,class2_2026_04_27_15_53_29.csv,train,background,,4.399586451115926,hard
127.628,399,0.63898,-6.351,-9.2088,2.8102,-14.2008,-13.728,-0.4728,8.647,1107.9304,-2569.1462,-3677.0767,594.0439,9515.674,-2782.1317,2.1962,4.0995,1.8666,2.871,8.645,class3_2026_04_27_16_18_40.csv,train,connector,127.95,,positive
127.628,399,0.63898,-7.948,-10.8482,2.9078,-16.0568,-15.504,-0.5528,8.9305,1083.6786,-2651.0462,-3734.7248,609.7179,9663.2323,-2811.9122,2.3166,4.3132,1.8619,2.871,9.102,class2_2026_04_27_16_08_20.csv,train,connector,127.63,,positive
116.46,364,0.583067,-14.659,-36.0534,15.6097,-30.4991,-34.1348,3.6358,8.6355,-1395.0479,1019.5002,2414.5481,6468.6536,55236.6803,-55236.6803,14.0598,15.8849,1.1298,0.957,35.241,class3_2026_05_14_13_11_09.csv,train,background,,11.354461416377088,hard
111.993,350,0.560702,-17.04,-16.5808,0.3535,-15.3116,-16.9464,1.6349,0.492,-475.6654,-110.7937,364.8716,996.8636,996.8636,-1081.5047,0.7144,0.3115,0.436,0.0,0.998,class2_2026_04_27_15_21_31.csv,train,bend,111.04,,positive
150.282,470,0.752399,-20.837,-30.7628,13.6015,-39.0015,-32.5725,-6.429,17.903,488.039,-4431.7215,-4919.7606,6119.1223,45553.2947,-48401.2571,13.6762,13.8842,1.0152,1.595,30.88,class2_2026_04_27_16_05_53.csv,train,background,,4.6002921401593495,hard
136.562,427,0.683709,-23.648,-30.7126,13.6333,-31.5014,-36.2876,4.7862,4.9915,-2649.9522,-1557.4832,1092.469,271.1614,46387.5804,-46874.6129,14.7742,13.7348,0.9297,0.0,30.528,class2_2026_04_27_15_44_29.csv,train,background,,2.6258099564848636,random
153.153,479,0.766773,-22.615,-30.8984,13.5574,-43.5304,-34.5131,-9.0174,31.731,5963.9208,-2223.8695,-8187.7903,-2813.4796,49735.1113,-42524.8254,11.9686,13.8025,1.1532,2.234,31.731,class3_2026_05_14_13_09_36.csv,train,background,,8.057669255159386,hard
135.924,425,0.680515,-49.9,-37.067,14.349,-25.9373,-37.4693,11.532,1.9975,-4537.7633,970.9695,5508.7328,-44860.9397,45399.6912,-44860.9397,13.0283,13.9092,1.0676,0.0,29.275,class2_2026_04_27_15_48_47.csv,train,background,,5.167367726952934,hard
127.628,399,0.63898,-8.12,-11.0284,2.9248,-16.1108,-16.9793,0.8686,8.637,1112.8549,-2504.4182,-3617.2732,551.7241,9746.0815,-2835.4232,2.2699,8.8214,3.8863,2.871,9.051,class2_2026_04_27_16_10_58.csv,train,connector,127.63,,positive
127.628,399,0.63898,-5.951,-8.8114,2.851,-13.9707,-13.4945,-0.4762,8.8165,1181.2073,-2706.5139,-3887.7211,579.9373,9523.511,-2800.9404,2.2721,4.3471,1.9133,2.871,8.816,class1_2026_04_27_14_38_15.csv,train,connector,127.63,,positive
137.519,430,0.6885,-19.024,-31.0733,13.3748,-24.2762,-38.1632,13.887,4.8995,-1623.3414,355.0081,1978.3495,-44528.2179,44028.2179,-48394.9875,9.4083,13.1863,1.4016,0.638,30.876,class1_2026_04_27_14_47_25.csv,train,background,,6.414943703597547,hard
141.667,443,0.709268,-49.9,-34.067,14.1684,-34.4283,-34.5871,0.1588,4.2565,803.337,-2918.1049,-3721.4419,0.0,46275.8668,0.0,13.8978,13.7606,0.9901,0.0,29.524,class2_2026_04_27_16_06_47.csv,train,background,,-0.2046212200604114,random
173.255,542,0.867416,-49.9,-38.1474,13.1576,-29.7079,-43.6585,13.9506,27.855,-1710.5651,4325.4833,6036.0484,-42136.3668,39358.9373,-42136.3668,12.6019,11.6985,0.9283,0.0,27.855,class3_2026_05_14_13_16_46.csv,train,background,,3.031553220072528,random
159.216,498,0.797128,-22.277,-38.5377,12.7559,-36.8884,-39.4725,2.5841,27.623,-1128.4504,-406.9199,721.5305,313.4796,43111.1861,-43296.2414,13.1843,13.1499,0.9974,1.277,27.623,class2_2026_04_27_15_48_47.csv,train,background,,-1.3318261610811861,random
137.838,431,0.690097,-26.0,-28.6557,11.4685,-32.7372,-36.7022,3.9649,6.385,-727.5894,-203.2147,524.3747,-1523.511,42507.8386,-44816.6191,13.8085,13.3052,0.9636,0.0,29.565,class2_2026_04_27_15_53_40.csv,train,background,,-1.2155554207274972,random
150.601,471,0.753997,-49.9,-31.9027,12.9406,-42.2461,-28.6974,-13.5487,7.3225,649.4167,1709.0341,1059.6174,-4699.058,48291.76,-42457.6834,12.3741,11.4777,0.9276,0.0,30.762,class2_2026_04_27_15_43_11.csv,train,background,,5.0722255586699285,hard
132.414,414,0.662942,-17.912,-17.8602,2.0627,-11.0536,-30.6062,19.5526,2.9195,-2593.7949,-4497.3791,-1903.5842,-1785.2665,-1785.2665,-4205.3292,3.5047,13.679,3.903,0.0,6.172,class1_2026_04_27_14_45_49.csv,train,break,131.78,,positive
134.966,422,0.675719,-21.896,-33.7926,14.4165,-18.1433,-36.3448,18.2015,1.6685,-3723.3302,766.2446,4489.5748,-47065.8339,47065.8339,-47065.8339,8.5946,13.5946,1.5818,0.0,30.028,class1_2026_04_27_14_47_36.csv,train,background,,9.14543075082193,hard
172.936,541,0.865819,-30.854,-29.5779,11.4157,-39.6661,-34.3323,-5.3338,30.056,6407.508,2599.4932,-3808.0149,-41402.8229,33380.8793,-47109.721,12.9178,13.9895,1.083,1.915,30.056,class1_2026_04_27_14_47_25.csv,train,background,,0.7471128856508235,random
185.698,581,0.929713,-49.9,-37.5416,13.8378,-34.9541,-37.1192,2.1651,17.5815,-2249.9542,-185.9457,2064.0085,-0.0,43605.0188,-46322.8856,13.4062,14.3227,1.0684,0.0,29.554,class2_2026_04_27_15_48_07.csv,train,background,,1.5406549438303498,random
86.787,271,0.434506,-49.9,-40.4374,13.4018,-37.6417,-39.3034,1.6617,30.146,6128.3425,4778.1386,-1350.2039,-43487.4624,43487.4624,-43487.4624,13.7695,13.3915,0.9725,0.0,30.146,class3_2026_05_14_13_21_46.csv,train,background,,1.5001465567246277,random
179.955,563,0.90096,-25.806,-37.8019,13.5959,-31.6706,-37.4342,5.7636,3.671,1226.1371,2289.6047,1063.4676,-0.0,45915.3621,-41774.2994,12.9668,13.9505,1.0759,0.0,29.294,class2_2026_04_27_15_58_37.csv,train,background,,1.9644762780005496,random
131.457,411,0.65815,-15.709,-15.5646,2.1525,-10.7882,-30.0738,19.2857,3.6035,-1393.2816,-7161.6496,-5768.368,-2916.9279,-2383.7784,-2916.9279,3.1226,14.1351,4.5267,0.0,6.394,class1_2026_04_27_14_43_57.csv,train,break,132.41,,positive
188.251,589,0.942494,-49.9,-40.7149,13.0685,-45.11,-36.5232,-8.5868,30.13,765.8372,-388.6384,-1154.4756,-9291.5361,47225.7085,-37934.1724,10.7193,13.4483,1.2546,0.0,30.13,class3_2026_05_14_12_59_21.csv,train,background,,5.204811827081244,hard
137.519,430,0.6885,-49.9,-43.8661,11.2978,-36.6304,-43.8458,7.2154,28.129,560.7111,3038.5842,2477.8731,-41028.2147,44089.3448,-41028.2147,13.3256,11.3463,0.8515,0.0,28.129,class3_2026_05_14_14_39_37.csv,train,background,,-1.1310287371768508,random
120.289,376,0.602237,-27.437,-41.4336,12.0486,-39.1814,-34.9638,-4.2176,28.159,-1288.2597,1385.6513,2673.911,0.0,35208.4671,-35208.4671,13.4499,13.4472,0.9998,0.638,28.159,class3_2026_05_14_12_55_08.csv,train,background,,-1.404011085867945,random
172.617,540,0.864221,-49.9,-34.4823,13.8344,-40.6479,-35.7352,-4.9127,29.566,4149.9969,-1357.1031,-5507.1,-40386.7026,44401.2555,-45247.652,13.1135,14.2033,1.0831,0.0,29.566,class3_2026_05_14_13_00_09.csv,train,background,,3.700019473714077,hard
152.515,477,0.763579,-20.608,-37.3447,14.1127,-39.0848,-36.0652,-3.0197,30.494,2805.2178,1696.0791,-1109.1387,-0.0,44750.7853,-45912.2288,13.5766,13.9682,1.0288,0.638,30.494,class2_2026_04_27_16_05_01.csv,train,background,,3.7569366280376353,hard
143.262,448,0.717253,-22.998,-31.3057,13.1896,-37.3661,-37.933,0.5669,30.395,3433.2272,-4412.5965,-7845.8237,1032.9169,42166.1489,-42166.1489,14.0726,13.4246,0.954,1.276,30.395,class3_2026_05_14_13_15_32.csv,train,background,,0.8839554973967861,random
155.706,487,0.779555,-49.9,-34.7458,13.6071,-33.5067,-31.8301,-1.6766,4.064,68.2776,201.0104,132.7328,-44305.6473,38401.2571,-45706.8997,13.1783,12.8941,0.9784,0.0,29.161,class3_2026_05_14_13_10_18.csv,train,background,,-2.108000586476017,random
35.736,111,0.178915,-10.603,-12.2663,1.2747,-14.0994,-13.7644,-0.3351,3.7455,416.4384,-702.2785,-1118.7169,-283.6991,4752.3511,-1833.8558,0.9116,1.0426,1.1437,2.233,3.996,class3_2026_05_14_14_36_30.csv,train,connector,35.74,,positive
127.628,399,0.63898,-4.583,-8.1086,4.135,-16.1388,-12.1658,-3.973,12.1435,1917.5875,-2645.6871,-4563.2746,678.6834,16135.7802,-2739.8119,3.63,4.3869,1.2085,3.509,13.398,class3_2026_05_14_13_39_31.csv,train,connector,127.63,,positive
175.488,549,0.878595,-49.9,-37.3047,14.1116,-36.0203,-37.5606,1.5403,29.979,1291.7686,-1564.5942,-2856.3628,-46989.0313,41075.2382,-46989.0313,13.9339,13.8417,0.9934,0.0,29.979,class2_2026_04_27_15_32_04.csv,train,background,,1.8895390878735283,random
131.776,412,0.659748,-18.636,-21.4044,10.3279,-12.4629,-32.3125,19.8496,3.184,-2095.1294,-2252.486,-157.3566,-2891.8495,-2602.3045,-49003.1379,3.239,14.0718,4.3445,0.0,35.246,class2_2026_04_27_15_23_37.csv,train,break,131.46,,positive
156.025,488,0.781152,-49.9,-40.6247,13.208,-36.6048,-40.9746,4.3698,29.771,52.2199,-812.819,-865.0388,0.0,0.0,-0.0,13.4314,12.7492,0.9492,0.0,29.771,class2_2026_04_27_15_53_40.csv,train,background,,-4.345907440966313,random
172.297,539,0.862619,-23.296,-31.1654,13.2829,-39.2885,-34.0847,-5.2038,19.72,4304.1325,2555.8444,-1748.2881,-2214.5341,41699.0627,-44126.9624,13.361,12.8554,0.9622,1.277,29.554,class1_2026_04_27_14_38_26.csv,train,background,,1.1977772483516218,random
143.581,449,0.71885,-20.578,-33.6467,14.5529,-34.4351,-40.6452,6.2101,30.523,3466.4647,-302.5126,-3768.9774,-47841.6944,45959.2524,-47841.6944,13.9084,13.11,0.9426,0.957,30.523,class3_2026_05_14_13_43_49.csv,train,background,,5.131088525779064,hard
131.138,410,0.656553,-17.447,-17.2261,2.3024,-13.0032,-29.0998,16.0966,3.6015,-685.3413,-7473.8897,-6788.5484,-2664.7817,-1838.558,-3885.5799,2.9721,13.0189,4.3804,0.0,6.662,class2_2026_04_27_16_01_09.csv,train,break,131.46,,positive
135.285,423,0.677316,-20.275,-27.6972,11.9087,-23.3221,-37.4027,14.0806,2.252,-3798.6838,-4173.4284,-374.7446,-612.8542,46838.5611,-44722.5721,12.319,13.9849,1.1352,1.277,29.883,class2_2026_04_27_15_54_27.csv,train,background,,5.337318043902264,hard
125.394,392,0.627796,-17.057,-16.431,0.6213,-15.8965,-12.6711,-3.2254,0.478,-362.4895,772.5719,1135.0613,200.627,322.8871,200.627,0.7542,3.1336,4.1551,0.0,2.291,class2_2026_04_27_15_17_19.csv,train,bend,121.88,,positive
98.592,308,0.493609,-11.748,-11.6211,2.0208,-12.5042,-16.2473,3.7432,6.2665,1573.385,-1096.9772,-2670.3622,-3027.3928,-2158.3072,-3027.3928,2.6015,1.5852,0.6093,0.0,6.323,class3_2026_05_14_13_39_31.csv,train,bend,101.78,,positive
71.152,222,0.356228,-28.792,-26.9547,8.8688,-14.9663,-31.1056,16.1393,2.358,-2800.3559,-497.3197,2303.0362,-12792.88,-407.5204,-33125.5935,3.8289,11.9637,3.1246,0.0,30.936,class3_2026_05_14_13_39_14.csv,train,break,69.56,,positive
162.087,507,0.811502,-49.9,-40.3622,13.496,-43.4173,-36.2393,-7.1781,29.671,25.5114,-809.2189,-834.7303,-0.0,46506.2727,-44514.0298,12.1296,13.7208,1.1312,0.0,29.671,class2_2026_04_27_16_10_45.csv,train,background,,4.528523780613564,hard
134.647,421,0.674121,-49.9,-34.9784,13.6025,-18.0439,-37.2961,19.2522,0.8405,-2617.241,1502.7098,4119.9508,14920.0611,14920.0611,-46045.4561,4.5306,14.1062,3.1135,0.0,29.377,class2_2026_04_27_15_32_35.csv,train,background,,4.295977688382907,hard
157.301,492,0.787541,-49.9,-40.1184,13.8342,-28.4922,-42.4007,13.9086,4.6235,-2365.3218,-2246.8983,118.4235,0.0,46377.7445,-46320.0286,11.5227,12.1221,1.052,0.0,29.589,class2_2026_04_27_15_16_41.csv,train,background,,4.98082232432022,hard
119.332,373,0.597446,-24.53,-29.7599,11.094,-33.5252,-39.9295,6.4043,19.862,50.533,224.3258,173.7928,-40045.4577,43473.3574,-40045.4577,13.171,12.6204,0.9582,1.914,29.794,class3_2026_05_14_13_15_21.csv,train,background,,0.33074872557051893,random
154.749,484,0.774764,-49.9,-40.4979,13.3192,-32.4554,-40.5358,8.0804,29.913,-684.0904,1439.6439,2123.7343,-44001.5705,43809.5273,-44001.5705,13.9461,13.2552,0.9505,0.0,29.913,class2_2026_04_27_15_24_13.csv,train,background,,4.291639758498284,hard
127.628,399,0.63898,-7.815,-10.6543,2.7522,-15.6542,-18.6671,3.0129,8.6355,1101.725,-2911.8411,-4013.5661,625.3918,9452.9781,-2769.5925,2.1876,11.7104,5.3531,2.871,8.413,class2_2026_04_27_15_58_04.csv,train,connector,127.63,,positive
151.239,473,0.757191,-27.524,-34.4877,13.9371,-41.9477,-37.0694,-4.8783,30.151,3110.6837,324.6701,-2786.0136,-44249.2179,44249.2179,-44249.2179,12.8331,14.3884,1.1212,1.276,30.151,class1_2026_04_27_14_49_08.csv,train,background,,4.486254764218285,hard
139.752,437,0.69968,-49.9,-37.9662,13.5095,-28.0627,-38.924,10.8613,4.3935,61.948,5606.4595,5544.5114,-44963.9545,34559.5643,-44963.9545,11.827,13.7929,1.1662,0.0,30.521,class2_2026_04_27_15_17_19.csv,train,background,,3.8670750136545955,hard
192.399,602,0.963262,-49.9,-32.0223,12.7856,-34.8567,-31.7494,-3.1073,5.4675,2313.1032,-175.3936,-2488.4968,-41518.8135,37380.8793,-44617.558,13.6124,13.0717,0.9603,0.0,29.353,class1_2026_04_27_14_45_04.csv,train,background,,-1.7725128888777553,random
178.998,560,0.896168,-25.447,-34.3547,13.9743,-40.5127,-31.2527,-9.26,17.158,919.8942,-548.6285,-1468.5227,2330.7241,44293.105,-47141.0705,13.2899,13.2215,0.9949,1.595,30.076,class2_2026_04_27_16_08_20.csv,train,background,,4.742185594097473,hard
136.881,428,0.685306,-19.886,-31.0052,13.4416,-18.7896,-35.4733,16.6837,0.8785,-4106.9077,39.1214,4146.0291,6463.9483,47043.8903,-47043.8903,8.3696,14.4493,1.7264,0.638,30.014,class3_2026_05_14_13_22_18.csv,train,background,,8.298388022950345,hard
126.99,397,0.635786,-13.886,-33.0466,16.2431,-29.0694,-31.7374,2.668,8.096,682.026,-1841.4674,-2523.4934,1231.9749,56192.6421,-56268.0282,15.4443,14.7117,0.9526,1.277,36.014,class3_2026_05_14_13_18_55.csv,train,background,,11.178755337703976,hard
131.776,412,0.659748,-18.646,-18.8391,2.4986,-13.1503,-30.9887,17.8383,3.429,-2034.7111,-3496.0808,-1461.3697,-5730.4075,-2216.7301,-5730.4075,3.2504,13.4054,4.1242,0.0,6.935,class2_2026_04_27_15_46_27.csv,train,break,131.14,,positive
187.294,586,0.937703,-23.399,-33.9618,14.2974,-40.4889,-34.5924,-5.8966,30.578,-857.7873,-2335.2427,-1477.4553,0.0,46332.5859,-43166.1458,13.3373,13.7586,1.0316,0.638,30.578,class1_2026_04_27_14_37_11.csv,train,background,,5.444094760994059,hard
130.18,407,0.651757,-13.896,-14.034,2.1857,-12.9838,-24.9152,11.9314,6.3455,1342.8985,-4718.0429,-6060.9414,-2963.9498,-2136.3636,-3594.047,3.4692,11.5137,3.3188,0.0,6.78,class2_2026_04_27_15_54_38.csv,train,background,,-33.05106140565993,random
142.943,447,0.715656,-49.9,-41.8021,11.4587,-37.6812,-39.8562,2.175,25.155,-1454.9084,-1567.0917,-112.1833,0.0,39427.9013,-37951.4138,13.6884,12.6332,0.9229,0.0,25.155,class2_2026_04_27_15_49_29.csv,train,background,,-5.983755354135757,random
33.821,105,0.169328,-14.549,-14.237,0.6589,-14.3708,-13.2669,-1.1038,1.8555,-35.4119,-115.5774,-80.1655,-56.4263,65.8307,-56.4263,0.0936,1.2192,13.0202,0.0,2.214,class3_2026_05_14_13_47_38.csv,train,connector,35.42,,positive
40.841,127,0.204474,-26.566,-25.8689,8.8113,-14.8247,-36.2647,21.44,0.556,-2726.516,-1863.223,863.293,-8677.1191,4299.373,-36573.6708,4.1997,13.7042,3.2631,0.0,30.087,class3_2026_05_14_13_11_57.csv,train,break,38.93,,positive
172.936,541,0.865819,-49.9,-34.4614,13.9043,-39.5996,-33.1839,-6.4156,20.2625,1662.6781,1726.1523,63.4742,-5896.5533,43009.1547,-5896.5533,13.0657,13.4601,1.0302,0.0,30.351,class2_2026_04_27_15_34_30.csv,train,background,,3.772675851224961,hard
150.282,470,0.752399,-18.955,-33.8413,14.4335,-40.679,-28.3605,-12.3185,6.748,-1713.9107,801.4566,2515.3673,0.0,39600.4319,-3639.4984,13.094,11.7916,0.9005,0.638,30.945,class1_2026_04_27_14_37_00.csv,train,background,,4.836427128422017,hard
101.464,317,0.507988,-19.453,-22.559,9.9571,-12.4289,-31.5259,19.0969,2.921,-2521.8063,-836.1413,1685.6649,-7661.4436,-2043.8856,-47722.5752,3.2884,13.1993,4.0138,0.0,34.049,class3_2026_05_14_14_40_43.csv,train,break,101.46,,positive
130.818,409,0.654951,-20.036,-22.3804,9.8837,-14.6398,-35.8457,21.2059,2.5705,-950.3426,-1231.7734,-281.4308,-1805.6078,-1805.6078,-47536.0517,1.8582,14.1148,7.5961,0.0,33.415,class3_2026_05_14_13_16_20.csv,train,break,130.18,,positive
120.927,378,0.605431,-49.9,-32.7686,15.4718,-32.8279,-29.1979,-3.63,7.3475,1229.5266,3702.0242,2472.4975,-46899.6881,46899.6881,-54790.7161,15.4167,15.244,0.9888,0.0,35.109,class3_2026_05_14_13_11_09.csv,train,background,,9.309826853905863,hard
134.966,422,0.675719,-49.9,-31.4031,13.1049,-19.8363,-34.3733,14.537,0.0445,-3978.0847,-4196.0104,-217.9257,43996.8683,43996.8683,-43790.4859,8.0197,13.9493,1.7394,0.0,28.49,class2_2026_04_27_15_57_16.csv,train,background,,4.640991788610504,hard
127.628,399,0.63898,-5.91,-8.801,2.8957,-13.933,-13.4468,-0.4862,8.8685,1147.5282,-2616.7712,-3764.2995,594.0439,9680.2508,-2750.7837,2.2597,4.3833,1.9398,2.871,8.936,class1_2026_04_27_14_45_10.csv,train,connector,127.63,,positive
124.756,390,0.624601,-24.941,-34.7314,13.6413,-28.0243,-42.8464,14.8221,8.463,-942.8753,1304.1401,2247.0154,-42026.6489,39120.6928,-42026.6489,11.8315,11.4655,0.9691,0.0,30.377,class3_2026_05_14_13_22_06.csv,train,background,,4.67624465280918,hard
136.562,427,0.683709,-21.255,-31.231,13.2186,-22.4116,-37.6038,15.1922,2.0485,-3637.8611,-295.0847,3342.7764,492.1646,42980.5603,-44898.1238,10.0554,13.7541,1.3678,0.638,29.507,class1_2026_04_27_14_37_22.csv,train,background,,5.819531827523277,hard
105.293,329,0.527158,-49.9,-37.4957,13.9076,-27.8561,-37.9379,10.0818,3.976,-5147.0971,945.214,6092.3111,0.0,46380.8809,-40001.5705,13.9033,13.4393,0.9666,0.0,29.591,class3_2026_05_14_14_34_08.csv,train,background,,4.256713692181247,hard
133.052,416,0.666136,-49.9,-30.1646,14.0541,-13.6627,-36.4246,22.7618,2.1795,-2494.4222,6.8328,2501.255,-6962.3809,1137.931,-45152.0408,4.0201,13.5305,3.3657,0.0,31.766,class2_2026_04_27_15_25_04.csv,train,background,,6.26072427108747,hard
178.041,557,0.891377,-49.9,-37.356,14.0669,-37.5803,-40.7042,3.1238,29.433,1418.7146,4862.371,3443.6564,-46133.2335,45551.7288,-46133.2335,13.831,13.0481,0.9434,0.0,29.433,class3_2026_05_14_12_55_25.csv,train,background,,2.029280273238611,random
127.628,399,0.63898,-7.701,-10.5019,2.6934,-15.5346,-15.5079,-0.0267,8.626,1139.154,-2633.0117,-3772.1658,539.185,9434.1693,-2702.1944,2.217,4.714,2.1262,2.871,8.195,class2_2026_04_27_16_07_48.csv,train,connector,127.63,,positive
158.577,496,0.793929,-23.823,-39.2529,12.2075,-36.8668,-39.5848,2.718,27.472,2213.0531,-2375.7292,-4588.7823,-42871.4952,43059.5658,-42871.4952,13.401,13.1896,0.9842,0.958,27.472,class2_2026_04_27_16_10_06.csv,train,background,,-1.8238139290712634,random
133.371,417,0.667733,-21.441,-33.8523,14.371,-16.4342,-41.1825,24.7483,2.3315,-4934.3074,1188.5739,6122.8813,0.0,409.0909,-43445.1458,9.1218,12.443,1.3641,0.0,30.508,class2_2026_04_27_16_01_41.csv,train,background,,5.285029035594608,hard
133.371,417,0.667733,-49.9,-37.3161,14.1102,-15.0468,-37.6292,22.5824,1.411,-2779.4774,3038.5071,5817.9845,-45159.8793,6639.4984,-45159.8793,4.6873,13.8148,2.9473,0.0,30.69,class2_2026_04_27_15_23_09.csv,train,background,,6.183784914717258,hard
103.378,323,0.517571,-22.226,-34.1203,14.1232,-43.9367,-35.5761,-8.3606,29.453,1013.7506,-2406.5996,-3420.3502,271.1011,44788.4028,169.0608,11.2195,14.3589,1.2798,0.639,29.453,class3_2026_05_14_13_11_57.csv,train,background,,5.70441846555957,hard
133.371,417,0.667733,-49.9,-31.0716,13.398,-15.5683,-35.7001,20.1317,0.584,-2493.9099,922.1019,3416.0118,170.8448,170.8448,-39382.4483,4.2093,14.279,3.3923,0.0,30.624,class2_2026_04_27_15_38_53.csv,train,background,,3.7921014102331325,hard
130.499,408,0.653354,-15.301,-15.3259,2.2502,-13.1051,-25.2337,12.1287,5.3125,820.1114,-2320.6669,-3140.7784,-3525.0784,-1956.1129,-3742.3795,3.2836,11.2563,3.428,0.0,6.995,class2_2026_04_27_15_20_55.csv,train,break,130.82,,positive
164.321,514,0.822687,-23.958,-31.8572,12.8272,-33.1699,-38.4399,5.27,7.311,-3317.7797,735.2215,4053.0012,-4326.0188,44333.208,-40661.4451,13.4197,12.9358,0.9639,1.276,29.126,class2_2026_04_27_16_07_33.csv,train,background,,0.092847176410498,random
149.963,469,0.750802,-20.446,-31.992,12.876,-42.4342,-30.0866,-12.3477,18.6435,-708.614,-4289.4718,-3580.8578,-1083.0721,45961.0159,-9105.0157,12.0601,12.4466,1.032,2.872,29.807,class2_2026_04_27_15_46_41.csv,train,background,,4.8013970363051,hard
134.009,419,0.670927,-49.9,-27.9519,11.7409,-19.7152,-34.4136,14.6984,1.049,-3792.5418,-1552.0338,2240.508,-492.1614,43771.1614,-44210.0345,8.9452,13.8837,1.5521,0.0,29.183,class2_2026_04_27_15_31_19.csv,train,background,,4.260800735481095,hard
155.706,487,0.779555,-23.43,-37.0426,14.4173,-35.8724,-39.1016,3.2292,30.683,-1458.6239,-2172.9015,-714.2776,-0.0,48092.4812,-44503.1379,14.0752,13.5783,0.9647,0.638,30.683,class2_2026_04_27_15_59_21.csv,train,background,,4.419824586924434,hard
152.196,476,0.761982,-49.9,-35.1939,13.4115,-43.9037,-32.3694,-11.5343,29.41,3349.769,-2902.9024,-6252.6713,45379.3135,46097.1818,-45379.3135,11.2865,12.612,1.1174,0.0,29.41,class2_2026_04_27_15_54_02.csv,train,background,,5.327986774612149,hard
147.091,460,0.736423,-49.9,-37.1163,14.3112,-38.9258,-33.0811,-5.8447,18.035,-1048.3433,4028.6983,5077.0416,0.0,45481.1959,-47724.1411,13.7715,13.4906,0.9796,0.0,30.448,class3_2026_05_14_14_34_08.csv,train,background,,4.130521397423099,hard
144.538,452,0.723642,-22.089,-34.4296,13.8516,-36.4797,-44.1408,7.6611,29.39,1871.0623,-2858.3894,-4729.4518,0.0,42166.1489,-46065.8339,13.4504,10.8266,0.8049,0.638,29.39,class1_2026_04_27_14_37_39.csv,train,background,,1.6482804621683482,random
131.776,412,0.659748,-18.286,-18.7679,2.5542,-12.8663,-33.1172,20.2509,3.043,-2099.4296,-6429.5204,-4330.0908,-2304.0752,-2098.112,-7407.5235,3.1692,13.5039,4.2609,0.0,7.706,class2_2026_04_27_15_31_49.csv,train,break,131.78,,positive
135.285,423,0.677316,-49.9,-37.4591,13.95,-20.3213,-34.8972,14.5758,0.9335,-5377.5529,680.5932,6058.1461,0.0,44692.7931,-44467.0862,10.9429,13.4822,1.232,0.0,29.706,class1_2026_04_27_14_39_05.csv,train,background,,6.211398390775815,hard
74.343,232,0.372204,-20.768,-29.0482,15.0264,-27.6547,-34.9311,7.2764,8.8385,-510.2353,859.1924,1369.4277,7335.4232,51442.0094,-46984.3292,14.0633,15.2521,1.0845,0.0,35.223,class3_2026_05_14_13_11_09.csv,train,background,,11.600938715692958,hard
152.515,477,0.763579,-24.52,-32.4744,12.4368,-38.0084,-35.4199,-2.5885,19.581,254.3364,-1308.8003,-1563.1367,597.1771,44217.873,-41451.4138,13.3234,13.2386,0.9936,1.595,28.485,class3_2026_05_14_13_19_26.csv,train,background,,-1.078857409590982,random
131.138,410,0.656553,-16.683,-16.9109,2.264,-12.8818,-22.9316,10.0498,4.0155,-635.4788,-1001.8712,-366.3923,-2379.0957,-2087.7743,-3992.1614,3.1891,6.7579,2.1191,0.0,6.86,class2_2026_04_27_15_53_51.csv,train,break,131.78,,positive
124.437,389,0.623004,-14.868,-14.8382,0.0698,-14.7897,-10.9225,-3.8672,0.0495,-13.1394,2104.2763,2117.4157,-134.7962,53.2915,-134.7962,0.0884,3.2958,37.2785,0.0,0.248,class1_2026_04_27_14_48_51.csv,train,background,,-52.613793097693105,random
131.138,410,0.656553,-14.653,-14.5841,2.0593,-10.7987,-26.2063,15.4077,3.817,-579.7059,-5103.8975,-4524.1916,-2078.1889,-2057.9937,-2979.6254,3.169,12.8372,4.0509,0.0,5.896,class1_2026_04_27_14_48_13.csv,train,break,131.78,,positive
149.324,467,0.747603,-24.067,-35.4481,12.998,-39.0191,-36.5115,-2.5076,28.74,-227.5102,-3239.6976,-3012.1874,-5138.0529,42863.6411,-37716.3041,13.6701,13.4749,0.9857,1.596,28.74,class2_2026_04_27_16_05_29.csv,train,background,,0.18187955553586177,random
139.752,437,0.69968,-49.9,-40.2907,13.6004,-31.2951,-40.908,9.6129,17.917,2640.1142,2191.1724,-448.9418,-47239.815,47239.815,-47239.815,13.2302,12.7578,0.9643,0.0,30.139,class2_2026_04_27_15_36_45.csv,train,background,,4.738692126685502,hard
42.436,132,0.212459,-21.584,-31.4963,13.0389,-25.9603,-37.7122,11.7519,2.0655,-7748.3552,-5676.6988,2071.6564,-2504.7022,45625.395,-41094.7817,15.1147,13.6455,0.9028,0.957,29.109,class3_2026_04_27_16_18_11.csv,train,background,,3.889781097040349,hard
186.017,582,0.93131,-49.9,-49.9,0.0,-36.2568,-37.3993,1.1424,0.0,-135.729,4402.441,4538.17,0.0,0.0,-0.0,13.7526,13.9923,1.0174,0.0,0.0,class2_2026_04_27_15_12_38.csv,train,background,,-44.968660014834526,random
127.628,399,0.63898,-9.564,-12.3548,2.6733,-17.6106,-19.8312,2.2206,8.6235,1134.0185,-2627.4425,-3761.461,612.8527,9336.9922,-2860.5016,2.4231,11.1735,4.6113,2.871,8.118,class2_2026_04_27_15_49_43.csv,train,connector,127.63,,positive
147.41,461,0.73802,-49.9,-40.0372,13.9606,-35.0237,-40.7066,5.6828,30.322,-1161.2112,1478.9124,2640.1235,28.2163,44105.0188,-47526.6505,13.4476,13.0516,0.9706,0.0,30.322,class2_2026_04_27_15_32_04.csv,train,background,,3.890958299049961,hard
133.69,418,0.66933,-19.292,-23.5958,9.6085,-13.1732,-31.6778,18.5046,2.1865,-2516.9555,-2960.1149,-443.1594,-2446.71,755.4859,-47974.9248,4.2203,12.9729,3.074,0.0,32.203,class3_2026_05_14_13_47_50.csv,train,break,133.05,,positive
133.371,417,0.667733,-27.207,-34.6998,13.7278,-17.1249,-33.3686,16.2437,1.9265,-4398.9448,5076.0912,9475.036,-2327.5878,35568.9671,-43302.5094,8.8758,13.2513,1.493,0.0,30.118,class2_2026_04_27_15_51_19.csv,train,background,,5.826012008878572,hard
134.009,419,0.670927,-21.999,-26.8427,12.3924,-15.8023,-37.9977,22.1954,1.539,-4731.6488,-3981.4501,750.1987,0.0,0.0,-3700.627,9.1311,13.376,1.4649,0.0,31.064,class1_2026_04_27_14_49_44.csv,train,background,,3.675638111782609,hard
110.079,344,0.55112,-49.9,-37.9289,13.4402,-24.7138,-40.9899,16.2761,3.613,-2712.2333,818.8272,3531.0604,-46360.5031,46360.5031,-46360.5031,9.1723,12.6871,1.3832,0.0,29.578,class3_2026_05_14_13_22_06.csv,train,background,,6.245930077091889,hard
131.138,410,0.656553,-49.9,-33.4198,14.777,-27.7835,-40.6482,12.8647,18.946,1379.5106,161.7348,-1217.7758,43623.023,43623.023,-45299.3746,15.7345,13.1006,0.8326,0.0,31.766,class3_2026_05_14_13_10_59.csv,train,background,,8.644577313955754,hard
164.959,516,0.825881,-19.624,-33.899,14.38,-37.8658,-35.7028,-2.1631,30.413,-848.0841,-332.8702,515.2139,-628.5266,47669.2821,-47040.7555,13.5184,14.2167,1.0517,1.595,30.413,class2_2026_04_27_16_05_17.csv,train,background,,4.091028631273663,hard
132.095,413,0.661345,-22.667,-24.8651,10.3517,-13.0844,-35.0774,21.993,2.5255,-2440.6037,1265.6447,3706.2484,-18217.8699,-1141.3551,-42684.9561,3.3431,13.5991,4.0678,0.0,33.374,class2_2026_04_27_15_21_13.csv,train,background,,4.523971690147048,hard
158.577,496,0.793929,-49.9,-40.6351,13.1459,-34.5792,-35.0348,0.4556,5.0855,-634.3088,2869.564,3503.8728,0.0,47219.4389,-40137.9342,13.7646,13.3367,0.9689,0.0,30.126,class2_2026_04_27_15_53_18.csv,train,background,,-0.49057293802274204,random
158.577,496,0.793929,-23.982,-37.1403,14.307,-30.0242,-38.7952,8.7711,5.0665,1761.9373,3045.6403,1283.703,-46263.9294,40623.8276,-46263.9294,12.4716,13.9574,1.1191,0.0,29.973,class3_2026_05_14_12_53_50.csv,train,background,,3.997392492583327,hard
166.235,520,0.832269,-19.815,-34.461,13.9033,-42.1209,-34.5381,-7.5828,30.085,-2066.1296,-2026.0254,40.1042,-8062.6975,47155.174,-42731.9796,12.5563,13.7914,1.0984,1.914,30.085,class3_2026_05_14_14_35_39.csv,train,background,,5.615252924891624,hard
123.799,387,0.61981,-17.647,-17.3558,0.3254,-15.9591,-14.1057,-1.8534,-1.072,-802.9505,2282.4251,3085.3756,36.0486,512.5392,-1525.0768,1.193,3.4391,2.8828,0.0,0.86,class2_2026_04_27_15_13_34.csv,train,bend,121.25,,positive
116.779,365,0.584664,-49.9,-43.6921,11.6235,-32.2118,-38.1764,5.9646,5.7125,-1038.5479,3633.0956,4671.6435,-45357.3699,45357.3699,-45357.3699,12.7633,13.2226,1.036,0.0,28.938,class3_2026_05_14_13_19_26.csv,train,background,,-0.4069985643168321,random
127.628,399,0.63898,-5.937,-8.8268,2.8901,-13.9338,-13.5322,-0.4016,8.83,1122.1204,-2705.6055,-3827.7259,567.3981,9648.9028,-2750.7837,2.2586,4.3474,1.9248,2.871,8.938,class1_2026_04_27_14_39_05.csv,train,connector,127.95,,positive
185.698,581,0.929713,-49.9,-30.7589,13.5476,-29.1107,-40.7766,11.6659,6.805,2162.8054,-2581.9127,-4744.7181,-42805.6458,44816.6191,-46362.0737,11.284,12.9603,1.1486,0.0,29.579,class3_2026_05_14_12_55_08.csv,train,background,,4.291806224367741,hard
179.317,561,0.897766,-49.9,-40.9953,12.6162,-33.5916,-40.9923,7.4007,28.129,-4228.5631,-678.7272,3549.8359,-42421.6348,44089.3448,-42421.6348,13.3945,12.6784,0.9465,0.0,28.129,class2_2026_04_27_15_17_19.csv,train,background,,1.1618715870185516,random
141.348,442,0.707671,-49.9,-38.0387,13.3812,-34.5802,-39.4149,4.8347,29.508,817.919,-867.0581,-1684.9771,4115.9875,42134.7994,-35009.4091,13.7352,13.2344,0.9635,0.0,29.508,class2_2026_04_27_15_26_18.csv,train,background,,2.085836330883134,random
147.41,461,0.73802,-22.977,-37.3403,14.0558,-32.7565,-38.7857,6.0292,17.8035,-3986.9394,4711.2546,8698.194,-0.0,46275.8668,-44659.8777,13.7439,13.9743,1.0168,0.638,29.524,class2_2026_04_27_15_41_42.csv,train,background,,3.675837358772626,hard
132.733,415,0.664539,-20.475,-26.5241,12.5366,-13.6652,-37.0783,23.4131,1.169,-2742.9854,305.7373,3048.7227,854.232,854.232,-46120.6928,3.9961,14.3795,3.5984,0.0,31.945,class2_2026_04_27_15_50_20.csv,train,background,,6.175291023317833,hard
129.542,405,0.648563,-13.834,-13.6242,2.1915,-14.6397,-27.7819,13.1422,7.435,2049.8923,-6835.0185,-8884.9108,-2730.4075,-2246.0815,-2794.6724,3.6317,13.9726,3.8473,3.19,6.648,class2_2026_04_27_15_30_46.csv,train,break,130.82,,positive
141.667,443,0.709268,-49.9,-40.0322,13.9598,-44.9934,-34.1299,-10.8635,30.055,942.5546,-2840.7136,-3783.2683,0.0,45010.9734,-47108.1552,10.9743,14.1375,1.2882,0.0,30.055,class2_2026_04_27_15_39_15.csv,train,background,,7.246239185665004,hard
127.628,399,0.63898,-8.061,-10.9958,2.9676,-16.0117,-15.4378,-0.5738,8.731,1119.4349,-2675.5059,-3794.9408,556.4263,10028.8172,-2774.2947,2.2509,4.0944,1.819,2.871,9.33,class2_2026_04_27_16_02_47.csv,train,connector,127.63,,positive
134.328,420,0.672649,-49.9,-30.6447,13.6361,-16.485,-41.9496,25.4646,1.177,-2157.7007,-4061.7551,-1904.0543,-43231.9765,-78.3699,-43916.9295,3.9533,12.8307,3.2456,0.0,30.043,class2_2026_04_27_15_25_18.csv,train,background,,4.836982862347439,hard
135.285,423,0.677316,-49.9,-37.9266,13.5038,-24.7101,-40.6777,15.9676,4.025,-5859.4916,4.0592,5863.5508,6931.0361,39503.1364,-46216.6258,11.6961,13.08,1.1183,0.0,29.625,class2_2026_04_27_16_05_29.csv,train,background,,5.5950298456813945,hard
179.317,561,0.897766,-22.898,-32.4672,12.4325,-37.7585,-37.5932,-0.1653,29.468,-93.6351,-3455.4126,-3361.7776,39048.5925,40650.4734,-42322.8856,13.6462,13.8067,1.0118,0.957,29.468,class2_2026_04_27_15_15_26.csv,train,background,,-0.7179067360125437,random
176.764,553,0.884984,-49.9,-34.8944,13.4632,-43.8769,-33.2032,-10.6737,28.556,95.6025,-2815.4184,-2911.0209,-0.0,42796.2398,-4360.5,11.284,13.4424,1.1913,0.0,28.556,class1_2026_04_27_14_46_41.csv,train,background,,4.352867580663235,hard
135.924,425,0.680515,-20.699,-27.9561,11.8166,-18.6628,-35.1127,16.4498,0.622,-3651.7242,-2355.7269,1295.9973,-7723.5176,45846.083,-38830.7257,8.2652,13.3213,1.6117,0.0,29.697,class3_2026_05_14_13_47_19.csv,train,background,,5.436077710035146,hard
189.527,593,0.948883,-23.103,-34.0396,14.2121,-43.9644,-37.7034,-6.2609,29.688,3771.8869,-1166.0164,-4937.9033,-31.348,46026.6489,-45995.3009,11.1309,13.7178,1.2324,1.595,29.688,class3_2026_05_14_13_09_36.csv,train,background,,4.591586090402907,hard
150.92,472,0.755594,-24.396,-27.8909,11.8653,-41.8836,-33.0612,-8.8223,30.153,415.7706,-3005.7277,-3421.4983,-3771.1599,46670.848,-14362.069,12.9325,13.5669,1.0491,3.19,30.153,class1_2026_04_27_14_38_26.csv,train,background,,4.4148310563499935,hard
127.628,399,0.63898,-8.484,-11.3596,2.8646,-16.4586,-19.1361,2.6775,8.7555,1139.025,-2732.7236,-3871.7487,570.5329,9426.3323,-2700.627,2.2582,11.508,5.0962,2.871,8.922,class2_2026_04_27_15_51_44.csv,train,connector,127.63,,positive
40.203,125,0.20128,-49.9,-33.6676,14.5964,-15.9561,-37.6561,21.7,2.871,-5093.3711,1336.5865,6429.9576,0.0,0.0,0.0,8.8789,13.7294,1.5463,0.0,32.076,class3_2026_05_14_12_57_24.csv,train,connector,35.74,,positive
35.736,111,0.178915,-10.127,-11.9828,1.3806,-14.0373,-14.8393,0.802,4.3215,532.5804,-1260.602,-1793.1824,-362.069,5065.8307,-2228.8401,1.0552,1.8387,1.7425,2.233,4.298,class3_2026_05_14_13_42_54.csv,train,connector,35.74,,positive
135.924,425,0.680515,-49.9,-34.9209,13.5275,-39.7319,-33.9114,-5.8205,29.767,1527.4632,-1129.1869,-2656.6501,0.0,41938.8746,-44412.2273,12.8448,14.3647,1.1183,0.0,29.767,class3_2026_05_22_11_05_50.csv,train,background,,3.8989275479728374,hard
134.647,421,0.674121,-49.9,-34.091,14.1762,-23.4358,-32.9473,9.5115,1.528,-4306.6704,-1487.2428,2819.4276,-733.5439,46054.8621,-2837.7813,12.2171,13.6209,1.1149,0.0,29.712,class2_2026_04_27_15_12_38.csv,train,background,,4.251923122318555,hard
132.733,415,0.664539,-19.768,-26.8082,12.4103,-15.0991,-31.5608,16.4618,2.4605,-5079.249,-727.5894,4351.6597,42873.0423,42873.0423,-42873.0423,9.1997,13.1079,1.4248,0.0,31.978,class2_2026_04_27_15_53_40.csv,train,background,,7.552515098488445,hard
76.577,239,0.383389,-16.316,-16.5508,0.3742,-16.5308,-16.6033,0.0726,0.7085,-44.5324,20.5935,65.1259,-384.0141,1051.7257,-384.0141,0.3319,0.2782,0.8383,0.0,1.296,class3_2026_05_14_13_33_21.csv,train,background,,-55.703278051108725,random
150.282,470,0.752399,-28.827,-35.308,13.2802,-40.5428,-32.9083,-7.6345,30.49,-1897.5626,-57.3747,1840.1879,4904.3887,42952.6967,-33029.7837,13.2437,13.6329,1.0294,1.276,30.49,class2_2026_04_27_15_46_14.csv,train,background,,4.823207345477478,hard
129.223,404,0.646966,-12.15,-12.1244,2.2172,-12.8153,-21.0159,8.2006,6.1245,1543.3168,-2288.1234,-3831.4402,-3357.3668,-2048.5893,-3357.3668,2.5156,7.8632,3.1258,0.0,7.022,class2_2026_04_27_15_22_05.csv,train,break,130.5,,positive
162.087,507,0.811502,-49.9,-40.6328,13.1071,-36.5118,-37.5263,1.0146,28.166,-2509.4509,2741.8725,5251.3234,-0.0,44147.3401,-43416.3275,13.5206,13.8864,1.0271,0.0,28.166,class2_2026_04_27_15_47_51.csv,train,background,,-0.5014699650093053,random
127.628,399,0.63898,-7.877,-10.7344,2.8207,-15.6564,-16.8108,1.1544,8.5135,1104.3672,-2567.6981,-3672.0653,609.7179,9239.8119,-2818.1818,2.1811,8.8868,4.0744,2.871,8.807,class2_2026_04_27_15_57_48.csv,train,connector,127.63,,positive
133.69,418,0.66933,-18.445,-18.719,1.944,-11.182,-29.7976,18.6156,2.6535,-2554.8923,-1918.2118,636.6805,-5186.5204,-1631.6614,-44741.3824,4.2797,12.6487,2.9555,0.0,5.517,class3_2026_05_14_13_33_21.csv,train,break,133.69,,positive
187.294,586,0.937703,-49.9,-33.6472,14.5567,-37.9168,-36.1637,-1.7531,30.862,2615.2095,-2523.6028,-5138.8123,-44473.3589,46870.1247,-44473.3589,13.5486,13.7989,1.0185,0.0,30.862,class2_2026_04_27_15_24_51.csv,train,background,,4.00151006781533,hard
132.733,415,0.664539,-20.732,-23.4734,9.5024,-13.1774,-34.6609,21.4834,2.4155,-2606.8408,-1969.3767,637.4641,-2894.9843,-1565.8307,-45717.8715,3.8249,13.7308,3.5899,0.0,32.333,class2_2026_04_27_16_06_07.csv,train,break,131.78,,positive
132.414,414,0.662942,-18.814,-29.0976,14.7613,-13.0781,-39.4916,26.4135,3.133,-2656.7194,1115.7375,3772.4569,-48255.4875,1401.2555,-48724.1426,3.5938,13.2093,3.6755,0.0,33.572,class2_2026_04_27_15_23_25.csv,train,background,,10.120409583047289,hard
60.623,189,0.303514,-49.9,-32.4566,12.5782,-35.6366,-34.9236,-0.713,7.58,7188.0673,-1452.8221,-8640.8893,-7641.0658,16797.8041,-45822.3843,12.9454,13.5091,1.0435,0.0,30.043,class3_2026_04_27_16_18_00.csv,train,background,,-4.8413770258897175,random
151.877,475,0.760385,-28.512,-34.6438,13.8489,-38.846,-34.4992,-4.3468,30.058,3131.6184,-503.1379,-3634.7563,-0.0,47112.8574,-33523.5157,13.8762,13.8552,0.9985,0.638,30.058,class2_2026_04_27_15_14_43.csv,train,background,,4.000496259599527,hard
126.351,395,0.632587,-20.218,-31.0222,13.4223,-25.5431,-45.2423,19.6992,17.7795,-430.7937,-2661.5235,-2230.7297,2572.1326,46523.5141,-46589.3264,11.0502,10.4253,0.9435,1.277,30.321,class3_2026_05_14_12_56_35.csv,train,background,,7.601620888114068,hard
130.818,409,0.654951,-16.696,-16.5609,2.0884,-13.4844,-33.2228,19.7384,4.1275,108.6335,-7450.5153,-7559.1488,-2243.1619,-2216.3009,-2949.8433,3.1929,14.9578,4.6848,0.0,5.864,class2_2026_04_27_15_34_30.csv,train,break,131.14,,positive
167.192,523,0.837061,-49.9,-37.1091,14.3098,-39.2667,-34.2737,-4.993,29.806,-1329.565,-1025.5869,303.9781,1199.0596,44496.8683,-3534.4812,13.3473,14.012,1.0498,0.0,29.806,class2_2026_04_27_16_02_06.csv,train,background,,4.2028349123370115,hard
134.966,422,0.675719,-24.261,-27.6449,12.0046,-21.3112,-37.8603,16.5491,3.202,-2866.2125,-1057.6947,1808.5178,-40973.3558,46227.2759,-46921.1144,10.593,13.5134,1.2757,0.0,30.347,class2_2026_04_27_15_34_05.csv,train,background,,6.628464632098633,hard
150.282,470,0.752399,-20.244,-33.3487,14.812,-36.3347,-30.8587,-5.476,4.976,-2009.7915,-2907.7757,-897.9842,2873.0376,46482.7633,-46482.7633,13.6656,13.5613,0.9924,1.276,30.61,class3_2026_04_27_16_18_51.csv,train,background,,3.8382313477539305,hard
171.978,538,0.861022,-21.874,-32.0729,12.6506,-35.0634,-37.9383,2.8749,17.9205,2442.4312,-3757.4649,-6199.8961,43589.3448,43927.9013,-43724.2126,13.4082,13.424,1.0012,0.958,28.026,class3_2026_05_14_13_43_30.csv,train,background,,-1.184057239607652,random
137.2,429,0.686903,-19.777,-34.6546,13.7401,-27.3127,-40.7768,13.4641,4.031,-3684.6747,-130.1682,3554.5065,-8587.7743,47214.7367,-47214.7367,12.1492,12.9516,1.066,0.957,30.123,class2_2026_04_27_15_57_16.csv,train,background,,5.981952516795176,hard
162.087,507,0.811502,-49.9,-41.146,12.5261,-42.2373,-35.0637,-7.1736,29.902,2268.5022,6602.5806,4334.0784,-0.0,46868.3433,-34174.5645,12.3751,13.4309,1.0853,0.0,29.902,class2_2026_04_27_15_51_31.csv,train,background,,3.786342545907489,hard
127.628,399,0.63898,-5.927,-8.782,2.8017,-13.9444,-13.6022,-0.3423,8.8495,1167.2388,-2639.2294,-3806.4682,568.9655,9456.1129,-2703.7618,2.2698,4.5613,2.0096,2.871,8.648,class1_2026_04_27_14_39_22.csv,train,connector,127.63,,positive
131.138,410,0.656553,-16.131,-16.3189,2.0894,-12.4398,-28.0964,15.6567,3.9095,-632.8331,-4028.0176,-3395.1845,-2884.68,-1961.6076,-2884.68,3.0856,12.0904,3.9183,0.0,6.102,class2_2026_04_27_15_59_35.csv,train,break,132.09,,positive
127.628,399,0.63898,-8.093,-10.9628,2.8101,-16.0471,-18.8944,2.8473,8.6265,1188.4096,-5014.107,-6202.5166,645.768,9579.9373,-2703.7618,2.2415,11.6527,5.1987,2.871,8.611,class2_2026_04_27_15_44_29.csv,train,connector,127.63,,positive
179.955,563,0.90096,-24.642,-31.8933,12.8451,-40.7777,-34.5831,-6.1946,30.764,2490.6858,-2494.5969,-4985.2827,4169.279,39589.3448,-41700.6301,12.9434,13.7736,1.0641,1.276,30.764,class2_2026_04_27_15_51_44.csv,train,background,,3.692307388195166,hard
152.515,477,0.763579,-21.162,-34.7041,13.7015,-42.1861,-32.1643,-10.0218,29.323,4729.7998,-539.6591,-5269.4589,-8032.9154,45043.8887,-45043.8887,12.4682,12.7572,1.0232,1.276,29.323,class2_2026_04_27_15_25_41.csv,train,background,,4.704592249326588,hard
171.659,537,0.859425,-49.9,-35.1512,13.2781,-34.6735,-33.6788,-0.9947,5.496,2283.5741,-1582.7287,-3866.3028,-5887.1489,43902.826,-5887.1489,13.7164,13.0946,0.9547,0.0,28.802,class2_2026_04_27_16_02_21.csv,train,background,,-1.9990634762449546,random
138.476,433,0.693292,-22.441,-31.1003,13.3238,-24.8748,-35.8432,10.9684,1.9695,-3105.9203,-1856.0987,1249.8215,-45553.2947,43039.1881,-46655.174,11.3576,14.1133,1.2426,0.0,29.766,class3_2026_05_14_13_43_01.csv,train,background,,4.37770836831208,hard
131.776,412,0.659748,-49.9,-34.3497,13.9458,-34.4461,-39.0118,4.5657,29.817,470.3983,-6151.4614,-6621.8597,42056.4279,46735.1129,-42056.4279,13.8893,13.6715,0.9843,0.0,29.817,class3_2026_05_14_13_39_14.csv,train,background,,3.732849125599429,hard
135.285,423,0.677316,-20.043,-31.2242,13.2347,-22.5316,-37.4992,14.9677,2.5675,-2283.375,-970.4795,1312.8955,-42789.9718,45438.8746,-46871.0464,10.0869,13.8979,1.3778,0.638,29.857,class2_2026_04_27_15_44_43.csv,train,background,,6.550672398738735,hard
19.144,59,0.095846,-20.066,-33.9243,14.3036,-35.8707,-41.6648,5.7941,29.834,471.9452,-1467.448,-1939.3932,-1619.1207,46761.7586,-46761.7586,14.0661,13.2966,0.9453,1.276,29.834,class3_2026_05_14_13_17_44.csv,train,background,,4.31698289290277,hard
18.187,56,0.091055,-21.339,-33.9887,14.2436,-35.8017,-41.844,6.0423,29.834,-2698.7323,-5467.9401,-2769.2078,0.0,45394.9875,-46761.7586,14.1403,12.9995,0.9193,0.638,29.834,class3_2026_05_14_13_17_44.csv,train,background,,3.94222798682629,hard
131.776,412,0.659748,-16.563,-16.313,2.093,-10.7844,-29.0914,18.307,3.0935,-2053.1073,-4967.3584,-2914.2511,-3142.6332,-2098.6067,-3142.6332,3.1597,13.1201,4.1523,0.0,6.032,class1_2026_04_27_14_48_51.csv,train,break,131.78,,positive
150.601,471,0.753997,-19.508,-30.4389,13.7836,-38.9082,-32.9409,-5.9673,18.0095,1321.4507,-2213.8382,-3535.2889,2609.7194,45590.0479,-47583.0752,13.7959,13.5993,0.9857,1.914,30.392,class2_2026_04_27_15_53_18.csv,train,background,,3.8284291572331135,hard
167.192,523,0.837061,-49.9,-37.4011,14.0021,-36.3233,-33.4402,-2.8831,5.912,2254.9888,-1242.0247,-3497.0135,-0.0,44731.9781,-40650.1733,13.6692,13.2195,0.9671,0.0,29.284,class2_2026_04_27_15_39_59.csv,train,background,,0.20546609624552042,random
152.834,478,0.765176,-20.518,-31.2909,13.1962,-40.543,-31.2062,-9.3368,16.88,3857.927,-472.8088,-4330.7358,-62.6944,46053.2947,-40565.2707,13.2555,13.2835,1.0021,2.234,29.382,class1_2026_04_27_14_38_20.csv,train,background,,3.8000625061135422,hard
173.255,542,0.867416,-49.9,-36.9788,14.4584,-37.5972,-35.5301,-2.0671,30.412,-2019.9116,-2913.759,-893.8474,45072.105,45072.105,-45703.7665,13.8178,14.3847,1.041,0.0,30.412,class3_2026_05_14_13_18_55.csv,train,background,,3.8866739270021835,hard
127.309,398,0.637383,-49.9,-34.0986,14.1952,-34.3551,-38.926,4.5709,31.496,275.9354,-3780.7967,-4056.7321,-2749.2163,45051.2158,-42489.0313,13.9439,13.8395,0.9925,0.0,31.496,class3_2026_05_14_13_16_09.csv,train,background,,5.5144895888291705,hard
174.212,545,0.872207,-49.9,-40.128,13.8397,-39.2264,-34.6779,-4.5484,30.593,1951.2703,2111.4644,160.1941,3528.2132,43184.9561,-46713.1693,13.4434,13.7617,1.0237,0.0,30.593,class2_2026_04_27_15_27_06.csv,train,background,,3.993407686726805,hard
134.966,422,0.675719,-20.458,-37.3569,14.0547,-24.7677,-36.1106,11.3429,2.2395,-7249.0272,-2531.0818,4717.9453,275.8589,46147.3386,-46147.3386,13.8632,13.8239,0.9972,1.276,29.442,class2_2026_04_27_15_16_41.csv,train,background,,5.042807570816871,hard
171.021,535,0.856231,-49.9,-37.7387,13.6054,-32.3311,-41.1712,8.8401,17.434,2918.3817,5467.4863,2549.1045,-42739.815,41346.3981,-42739.815,12.5239,12.4328,0.9927,0.0,28.422,class2_2026_04_27_15_16_58.csv,train,background,,1.6256797768407512,random
151.239,473,0.757191,-25.721,-28.8831,11.5539,-37.6782,-33.2647,-4.4136,7.9035,1496.9086,-2243.1151,-3740.0237,-0.0,33029.7837,-3628.5266,13.7804,13.3564,0.9692,0.0,30.49,class2_2026_04_27_15_46_14.csv,train,background,,-1.25092071074115,random
127.628,399,0.63898,-8.27,-11.2473,3.0862,-16.4905,-15.9319,-0.5586,8.858,1172.1827,-2860.5166,-4032.6992,579.9373,10645.8618,-2865.2038,2.3581,4.4524,1.8881,2.871,9.739,class2_2026_04_27_15_39_15.csv,train,connector,127.63,,positive
133.69,418,0.66933,-19.946,-30.8002,13.5652,-16.7071,-37.9329,21.2258,2.4425,-4196.2232,-4270.6528,-74.4296,-1534.4828,45440.442,-43905.9592,9.0251,13.4478,1.4901,0.638,30.944,class2_2026_04_27_15_32_53.csv,train,background,,10.507624588796308,hard
127.628,399,0.63898,-5.899,-8.7711,2.8531,-13.8958,-13.4823,-0.4135,8.799,1165.6704,-2616.7156,-3782.3861,630.094,9496.8652,-2791.5361,2.2483,4.4356,1.9728,2.871,8.823,class1_2026_04_27_14_47_43.csv,train,connector,127.63,,positive
181.87,569,0.910547,-49.9,-44.0501,10.9552,-36.1751,-39.1052,2.9301,27.37,-3254.5981,3545.8691,6800.4673,-0.0,42899.6881,-0.0,13.7567,13.5677,0.9863,0.0,27.37,class2_2026_04_27_15_53_18.csv,train,background,,-2.5080995920180644,random
131.457,411,0.65815,-19.664,-22.0154,10.0406,-14.1069,-35.1563,21.0494,3.572,-1356.2419,-1668.403,-312.1611,-3062.6928,-2023.4269,-47391.8527,3.1059,13.342,4.2957,0.0,34.423,class2_2026_04_27_15_15_26.csv,train,break,131.46,,positive
151.239,473,0.757191,-21.277,-29.2662,11.3774,-38.4284,-35.2866,-3.1418,19.275,692.5267,1347.6005,655.0737,-1347.9639,44863.6395,-43742.9483,12.9455,13.2635,1.0246,1.595,28.768,class1_2026_04_27_14_36_54.csv,train,background,,-1.291237217267041,random
168.788,528,0.845051,-27.613,-32.6251,12.3171,-34.5827,-38.7349,4.1523,17.7105,-2674.7105,-3085.4883,-410.7778,41272.7288,44098.7508,-41297.8088,13.7769,12.621,0.9161,1.595,28.135,class1_2026_04_27_14_46_34.csv,train,background,,-1.4047199539590687,random
187.613,587,0.9393,-49.9,-37.669,13.7725,-30.1107,-42.7444,12.6338,18.8945,-1828.2038,589.9681,2418.1719,-43443.5752,45763.391,-43443.5752,12.3937,11.5926,0.9354,0.0,29.579,class3_2026_05_14_12_55_08.csv,train,background,,4.68883253946254,hard
173.255,542,0.867416,-49.9,-37.1163,14.3027,-40.7571,-34.7906,-5.9664,29.803,3221.8695,3131.1394,-90.7302,0.0,45462.3856,0.0,12.9956,13.6516,1.0505,0.0,29.803,class2_2026_04_27_15_27_06.csv,train,background,,4.496280000171851,hard
166.554,521,0.833867,-49.9,-40.8349,12.8293,-33.0689,-40.9745,7.9056,28.144,-4248.3419,1906.8562,6155.1982,-0.0,44112.8542,-40899.6897,13.5411,12.6795,0.9364,0.0,28.144,class2_2026_04_27_15_18_27.csv,train,background,,1.5987638297753946,random
119.332,373,0.597446,-16.867,-16.609,0.3221,-16.5498,-16.4392,-0.1107,0.341,-35.4038,56.1986,91.6024,876.1755,876.1755,-123.826,0.2587,0.2545,0.9839,0.0,1.106,class2_2026_04_27_16_01_55.csv,train,background,,-55.97184441939375,random
127.628,399,0.63898,-5.968,-8.8491,2.8604,-14.0154,-13.6922,-0.3233,8.866,1167.6001,-2670.8829,-3838.483,576.8025,9592.4765,-2730.4075,2.2768,4.6191,2.0288,2.871,8.839,class1_2026_04_27_14_37_00.csv,train,connector,127.63,,positive
133.69,418,0.66933,-25.131,-34.5761,13.7548,-42.2496,-34.3567,-7.8929,29.183,1799.7905,-2126.4647,-3926.2552,3122.2586,42619.1254,-38822.8856,12.3441,13.9537,1.1304,1.276,29.183,class3_2026_05_14_12_56_02.csv,train,background,,4.25732648152628,hard
149.005,466,0.746006,-22.712,-34.2823,13.9778,-37.6468,-36.4382,-1.2086,28.745,3657.8759,-728.3607,-4386.2366,-45054.8605,45054.8605,-45054.8605,13.7451,13.5444,0.9854,1.276,28.745,class3_2026_05_14_13_10_18.csv,train,background,,0.6913038042505311,random
131.138,410,0.656553,-14.669,-14.7426,2.2242,-10.7951,-28.7333,17.9382,3.881,-578.9901,-3466.1731,-2887.183,-2368.0725,-2092.4765,-3750.7837,3.1412,13.3771,4.2586,0.0,6.394,class1_2026_04_27_14_47_57.csv,train,break,131.78,,positive
66.366,207,0.332267,-6.224,-8.9463,2.6726,-13.733,-12.0457,-1.6873,8.271,1124.8544,-1785.8801,-2910.7345,-28.2132,9736.6771,-2677.116,2.229,2.5875,1.1608,2.872,8.627,class3_2026_05_22_11_09_21.csv,train,connector,66.68,,positive
149.005,466,0.746006,-22.542,-34.34,13.9682,-38.8713,-33.1448,-5.7264,18.035,1120.5285,2374.9023,1254.3738,0.0,47724.1411,-3016.8236,13.8411,13.436,0.9707,0.638,30.448,class3_2026_05_14_14_34_08.csv,train,background,,4.06727041093734,hard
130.818,409,0.654951,-15.578,-15.7206,2.2026,-12.5097,-25.4483,12.9386,4.2555,98.4513,-4365.26,-4463.7113,-2882.6775,-2161.442,-3272.0006,3.1272,11.1334,3.5602,0.0,6.389,class2_2026_04_27_16_10_45.csv,train,break,131.78,,positive
134.009,419,0.670927,-20.159,-28.8427,11.4288,-18.6224,-35.9373,17.3149,1.07,-4356.0182,-6674.4023,-2318.384,-4059.558,46615.9906,-40854.2367,8.6969,14.0127,1.6112,0.638,29.741,class2_2026_04_27_15_41_16.csv,train,background,,6.333199721227788,hard
131.457,411,0.65815,-18.026,-18.57,2.4101,-13.4869,-31.2782,17.7912,3.9105,-1390.7787,-4367.2054,-2976.4266,-5539.1865,-2281.9585,-5539.1865,3.1288,13.2535,4.236,0.0,6.493,class2_2026_04_27_15_28_02.csv,train,break,131.78,,positive
164.64,515,0.824284,-25.91,-35.1931,13.2211,-33.7369,-39.2798,5.5428,18.879,-3484.7862,10.1754,3494.9616,-0.0,44938.1366,-37601.884,13.1316,13.3999,1.0204,0.638,28.781,class2_2026_04_27_15_24_51.csv,train,background,,1.468363845293672,random
141.029,441,0.706073,-49.9,-40.8703,12.8611,-32.7786,-38.9561,6.1776,18.471,-3119.6262,453.6725,3573.2987,0.0,47805.0564,-0.0,13.7452,13.7851,1.0029,0.0,30.475,class2_2026_04_27_16_03_45.csv,train,background,,3.779855827911183,hard
167.511,524,0.838658,-19.574,-31.8948,12.7994,-36.3541,-34.8735,-1.4806,7.269,-1428.7694,-3526.9224,-2098.1531,2852.663,47532.9201,-43177.3602,13.5819,13.5828,1.0001,0.958,30.326,class1_2026_04_27_14_45_10.csv,train,background,,0.3269299148321965,random
150.601,471,0.753997,-49.9,-36.7287,14.7327,-34.8505,-39.2429,4.3924,30.495,1120.6677,-1060.9312,-2181.5988,1913.79,45154.9934,-47797.8072,13.6149,13.4334,0.9867,0.0,30.495,class3_2026_05_14_14_39_37.csv,train,background,,4.51827393413922,hard
135.285,423,0.677316,-22.678,-38.0739,13.2965,-26.9891,-35.6963,8.7072,2.0695,-8305.5041,-766.772,7538.7321,46584.6411,46584.6411,-46366.3895,14.564,14.249,0.9784,0.0,29.721,class2_2026_04_27_15_15_03.csv,train,background,,3.8216041095328053,hard
112.312,351,0.562299,-14.924,-14.9538,0.1138,-14.833,-14.8886,0.0556,0.0475,-10.255,59.5965,69.8516,-407.5235,103.4483,-407.5235,0.0896,0.1315,1.4669,0.0,0.408,class3_2026_05_14_13_43_49.csv,train,background,,-57.04748563972059,random
127.628,399,0.63898,-8.019,-10.8967,2.8616,-16.0361,-18.7596,2.7235,8.738,1129.9158,-4714.0064,-5843.9222,584.6395,9514.1066,-2719.4357,2.2706,11.6517,5.1315,2.871,8.864,class2_2026_04_27_15_49_00.csv,train,connector,127.63,,positive
40.203,125,0.20128,-26.11,-33.681,14.6937,-15.6837,-37.6074,21.9237,2.452,-4892.1241,-545.9706,4346.1535,0.0,0.0,-43385.5846,8.8148,13.8352,1.5695,0.0,32.29,class3_2026_04_27_16_18_00.csv,train,connector,35.42,,positive
151.239,473,0.757191,-49.9,-37.1867,14.2758,-37.8076,-40.5422,2.7346,30.875,2141.2964,-2303.4719,-4444.7682,1373.0392,47020.3809,-48393.4201,13.5739,13.2798,0.9783,0.0,30.875,class2_2026_04_27_15_44_29.csv,train,background,,3.845747688041983,hard
179.636,562,0.899363,-23.609,-34.4228,13.9142,-39.5233,-34.8633,-4.6599,30.294,-3188.506,-4144.4003,-955.8942,-4164.5752,43786.8354,-41208.4687,13.1739,13.6627,1.0371,1.276,30.294,class2_2026_04_27_16_05_17.csv,train,background,,3.808177927107912,hard
155.068,485,0.776361,-49.9,-40.9562,12.6522,-34.0987,-40.8162,6.7175,27.567,-1569.9754,3386.5257,4956.5011,-0.0,41299.4966,-0.0,14.1724,12.8986,0.9101,0.0,27.567,class3_2026_05_14_13_15_21.csv,train,background,,0.09441194354913485,random
181.231,567,0.907348,-21.358,-40.1554,13.7916,-42.1068,-36.5147,-5.5921,30.565,2579.8675,2004.2709,-575.5966,-47907.5282,47907.5282,-47907.5282,12.6072,13.5846,1.0775,0.957,30.565,class2_2026_04_27_15_57_38.csv,train,background,,4.949813071637922,hard
165.916,519,0.830672,-49.9,-40.7128,13.1559,-39.4542,-37.0941,-2.3601,31.133,-799.307,4325.3737,5124.6807,-0.0,3531.348,-35536.0517,13.2646,13.0159,0.9813,0.0,31.133,class3_2026_05_14_14_36_30.csv,train,background,,-3.294856137505665,random
127.628,399,0.63898,-8.581,-11.5038,2.9041,-16.7842,-17.6661,0.8818,8.9685,1246.0497,-2835.5175,-4081.5672,620.6897,9747.6489,-2706.8966,2.343,8.7907,3.752,2.871,8.954,class2_2026_04_27_15_28_02.csv,train,connector,127.63,,positive
135.924,425,0.680515,-49.9,-37.4296,13.9615,-27.5239,-39.9506,12.4266,6.0565,-3323.1642,2829.44,6152.6042,-44533.3267,44742.9498,-45721.0063,14.0754,12.6545,0.8991,0.0,29.17,class2_2026_04_27_16_10_06.csv,train,background,,4.289462945840671,hard
132.095,413,0.661345,-19.973,-22.8611,9.8399,-13.1487,-40.9058,27.7572,3.18,-2512.5771,-3937.8527,-1425.2757,-3779.0,-2277.0661,-47067.4013,3.397,12.8073,3.7702,0.0,33.703,class2_2026_04_27_15_35_57.csv,train,break,130.82,,positive
39.565,123,0.198085,-14.574,-14.5843,0.1018,-14.5075,-14.5416,0.0341,0.107,-50.6254,0.8033,51.4288,-139.4984,208.4639,-139.4984,0.0967,0.1211,1.2527,0.0,0.365,class1_2026_04_27_14_48_13.csv,train,background,,-57.09795705948543,random
72.748,227,0.364219,-23.974,-34.733,13.6432,-17.74,-39.2433,21.5033,1.159,-2238.612,2348.3922,4587.0042,-45962.3856,2768.0235,-45962.3856,4.1298,13.4152,3.2484,0.0,29.324,class3_2026_05_14_13_16_09.csv,train,break,70.51,,positive
174.531,546,0.873804,-19.847,-33.8734,14.3637,-36.1411,-40.6137,4.4726,30.345,2195.9329,-3508.4798,-5704.4127,2916.9279,44645.7712,-47562.6991,13.7888,13.1546,0.954,1.595,30.345,class3_2026_04_27_16_18_40.csv,train,background,,3.802492174973787,hard
137.519,430,0.6885,-20.665,-34.8214,13.5318,-23.0358,-38.2309,15.1951,2.601,-3156.2139,1942.9457,5099.1597,-2181.8182,45822.8856,-45822.8856,9.7922,13.137,1.3416,0.638,29.235,class3_2026_05_14_13_47_19.csv,train,background,,5.715616109961249,hard
168.15,526,0.841857,-22.349,-35.7217,12.7292,-36.6226,-39.7623,3.1397,27.551,-3109.4829,-2990.2949,119.188,-269.8962,41210.0345,-40520.3793,13.4799,12.7821,0.9482,0.639,27.551,class2_2026_04_27_15_35_21.csv,train,background,,-1.736687865664493,random
134.328,420,0.672524,-49.9,-28.2316,12.0458,-16.6054,-35.9824,19.3769,1.561,-4601.8566,-4600.7171,1.1394,44512.5439,44512.5439,-29875.5053,8.9329,14.1005,1.5785,0.0,31.186,class1_2026_04_27_14_37_46.csv,train,background,,8.995373259242728,hard
132.095,413,0.661345,-30.501,-24.975,9.6823,-14.2943,-34.7604,20.4661,3.685,-2527.2848,-3030.0473,-502.7625,-9211.6003,-2687.8176,-30405.9608,3.3924,13.6037,4.0101,0.0,32.914,class2_2026_04_27_15_31_19.csv,train,break,131.46,,positive
133.371,417,0.667733,-49.9,-34.081,14.1992,-15.1217,-35.1417,20.02,2.6245,-2565.6169,4671.4404,7237.0573,-44369.9107,4343.2602,-44369.9107,4.3585,13.2438,3.0386,0.0,30.693,class2_2026_04_27_15_19_40.csv,train,background,,4.257258625660346,hard
132.733,415,0.664539,-18.685,-19.5938,2.9932,-11.4514,-29.9075,18.4561,3.8925,-2702.2958,-4206.0242,-1503.7284,-5244.5141,-1747.6473,-5967.0846,3.9379,12.5389,3.1841,0.0,10.449,class1_2026_04_27_14_38_31.csv,train,break,132.09,,positive
137.519,430,0.6885,-49.9,-37.2089,14.2518,-31.4092,-39.7127,8.3034,8.1135,-8.6219,49.7378,58.3598,-0.0,44818.185,-46910.6599,13.2032,12.8808,0.9756,0.0,30.415,class2_2026_04_27_15_51_56.csv,train,background,,3.9883088588350155,hard
131.457,411,0.65815,-15.473,-15.6146,2.2467,-10.7947,-28.5398,17.7451,3.769,-1385.4832,-3964.6285,-2579.1453,-3258.6207,-2456.8291,-3258.6207,3.1306,13.4498,4.2963,0.0,6.743,class1_2026_04_27_14_47_19.csv,train,break,132.41,,positive
134.647,421,0.674121,-49.9,-34.549,13.8524,-17.7806,-40.8146,23.0341,2.7925,-1994.0444,-2960.5527,-966.5083,-1882.4451,536.0517,-39996.8683,3.8093,12.864,3.377,0.0,30.57,class2_2026_04_27_16_01_09.csv,train,background,,4.500539155723238,hard
174.85,547,0.875401,-49.9,-37.2653,14.1381,-42.0329,-36.3004,-5.7325,29.597,1965.8559,-2818.011,-4783.8669,-0.0,44540.7555,-0.0,12.6978,13.7802,1.0852,0.0,29.597,class2_2026_04_27_15_21_13.csv,train,background,,4.027883512353146,hard
131.776,412,0.659748,-17.939,-18.9247,2.8188,-12.7172,-31.4061,18.6888,3.4065,-2087.3477,-2933.9141,-846.5664,-3449.8433,-2183.384,-7669.2821,3.1444,13.1284,4.1752,0.0,7.755,class2_2026_04_27_16_06_47.csv,train,break,131.46,,positive
113.908,356,0.57029,-16.98,-17.2514,0.2587,-15.8594,-17.289,1.4296,0.1565,-697.3754,32.1961,729.5714,-225.7038,225.0438,-313.4796,1.0193,0.2625,0.2575,0.0,0.848,class2_2026_04_27_15_21_13.csv,train,bend,111.35,,positive
144.857,453,0.725239,-49.9,-40.6793,13.049,-42.2633,-39.6669,-2.5964,28.378,2199.5307,617.568,-1581.9627,-44150.4946,1822.884,-44150.4946,12.3283,12.9234,1.0483,0.0,28.378,class2_2026_04_27_15_59_21.csv,train,background,,-6.325727580027803,random
102.102,319,0.511182,-21.458,-26.357,12.6611,-15.2172,-29.4298,14.2126,2.1265,-4857.0535,-3062.5587,1794.4948,47896.5564,47896.5564,-47565.8354,9.0731,12.7645,1.4068,0.0,32.579,class3_2026_05_14_13_41_43.csv,train,background,,7.586175376711495,hard
174.85,547,0.875401,-49.9,-38.4093,12.8543,-34.9038,-33.2148,-1.6891,1.1805,-2534.8507,2714.4912,5249.342,-0.0,1622.2571,-0.0,13.4883,13.3578,0.9903,0.0,26.887,class1_2026_04_27_14_46_27.csv,train,background,,-9.755676999118208,random
127.628,399,0.63898,-8.35,-11.2403,2.8771,-16.467,-16.4477,-0.0193,8.729,1219.8058,-2906.7465,-4126.5523,637.931,9554.8589,-2813.4796,2.3121,5.3916,2.3319,2.871,8.907,class2_2026_04_27_15_39_26.csv,train,connector,127.95,,positive
156.025,488,0.781152,-19.952,-37.4619,13.939,-30.2928,-42.4096,12.1168,17.9755,-181.9956,-766.886,-584.8904,2963.9483,46940.442,-46940.442,12.2484,12.0897,0.987,1.276,29.948,class2_2026_04_27_15_40_35.csv,train,background,,5.445138491202616,hard
155.706,487,0.779555,-49.9,-34.3482,13.9342,-40.7792,-37.7773,-3.0019,29.675,4881.2052,-206.6853,-5087.8905,-43156.7445,43156.7445,-43156.7445,12.9065,13.6283,1.0559,0.0,29.675,class3_2026_05_14_13_21_46.csv,train,background,,2.2728115501237496,random
156.663,490,0.784346,-49.9,-37.2466,14.1667,-33.0802,-42.564,9.4838,29.559,1260.8764,-2444.6964,-3705.5729,45675.5502,45675.5502,-45675.5502,13.5693,12.0279,0.8864,0.0,29.559,class2_2026_04_27_15_48_35.csv,train,background,,4.498914463350843,hard
71.472,223,0.357831,-49.9,-33.0329,15.3142,-19.1016,-30.149,11.0474,4.711,-5311.767,-2328.7177,2983.0494,38756.4849,51288.406,-46144.2053,11.2487,14.2903,1.2704,0.0,35.195,class3_2026_05_14_13_11_09.csv,train,background,,12.532674127420997,hard
135.604,424,0.678913,-22.721,-37.2928,14.1055,-24.0624,-37.6577,13.5953,1.002,-6857.8269,1753.5477,8611.3746,-462.942,44783.7038,-44332.2931,14.0964,13.7751,0.9772,0.0,29.43,class1_2026_04_27_14_46_27.csv,train,background,,5.866550856175506,hard
153.472,480,0.76837,-22.582,-37.1553,14.2639,-39.4242,-38.0551,-1.3691,29.828,68.5373,2323.2998,2254.7626,0.0,46752.3527,-42885.1915,13.231,13.3299,1.0075,0.638,29.828,class2_2026_04_27_15_16_58.csv,train,background,,2.1271796680887984,random
136.243,426,0.682112,-20.675,-31.6616,12.9397,-23.856,-37.6001,13.7441,2.594,-3066.1699,-2222.1491,844.0208,385.5799,41766.4608,-45807.2147,9.5876,13.7689,1.4361,0.638,29.225,class2_2026_04_27_15_49_29.csv,train,background,,4.501409538718177,hard
178.998,560,0.896168,-49.9,-36.9984,14.4823,-43.5127,-35.7647,-7.7479,30.577,-1768.9374,-2446.3397,-677.4023,40293.105,46606.5846,-40293.105,11.9615,14.1866,1.186,0.0,30.577,class1_2026_04_27_14_46_48.csv,train,background,,6.911631656335306,hard
127.628,399,0.63898,-7.709,-10.5459,2.8009,-15.8154,-17.0442,1.2288,8.882,1198.2099,-2875.4674,-4073.6774,611.2853,9393.4169,-2738.2445,2.3121,9.0881,3.9307,2.871,8.643,class2_2026_04_27_15_34_55.csv,train,connector,127.95,,positive
158.577,496,0.793929,-22.177,-41.1282,12.4396,-29.2268,-39.2319,10.0051,3.878,-4004.2425,3603.9345,7608.177,-4794.6753,43452.9812,-43485.2265,11.2863,13.439,1.1907,0.958,27.723,class2_2026_04_27_15_37_57.csv,train,background,,0.9011145859724907,random
138.795,434,0.694889,-49.9,-37.5556,13.8375,-32.5325,-42.4638,9.9313,29.623,3618.5505,-1287.7197,-4906.2703,225.7069,46431.0376,-41340.1285,13.9047,12.0583,0.8672,0.0,29.623,class1_2026_04_27_14_43_57.csv,train,background,,4.654335680607545,hard
140.71,440,0.704476,-22.489,-40.6986,13.0145,-35.3817,-36.4197,1.0379,9.128,-599.4648,777.3579,1376.8227,44073.6708,44073.6708,-44073.6708,13.3329,13.5898,1.0193,0.957,28.119,class2_2026_04_27_15_33_24.csv,train,background,,-2.1287985864327306,random
131.457,411,0.65815,-17.501,-18.6929,2.6507,-13.4409,-29.8183,16.3774,3.9025,-1417.7441,-2652.6774,-1234.9333,-6858.9373,-1613.7269,-6858.9373,3.0558,12.7104,4.1594,0.0,7.432,class2_2026_04_27_16_03_18.csv,train,break,131.46,,positive
134.328,420,0.672524,-20.785,-34.0156,14.2276,-18.4509,-40.9993,22.5483,1.878,-4562.9229,114.3724,4677.2953,46111.2868,46111.2868,-46111.2868,8.5925,12.6845,1.4762,0.957,29.687,class2_2026_04_27_16_01_55.csv,train,background,,9.910100573786217,hard
156.663,490,0.784346,-49.9,-28.6308,11.5103,-39.3373,-34.1368,-5.2005,18.1145,3682.5349,-4791.2193,-8473.7543,42733.5455,42733.5455,-10133.2288,13.2947,12.6986,0.9552,0.0,29.467,class2_2026_04_27_15_41_02.csv,train,background,,-0.38712549508397104,random
153.472,480,0.76837,-22.287,-27.6778,11.9839,-41.9937,-34.6441,-7.3496,30.491,4270.7284,-966.5763,-5237.3047,-46959.2492,46959.2492,-46959.2492,12.7774,13.772,1.0778,1.276,30.491,class3_2026_05_14_13_11_09.csv,train,background,,4.338302748358281,hard
108.165,338,0.541537,-25.035,-21.8223,10.461,-25.4469,-28.536,3.0891,5.8265,-2819.5342,-3132.6199,-313.0857,45872.363,45872.363,-55089.3448,13.3414,15.3731,1.1523,0.0,35.19,class3_2026_05_14_13_18_55.csv,train,background,,5.01329415197505,hard
194.313,608,0.972844,-49.9,-32.3341,12.6353,-38.9148,-35.2783,-3.6365,30.178,633.4676,2804.2728,2170.8053,38876.1787,44744.5157,-39354.9362,13.7958,12.4408,0.9018,0.0,30.178,class3_2026_05_14_12_58_49.csv,train,background,,1.2481200586126937,random
128.266,401,0.642174,-49.9,-28.0382,15.5954,-30.7428,-35.3938,4.651,10.95,1121.2712,-719.3382,-1840.6094,46528.2163,46528.2163,-2365.2038,15.9624,14.648,0.9177,0.0,36.014,class3_2026_05_14_13_18_55.csv,train,background,,10.420092934203957,hard
134.328,420,0.672524,-49.9,-24.4158,9.0494,-15.043,-32.6281,17.5851,0.9685,-2536.4266,-4756.0758,-2219.6492,658.3072,1231.9734,-44465.1912,4.2814,13.7959,3.2223,0.0,30.155,class1_2026_04_27_14_45_10.csv,train,background,,-1.591888272296034,random
113.27,354,0.567096,-49.9,-31.5329,13.0302,-34.5752,-37.5666,2.9913,16.4225,865.0376,-3321.3282,-4186.3658,0.0,0.0,-45434.1724,13.7392,13.8052,1.0048,0.0,28.987,class3_2026_05_14_12_55_08.csv,train,background,,-5.857498272724322,random
131.138,410,0.656553,-14.654,-14.7311,2.1657,-10.8159,-29.6107,18.7948,3.9525,-579.7917,-7238.9596,-6659.1679,-2329.8059,-2181.8182,-3278.9969,3.1574,14.4561,4.5784,0.0,6.255,class1_2026_04_27_14_47_36.csv,train,break,131.78,,positive
119.97,375,0.60064,-16.692,-16.8944,0.1587,-16.1573,-16.849,0.6917,-0.0175,-347.0739,28.4479,375.5219,333.8574,336.9922,-178.685,0.7786,0.2743,0.3523,0.0,0.533,class2_2026_04_27_15_18_09.csv,train,bend,115.82,,positive
139.433,436,0.698083,-49.9,-34.327,14.0266,-35.9596,-38.9496,2.99,30.475,4776.8873,-880.7694,-5657.6566,-46738.2492,44998.4357,-47766.4624,14.0103,13.802,0.9851,0.0,30.475,class2_2026_04_27_16_03_45.csv,train,background,,3.5455765612789976,random
127.628,399,0.63898,-9.057,-11.9162,2.8459,-17.2154,-16.2656,-0.9499,8.7625,1182.5638,-2591.9163,-3774.4802,603.4483,9363.6364,-2920.0627,2.3748,4.0251,1.6949,2.871,8.858,class2_2026_04_27_15_44_57.csv,train,connector,127.63,,positive
135.924,425,0.680515,-49.9,-34.3231,13.9501,-21.7967,-34.6532,12.8565,1.4665,-5004.9263,-352.334,4652.5923,42866.3549,42866.3549,-689.6552,10.389,13.695,1.3182,0.0,29.541,class3_2026_04_27_16_18_51.csv,train,background,,5.1748752068336294,hard
174.212,545,0.872207,-21.041,-37.209,14.1994,-43.6056,-37.93,-5.6756,29.559,-611.7799,-86.313,525.467,44666.1473,45233.5455,-45233.5455,11.7832,13.4597,1.1423,0.957,29.559,class2_2026_04_27_16_10_35.csv,train,background,,3.8295563816666465,hard
133.69,418,0.66933,-20.353,-26.3178,12.6389,-13.4038,-36.3638,22.96,2.06,-2582.5181,-3056.3748,-473.8567,-46166.1489,-1228.8417,-48434.1708,4.3046,13.6669,3.175,0.0,32.004,class1_2026_04_27_14_46_41.csv,train,background,,5.580731620760282,hard
127.628,399,0.63898,-8.197,-11.1014,2.9229,-16.3374,-18.7741,2.4367,8.812,1197.1539,-2680.0504,-3877.2044,650.4702,9665.6992,-2816.6144,2.3215,11.5992,4.9964,2.871,9.163,class2_2026_04_27_15_38_31.csv,train,connector,127.63,,positive
111.355,348,0.557508,-14.711,-30.5676,14.0165,-30.5026,-30.162,-0.3406,8.5625,-5432.5142,-1395.0479,4037.4663,10156.7429,55155.1755,-39120.6582,14.0621,14.3037,1.0172,0.957,35.189,class3_2026_05_14_13_11_09.csv,train,background,,7.030814063224861,hard
168.469,527,0.843454,-49.9,-41.3504,12.2435,-34.4735,-33.5921,-0.8814,2.8895,-1478.1834,3183.7705,4661.9539,-0.0,272.1199,-0.0,13.8422,13.122,0.948,0.0,28.232,class3_2026_05_14_13_22_06.csv,train,background,,-9.668826372661625,random
127.628,399,0.63898,-5.877,-8.7798,2.895,-13.8629,-13.4779,-0.385,8.832,1138.8594,-2766.5388,-3905.3982,625.3918,9648.9028,-2719.4357,2.2374,4.3897,1.9619,2.871,8.945,class1_2026_04_27_14_49_08.csv,train,connector,127.63,,positive
151.877,475,0.760385,-26.257,-34.3192,14.0813,-38.9069,-37.4798,-1.4271,31.421,5930.2247,1245.2057,-4685.019,-2851.0972,49249.2194,-46398.1223,13.8364,13.909,1.0052,1.914,31.421,class3_2026_05_14_13_47_50.csv,train,background,,4.44950528654947,hard
134.009,419,0.670927,-26.96,-28.0257,11.8946,-14.5139,-37.5372,23.0233,1.981,-2719.825,-1713.7202,1006.1048,2222.569,2222.569,-44799.3746,4.5126,13.8481,3.0687,0.0,31.263,class1_2026_04_27_14_37_06.csv,train,background,,4.624195508188435,hard
139.752,437,0.69968,-49.9,-40.6056,13.2016,-34.8616,-38.9962,4.1347,30.494,-1901.6678,4513.1254,6414.7932,0.0,47796.2414,-39626.9624,13.5679,13.7079,1.0103,0.0,30.494,class2_2026_04_27_16_06_20.csv,train,background,,3.7847423453931324,hard
120.608,377,0.603834,-49.9,-37.0302,14.4013,-38.8575,-33.4516,-5.4059,30.173,4638.7419,-1051.901,-5690.6429,-43873.0439,44208.4671,-47293.1082,13.8567,14.7193,1.0623,0.0,30.173,class3_2026_05_14_12_56_02.csv,train,background,,5.417650319883815,hard
133.371,417,0.667733,-49.9,-31.1769,13.3185,-17.1715,-35.4323,18.2608,1.5955,-4547.3656,-1763.5921,2783.7735,43579.9389,43579.9389,-43579.9389,8.75,13.0395,1.4902,0.0,30.198,class2_2026_04_27_16_00_33.csv,train,background,,7.486815317027842,hard
138.476,433,0.693292,-20.919,-34.6031,13.7387,-32.907,-43.8659,10.9589,29.473,229.2468,-826.9664,-1056.2132,-6040.7524,46195.9279,-45424.7665,13.5969,11.3138,0.8321,1.595,29.473,class2_2026_04_27_15_34_55.csv,train,background,,4.2537470842814304,hard
142.624,446,0.714059,-49.9,-34.5898,13.7119,-36.5296,-35.9942,-0.5354,16.4795,3682.7036,1801.5752,-1881.1284,-44293.105,44293.105,-44879.3135,13.4073,13.9349,1.0394,0.0,28.633,class2_2026_04_27_15_34_05.csv,train,background,,-0.5310045101428799,random
35.736,111,0.178915,-8.518,-10.7233,1.9034,-13.8454,-13.0603,-0.7851,5.8415,763.2956,-1191.5374,-1954.833,-344.8276,6741.3793,-2319.7492,1.5235,1.7236,1.1313,2.552,6.051,class3_2026_05_14_13_43_49.csv,train,connector,35.42,,positive
151.558,474,0.758788,-22.434,-27.7588,11.9998,-44.0653,-32.8663,-11.1989,30.749,3665.0702,-6521.5316,-10186.6018,45780.569,45780.569,-5869.9044,10.9945,13.6448,1.241,2.872,30.749,class1_2026_04_27_14_37_39.csv,train,background,,6.228464249057551,hard
153.472,480,0.76837,-19.853,-33.6244,14.5784,-43.6654,-35.2327,-8.4327,30.047,4328.2079,1311.6907,-3016.5171,0.0,46758.6223,-46366.7727,11.7044,13.2043,1.1281,0.638,30.047,class3_2026_05_14_13_39_31.csv,train,background,,5.966264258016394,hard
134.647,421,0.674121,-19.619,-40.3927,13.4898,-20.6943,-32.9674,12.2731,1.1435,-8164.0579,1348.2368,9512.2948,0.0,47462.3871,-47462.3871,13.4897,13.5771,1.0065,0.638,30.281,class1_2026_04_27_14_38_20.csv,train,background,,5.731075563133745,hard
192.718,603,0.964859,-22.403,-37.7522,13.6849,-41.0689,-37.8523,-3.2166,30.923,1364.7688,-335.2717,-1700.0405,48468.6567,48468.6567,-48468.6567,12.5241,13.5678,1.0833,0.957,30.923,class2_2026_04_27_15_29_31.csv,train,background,,4.115419911807419,hard
136.562,427,0.683709,-20.868,-30.7231,13.5957,-18.7454,-33.511,14.7656,1.646,-3720.1313,-2257.1475,1462.9838,438.8715,45504.7053,-45504.7053,8.2183,13.3264,1.6215,0.0,31.042,class3_2026_05_22_11_06_12.csv,train,background,,7.291538406524145,hard
135.285,423,0.677316,-21.208,-33.3787,12.7483,-20.4291,-35.7582,15.3291,0.783,-5704.0354,-99.8761,5604.1593,0.0,41799.3762,-17125.3966,11.0244,13.2269,1.1998,0.638,28.692,class1_2026_04_27_14_47_13.csv,train,background,,4.049851927799096,hard
132.414,414,0.662942,-19.938,-32.7018,15.4042,-15.3739,-33.4332,18.0593,2.544,-4985.1742,2866.073,7851.2472,-0.0,-0.0,-46915.3636,8.9711,13.3196,1.4847,0.0,32.738,class2_2026_04_27_15_39_04.csv,train,background,,5.599733411616173,hard
35.736,111,0.178915,-13.222,-13.9299,0.4472,-14.4794,-14.3852,-0.0942,1.3105,136.2083,-184.835,-321.0433,-76.8025,1589.3417,-1161.442,0.3024,0.3013,0.9961,1.276,1.448,class3_2026_05_14_13_16_20.csv,train,connector,35.42,,positive
138.157,432,0.691695,-49.9,-43.9438,11.1692,-30.773,-36.7384,5.9654,2.895,-6565.3591,2168.8288,8734.1878,-0.0,44548.5909,-39473.3574,13.5663,13.2234,0.9747,0.0,28.422,class2_2026_04_27_16_00_02.csv,train,background,,-1.5448009663102553,random
131.138,410,0.656553,-18.516,-18.3499,2.3096,-14.5402,-33.0287,18.4886,4.3745,-613.7536,-4636.804,-4023.0504,-3827.8102,-2036.0502,-42987.4624,3.3351,13.7075,4.11,0.0,7.397,class2_2026_04_27_15_49_43.csv,train,break,131.46,,positive
180.274,564,0.902557,-21.843,-34.0334,14.2302,-43.5324,-34.4085,-9.1239,30.34,-370.3207,-2220.0589,-1849.7382,0.0,47554.8636,-5089.3401,11.9304,13.94,1.1684,0.638,30.34,class1_2026_04_27_14_37_06.csv,train,background,,7.072542178279821,hard
143.9,450,0.720447,-22.95,-29.7831,11.2576,-34.8069,-34.0163,-0.7906,6.721,909.6667,-4061.936,-4971.6027,7916.9295,43159.8777,-14645.7649,13.5791,13.0019,0.9575,0.957,29.715,class3_2026_05_14_12_58_49.csv,train,background,,-2.95684569954078,random
193.356,605,0.968053,-49.9,-37.5983,13.8535,-34.5566,-40.5437,5.9871,30.445,1187.4582,-8.4874,-1195.9455,-37934.1724,46368.3433,-41512.5408,13.7928,13.2576,0.9612,0.0,30.445,class1_2026_04_27_14_49_30.csv,train,background,,4.574450658754222,hard
143.9,450,0.720447,-22.421,-34.2379,14.0239,-35.7851,-41.9392,6.1541,29.804,-1398.8149,-6658.811,-5259.9961,-2832.2868,46714.7351,-43882.4483,14.1727,12.8472,0.9065,1.595,29.804,class3_2026_05_14_13_43_01.csv,train,background,,3.8460308277111466,hard
151.239,473,0.757191,-49.9,-34.0213,14.2083,-40.659,-31.8828,-8.7762,18.6395,2482.2762,212.1215,-2270.1546,43772.7304,45913.7962,-8032.9154,13.1115,12.9101,0.9846,0.0,29.293,class2_2026_04_27_15_25_41.csv,train,background,,4.015914321007608,hard
144.219,451,0.722044,-49.9,-34.0712,14.2248,-34.4408,-39.0954,4.6546,30.523,504.2781,-4032.384,-4536.662,-0.0,45959.2524,-46416.9326,13.9026,13.5653,0.9757,0.0,30.523,class3_2026_05_14_13_43_49.csv,train,background,,4.4998054555456735,hard
45.627,142,0.228435,-49.9,-34.53,13.8071,-26.4114,-37.4129,11.0015,2.944,-2721.2318,-1834.285,886.9469,0.0,43322.8871,0.0,10.6468,14.0416,1.3189,0.0,29.46,class3_2026_05_14_13_42_29.csv,train,background,,4.534473484664221,hard
140.071,438,0.701277,-20.048,-40.653,13.1118,-39.0842,-40.5473,1.4631,29.852,-305.9992,322.1227,628.1219,2711.7825,46789.9718,-46840.5662,13.6267,13.2406,0.9717,1.277,29.852,class3_2026_05_14_14_34_08.csv,train,background,,1.2116046228633948,random
138.157,432,0.691695,-22.074,-34.2681,14.0686,-38.9107,-33.1573,-5.7534,18.6995,2100.9678,-5521.9334,-7622.9012,-5054.8605,48305.6473,-46623.8292,13.861,13.4213,0.9683,1.914,30.819,class2_2026_04_27_15_23_09.csv,train,background,,4.617615831908621,hard
146.453,458,0.733229,-22.054,-34.8307,13.6784,-40.4137,-33.48,-6.9337,29.884,-898.3267,-207.9122,690.4145,-271.1567,46840.127,-33376.1771,13.456,13.2274,0.983,1.914,29.884,class2_2026_04_27_15_31_02.csv,train,background,,4.383352912308499,hard
133.052,416,0.666136,-49.9,-33.919,14.4834,-14.1206,-33.1032,18.9827,1.834,-2576.8,3464.9754,6041.7754,-8890.2806,-1716.2994,-35761.7586,4.0969,13.4901,3.2928,0.0,31.332,class2_2026_04_27_15_16_41.csv,train,background,,4.359156127089162,hard
131.457,411,0.65815,-17.129,-17.3208,2.1762,-12.4998,-29.2203,16.7206,3.868,-1420.2498,-3073.1956,-1652.9458,-3796.2367,-1929.4914,-4015.674,3.1095,12.8951,4.147,0.0,6.382,class2_2026_04_27_16_08_08.csv,train,break,131.46,,positive
87.425,273,0.437701,-49.9,-37.6981,13.6433,-38.2936,-37.6011,-0.6925,27.855,2572.012,736.9628,-1835.0492,-43659.8777,42468.6552,-43659.8777,13.1628,13.7732,1.0464,0.0,27.855,class3_2026_05_14_13_11_57.csv,train,background,,-0.8781509947213625,random
106.569,333,0.533547,-20.374,-34.3901,13.9807,-36.2217,-40.4825,4.2608,30.093,-2245.2646,-4582.6645,-2337.3999,47167.7163,47167.7163,-47167.7163,13.7454,13.3416,0.9706,0.957,30.093,class3_2026_04_27_16_18_11.csv,train,background,,3.659388499217438,random
152.196,476,0.761982,-23.288,-34.5283,13.8559,-40.7459,-33.2012,-7.5447,31.21,1613.6658,-3069.9003,-4683.5661,-6293.1019,48918.4969,-38166.1489,13.0062,13.4285,1.0325,1.914,31.21,class3_2026_05_14_13_33_21.csv,train,background,,6.611082155780998,hard
146.453,458,0.733229,-49.9,-38.5722,12.9085,-36.3519,-35.1705,-1.1814,8.249,3987.8795,3343.5751,-644.3044,0.0,46999.703,-30813.4843,13.5859,13.3296,0.9811,0.0,30.103,class3_2026_05_14_13_10_59.csv,train,background,,-0.171241768606331,random
127.628,399,0.63898,-8.111,-10.9982,2.8687,-16.1983,-17.1702,0.9719,8.7905,1287.0149,-2742.9854,-4030.0003,617.5549,9916.9279,-2797.8056,2.2942,8.869,3.8659,2.871,8.705,class2_2026_04_27_15_50_20.csv,train,connector,127.63,,positive
135.285,423,0.677316,-25.683,-34.054,14.2697,-20.2494,-36.0757,15.8263,2.3035,-2563.9873,-293.1507,2270.8366,-45379.3135,45633.2335,-45379.3135,7.8219,13.8816,1.7747,0.0,30.517,class2_2026_04_27_15_20_55.csv,train,background,,8.403645503642625,hard
129.223,404,0.646966,-9.71,-9.635,2.1706,-11.7539,-20.6153,8.8613,8.4655,2278.9166,-2987.6374,-5266.5541,-3161.442,-1989.0282,-3161.442,3.6136,11.1101,3.0746,2.871,6.741,class1_2026_04_27_14_48_38.csv,train,background,,-34.84307694383463,random
135.604,424,0.678913,-49.9,-30.9521,13.5015,-20.9596,-36.0757,15.1161,2.624,-2320.6669,-128.3069,2192.3601,-38017.0835,45633.2335,-38017.0835,7.7017,13.8816,1.8024,0.0,30.517,class2_2026_04_27_15_20_55.csv,train,background,,7.465748539653858,hard
174.212,545,0.872207,-49.9,-36.7687,14.6924,-28.9242,-35.8972,6.9731,4.418,-4811.9392,749.2142,5561.1534,-0.0,45235.1113,-48056.4295,11.4975,14.1432,1.2301,0.0,30.66,class3_2026_05_14_13_39_14.csv,train,background,,4.820841511582028,hard
133.69,418,0.66933,-19.745,-23.568,9.4212,-13.4468,-34.2678,20.821,2.678,-2646.8194,-4323.3117,-1676.4922,-2584.6395,1231.9734,-47264.8918,4.3833,13.9984,3.1936,0.0,31.988,class1_2026_04_27_14_45_49.csv,train,background,,2.289541036520294,random
137.838,431,0.690097,-49.9,-37.5949,13.7938,-34.6493,-40.5208,5.8715,29.734,-681.2844,-4528.0567,-3846.7723,0.0,2634.7994,-2478.0564,13.7944,13.2791,0.9626,0.0,29.734,class2_2026_04_27_15_33_11.csv,train,background,,-2.3491891243657848,random
104.017,325,0.52077,-17.786,-17.1282,0.2808,-17.0588,-17.0777,0.0189,0.207,-36.7813,-8.7591,28.0222,1.5674,247.6505,-219.4373,0.2241,0.1844,0.8228,0.0,0.935,class2_2026_04_27_16_00_46.csv,train,background,,-56.366564892372864,random
193.356,605,0.968053,-49.9,-37.4792,13.9472,-30.1288,-37.6637,7.5349,4.443,3837.9316,1509.5066,-2328.425,-44316.6191,44219.4389,-44316.6191,12.4668,13.6959,1.0986,0.0,30.367,class3_2026_05_14_12_56_02.csv,train,background,,3.7053529328467327,hard
156.344,489,0.782749,-20.698,-34.3106,14.1226,-34.2374,-39.1903,4.9529,30.434,-472.4159,-364.2426,108.1733,-1029.779,45771.163,-45771.163,14.064,13.5066,0.9604,1.276,30.434,class2_2026_04_27_15_32_04.csv,train,background,,4.399803898476125,hard
61.261,191,0.306708,-49.9,-35.308,13.3056,-40.0232,-39.144,-0.8792,29.528,362.9073,-6479.7255,-6842.6328,0.0,45427.9028,-11180.7083,12.5098,13.553,1.0834,0.0,29.528,class3_2026_04_27_16_18_11.csv,train,background,,0.8352905443210065,random
142.305,445,0.712462,-24.577,-37.604,13.7841,-40.3111,-33.3933,-6.9178,29.262,2242.3042,253.3477,-1988.9565,0.0,44938.8746,0.0,13.5688,13.3524,0.9841,0.638,29.262,class3_2026_05_14_13_10_25.csv,train,background,,3.682092351982471,hard
136.562,427,0.683709,-49.9,-30.3923,13.8205,-16.8634,-38.8792,22.0158,1.7535,-1603.1468,-3062.1729,-1459.0261,2771.1583,4182.9982,-47180.2539,3.1535,13.8347,4.3871,0.0,30.97,class3_2026_05_14_13_37_53.csv,train,break,134.01,,positive
135.604,424,0.678913,-18.498,-22.3048,9.83,-13.7334,-29.2279,15.4945,1.054,-2323.9137,-73.9635,2249.9502,5840.3806,5840.3806,-49300.6393,4.0012,12.8996,3.2239,0.0,32.375,class3_2026_05_14_13_43_30.csv,train,break,134.33,,positive
134.009,419,0.670927,-49.9,-34.5403,13.9385,-20.3954,-36.5312,16.1358,1.676,-3606.3643,-2333.2135,1273.1508,-12034.4828,46478.0596,-34238.2476,10.8903,13.4938,1.2391,0.0,30.461,class2_2026_04_27_15_35_45.csv,train,background,,7.981930764429984,hard
175.169,548,0.876998,-24.022,-34.2203,14.0865,-39.4667,-35.3048,-4.1618,31.007,-3573.3968,-3932.9621,-359.5654,6564.2618,42036.0549,-40561.1332,13.1378,13.2437,1.0081,1.276,31.007,class2_2026_04_27_15_50_20.csv,train,background,,3.8001638652168293,hard
115.822,362,0.579873,-17.246,-17.06,0.2214,-16.9326,-16.9741,0.0415,0.285,-74.5098,44.1282,118.638,14.1066,208.4639,-198.3547,0.3574,0.1808,0.5059,0.0,0.677,class2_2026_04_27_15_24_02.csv,train,background,,-56.64587190221677,random
97.316,304,0.487221,-0.156,-1.4443,1.8844,-11.9356,-7.0616,-4.8741,11.255,3353.9499,-2630.5185,-5984.4683,0.0,20241.3793,-6354.232,5.5426,4.2628,0.7691,4.148,5.283,class3_2026_05_14_12_56_35.csv,train,connector,97.32,,positive
112.631,352,0.563897,-22.654,-29.6436,14.7325,-30.5744,-36.3857,5.8113,10.7045,2078.2588,1178.1423,-900.1165,-39120.6582,10156.7429,-42505.257,14.0365,15.332,1.0923,0.0,35.189,class3_2026_05_14_13_11_09.csv,train,background,,5.01977392879108,hard
127.628,399,0.63898,-7.87,-10.6768,2.7034,-15.7845,-18.5254,2.7409,8.597,1140.4793,-2600.9164,-3741.3957,581.5047,9589.3417,-2702.1944,2.2359,11.6727,5.2205,2.871,8.149,class2_2026_04_27_16_10_06.csv,train,connector,127.63,,positive
127.628,399,0.63898,-2.367,-5.7733,3.9111,-13.6607,-9.9017,-3.7589,12.2935,1886.4438,-2647.4327,-4533.8764,584.6395,14961.6378,-2744.5141,3.5372,4.3099,1.2185,3.509,12.601,class3_2026_05_14_13_22_54.csv,train,connector,127.63,,positive
133.371,417,0.667733,-49.9,-33.832,14.4206,-16.1904,-40.8078,24.6174,1.9165,-4815.0519,-3064.0066,1751.0452,0.0,0.0,-44503.1379,9.0786,12.9154,1.4226,0.0,30.633,class2_2026_04_27_16_10_06.csv,train,background,,5.701430728862772,hard
191.761,600,0.960067,-21.797,-43.9872,11.0842,-37.1539,-36.1327,-1.0212,18.3865,-6151.4712,482.6292,6634.1004,0.0,44048.5909,-44048.5909,12.9588,13.8017,1.065,0.638,28.103,class2_2026_04_27_15_59_21.csv,train,background,,-2.8922952703981766,random
166.873,522,0.835464,-20.864,-34.8794,13.5101,-40.7881,-34.9671,-5.821,29.036,1264.6437,183.0287,-1081.615,-1608.1489,43498.4342,-45510.9749,12.9268,13.4236,1.0384,1.595,29.036,class2_2026_04_27_16_08_56.csv,train,background,,2.5593950076085146,random
22.016,68,0.110225,-15.757,-15.002,0.4067,-14.5904,-14.7142,0.1238,0.044,-97.2804,61.4677,158.7481,319.7492,319.7492,65.8307,0.2669,0.4372,1.6381,0.0,1.221,class2_2026_04_27_16_06_59.csv,train,bend,25.84,,positive
127.628,399,0.63898,-8.356,-11.2589,2.8948,-16.5036,-17.4297,0.9262,8.963,1153.7007,-2760.7809,-3914.4816,666.1442,9600.3135,-2703.7618,2.2931,8.85,3.8593,2.871,8.947,class2_2026_04_27_15_19_40.csv,train,connector,127.63,,positive
133.052,416,0.666136,-23.917,-25.1913,8.8983,-16.3925,-33.5803,17.1878,2.631,-4808.2759,-3426.631,1381.6448,42884.0141,42884.0141,-43221.0047,8.9976,13.1087,1.4569,0.0,30.907,class2_2026_04_27_15_41_59.csv,train,background,,4.143145957017795,hard
135.285,423,0.677316,-49.9,-40.4181,13.4251,-28.9905,-42.0911,13.1006,29.948,-4633.1542,282.9852,4916.1394,-44105.0188,44105.0188,-46940.442,15.0015,12.6211,0.8413,0.0,29.948,class3_2026_04_27_16_17_30.csv,train,background,,6.374657415340202,hard
142.624,446,0.714059,-49.9,-40.5839,13.2154,-43.9093,-34.9514,-8.9579,30.385,3038.5842,-483.4978,-3522.082,-0.0,40971.79,-0.0,11.2296,13.5185,1.2038,0.0,30.385,class3_2026_05_14_14_39_37.csv,train,background,,4.942292380692575,hard
135.924,425,0.680515,-25.078,-37.8891,13.4732,-22.6565,-39.1642,16.5077,0.5705,-2056.7959,2503.4511,4560.247,-44957.4537,40843.2649,-44957.4537,9.9315,13.4995,1.3593,0.0,28.662,class2_2026_04_27_16_10_58.csv,train,background,,5.265976780087594,hard
155.387,486,0.777958,-25.867,-37.3267,14.1561,-26.5663,-45.3909,18.8246,20.5895,801.4566,-940.5453,-1742.0019,-46478.0596,46478.0596,-46478.0596,10.7442,10.0876,0.9389,1.276,30.405,class1_2026_04_27_14_37_00.csv,train,background,,7.716304841732608,hard
121.884,381,0.610222,-49.9,-43.7658,11.4761,-39.3013,-34.9512,-4.3501,27.609,975.4689,3809.1622,2833.6933,0.0,0.0,0.0,13.319,13.4565,1.0103,0.0,27.609,class3_2026_05_14_14_39_37.csv,train,background,,-7.267380394888142,random
165.916,519,0.830672,-23.641,-37.5994,13.7869,-42.3404,-34.6783,-7.6621,30.094,-593.7511,-463.7838,129.9673,5037.6176,42131.6646,-47169.2821,12.2003,13.6764,1.121,1.276,30.094,class3_2026_04_27_16_18_51.csv,train,background,,4.767016143956841,hard
109.441,342,0.547926,-21.655,-39.0587,12.8286,-37.0932,-42.3649,5.2717,29.391,2333.5853,-491.2544,-2824.8397,41205.3323,41205.3323,-44271.1614,13.2273,12.1531,0.9188,0.957,29.391,class3_2026_05_14_13_18_01.csv,train,background,,0.6776560847463071,random
131.776,412,0.659748,-18.316,-18.9939,2.0973,-13.9405,-27.0867,13.1462,2.9845,-1966.8281,-3753.7036,-1786.8755,-3468.6505,-1405.9545,-7017.2398,3.1181,10.4137,3.3397,0.0,6.476,class2_2026_04_27_15_44_57.csv,train,break,132.09,,positive
131.776,412,0.659748,-18.627,-19.2592,2.9973,-13.1012,-40.5881,27.4869,2.853,-2081.3471,-5999.2512,-3917.9041,-8536.0517,-1471.8761,-48275.8652,3.1433,13.2425,4.213,0.0,9.155,class2_2026_04_27_15_58_37.csv,train,break,131.78,,positive
112.312,351,0.562299,-49.9,-29.2888,14.9161,-25.0242,-26.3159,1.2917,5.9075,1099.3305,4199.42,3100.0895,-8578.3715,54800.9436,-44828.1755,13.654,13.1156,0.9606,0.0,34.963,class3_2026_05_14_13_18_55.csv,train,background,,6.74683489683949,hard
130.18,407,0.651757,-14.971,-15.0702,2.193,-13.8312,-35.9975,22.1663,6.016,1211.1724,-10130.5421,-11341.7145,-3195.9248,-2175.5486,-3195.9248,3.2762,15.5818,4.756,0.0,6.604,class2_2026_04_27_16_03_45.csv,train,break,131.14,,positive
127.628,399,0.63898,-8.16,-11.2161,3.174,-16.3683,-15.7406,-0.6277,8.7875,1151.8883,-2893.1563,-4045.0446,625.3918,10885.9779,-2753.9185,2.3296,4.4253,1.8996,2.871,9.929,class2_2026_04_27_15_46_27.csv,train,connector,127.63,,positive
134.009,419,0.670927,-20.178,-31.7622,12.8935,-21.9526,-36.3978,14.4452,2.5775,-7245.2659,-6416.1253,829.1405,4485.895,46586.2116,-42269.5972,13.1346,13.5316,1.0302,0.957,29.722,class2_2026_04_27_16_01_24.csv,train,background,,5.740758490270442,hard
135.604,424,0.678913,-25.946,-34.3533,14.0246,-25.3017,-36.4084,11.1068,2.2615,-3844.1452,1022.4721,4866.6174,-5206.8063,46426.3339,-37627.3741,13.3488,13.6951,1.0259,0.0,30.157,class2_2026_04_27_15_25_30.csv,train,background,,5.496119719732566,hard
192.399,602,0.963262,-49.9,-37.2847,14.1663,-39.2988,-30.2095,-9.0893,5.6195,-700.436,100.0542,800.4902,0.0,47404.3918,0.0,13.387,12.3088,0.9195,0.0,30.448,class3_2026_05_14_13_16_20.csv,train,background,,4.040132347018095,hard
25.526,79,0.127798,-16.825,-16.2909,0.4445,-16.3329,-16.5605,0.2276,1.027,49.888,-17.9898,-67.8778,155.0993,2183.384,-338.558,1.4289,0.2961,0.2072,0.0,1.366,class2_2026_04_27_16_05_53.csv,train,background,,-55.31095715155297,random
127.628,399,0.63898,-7.806,-10.6379,2.7524,-15.6102,-17.2236,1.6134,8.497,1153.9109,-2859.7427,-4013.6536,606.5831,9373.0408,-2710.0313,2.1895,9.1277,4.1688,2.871,8.464,class2_2026_04_27_16_03_03.csv,train,connector,127.63,,positive
136.881,428,0.685306,-49.9,-28.3881,11.5516,-24.5046,-37.6812,13.1766,2.625,-1226.9931,-2116.4083,-889.4152,-41716.3041,4793.947,-41716.3041,9.2428,13.6884,1.481,0.0,29.225,class2_2026_04_27_15_49_29.csv,train,background,,-2.129140164208895,random
175.169,548,0.876998,-21.358,-30.7657,13.5494,-33.3288,-40.9362,7.6074,30.006,857.4957,-811.2354,-1668.7311,0.0,42536.0549,-44736.6803,13.2884,12.7748,0.9613,0.638,30.006,class2_2026_04_27_15_48_47.csv,train,background,,3.7382698410309962,hard
154.43,483,0.773167,-24.861,-37.7431,13.6975,-35.9918,-40.6796,4.6878,30.494,2660.6213,-134.4812,-2795.1025,-45796.2429,47796.2414,-45796.2429,13.9627,13.1291,0.9403,1.596,30.494,class2_2026_04_27_16_05_01.csv,train,background,,3.9480640813808106,hard
138.157,432,0.691695,-20.277,-31.3284,13.1986,-32.1285,-42.6018,10.4733,29.856,-970.1475,-3587.761,-2617.6136,-4137.9342,46796.2398,-46431.0376,14.2429,11.8261,0.8303,1.276,29.856,class1_2026_04_27_14_43_57.csv,train,background,,4.4963555075200645,hard
192.718,603,0.965038,-23.288,-31.2932,13.1907,-36.6887,-37.9064,1.2178,29.099,1021.9323,-1350.9048,-2372.8371,45609.7194,45609.7194,-45609.7194,13.3259,13.5775,1.0189,0.957,29.099,class3_2026_05_14_12_54_33.csv,train,background,,0.5306476374460523,random
135.924,425,0.680515,-19.341,-35.8301,12.8534,-26.6759,-39.9654,13.2895,6.835,-5619.6153,-3310.127,2309.4884,-4490.7625,47917.1437,-47898.1223,12.7626,12.6142,0.9884,0.639,30.559,class2_2026_04_27_15_50_35.csv,train,background,,5.588477852814713,hard
133.371,417,0.667733,-21.644,-31.6211,12.963,-17.2952,-37.7704,20.4752,0.9785,-4632.1326,-2230.6151,2401.5175,-2278.9984,44288.406,-41531.3511,8.9879,13.5938,1.5125,0.0,29.406,class2_2026_04_27_15_31_02.csv,train,background,,8.099292884273307,hard
142.305,445,0.712462,-49.9,-34.4138,13.8974,-30.3736,-41.6756,11.302,8.949,3058.0143,-2099.8849,-5157.8991,-46899.6881,45003.1379,-46899.6881,12.2792,11.6974,0.9526,0.0,29.922,class2_2026_04_27_15_15_26.csv,train,background,,3.7799993984116163,hard
136.562,427,0.683709,-49.9,-31.5708,12.9933,-24.3936,-35.8843,11.4908,1.7825,-4000.2842,-3757.2803,243.0039,-1246.0815,45613.0152,-44559.5627,11.8734,14.0451,1.1829,0.0,29.224,class1_2026_04_27_14_48_51.csv,train,background,,4.158370670716941,hard
163.364,511,0.817896,-20.578,-28.0354,11.7498,-33.1309,-33.8884,0.7575,4.6975,3585.5914,212.7032,-3372.8882,-42889.2258,44485.8966,-42889.2258,13.4799,13.0566,0.9686,1.596,29.322,class2_2026_04_27_16_03_03.csv,train,background,,-2.8481673163719745,random
149.324,467,0.747603,-49.9,-34.204,14.0604,-39.5434,-32.4613,-7.0821,18.1845,2331.9054,2334.9432,3.0378,-44217.9966,44148.906,-46805.6458,13.0211,13.933,1.07,0.0,29.862,class2_2026_04_27_15_23_25.csv,train,background,,4.203531137531708,hard
102.102,319,0.511182,-23.07,-30.2978,14.1224,-33.0713,-29.0481,-4.0232,8.23,1513.6557,3536.0583,2022.4026,0.0,54829.1567,-39663.0141,15.3543,13.312,0.867,0.0,34.981,class3_2026_05_14_13_11_09.csv,train,background,,7.807255816443441,hard
127.628,399,0.63898,-8.115,-11.0293,2.9081,-16.1134,-15.2814,-0.832,8.7455,1186.5836,-2637.2694,-3823.853,636.3636,9564.2633,-2821.3166,2.2626,3.8172,1.6871,2.871,9.042,class2_2026_04_27_15_49_56.csv,train,connector,127.63,,positive
176.126,551,0.88179,-21.577,-40.2477,13.6573,-33.2402,-40.8316,7.5913,30.006,-1779.8846,-1209.6072,570.2773,47031.3527,47031.3527,-47031.3527,13.3623,12.9396,0.9684,0.957,30.006,class2_2026_04_27_15_48_47.csv,train,background,,4.589045965022058,hard
158.577,496,0.793929,-25.306,-32.7194,12.3346,-32.8238,-39.0569,6.2331,19.083,-966.5763,-1538.4366,-571.8604,7637.4845,38548.5925,-38666.8441,13.7374,13.657,0.9941,1.277,30.507,class3_2026_05_14_13_11_09.csv,train,background,,2.051102729533086,random
133.052,416,0.666136,-23.077,-26.6821,12.4743,-15.7456,-35.9136,20.168,1.7665,-4855.1542,-4548.0464,307.1077,-0.0,-0.0,-5253.9201,9.1091,14.0664,1.5442,0.0,31.885,class2_2026_04_27_15_34_05.csv,train,background,,4.119298910465746,hard
135.604,424,0.678913,-22.776,-34.1711,14.1059,-20.5558,-39.7219,19.1661,2.5975,-2854.4117,1852.7725,4707.1843,-5305.7346,42514.1113,-42575.5691,7.5609,12.8193,1.6955,0.0,29.989,class2_2026_04_27_16_00_02.csv,train,background,,8.088328248836344,hard
141.348,442,0.707671,-49.9,-37.6832,13.7518,-32.7786,-38.9561,6.1776,18.471,-4063.5457,1038.4967,5102.0423,-0.0,47805.0564,-37630.0972,13.7452,13.7851,1.0029,0.0,30.475,class2_2026_04_27_16_03_45.csv,train,background,,4.486123470540032,hard
132.414,414,0.662942,-18.123,-18.1964,2.1799,-11.1419,-26.48,15.3381,3.4285,-2634.474,-979.5076,1654.9665,-3688.0862,-1470.2194,-3688.0862,3.5584,10.6858,3.003,0.0,6.527,class1_2026_04_27_14_37_34.csv,train,break,131.78,,positive
104.974,328,0.525561,-49.9,-28.8748,11.3496,-20.5824,-34.8054,14.2231,1.053,-1741.9444,179.9887,1921.9332,2499.9984,4741.3777,-44644.2038,7.8023,13.5918,1.742,0.0,29.394,class3_2026_05_14_13_47_38.csv,train,background,,-1.8113989700835924,random
132.414,414,0.662942,-21.644,-23.9181,9.2704,-14.6173,-37.6226,23.0053,1.96,-2706.6622,-4207.816,-1501.1538,-1722.5721,-1468.652,-47032.9185,3.6573,13.7993,3.7731,0.0,31.526,class2_2026_04_27_16_05_29.csv,train,background,,2.629598546731426,random
108.803,340,0.544731,-20.345,-34.5098,13.8315,-40.5804,-34.5897,-5.9907,29.555,-1604.3213,-2931.0894,-1326.7681,45880.8809,45880.8809,-46324.4561,13.2238,13.741,1.0391,0.957,29.555,class3_2026_05_14_13_00_09.csv,train,background,,4.023978702270847,hard
156.344,489,0.782749,-23.122,-31.1331,13.3112,-28.8805,-37.5306,8.6501,4.232,-869.1773,-264.2199,604.9574,-802.5094,45813.4828,-45010.9734,11.4044,13.849,1.2144,0.0,30.02,class1_2026_04_27_14_49_38.csv,train,background,,3.7702619162721387,hard
153.791,481,0.769968,-49.9,-38.2849,13.1531,-31.6632,-41.9982,10.335,29.454,626.118,-944.1448,-1570.2628,-43797.2781,46166.1489,-43797.2781,13.0438,12.7637,0.9785,0.0,29.454,class2_2026_04_27_15_44_43.csv,train,background,,4.717409247176051,hard
158.258,495,0.792332,-22.54,-34.4338,13.8461,-36.1307,-37.3892,1.2586,28.825,2168.5705,2095.1646,-73.4059,-0.0,-0.0,-44087.779,13.9563,14.0074,1.0037,0.638,28.825,class2_2026_04_27_16_02_21.csv,train,background,,-5.222368388137455,random
172.297,539,0.862619,-49.9,-37.1829,14.2651,-40.7173,-36.0489,-4.6684,30.649,-186.2456,438.4908,624.7364,-40791.0118,46305.6458,-40791.0118,13.0707,13.9074,1.064,0.0,30.649,class2_2026_04_27_15_14_19.csv,train,background,,5.009482134844839,hard
132.095,413,0.661345,-20.207,-23.9871,9.8748,-13.2714,-38.3128,25.0413,3.149,-2503.6534,-2219.2143,284.4391,-2821.315,-1455.7669,-46540.7539,3.3712,13.0789,3.8796,0.0,33.225,class2_2026_04_27_15_42_28.csv,train,break,131.78,,positive
132.733,415,0.664539,-17.757,-17.4026,2.1549,-9.8396,-27.4249,17.5853,3.626,-2623.9941,-2251.395,372.5991,-4435.7367,-1981.1912,-4932.6003,3.8244,12.1063,3.1656,0.0,6.999,class3_2026_05_14_13_47_19.csv,train,break,133.05,,positive
74.343,232,0.372204,-16.653,-16.4339,0.2335,-16.4524,-16.3273,-0.1251,0.229,-1.596,11.9137,13.5096,-528.2132,689.6567,-528.2132,0.2045,0.2415,1.1808,0.0,0.707,class2_2026_04_27_16_01_41.csv,train,background,,-56.450755929531674,random
132.095,413,0.661345,-21.338,-22.927,9.7432,-13.4607,-32.7101,19.2494,2.439,-2392.5771,-2500.3493,-107.7721,-5844.8276,-1326.0204,-44768.0298,3.2753,13.7366,4.194,0.0,33.064,class2_2026_04_27_16_05_17.csv,train,break,131.14,,positive
35.736,111,0.178915,-7.4,-9.5688,2.2987,-13.5978,-12.5961,-1.0017,7.439,1172.0929,-1578.2292,-2750.3221,-843.2602,9775.3007,-3680.2508,2.2054,2.2672,1.028,2.871,7.569,class3_2026_04_27_16_18_51.csv,train,connector,35.42,,positive
102.421,320,0.512779,-24.33,-24.1506,9.2864,-14.5042,-22.7612,8.257,0.719,-2409.7333,1646.4909,4056.2242,1188.0909,1188.0909,-40078.373,3.9457,6.7899,1.7208,0.0,31.146,class3_2026_05_14_13_18_31.csv,train,break,100.83,,positive
131.138,410,0.656553,-15.18,-15.0996,2.0481,-11.2452,-23.7779,12.5328,3.714,-641.5783,-4172.097,-3530.5187,-1615.5628,-1615.5628,-3863.6364,3.1204,9.5843,3.0715,0.0,5.842,class3_2026_04_27_16_18_40.csv,train,break,131.78,,positive
121.565,380,0.608625,-16.48,-16.9408,0.4813,-15.6936,-16.1486,0.4551,0.2825,-692.2133,-73.1783,619.0349,442.0047,1137.931,-1081.5016,1.0137,2.2596,2.2291,0.0,1.339,class2_2026_04_27_15_16_23.csv,train,bend,119.01,,positive
132.414,414,0.662942,-20.755,-30.553,13.8673,-14.1913,-36.3564,22.1651,2.651,-3034.75,1925.8558,4960.6058,-38471.79,-2224.1364,-45681.8229,4.1973,13.5875,3.2372,0.0,32.041,class2_2026_04_27_16_01_24.csv,train,break,131.78,,positive
160.492,502,0.803517,-49.9,-33.9519,14.3255,-39.4013,-36.4136,-2.9877,31.031,1518.0343,-3410.4354,-4928.4697,47465.5188,47465.5188,-44365.2085,13.2271,13.5762,1.0264,0.0,31.031,class2_2026_04_27_15_32_19.csv,train,background,,4.484808924356647,hard
153.791,481,0.769968,-49.9,-37.0572,14.3962,-34.9234,-39.2321,4.3086,30.25,1594.0898,2503.8179,909.7281,-47172.4562,47413.7962,-47172.4562,13.5622,13.4423,0.9912,0.0,30.25,class1_2026_04_27_14_45_19.csv,train,background,,4.290600281814345,hard
194.951,610,0.976038,-49.9,-34.3559,13.9046,-33.9763,-40.8085,6.8322,28.452,-73.7508,-3202.0095,-3128.2587,43399.6897,44595.6144,-43471.105,12.9801,12.8667,0.9913,0.0,28.452,class3_2026_05_14_13_43_49.csv,train,background,,2.4593887008115716,random
169.107,529,0.846648,-21.307,-37.7347,13.6598,-42.0981,-33.3288,-8.7693,29.46,924.2335,2472.8711,1548.6376,-3937.3025,46175.5502,-44816.6191,12.6179,13.2884,1.0531,1.276,29.46,class2_2026_04_27_15_48_47.csv,train,background,,4.8105712484950365,hard
105.931,331,0.530352,-49.9,-37.2454,14.181,-22.6463,-40.5213,17.875,3.4465,-4123.7515,1113.3673,5237.1188,-47490.5987,41683.3887,-47490.5987,10.2242,13.2888,1.2997,0.0,30.299,class3_2026_05_14_13_21_55.csv,train,background,,8.14701567714836,hard
134.966,422,0.675719,-22.692,-27.1396,12.2634,-16.3441,-34.2277,17.8836,1.8035,-4668.3172,-2067.4895,2600.8277,47573.6708,47573.6708,-42645.7727,8.9932,14.0866,1.5664,0.0,31.815,class3_2026_05_22_11_09_21.csv,train,background,,9.450019898952796,hard
185.06,579,0.926518,-49.9,-32.2104,12.7685,-36.7267,-37.8936,1.1669,30.823,2161.9441,-1787.4036,-3949.3478,-31750.7868,48311.9154,-42639.4186,13.3379,13.4446,1.008,0.0,30.823,class3_2026_04_27_16_18_51.csv,train,background,,2.150549641196641,random
190.803,597,0.955271,-21.632,-33.8073,14.4067,-34.1364,-40.5292,6.3927,29.946,6094.3825,-167.524,-6261.9065,-46214.2208,43531.3495,-46214.2208,14.1386,13.3186,0.942,1.596,29.946,class2_2026_04_27_15_44_16.csv,train,background,,4.371416903218505,hard
183.465,574,0.918533,-49.9,-38.0991,13.2789,-33.6383,-32.9097,-0.7286,3.4385,4804.8823,5478.0086,673.1262,-43268.0282,7476.4906,-43268.0282,13.1771,13.5928,1.0315,0.0,28.831,class2_2026_04_27_15_39_15.csv,train,background,,-6.911573468689814,random
160.492,502,0.803517,-24.6,-43.9243,11.2046,-33.1986,-41.2928,8.0942,28.481,-4034.561,-150.4465,3884.1145,0.0,39655.1755,-39655.1755,13.4362,12.233,0.9105,0.638,28.481,class2_2026_04_27_15_35_32.csv,train,background,,-0.2734851310746472,random
190.165,595,0.952077,-20.777,-41.265,12.3694,-35.9808,-44.5153,8.5346,29.123,-4172.2025,-63.4665,4108.736,-0.0,45647.3386,-45647.3386,12.7644,10.3111,0.8078,0.638,29.123,class1_2026_04_27_14_48_26.csv,train,background,,0.6780289123155749,random
134.966,422,0.675719,-20.649,-27.8458,11.8175,-18.1147,-34.3285,16.2138,1.5645,-4234.429,-358.2318,3876.1972,973.3542,45847.9655,-44465.1912,8.606,13.9478,1.6207,0.0,30.155,class1_2026_04_27_14_45_19.csv,train,background,,6.35244364720012,hard
137.519,430,0.6885,-49.9,-38.2357,13.2023,-42.192,-33.4539,-8.7381,29.285,2619.8231,-2761.1744,-5380.9975,34537.6207,45631.663,-34537.6207,12.4463,13.2244,1.0625,0.0,29.285,class3_2026_05_14_13_10_59.csv,train,background,,4.126424163321595,hard
177.403,555,0.888183,-49.9,-44.6592,9.8824,-32.3381,-32.8012,0.4631,2.4865,-3750.2691,2845.4899,6595.759,-0.0,0.0,-0.0,12.6827,12.2317,0.9644,0.0,26.209,class1_2026_04_27_14_37_52.csv,train,background,,-14.465292930150841,random
192.718,603,0.964859,-20.317,-34.4338,13.9347,-36.0146,-40.754,4.7394,30.445,-346.6675,1238.6181,1585.2855,-9785.2665,46368.3433,-46368.3433,13.9225,12.9877,0.9329,1.276,30.445,class1_2026_04_27_14_49_30.csv,train,background,,3.789907193933406,hard
141.986,444,0.710865,-22.727,-34.0722,14.1933,-35.576,-41.8996,6.3236,30.372,140.1888,-3357.1207,-3497.3095,-0.0,41835.4263,-47605.0188,14.3861,12.9131,0.8976,0.638,30.372,class2_2026_04_27_15_38_53.csv,train,background,,4.00259299151558,hard
136.243,426,0.682112,-49.9,-37.4312,13.9685,-25.2869,-37.851,12.5641,3.5095,-6473.6722,-1777.1504,4696.5219,-0.0,44639.5016,-41047.0251,13.4363,13.5581,1.0091,0.0,29.856,class1_2026_04_27_14_43_57.csv,train,background,,5.602550479197763,hard
134.009,419,0.670927,-19.86,-28.8183,11.4165,-19.1158,-34.7643,15.6484,2.3115,-4927.4406,-415.0228,4512.4177,7496.8636,47084.6411,-47084.6411,9.0626,13.654,1.5066,0.957,30.04,class2_2026_04_27_15_49_13.csv,train,background,,5.616563347423566,hard
144.219,451,0.722178,-49.9,-37.8867,13.4848,-33.199,-40.3287,7.1297,30.002,-589.3487,3037.0091,3626.3578,-41996.8668,39600.3166,-47025.0799,13.38,13.5531,1.0129,0.0,30.002,class3_2026_05_14_12_54_33.csv,train,background,,3.7117565263224175,hard
189.208,592,0.947286,-24.995,-34.2188,14.0854,-34.555,-42.3394,7.7844,29.927,1869.4252,1302.2109,-567.2143,-46907.5266,46907.5266,-46907.5266,13.8191,12.2612,0.8873,1.276,29.927,class2_2026_04_27_15_31_02.csv,train,background,,4.338801662323089,hard
114.227,357,0.571887,-17.056,-16.9989,0.3148,-15.4942,-17.0519,1.5577,0.366,-628.1022,26.0043,654.1066,506.2696,506.2696,-266.4577,0.9138,0.1395,0.1526,0.0,1.036,class2_2026_04_27_15_20_55.csv,train,bend,112.63,,positive
136.562,427,0.683709,-49.9,-38.3914,13.0238,-26.8354,-41.1143,14.2788,4.536,-4254.0433,-1805.7749,2448.2685,0.0,45851.5944,-4719.4342,12.5195,12.4928,0.9979,0.0,29.24,class2_2026_04_27_15_32_19.csv,train,background,,4.438379065710193,hard
135.924,425,0.680515,-24.077,-31.2279,13.2762,-24.3496,-39.0522,14.7026,3.921,-1984.8412,-933.5842,1051.2571,-48745.714,44542.3229,-48745.714,11.7878,13.6642,1.1592,0.0,31.084,class2_2026_04_27_15_54_38.csv,train,background,,7.354345652627584,hard
191.761,600,0.960067,-21.067,-43.5586,11.8646,-36.7472,-40.4864,3.7392,28.833,-3037.4646,-438.2466,2599.218,0.0,45192.7947,-45192.7947,13.356,13.3284,0.9979,0.638,28.833,class2_2026_04_27_15_34_30.csv,train,background,,0.1818131244241891,random
159.854,500,0.800322,-23.939,-35.0847,13.3251,-40.8983,-36.0851,-4.8132,29.971,1688.5665,-848.0841,-2536.6506,38500.0031,46800.2217,-42860.5047,12.8228,13.8908,1.0833,1.276,29.971,class2_2026_04_27_16_05_17.csv,train,background,,3.715387838986711,hard
135.604,424,0.678913,-26.26,-40.8069,12.9561,-25.9823,-44.9934,19.0111,30.23,-7136.9021,-2368.8905,4768.0116,47392.042,47392.042,-47382.4483,13.0889,10.9743,0.8384,0.958,30.23,class2_2026_04_27_15_39_15.csv,train,background,,8.226660657704494,hard
109.122,341,0.546328,-17.347,-17.1063,0.2582,-17.0697,-17.0016,-0.0681,0.1855,-21.9151,-2.7633,19.1519,481.1928,481.1928,-379.3088,0.3048,0.2201,0.7222,0.0,0.726,class2_2026_04_27_16_04_37.csv,train,background,,-56.49224681352237,random
133.69,418,0.66933,-49.9,-33.8213,14.4614,-16.8831,-34.9289,18.0458,2.833,-4586.0307,90.2851,4676.3158,5144.2006,5144.2006,-45152.0408,9.0405,13.4771,1.4907,0.0,31.766,class2_2026_04_27_15_25_04.csv,train,background,,4.81864951948739,hard
162.406,508,0.813099,-49.9,-37.2502,14.1533,-45.1821,-34.633,-10.5491,29.738,2202.4719,747.5117,-1454.9602,0.0,44811.9169,-46611.2868,10.5505,13.7049,1.299,0.0,29.738,class2_2026_04_27_15_15_26.csv,train,background,,6.525814101571053,hard
170.702,534,0.854634,-19.776,-37.5647,13.827,-34.3722,-41.2206,6.8484,30.124,-2715.9395,-194.1284,2521.8111,1324.4498,47216.3056,-47216.3056,12.54,12.3077,0.9815,1.276,30.124,class2_2026_04_27_15_21_31.csv,train,background,,3.9525617644790145,hard
134.647,421,0.674121,-49.9,-31.6368,13.1283,-17.1864,-34.9838,17.7974,1.631,-4493.4034,-1303.0971,3190.3062,34421.6348,34421.6348,-34421.6348,8.7465,13.4217,1.5345,0.0,30.448,class1_2026_04_27_14_48_51.csv,train,background,,6.390475586480756,hard
127.628,399,0.63898,-8.073,-10.9887,2.946,-16.2008,-15.6379,-0.5629,8.9285,1211.9074,-2594.995,-3806.9025,633.2288,9694.3574,-2721.0031,2.31,4.4246,1.9154,2.871,9.134,class2_2026_04_27_15_20_55.csv,train,connector,127.63,,positive
134.966,422,0.675719,-20.649,-27.8458,11.8175,-18.1147,-34.3285,16.2138,1.5645,-4234.429,-358.2318,3876.1972,973.3542,45847.9655,-44465.1912,8.606,13.9478,1.6207,0.0,30.155,class1_2026_04_27_14_45_49.csv,train,background,,6.35244364720012,hard
132.414,414,0.662942,-22.43,-29.7244,14.3487,-13.3201,-35.8961,22.576,3.002,-2674.8612,3456.4228,6131.2839,-49459.2524,-120.6881,-49459.2524,3.635,14.0373,3.8617,0.0,32.765,class2_2026_04_27_15_57_38.csv,train,background,,7.683018529727852,hard
104.974,328,0.525561,-49.9,-37.2806,14.1244,-34.1483,-34.8033,0.6551,3.899,-2788.3215,499.4023,3287.7238,0.0,0.0,-42061.1301,14.1176,13.718,0.9717,0.0,29.313,class3_2026_05_14_13_42_29.csv,train,background,,-6.738232685281923,random
144.857,453,0.725239,-49.9,-44.2819,10.6105,-39.0549,-44.0937,5.0388,28.364,2331.0458,-2480.5692,-4811.615,0.0,7371.4749,-0.0,13.6438,10.9154,0.8,0.0,28.364,class2_2026_04_27_16_08_20.csv,train,background,,-8.035122741929646,random
127.628,399,0.63898,-5.931,-8.7977,2.8316,-13.9428,-13.5828,-0.36,8.845,1165.779,-2746.9806,-3912.7597,586.2069,9606.5831,-2736.6771,2.2597,4.4506,1.9695,2.871,8.701,class1_2026_04_27_14_39_11.csv,train,connector,127.63,,positive
178.36,558,0.892974,-20.764,-34.2702,14.0391,-35.0258,-39.2522,4.2264,30.955,-1627.8202,1941.4315,3569.2517,6398.1191,43335.7403,-48518.8119,13.4317,13.4381,1.0005,1.595,30.955,class2_2026_04_27_15_48_35.csv,train,background,,4.093543800956909,hard
151.877,475,0.760385,-49.9,-33.8444,14.384,-42.2581,-36.8313,-5.4268,29.933,5130.3193,-3247.2618,-8377.5811,-230.4091,46916.9326,-11119.1223,12.3518,13.1887,1.0678,0.0,29.933,class2_2026_04_27_15_24_51.csv,train,background,,4.226446089257226,hard
139.433,436,0.698083,-49.9,-37.3733,14.027,-33.0491,-41.8073,8.7582,29.535,749.1335,676.9513,-72.1822,-0.0,43103.4514,-45565.8339,13.5081,13.0611,0.9669,0.0,29.535,class2_2026_04_27_15_57_16.csv,train,background,,4.543029360938852,hard
168.15,526,0.841857,-25.038,-31.3143,13.2256,-37.7205,-37.5588,-0.1617,30.445,1592.8237,-3635.6206,-5228.4443,4630.333,39055.599,-47719.4389,13.6628,13.8516,1.0138,1.596,30.445,class2_2026_04_27_15_44_29.csv,train,background,,0.6972704947109134,random
149.644,468,0.749205,-19.984,-40.8261,12.8909,-39.4344,-34.0298,-5.4047,29.916,-6586.2112,-2373.0565,4213.1548,38516.7971,46670.6033,-46890.2868,13.1979,14.248,1.0796,0.958,29.916,class1_2026_04_27_14_49_22.csv,train,background,,3.8996027993206224,hard
150.282,470,0.752399,-20.607,-40.32,13.5524,-40.8098,-32.9607,-7.8492,29.293,-5840.5207,1526.8125,7367.3332,45454.5486,45913.7962,-45913.7962,12.9034,13.6039,1.0543,0.957,29.293,class2_2026_04_27_15_25_41.csv,train,background,,4.3430242661711995,hard
183.784,575,0.92013,-49.9,-34.742,13.6945,-32.9877,-39.3151,6.3273,18.768,752.0005,484.6072,-267.3933,-2815.047,47771.1614,-36708.4671,13.5716,13.3191,0.9814,0.0,30.478,class3_2026_05_14_13_00_09.csv,train,background,,4.127567445339498,hard
120.289,376,0.602237,-17.203,-17.4346,0.4686,-16.1605,-17.524,1.3635,0.504,-774.8592,8.7697,783.6289,-1452.9781,1186.5204,-1452.9781,1.2086,0.384,0.3177,0.0,1.698,class2_2026_04_27_15_18_27.csv,train,bend,118.06,,positive
146.453,458,0.733229,-49.9,-37.4311,13.9696,-42.2157,-33.9685,-8.2472,29.788,3573.1355,2704.8816,-868.2538,40810.3464,46762.7251,-1183.384,12.4728,12.7652,1.0234,0.0,29.788,class1_2026_04_27_14_43_57.csv,train,background,,4.753745914111869,hard
188.889,591,0.945689,-20.882,-34.2184,14.207,-38.8019,-34.8522,-3.9497,30.663,2067.0638,1744.7991,-322.2647,724.1364,47336.9953,-45482.7618,13.9427,13.6098,0.9761,1.276,30.663,class1_2026_04_27_14_45_19.csv,train,background,,4.509550252402009,hard
133.371,417,0.667733,-20.888,-23.5949,9.5742,-12.8178,-34.4386,21.6208,2.9035,-2835.66,-596.8057,2238.8543,-542.3197,3775.8636,-45473.3574,4.6898,13.8675,2.9569,0.0,32.783,class1_2026_04_27_14_49_22.csv,train,background,,3.8017946045189164,hard
66.366,207,0.332267,-12.576,-13.652,0.6787,-14.4292,-14.975,0.5458,2.0645,211.1497,-528.1981,-739.3478,-36.0502,2126.9592,-1633.8402,0.4291,0.7647,1.7821,1.596,2.081,class3_2026_05_14_14_34_45.csv,train,connector,66.05,,positive
137.838,431,0.690097,-49.9,-34.6951,13.7033,-27.8221,-40.3677,12.5457,4.031,-1138.7111,-1433.4151,-294.704,-36918.4969,47214.7367,-43103.4514,11.9102,13.5054,1.1339,0.0,30.123,class2_2026_04_27_15_57_16.csv,train,background,,5.981006860971791,hard
158.258,495,0.792332,-49.9,-37.537,13.8595,-35.4233,-40.8388,5.4155,29.629,-1554.6811,-1781.9314,-227.2503,44567.4013,44567.4013,-44630.505,14.5206,12.8333,0.8838,0.0,29.629,class1_2026_04_27_14_49_08.csv,train,background,,2.8645271808680515,random
135.924,425,0.680515,-49.9,-40.1273,13.8373,-29.1103,-38.8888,9.7785,5.131,-8036.4201,778.9702,8815.3902,0.0,44711.6003,-44592.4781,14.8805,13.8371,0.9299,0.0,30.978,class2_2026_04_27_15_22_54.csv,train,background,,5.528396168744414,hard
166.554,521,0.833867,-22.119,-33.901,14.32,-42.1395,-33.1238,-9.0157,29.67,2055.1381,496.0832,-1559.0549,-0.0,46346.3997,-1960.8166,12.5341,13.4154,1.0703,0.638,29.67,class2_2026_04_27_15_16_23.csv,train,background,,5.798699400247997,hard
138.476,433,0.693292,-23.827,-28.2387,11.807,-22.6611,-38.0483,15.3872,2.5275,-3812.9668,-5074.1949,-1261.2281,35445.1458,47888.7179,-35445.1458,9.8258,13.4415,1.368,0.0,30.553,class3_2026_05_14_13_09_36.csv,train,background,,6.216952019111928,hard
133.371,417,0.667733,-19.47,-22.9653,9.5897,-12.7803,-34.5919,21.8116,2.3445,-2705.2681,1830.412,4535.6801,-1590.9122,-125.3918,-47695.9295,4.425,13.76,3.1096,0.0,32.232,class1_2026_04_27_14_39_05.csv,train,break,132.41,,positive
102.421,320,0.512779,-18.892,-19.5651,2.9542,-11.1947,-34.4913,23.2966,3.028,-2682.3091,-5013.4669,-2331.1578,-2109.7194,-1976.4875,-10995.2978,4.258,13.8552,3.2539,0.0,10.0,class3_2026_05_14_13_21_55.csv,train,break,102.74,,positive
172.936,541,0.865819,-20.6,-31.408,13.1862,-42.5949,-34.8818,-7.7131,29.757,1092.5686,-1316.287,-2408.8556,46641.069,46641.069,-45924.768,11.8382,13.6516,1.1532,0.957,29.757,class2_2026_04_27_15_49_43.csv,train,background,,4.590884645998567,hard
177.403,555,0.888183,-20.739,-43.2624,12.4222,-42.3049,-36.2562,-6.0487,30.577,-1825.6942,5857.4084,7683.1026,47715.6694,47715.6694,-47926.3354,12.2875,13.6968,1.1147,0.958,30.577,class2_2026_04_27_15_25_04.csv,train,background,,4.1713455349210316,hard
157.62,493,0.789138,-24.351,-41.1422,12.4027,-37.7443,-38.2755,0.5312,27.875,-1311.2727,1673.5303,2984.803,3885.5799,40045.4577,-43691.2257,13.6442,13.2666,0.9723,1.276,27.875,class2_2026_04_27_16_05_29.csv,train,background,,-2.7007884751659055,random
137.2,429,0.686903,-49.9,-37.4786,13.914,-26.1136,-34.9988,8.8852,3.1965,-4857.0937,-605.6583,4251.4354,0.0,42026.6489,-22518.8103,11.4435,13.6472,1.1926,0.0,30.116,class1_2026_04_27_14_46_48.csv,train,background,,3.6791528864409813,hard
111.674,349,0.559105,-14.946,-32.2472,16.0287,-26.9286,-25.8617,-1.0669,5.9075,-2356.055,3294.1588,5650.2137,-1183.3856,54800.9436,-54786.837,14.5694,13.3323,0.9151,1.276,34.963,class3_2026_05_14_13_18_55.csv,train,background,,7.7063959653899845,hard
96.997,303,0.485624,-9.553,-11.6589,2.654,-14.2403,-18.6947,4.4544,8.2925,649.4092,-1341.1261,-1990.5353,-5554.8589,12890.2821,-5554.8589,1.8981,11.3743,5.9923,1.276,8.314,class3_2026_05_14_13_18_55.csv,train,connector,96.68,,positive
137.2,429,0.686903,-18.966,-34.0622,14.2172,-26.6333,-35.2734,8.6401,3.314,-7218.3997,-716.8662,6501.5335,40954.5486,48485.8966,-48485.8966,12.6748,13.4158,1.0585,0.638,30.934,class1_2026_04_27_14_37_52.csv,train,background,,5.271604330356905,hard
176.764,553,0.884984,-24.819,-38.8703,12.3888,-35.8846,-36.5147,0.6301,5.743,-1859.4742,1442.8191,3302.2933,-34672.4185,39311.9154,-39373.4364,12.6512,13.4768,1.0653,0.638,27.137,class3_2026_05_14_14_36_02.csv,train,background,,-4.727283295228595,random
133.052,416,0.666136,-20.666,-20.9799,2.978,-13.6112,-30.0721,16.4609,2.0395,-2479.5687,-2956.6588,-477.0901,-142.6317,-142.6317,-11358.9342,3.9919,12.4293,3.1136,0.0,10.471,class2_2026_04_27_16_00_17.csv,train,break,131.46,,positive
150.282,470,0.752399,-21.663,-31.6134,13.0175,-39.3513,-35.7824,-3.5688,28.936,1664.6709,-917.3237,-2581.9947,824.4498,45064.2665,-45354.2335,13.3508,12.8684,0.9639,1.595,28.936,class3_2026_05_14_13_17_52.csv,train,background,,0.6973077108791479,random
140.071,438,0.701277,-20.654,-38.2044,13.1253,-36.4583,-40.659,4.2007,29.246,2009.395,2032.0534,22.6583,286.5008,39357.3683,-40217.873,13.4721,13.1179,0.9737,0.639,29.246,class2_2026_04_27_15_53_29.csv,train,background,,0.8193220803069002,random
145.815,456,0.730035,-22.967,-39.4541,11.9413,-45.8926,-36.8663,-9.0263,26.933,1479.098,-958.1278,-2437.2258,36786.837,36786.837,-42214.7382,9.1619,13.1663,1.4371,0.957,26.933,class2_2026_04_27_16_00_46.csv,train,background,,-0.3632504358698305,random
137.838,431,0.690097,-19.326,-36.7858,14.6714,-23.9201,-37.8112,13.8911,3.4155,-6028.1247,-897.5627,5130.562,-1999.9984,47921.6332,-46115.989,12.0491,13.6589,1.1336,0.957,30.574,class3_2026_05_14_13_22_54.csv,train,background,,8.022515679348876,hard
132.095,413,0.661345,-17.117,-17.6462,2.7893,-10.9447,-31.0209,20.0762,3.0525,-2506.1699,-5630.9486,-3124.7787,-628.5251,-628.5251,-9686.5204,3.3725,13.4528,3.989,0.0,9.222,class1_2026_04_27_14_49_22.csv,train,break,131.78,,positive
136.243,426,0.682112,-49.9,-34.6813,13.8665,-25.2053,-38.4449,13.2396,3.9675,-5349.8705,-2719.7561,2630.1145,-0.0,48169.2837,-0.0,13.4691,13.0126,0.9661,0.0,30.732,class1_2026_04_27_14_47_43.csv,train,background,,6.720326390212849,hard
132.414,414,0.662942,-20.349,-23.3526,9.562,-13.0079,-32.907,19.8991,3.9145,-2835.4914,-1001.9098,1833.5815,-3426.3307,-167.7116,-46318.1834,3.8278,13.5969,3.5522,0.0,33.543,class2_2026_04_27_15_34_55.csv,train,break,131.46,,positive
153.153,479,0.766773,-49.9,-37.3414,14.0603,-39.9171,-32.6983,-7.2188,18.767,4416.0115,2061.7141,-2354.2975,-0.0,45866.7759,-0.0,12.7044,13.7594,1.083,0.0,29.263,class1_2026_04_27_14_48_26.csv,train,background,,3.8423947437755923,hard
140.391,439,0.702879,-49.9,-31.7547,12.8827,-34.7166,-39.2827,4.5662,29.27,1593.7162,-2800.5458,-4394.262,42805.1322,42805.1322,-39768.0282,13.7371,13.3349,0.9707,0.0,29.27,class2_2026_04_27_15_36_21.csv,train,background,,1.502532909543578,random
109.76,343,0.549523,-26.65,-37.5659,13.9047,-31.3636,-40.4927,9.1292,17.9535,1139.0455,1758.6855,619.6401,-47307.2132,47307.2132,-47307.2132,13.1753,13.3259,1.0114,1.276,30.182,class3_2026_05_14_13_47_38.csv,train,background,,5.286607499562297,hard
140.071,438,0.701277,-21.036,-37.2917,14.1144,-43.8555,-36.1365,-7.719,29.598,1674.3907,-2573.4551,-4247.8459,2531.306,45241.384,-45306.767,11.3259,13.8305,1.2211,1.277,29.598,class2_2026_04_27_15_58_37.csv,train,background,,5.130583288001962,hard
13.72,42,0.06869,-49.9,-31.464,13.2565,-20.2126,-39.2098,18.9972,2.126,-2226.073,-2158.8729,67.2001,-4307.2132,39858.9389,-42937.3056,7.8506,13.4904,1.7184,0.0,30.601,class3_2026_05_14_14_33_35.csv,train,background,,8.079826693270277,hard
148.367,464,0.742812,-49.9,-40.7652,13.0564,-34.9565,-33.2203,-1.7362,7.2465,398.1288,4627.9313,4229.8025,0.0,1672.4122,-0.0,13.5432,13.409,0.9901,0.0,30.585,class2_2026_04_27_15_21_13.csv,train,background,,-5.683222260770543,random
177.722,556,0.88978,-29.999,-32.0499,12.8893,-34.7335,-37.3285,2.595,17.419,1852.8376,-791.599,-2644.4366,-44783.7038,43156.7445,-45487.4639,13.6403,14.0656,1.0312,0.0,29.064,class2_2026_04_27_15_26_28.csv,train,background,,0.24810312865866535,random
100.826,315,0.504794,-19.131,-25.3033,13.2062,-13.9531,-35.8358,21.8828,2.798,-1568.6463,-4061.4305,-2492.7842,-3479.6254,-1366.7712,-48227.2743,2.5256,14.11,5.5867,0.0,33.769,class3_2026_05_22_11_10_02.csv,train,break,100.19,,positive
131.457,411,0.65815,-17.744,-17.792,2.3636,-12.7918,-31.1509,18.3592,3.977,-1392.1969,-2612.5172,-1220.3203,-5600.3135,-2440.4389,-5600.3135,3.1342,13.4468,4.2904,0.0,6.895,class2_2026_04_27_15_36_21.csv,train,break,131.46,,positive
45.946,143,0.230032,-24.746,-37.4062,14.0496,-39.9948,-37.2069,-2.7878,31.041,-2514.6947,-405.0329,2109.6618,6534.4843,42119.1254,-46045.4561,12.6796,14.2276,1.1221,1.276,31.041,class3_2026_05_14_13_17_52.csv,train,background,,3.993493836130162,hard
136.243,426,0.682238,-21.616,-37.6183,13.8494,-26.5605,-38.9083,12.3478,3.155,-5497.461,-2377.8431,3119.6179,10515.674,44175.9458,-46631.6646,12.8151,13.7993,1.0768,0.957,29.751,class2_2026_04_27_15_34_41.csv,train,background,,5.424961856309436,hard
167.511,524,0.838658,-49.9,-31.7577,13.1112,-33.267,-36.2445,2.9775,4.8015,5529.6193,460.7327,-5068.8866,-3852.6614,14564.2633,-41979.5186,13.4179,13.7119,1.0219,0.0,29.395,class2_2026_04_27_15_26_06.csv,train,background,,-4.225656625186211,random
163.683,512,0.819493,-19.745,-43.602,11.8135,-42.1013,-33.0464,-9.0548,30.155,-2603.2361,1941.0209,4544.2571,0.0,47338.8588,-47264.8918,12.5857,13.5034,1.0729,0.638,30.155,class3_2026_05_14_12_56_35.csv,train,background,,4.528807410355417,hard
45.308,141,0.226838,-49.9,-37.7446,13.6425,-24.6512,-39.1176,14.4663,2.944,-1158.3702,337.7212,1496.0914,-46175.5502,43322.8871,-46175.5502,9.1289,13.5841,1.488,0.0,29.46,class3_2026_05_14_13_42_29.csv,train,background,,5.713766552495854,hard
179.636,562,0.899363,-49.9,-34.0971,14.1673,-39.3441,-34.3486,-4.9956,30.276,5813.7869,-2071.4437,-7885.2306,793.105,46076.8056,-47454.547,13.2702,13.9308,1.0498,0.0,30.276,class2_2026_04_27_15_58_04.csv,train,background,,4.710016487722875,hard
140.391,439,0.702879,-49.9,-40.1627,13.7714,-32.5113,-41.0543,8.543,29.449,-423.4945,-737.274,-313.7795,0.0,45960.8182,-46158.3103,13.9107,12.6034,0.906,0.0,29.449,class2_2026_04_27_16_08_20.csv,train,background,,4.15197621895686,hard
153.791,481,0.769968,-49.9,-34.658,13.6786,-36.0471,-36.9052,0.8581,19.6855,3217.5837,-695.2307,-3912.8144,-1689.0758,46904.3918,-42686.5235,13.8919,13.1236,0.9447,0.0,29.925,class3_2026_05_14_12_57_24.csv,train,background,,0.6757389082632442,random
131.776,412,0.659748,-16.375,-16.1842,1.9926,-10.7821,-30.4497,19.6676,3.311,-2042.5836,-6690.2705,-4647.6869,-3655.1724,-1829.2487,-4003.1364,3.1467,13.8828,4.4119,0.0,5.908,class1_2026_04_27_14_48_38.csv,train,break,132.09,,positive
176.445,552,0.883387,-49.9,-37.5042,13.8999,-35.9386,-37.7252,1.7866,29.771,1376.8284,3540.9488,2164.1204,-46663.0125,46663.0125,-46663.0125,13.9896,13.6426,0.9752,0.0,29.771,class2_2026_04_27_15_23_37.csv,train,background,,2.246369784005748,random
151.239,473,0.757191,-20.147,-34.3979,13.9091,-39.6469,-34.3759,-5.2711,29.753,-1938.9041,1391.8316,3330.7357,5443.5721,46634.8009,-46634.8009,13.0248,13.9083,1.0678,1.276,29.753,class1_2026_04_27_14_48_51.csv,train,background,,4.179013392507782,hard
133.371,417,0.667733,-23.244,-28.4029,11.5606,-16.64,-34.3351,17.6951,2.0315,-4717.6228,-2481.0492,2236.5736,-728.8401,41780.569,-41780.569,9.143,13.9537,1.5262,0.0,30.86,class2_2026_04_27_15_22_37.csv,train,background,,6.999667822052736,hard
135.604,424,0.678913,-49.9,-36.4229,12.3182,-23.8558,-39.3726,15.5167,4.034,-3938.6806,1704.4846,5643.1652,-3881.4819,43150.4718,-30521.9467,10.0146,13.3714,1.3352,0.0,28.53,class2_2026_04_27_15_45_59.csv,train,background,,4.179548841778331,hard
163.683,512,0.819493,-49.9,-34.0612,14.1994,-34.1428,-41.0502,6.9074,29.802,-643.6622,2774.0452,3417.7074,0.0,45219.4404,-43594.047,14.1311,12.7116,0.8995,0.0,29.802,class2_2026_04_27_16_03_45.csv,train,background,,4.027013980009876,hard
139.752,437,0.69968,-21.758,-28.2524,11.6539,-34.6598,-36.3931,1.7333,7.035,1507.9883,231.3305,-1276.6578,7231.9749,39181.8213,-43888.6656,13.7403,13.6173,0.9911,0.958,29.612,class3_2026_05_14_13_18_01.csv,train,background,,-2.27673605262749,random
178.36,558,0.892974,-49.9,-30.8067,13.5119,-33.4454,-40.7234,7.2781,29.751,5692.9563,-4495.7446,-10188.7009,854.2288,44945.4913,-46631.6646,13.2049,13.0113,0.9853,0.0,29.751,class2_2026_04_27_16_00_33.csv,train,background,,3.835446937711394,hard
129.223,404,0.646966,-7.269,-7.2057,2.1824,-11.7512,-14.7186,2.9673,11.933,3634.8559,-2393.2478,-6028.1037,-3217.8683,-2000.0,-3217.8683,5.6193,3.7848,0.6735,3.828,6.821,class3_2026_05_14_13_43_01.csv,train,background,,-43.79110527479567,random
161.13,504,0.806711,-27.809,-37.9526,13.4924,-37.7269,-35.6377,-2.0893,29.479,-2678.1473,790.8413,3468.9886,0.0,43103.4514,0.0,13.6761,14.2737,1.0437,0.638,29.479,class2_2026_04_27_15_38_20.csv,train,background,,1.8304904072020103,random
52.646,164,0.263577,-20.494,-33.8761,14.3363,-34.5911,-40.7606,6.1694,29.406,-1728.4175,-4119.4696,-2391.0521,1785.8724,46090.9138,-46162.0933,13.7136,12.9858,0.9469,1.277,29.406,class3_2026_05_14_13_11_48.csv,train,background,,3.737907778216816,hard
192.399,602,0.963262,-20.911,-37.3804,14.0148,-40.9575,-33.4331,-7.5244,29.382,-349.6648,1367.0101,1716.675,43053.2962,45437.3088,-45437.3088,12.794,13.1813,1.0303,0.957,29.382,class3_2026_05_14_13_19_51.csv,train,background,,4.204683280335375,hard
152.196,476,0.761982,-26.719,-23.4922,2.3512,-35.2563,-31.6736,-3.5827,5.2525,4567.4103,-3937.6638,-8505.074,-6534.4828,3985.8918,-6534.4828,13.1329,13.0312,0.9923,0.0,6.882,class1_2026_04_27_14_43_57.csv,train,background,,-35.433523239458374,random
52.327,163,0.26198,-19.861,-34.4257,13.8986,-34.7839,-41.2067,6.4228,30.039,-967.2553,497.697,1464.9523,-4769.5956,47083.0752,-46911.4599,13.5782,12.3887,0.9124,1.277,30.039,class3_2026_05_14_13_09_48.csv,train,background,,3.7666755159525547,hard
145.177,454,0.726841,-23.207,-36.4393,12.303,-37.7468,-38.2952,0.5484,27.186,-227.7878,-1181.5216,-953.7338,-3238.6843,41894.5323,-37094.0486,13.6168,13.1821,0.9681,1.596,27.186,class3_2026_05_14_14_36_30.csv,train,background,,-3.2714641222329934,random
145.177,454,0.726841,-20.324,-31.068,13.3708,-39.3613,-36.6606,-2.7007,29.715,1222.3803,-1008.9495,-2231.3297,-289.7336,42810.348,-46357.3715,13.3445,13.3444,1.0,0.639,29.715,class1_2026_04_27_14_37_11.csv,train,background,,1.4225423033619002,random
182.827,572,0.915339,-20.705,-46.6561,9.1751,-40.3223,-37.7548,-2.5675,29.195,-3040.9985,1847.313,4888.3115,0.0,45760.1912,-45760.1912,13.5609,13.6401,1.0058,0.638,29.195,class2_2026_04_27_15_40_35.csv,train,background,,-1.8175477271553504,random
171.659,537,0.859425,-49.9,-40.9714,12.6567,-36.5202,-36.498,-0.0222,18.521,-1877.1002,2011.998,3889.0982,-0.0,42346.3997,-0.0,13.4049,13.5499,1.0108,0.0,28.502,class1_2026_04_27_14_49_44.csv,train,background,,-2.2148966477946055,random
193.994,607,0.971247,-21.332,-36.9022,14.5515,-37.4614,-34.2411,-3.2203,17.6615,478.5207,3284.4574,2805.9367,47655.1755,47655.1755,-47655.1755,13.9277,14.0572,1.0093,0.957,30.404,class3_2026_05_14_12_58_43.csv,train,background,,3.7591852270356414,hard
148.686,465,0.744409,-21.025,-43.6947,11.6178,-40.6017,-33.8979,-6.7037,28.875,-852.1747,4758.8314,5611.0061,-0.0,45258.6238,-45258.6238,13.1592,14.3815,1.0929,0.638,28.875,class2_2026_04_27_15_42_44.csv,train,background,,2.4116379081548676,random
135.604,424,0.678913,-19.504,-26.7224,12.4167,-16.5987,-31.8232,15.2246,0.9275,-4416.0271,-2779.6071,1636.42,47342.7829,47342.7829,-47266.4624,8.8177,12.9662,1.4705,0.0,30.896,class3_2026_05_22_11_05_05.csv,train,background,,6.344737608768228,hard
134.328,420,0.672524,-18.914,-20.2294,2.2115,-12.7132,-31.9289,19.2158,2.915,-2599.1924,-3693.3529,-1094.1606,-6376.1724,816.6129,-8130.094,4.356,12.8272,2.9447,0.0,7.218,class3_2026_05_14_13_42_54.csv,train,break,133.37,,positive
163.683,512,0.819493,-23.25,-37.6926,13.6821,-42.5569,-32.7436,-9.8133,29.766,2958.5128,4981.1219,2022.6091,6001.5643,41582.4475,-46655.174,11.8571,13.7324,1.1582,1.277,29.766,class3_2026_05_14_14_40_05.csv,train,background,,5.388764415382056,hard
137.519,430,0.6885,-49.9,-30.7176,13.6566,-19.8173,-37.0675,17.2502,1.2125,-2940.281,34.3297,2974.6107,-44978.0596,47043.8903,-47302.5094,7.9451,14.3698,1.8086,0.0,30.179,class3_2026_05_14_13_22_18.csv,train,background,,8.854345018646182,hard
80.725,252,0.404156,-16.818,-16.6213,0.2327,-16.5892,-16.4082,-0.181,0.056,-68.5064,83.7281,152.2344,531.0621,542.3213,-570.5345,0.2414,0.217,0.8988,0.0,0.7,class2_2026_04_27_16_00_02.csv,train,background,,-56.48367114761504,random
133.371,417,0.667733,-49.9,-30.8141,13.5993,-15.0071,-36.3673,21.3602,0.865,-3058.4955,-789.5653,2268.9302,-40186.5235,-3211.5987,-47652.0423,4.8835,13.6377,2.7926,0.0,30.481,class2_2026_04_27_15_24_02.csv,train,background,,4.312093932663979,hard
177.083,554,0.886581,-49.9,-40.36,13.5191,-42.3944,-34.7169,-7.6775,30.008,1862.7232,3003.1202,1140.397,0.0,47034.4859,-45932.6066,12.1765,13.92,1.1432,0.0,30.008,class2_2026_04_27_15_35_21.csv,train,background,,5.3753049618865605,hard
135.924,425,0.680515,-24.994,-40.7008,13.058,-25.7193,-37.5933,11.874,2.169,-6895.231,3027.9282,9923.1592,44438.6873,44438.6873,-44612.8558,13.1171,13.786,1.051,0.0,29.424,class2_2026_04_27_15_26_06.csv,train,background,,4.220353396691964,hard
127.628,399,0.63898,-8.532,-11.4161,2.8223,-16.5482,-15.9611,-0.5871,8.7065,1188.1763,-2541.3361,-3729.5124,622.2571,9603.4483,-2716.3009,2.2793,4.2249,1.8536,2.871,8.659,class2_2026_04_27_15_37_57.csv,train,connector,127.63,,positive
160.173,501,0.80192,-23.284,-37.5883,13.7809,-37.7598,-39.4783,1.7186,28.71,-1283.516,-1497.7072,-214.1912,45000.0016,45000.0016,-45000.0016,13.5949,13.1203,0.9651,0.957,28.71,class1_2026_04_27_14_38_26.csv,train,background,,0.3757861828532655,random
141.986,444,0.710865,-26.706,-32.575,12.3848,-39.0522,-32.8293,-6.2228,8.7765,-4313.5316,3322.9577,7636.4892,-6717.8699,44473.3589,-37755.489,13.6642,12.2908,0.8995,0.0,28.944,class2_2026_04_27_15_54_38.csv,train,background,,-0.40142749938807376,random
131.138,410,0.656553,-14.752,-14.7968,2.2123,-10.8335,-23.0431,12.2096,3.858,-599.2574,-2668.2258,-2068.9684,-2552.159,-2106.5831,-3443.5721,3.1347,9.6474,3.0776,0.0,6.51,class1_2026_04_27_14_39_34.csv,train,break,132.09,,positive
82.639,258,0.413739,-21.642,-33.7988,14.4136,-25.8842,-31.9828,6.0986,1.8855,-3280.4236,557.6888,3838.1124,-311.9107,44291.5392,-45056.431,10.8023,14.314,1.3251,0.0,30.501,class3_2026_05_14_14_35_39.csv,train,background,,3.870320776783357,hard
132.095,413,0.661345,-17.533,-17.4558,2.3126,-10.9404,-32.2976,21.3572,3.6915,-2466.664,-6298.9741,-3832.3101,-2615.9875,-2185.262,-7990.5987,3.3425,14.1583,4.2358,0.0,6.38,class1_2026_04_27_14_47_07.csv,train,break,132.41,,positive
35.736,111,0.178915,-10.152,-12.0232,1.447,-14.0531,-14.8047,0.7516,4.3145,518.5037,-1256.2692,-1774.7729,-504.7022,5431.0345,-2379.3103,1.0777,1.7981,1.6684,2.233,4.486,class3_2026_05_14_13_43_01.csv,train,connector,35.74,,positive
164.002,513,0.82109,-49.9,-34.6396,13.7023,-41.9926,-36.2977,-5.6949,29.738,4486.5397,-5456.3913,-9942.9309,-4688.0862,46392.9104,-43413.7962,12.756,13.6404,1.0693,0.0,29.738,class2_2026_04_27_15_15_26.csv,train,background,,3.9424499416173853,hard
134.966,422,0.675719,-21.664,-34.2143,14.0497,-21.4607,-37.6761,16.2153,2.626,-4188.8066,496.3936,4685.2003,-43083.0752,43083.0752,-47141.0705,10.6864,13.7176,1.2836,0.0,30.076,class2_2026_04_27_15_34_55.csv,train,background,,7.53228101193357,hard
167.83,525,0.840255,-49.9,-37.3754,14.0237,-29.4777,-39.3479,9.8702,3.0875,-1591.1958,-2096.6613,-505.4655,-44032.7542,46293.1066,-44032.7542,12.6826,13.2971,1.0485,0.0,29.535,class2_2026_04_27_15_44_57.csv,train,background,,3.9982205447645742,hard
119.651,374,0.599043,-20.403,-31.1096,13.3296,-42.4869,-29.8887,-12.5982,18.289,-404.0586,-942.8753,-538.8166,-1978.058,46233.5455,-4076.8025,12.0133,12.5522,1.0449,2.552,29.686,class3_2026_05_14_13_22_06.csv,train,background,,5.278494782605972,hard
136.881,428,0.685306,-29.582,-33.1482,12.1676,-36.9013,-38.0066,1.1052,28.447,1702.7542,-2257.0678,-3959.822,-777.4295,31846.3966,-42125.395,13.2197,13.365,1.011,1.276,28.447,class3_2026_05_14_13_19_51.csv,train,background,,-3.098837620509151,random
153.472,480,0.76837,-49.9,-38.4134,12.8528,-37.6472,-36.3616,-1.2856,26.533,3323.3949,-1547.8375,-4871.2324,-2946.7069,41559.5643,-38431.954,13.7631,13.6024,0.9883,0.0,26.533,class1_2026_04_27_14_39_28.csv,train,background,,-2.804580715047788,random
79.448,248,0.397763,-22.178,-34.5047,13.8167,-30.8951,-35.6923,4.7972,3.634,-1660.2113,851.6311,2511.8423,0.0,44626.9639,-43451.4154,13.4702,14.2674,1.0592,0.0,30.059,class3_2026_05_14_13_09_36.csv,train,background,,2.4667051541732694,random
149.963,469,0.750802,-21.041,-37.1906,14.2216,-41.0708,-32.4684,-8.6024,29.862,-1226.8926,1295.6575,2522.5502,46805.6458,46805.6458,-46805.6458,12.5243,13.9272,1.112,0.957,29.862,class2_2026_04_27_15_23_25.csv,train,background,,6.216807010700431,hard
134.328,420,0.672524,-24.392,-31.7629,12.8841,-19.4163,-35.4016,15.9853,2.845,-3227.7248,2574.6589,5802.3838,-43221.0047,42884.0141,-43221.0047,8.411,13.1279,1.5608,0.0,30.179,class2_2026_04_27_15_41_59.csv,train,background,,6.065172609954051,hard
124.437,389,0.623004,-22.767,-34.3349,13.9429,-39.4154,-36.1839,-3.2314,29.462,-2426.9539,1221.5824,3648.5363,368.3401,46178.6865,-42528.2163,13.2339,13.7612,1.0398,1.276,29.462,class3_2026_05_14_13_17_52.csv,train,background,,2.719658169070194,random
184.741,578,0.924921,-23.014,-38.0497,13.3471,-31.7645,-42.421,10.6565,29.695,-2089.273,1429.3025,3518.5755,-35929.4718,46543.8903,-42141.069,13.0697,12.1463,0.9293,0.957,29.695,class2_2026_04_27_16_06_47.csv,train,background,,4.786622139312694,hard
153.791,481,0.769968,-49.9,-37.0572,14.3962,-34.9234,-39.2321,4.3086,30.25,1594.0898,2503.8179,909.7281,-47172.4562,47413.7962,-47172.4562,13.5622,13.4423,0.9912,0.0,30.25,class1_2026_04_27_14_45_04.csv,train,background,,4.290600281814345,hard
134.966,422,0.675719,-49.9,-35.7336,12.8763,-24.6138,-42.4664,17.8526,6.633,-5641.9964,-1798.8797,3843.1166,1274.2947,41542.3229,-31363.6411,13.9438,12.1409,0.8707,0.0,28.981,class2_2026_04_27_15_23_25.csv,train,background,,5.0698781202285845,hard
15.315,47,0.076676,-20.135,-27.9986,11.746,-21.6137,-34.4383,12.8247,1.4325,-3038.0205,3226.6789,6264.6993,-0.0,4304.0752,-41757.0549,7.1343,13.8625,1.9431,0.638,29.765,class3_2026_05_14_13_17_52.csv,train,break,11.49,,positive
135.924,425,0.680515,-49.9,-34.5423,13.816,-21.5667,-39.5442,17.9774,4.3685,-2946.9775,3448.3413,6395.3188,-39470.9474,43357.3683,-39470.9474,10.5268,13.0245,1.2373,0.0,30.954,class1_2026_04_27_14_49_44.csv,train,background,,8.582956841964767,hard
155.068,485,0.776361,-21.062,-37.509,13.9501,-32.9551,-39.3537,6.3986,20.3375,-2244.2645,1956.5629,4200.8273,47830.7226,47830.7226,-47830.7226,13.7045,13.3512,0.9742,0.957,30.516,class2_2026_04_27_16_07_48.csv,train,background,,4.540279409195048,hard
104.655,327,0.523964,-20.324,-34.2649,13.9949,-28.7138,-37.6294,8.9156,2.4,-7758.8099,-2515.0578,5243.752,-274.2931,46357.3715,-43805.6458,15.0905,13.7597,0.9118,0.638,29.576,class3_2026_05_14_13_19_26.csv,train,background,,3.9084706935977764,hard
131.457,411,0.65815,-15.611,-15.6782,2.3052,-10.7832,-26.5279,15.7448,3.6985,-1396.8333,-3412.2579,-2015.4246,-3001.5674,-2467.2376,-4227.2743,3.1453,10.8464,3.4484,0.0,7.186,class1_2026_04_27_14_48_32.csv,train,break,132.09,,positive
146.772,459,0.734826,-24.56,-34.6292,13.7221,-26.9961,-38.962,11.9659,3.6145,-638.4698,1921.0908,2559.5606,2199.0596,39913.7978,-46109.721,10.5083,13.7553,1.309,0.0,29.418,class2_2026_04_27_15_45_25.csv,train,background,,4.220939588176732,hard
133.69,418,0.66933,-49.9,-34.2771,14.0532,-15.5001,-36.5383,21.0383,1.2925,-2802.4674,2534.6856,5337.153,3984.3245,3984.3245,-44123.826,4.6036,13.5405,2.9413,0.0,30.38,class2_2026_04_27_15_24_25.csv,train,background,,4.471632635159416,hard
176.445,552,0.883387,-49.9,-37.1147,14.3086,-31.3642,-39.3771,8.0129,5.8415,1274.3646,1635.8262,361.4616,-47230.4107,45603.4514,-47230.4107,13.1783,13.2561,1.0059,0.0,30.133,class3_2026_05_14_12_56_13.csv,train,background,,3.9142356227504687,hard
126.032,394,0.63099,-49.9,-24.6484,15.39,-29.763,-25.6883,-4.0747,18.8405,3702.0242,29.3743,-3672.6499,-8094.0423,2736.6771,-72738.2476,14.421,16.7426,1.161,0.0,46.407,class3_2026_05_14_13_11_09.csv,train,background,,15.835017836609921,hard
132.095,413,0.661345,-19.782,-23.6017,9.7402,-13.9077,-34.8953,20.9877,2.4515,-2402.0271,-1426.0974,975.9297,-6349.5313,-1399.6865,-47206.8997,3.2706,13.4779,4.1209,0.0,32.659,class2_2026_04_27_15_51_19.csv,train,break,131.14,,positive
186.656,584,0.934509,-19.851,-33.9167,14.3466,-37.9473,-36.1847,-1.7626,30.862,1894.4845,-2967.6413,-4862.1258,-3899.685,46870.1247,-47098.7492,13.5113,13.7764,1.0196,1.277,30.862,class2_2026_04_27_15_24_51.csv,train,background,,3.8200653353302605,hard
24.249,75,0.121405,-18.435,-33.6719,14.567,-41.844,-27.8192,-14.0248,5.2725,-1467.448,1545.1246,3012.5726,384.011,49318.1865,-49318.1865,12.9995,11.8651,0.9127,1.276,31.465,class3_2026_05_14_13_17_44.csv,train,background,,7.595075553726141,hard
127.628,399,0.63898,-5.953,-8.8418,2.8896,-14.0001,-13.5785,-0.4216,8.8825,1156.8891,-2747.641,-3904.5301,581.5047,9520.3762,-2771.1599,2.279,4.4252,1.9417,2.871,8.989,class1_2026_04_27_14_38_20.csv,train,connector,127.63,,positive
176.445,552,0.883387,-49.9,-40.8922,12.78,-43.9932,-36.2256,-7.7676,29.446,1390.8821,520.9457,-869.9364,-4821.3182,46153.6082,-39583.0752,11.1257,13.6951,1.2309,0.0,29.446,class2_2026_04_27_16_05_01.csv,train,background,,3.9554538694118517,hard
193.675,606,0.96965,-22.607,-22.959,1.5165,-33.5863,-35.2568,1.6706,4.932,3136.01,-5518.7187,-8654.7287,230.4107,6219.4326,-41172.4169,13.1006,13.1693,1.0052,1.276,4.39,class2_2026_04_27_16_05_01.csv,train,background,,-38.942321228921024,random
144.857,453,0.725239,-20.205,-34.47,13.8816,-37.1267,-42.4607,5.334,30.092,715.9319,-2497.2584,-3213.1903,-3326.8042,47166.1458,-46599.752,14.3086,12.0432,0.8417,1.277,30.092,class2_2026_04_27_15_42_28.csv,train,background,,2.9813372148885406,random
186.656,584,0.934509,-49.9,-40.1399,13.8184,-45.3518,-39.2218,-6.1301,30.627,1962.5334,-1566.8486,-3529.382,0.0,48004.7038,-43652.0423,10.2791,13.4317,1.3067,0.0,30.627,class2_2026_04_27_15_35_57.csv,train,background,,5.17873914449458,hard
178.36,558,0.892974,-49.9,-37.8883,13.4731,-31.8282,-42.3407,10.5126,28.798,-741.7857,-884.033,-142.2473,-44636.3652,44636.3652,-44636.3652,12.8849,12.2,0.9468,0.0,28.798,class2_2026_04_27_16_02_06.csv,train,background,,3.7018577950620903,hard
99.231,310,0.496808,-49.9,-39.9597,14.4729,-30.689,-32.1504,1.4614,8.264,1202.2531,3765.0305,2562.7773,-51589.3448,54962.3856,-51589.3448,15.5271,14.5129,0.9347,0.0,35.066,class3_2026_05_14_13_11_09.csv,train,background,,7.96540245173038,hard
48.818,152,0.244411,-49.9,-34.2094,14.0401,-42.3012,-32.7468,-9.5543,29.258,3153.0546,-971.9746,-4125.0291,43271.1646,43987.4639,-43271.1646,12.2712,13.7019,1.1166,0.0,29.258,class3_2026_05_14_13_11_48.csv,train,background,,5.349940148142602,hard
127.628,399,0.63898,-8.87,-11.7114,2.7563,-16.8146,-18.0048,1.1903,8.4415,1220.6029,-2883.735,-4104.3379,623.8245,9927.8997,-2706.8966,2.2765,8.7969,3.8642,2.871,8.201,class2_2026_04_27_15_31_02.csv,train,connector,127.63,,positive
158.258,495,0.792332,-28.048,-32.172,12.6963,-33.2747,-37.0678,3.7931,6.8475,487.3974,-1694.9081,-2182.3056,-0.0,43808.779,-45645.7712,13.4364,14.3628,1.0689,0.0,29.122,class1_2026_04_27_14_48_13.csv,train,background,,0.3922915073990495,random
176.126,551,0.88179,-23.626,-31.3943,13.1569,-37.6973,-40.3008,2.6035,29.394,6173.8717,-394.6809,-6568.5526,-412.2226,44401.2555,-45659.8793,13.6875,13.5834,0.9924,1.914,29.394,class3_2026_05_14_14_33_56.csv,train,background,,1.3159167386837973,random
153.791,481,0.769968,-49.9,-37.0572,14.3962,-34.9234,-39.2321,4.3086,30.25,1594.0898,2503.8179,909.7281,-47172.4562,47413.7962,-47172.4562,13.5622,13.4423,0.9912,0.0,30.25,class1_2026_04_27_14_45_33.csv,train,background,,4.290600281814345,hard
127.628,399,0.63898,-7.7,-10.6019,2.9056,-15.7682,-15.3237,-0.4444,8.8775,1136.349,-2939.3328,-4075.6819,589.3417,9670.8464,-2805.6426,2.2793,4.4378,1.947,2.871,8.988,class2_2026_04_27_15_53_29.csv,train,connector,127.63,,positive
186.017,582,0.93131,-20.942,-37.0259,14.3989,-39.5764,-39.2429,-0.3335,29.914,-302.1084,-201.7463,100.3621,44615.7591,45388.7194,-45454.4505,13.0934,13.4306,1.0258,0.958,29.914,class2_2026_04_27_15_16_41.csv,train,background,,1.7059266574844232,random
134.966,422,0.675719,-49.9,-33.2259,12.8976,-18.1977,-34.1642,15.9666,1.249,-4023.881,-2649.8632,1374.0177,3172.4138,41799.3762,-2185.9021,8.6407,13.1553,1.5225,0.0,29.815,class1_2026_04_27_14_47_13.csv,train,background,,5.494885389062499,hard
134.647,421,0.674121,-22.65,-40.6252,13.1186,-27.8707,-41.9241,14.0534,28.139,-8992.6942,-2583.9927,6408.7015,44105.0188,44105.0188,-44105.0188,15.8204,12.8667,0.8133,0.957,28.139,class3_2026_04_27_16_17_30.csv,train,background,,5.013222161833668,hard
127.628,399,0.63898,-9.354,-12.2708,2.918,-17.5001,-16.7338,-0.7662,8.9825,1169.9181,-2725.906,-3895.8241,626.9592,9865.5594,-2780.5643,2.3738,4.0651,1.7125,2.871,9.217,class2_2026_04_27_16_05_29.csv,train,connector,127.31,,positive
141.667,443,0.709268,-22.405,-34.6813,13.6639,-42.0911,-34.7499,-7.3412,29.732,2356.9797,1366.9068,-990.0729,46601.8856,46601.8856,-43095.6129,12.6211,13.6556,1.082,0.957,29.732,class3_2026_04_27_16_17_30.csv,train,background,,4.759547448083933,hard
131.457,411,0.65815,-17.843,-17.8596,2.4764,-12.7161,-35.7356,23.0196,3.607,-1459.5941,-1063.7068,395.8873,-1344.8276,-1344.8276,-44721.0063,3.1208,14.254,4.5674,0.0,7.347,class2_2026_04_27_15_58_04.csv,train,break,131.14,,positive
127.628,399,0.63898,-8.248,-11.0019,2.6393,-16.0172,-15.6056,-0.4116,8.489,1170.482,-2713.3031,-3883.7851,573.6677,9109.7179,-2733.5423,2.2059,4.0722,1.846,2.871,8.074,class2_2026_04_27_16_01_09.csv,train,connector,127.95,,positive
127.628,399,0.63898,-5.893,-8.8061,2.9146,-13.8877,-13.4799,-0.4078,8.8015,1121.8511,-2656.7155,-3778.5666,598.7461,9615.9875,-2700.627,2.2434,4.402,1.9622,2.871,9.051,class1_2026_04_27_14_47_57.csv,train,connector,127.63,,positive
134.328,420,0.672524,-18.586,-19.4793,2.8885,-11.2857,-31.3875,20.1018,2.7645,-2485.602,-4944.0348,-2458.4328,-3794.6693,-1484.3276,-9815.047,4.2067,13.206,3.1393,0.0,9.001,class3_2026_05_14_13_39_43.csv,train,break,134.01,,positive
150.92,472,0.755594,-27.806,-31.4331,13.2622,-45.3586,-29.9224,-15.4362,30.122,531.18,-4455.2251,-4986.4051,41040.7555,46515.6771,-3916.9279,10.1791,12.4869,1.2267,2.233,30.122,class1_2026_04_27_14_39_34.csv,train,background,,7.790750625921362,hard
48.818,152,0.244411,-49.9,-40.752,12.9549,-37.6563,-37.1676,-0.4888,28.517,3376.7795,2547.9164,-828.863,-44697.4969,40459.2508,-44697.4969,13.71,14.2549,1.0397,0.0,28.517,class3_2026_04_27_16_18_11.csv,train,background,,-0.7288656494491194,random
172.936,541,0.865819,-24.471,-41.4486,11.9668,-39.2257,-37.0049,-2.2208,26.569,-1327.1323,2901.987,4229.1194,37719.4404,41644.2053,-39857.3683,13.42,13.0162,0.9699,0.957,26.569,class3_2026_05_14_13_10_25.csv,train,background,,-3.507497235180512,random
125.713,393,0.629393,-21.808,-27.701,11.9165,-28.0321,-32.8993,4.8672,4.701,-3571.3545,-1766.9283,1804.4262,0.0,44181.8213,0.0,11.7845,13.6329,1.1568,0.0,30.993,class3_2026_05_14_13_18_31.csv,train,background,,1.3199465034773974,random
127.628,399,0.63898,-7.988,-10.8532,2.8359,-16.0196,-15.9446,-0.0749,8.674,1169.4327,-3047.3318,-4216.7646,622.2571,9774.2947,-2827.5862,2.2778,4.8404,2.1251,2.871,8.629,class2_2026_04_27_15_29_16.csv,train,connector,127.95,,positive
134.966,422,0.675719,-24.902,-31.5018,13.1121,-21.1826,-34.8707,13.6881,1.525,-4401.8372,-1950.4458,2451.3914,711.6003,45836.9937,-43836.2403,10.5815,13.5348,1.2791,0.0,29.571,class2_2026_04_27_15_46_57.csv,train,background,,5.229169384907819,hard
81.682,255,0.408948,-26.147,-27.5689,12.3961,-31.7347,-31.844,0.1093,9.7475,2186.4001,500.0451,-1686.355,-47061.1317,55091.2061,-47061.1317,14.8245,14.7019,0.9917,0.0,35.153,class3_2026_05_14_13_11_09.csv,train,background,,6.013228354356329,hard
137.838,431,0.690097,-22.699,-33.7591,14.455,-28.7489,-35.9687,7.2198,3.156,-4768.0862,1764.1815,6532.2677,0.0,46724.1411,-46763.3245,13.2176,13.9617,1.0563,0.0,29.835,class1_2026_04_27_14_36_54.csv,train,background,,3.9552016882725334,hard
186.975,585,0.936106,-49.9,-34.3969,13.8932,-40.5826,-34.8072,-5.7753,29.651,4865.9258,1894.2217,-2971.7041,-46474.9232,46290.9043,-46474.9232,13.2127,13.5432,1.025,0.0,29.651,class2_2026_04_27_15_40_35.csv,train,background,,3.9481524547997733,hard
161.449,505,0.808308,-22.882,-30.937,13.4419,-42.0739,-35.9363,-6.1377,30.503,5182.3781,536.8116,-4645.5665,-0.0,47810.3495,-44694.3605,12.6669,13.9846,1.104,0.638,30.503,class2_2026_04_27_16_10_58.csv,train,background,,5.2131457277885325,hard
127.628,399,0.63898,-1.842,-5.3992,4.2225,-14.0303,-9.3482,-4.6821,12.344,2058.4855,-2642.7881,-4701.2736,702.1944,16518.8541,-2700.627,3.8773,4.3099,1.1116,3.828,13.663,class3_2026_05_14_14_34_45.csv,train,connector,127.63,,positive
110.398,345,0.552717,-49.9,-38.2933,13.1327,-26.4802,-39.5449,13.0647,3.613,-4117.0846,-652.6469,3464.4377,0.0,46360.5031,-43181.8213,10.6689,13.0655,1.2246,0.0,29.578,class3_2026_05_14_13_22_06.csv,train,background,,4.748471770872958,hard
133.052,416,0.666136,-20.144,-27.521,12.135,-14.178,-34.6977,20.5197,2.7825,-2612.353,-342.8697,2269.4833,-7609.7163,3614.4201,-46639.5031,4.2256,13.6614,3.2331,0.0,32.153,class2_2026_04_27_15_39_59.csv,train,background,,4.494706340032365,hard
156.663,490,0.784346,-49.9,-40.3954,13.4616,-30.0054,-42.6419,12.6366,17.8455,-278.3434,2319.8131,2598.1565,-45050.1583,46940.442,-45050.1583,12.4079,11.7134,0.944,0.0,29.948,class2_2026_04_27_15_40_35.csv,train,background,,4.987490478084298,hard
93.487,292,0.46805,-16.411,-16.1473,0.2192,-16.1789,-16.0208,-0.1581,0.176,-16.3775,-15.973,0.4044,692.79,692.79,-549.7442,0.2218,0.1575,0.7101,0.0,0.671,class2_2026_04_27_15_59_35.csv,train,background,,-56.55526677891821,random
136.562,427,0.683709,-49.9,-34.3178,13.9565,-26.5424,-36.1891,9.6466,2.146,-3894.8392,1028.535,4923.3743,0.0,45476.4922,-42120.6928,12.5988,13.7592,1.0921,0.0,29.311,class2_2026_04_27_15_35_32.csv,train,background,,3.8511370019508835,hard
136.881,428,0.685306,-22.881,-37.2563,14.154,-21.2534,-38.7524,17.4989,1.486,-1843.5682,3314.4067,5157.9748,-43749.2179,46528.4579,-43749.2179,7.3531,13.9996,1.9039,0.0,29.82,class1_2026_04_27_14_37_00.csv,train,background,,8.661958698727702,hard
131.457,411,0.65815,-20.884,-29.2616,14.6671,-17.3403,-39.2705,21.9302,5.27,-1361.529,2276.8389,3638.3679,-48426.3354,-2298.6749,-48426.3354,8.9113,13.3609,1.4993,0.0,33.568,class3_2026_05_14_13_42_29.csv,train,background,,8.231466935709134,hard
133.69,418,0.66933,-20.085,-26.8728,12.4402,-13.3902,-37.0333,23.6431,1.97,-2518.6498,63.0029,2581.6527,-48369.9075,-106.5815,-48369.9075,4.2548,13.4278,3.1559,0.0,31.881,class1_2026_04_27_14_47_13.csv,train,background,,5.274581166527415,hard
137.838,431,0.690097,-49.9,-40.8238,12.88,-28.2844,-39.8417,11.5573,4.455,-6528.6853,2931.6929,9460.3782,0.0,46026.6489,-38957.6834,13.4539,12.6434,0.9398,0.0,29.365,class1_2026_04_27_14_38_15.csv,train,background,,3.2497618801394275,random
130.818,409,0.654951,-16.801,-16.5918,2.1945,-13.4151,-25.8302,12.4152,4.0145,130.0923,-2263.2448,-2393.337,-2507.0089,-1915.3605,-3426.9416,3.0915,10.8962,3.5246,0.0,6.759,class2_2026_04_27_15_37_57.csv,train,break,131.14,,positive
136.881,428,0.685306,-28.617,-35.6617,13.0422,-29.5004,-40.7502,11.2498,7.6965,-3380.4412,1197.0071,4577.4483,-0.0,47917.1437,-33358.9357,12.9136,13.0112,1.0076,0.0,30.559,class2_2026_04_27_15_50_35.csv,train,background,,5.134666556418344,hard
132.733,415,0.664539,-21.263,-27.2766,12.2264,-14.4391,-38.5756,24.1365,2.2655,-2435.5687,723.8882,3159.4569,-47332.2915,-583.0721,-47332.2915,3.6102,12.7346,3.5274,0.0,31.583,class2_2026_04_27_16_00_33.csv,train,break,132.09,,positive
72.748,227,0.364219,-49.9,-31.6764,13.0596,-17.0523,-35.8166,18.7643,1.609,-1717.3034,-409.2547,1308.0487,-9874.6066,-582.903,-36688.0909,3.4038,12.6944,3.7295,0.0,30.123,class3_2026_05_14_13_16_46.csv,train,break,70.19,,positive
134.009,419,0.670927,-20.111,-40.7934,12.9509,-23.774,-36.4738,12.6998,2.663,-6185.5608,2777.4775,8963.0383,-6131.663,46691.2257,-46691.2257,12.107,13.4819,1.1136,0.638,29.789,class3_2026_05_14_12_56_13.csv,train,background,,4.96592102959688,hard
136.243,426,0.682112,-49.9,-40.5628,13.2094,-25.2274,-37.655,12.4276,0.767,-3916.1973,2932.9709,6849.1683,-44332.2931,44783.7038,-44332.2931,13.4441,13.7783,1.0249,0.0,28.572,class1_2026_04_27_14_46_27.csv,train,background,,3.770369434458783,hard
165.916,519,0.830672,-49.9,-37.3573,14.0544,-32.9761,-41.0196,8.0435,29.711,506.3416,661.3335,154.9918,-46568.9702,44993.7335,-46568.9702,13.6331,12.5745,0.9223,0.0,29.711,class1_2026_04_27_14_48_38.csv,train,background,,4.230497175519157,hard
140.071,438,0.701277,-23.01,-34.3703,13.9335,-34.4693,-39.0368,4.5676,30.425,1164.4555,-540.5284,-1704.9838,2384.5123,42147.3386,-47688.0909,13.8668,13.6758,0.9862,1.277,30.425,class1_2026_04_27_14_38_20.csv,train,background,,3.689988957130619,hard
21.378,66,0.107031,-18.214,-27.7638,15.6694,-14.8452,-22.3505,7.5053,0.237,-454.3052,6773.916,7228.2211,-52089.3448,-1293.1034,-52089.3448,0.7508,12.3336,16.4274,0.0,34.268,class2_2026_04_27_16_03_45.csv,train,bend,18.83,,positive
137.838,431,0.690097,-20.4,-34.1317,14.1429,-34.1814,-40.7313,6.5499,29.664,-2790.3793,-2622.2138,168.1655,46495.3009,46495.3009,-46238.2476,14.122,13.007,0.921,0.957,29.664,class2_2026_04_27_15_18_27.csv,train,background,,4.103941111429245,hard
131.776,412,0.659748,-18.833,-22.4096,9.8987,-14.0365,-34.7067,20.6702,3.127,-2029.0109,-2438.5489,-409.538,-2217.8699,-1921.3206,-48694.3605,3.2297,13.6394,4.223,0.0,33.731,class2_2026_04_27_15_46_14.csv,train,break,131.46,,positive
149.963,469,0.750802,-23.561,-34.0383,14.2151,-37.6546,-36.0505,-1.6041,29.804,3784.9189,1362.3705,-2422.5483,-0.0,44935.7382,-44786.837,13.8119,13.8696,1.0042,0.638,29.804,class3_2026_05_14_13_18_31.csv,train,background,,2.3941623550342737,random
35.736,111,0.178915,-9.093,-11.1991,1.7179,-13.9798,-14.7018,0.722,5.4485,730.5762,-1645.6564,-2376.2326,-512.5392,6114.4201,-2695.9248,1.4179,2.3648,1.6678,2.233,5.455,class3_2026_04_27_16_17_30.csv,train,connector,35.42,,positive
157.301,492,0.787541,-49.9,-40.4311,13.4083,-29.674,-36.3238,6.6498,4.287,-3488.6247,4173.9909,7662.6157,-43481.1944,47122.2602,-43481.1944,12.6027,13.6435,1.0826,0.0,30.064,class2_2026_04_27_16_07_33.csv,train,background,,2.9114428464820987,random
145.815,456,0.730035,-24.093,-34.3809,13.9081,-38.8808,-33.2009,-5.6799,19.7625,3684.8094,2087.219,-1597.5905,-0.0,45314.6612,-40449.8464,13.8418,13.5447,0.9785,0.638,29.125,class2_2026_04_27_16_07_33.csv,train,background,,2.637114522010949,random
134.647,421,0.674121,-22.176,-34.5917,13.9006,-17.3571,-39.1107,21.7536,2.256,-2303.2845,6800.1339,9103.4184,-33597.1818,-901.2555,-43454.547,4.2356,13.5414,3.197,0.0,30.445,class2_2026_04_27_15_23_51.csv,train,background,,4.3955309915006815,hard
180.274,564,0.902557,-49.9,-33.6427,14.5561,-40.6481,-35.2424,-5.4057,30.482,1647.1531,-3719.4658,-5366.6189,-43576.8056,46090.9138,-43576.8056,13.1378,14.6718,1.1168,0.0,30.482,class2_2026_04_27_15_51_19.csv,train,background,,6.070561096918645,hard
132.414,414,0.663065,-19.119,-22.8131,9.836,-12.8023,-34.4598,21.6575,2.7895,-2504.6187,-3212.8392,-708.2206,-3978.0564,-1274.7745,-48246.0862,3.3972,13.8922,4.0893,0.0,33.456,class2_2026_04_27_15_34_41.csv,train,break,132.09,,positive
134.009,419,0.670927,-20.54,-33.2494,14.9056,-19.4707,-37.4486,17.9778,2.2585,-6417.7326,-941.9059,5475.8266,48750.7853,48750.7853,-48750.7853,11.3443,14.0133,1.2353,0.0,31.103,class2_2026_04_27_15_50_20.csv,train,background,,11.060925015641217,hard
151.877,475,0.760385,-19.758,-34.0407,14.2021,-39.2253,-32.6937,-6.5317,18.4645,1670.7554,-2110.9423,-3781.6977,2117.5549,47244.5188,-47244.5188,13.4341,13.7517,1.0236,1.276,30.142,class2_2026_04_27_15_23_25.csv,train,background,,4.600050265950204,hard
132.095,413,0.661345,-21.363,-19.7651,2.6572,-13.4038,-28.2476,14.8438,2.733,-2362.4992,-2705.2242,-342.725,-3189.6552,-1547.3408,-6749.2163,3.2379,11.6614,3.6016,0.0,9.167,class2_2026_04_27_15_49_29.csv,train,break,131.78,,positive
127.628,399,0.63898,-5.733,-9.1213,3.9027,-18.3552,-13.1732,-5.1819,12.0015,2483.202,-2609.093,-5092.295,518.8088,15082.8911,-2783.6991,4.292,4.2203,0.9833,3.509,12.624,class3_2026_05_14_13_47_50.csv,train,connector,127.63,,positive
132.095,413,0.661345,-20.333,-23.0638,9.6877,-13.9797,-29.4907,15.511,1.9625,-2364.6478,-920.0344,1444.6134,-3594.0423,-716.7705,-46343.2633,3.2175,12.7022,3.9479,0.0,32.531,class2_2026_04_27_15_44_43.csv,train,break,131.78,,positive
149.963,469,0.750802,-19.298,-39.869,14.1946,-41.2572,-36.3458,-4.9113,30.794,-3213.5528,-3208.4441,5.1087,48266.4592,48266.4592,-48266.4592,12.404,13.7962,1.1122,0.957,30.794,class1_2026_04_27_14_49_15.csv,train,background,,5.3959302153882405,hard
135.604,424,0.678913,-49.9,-34.5916,13.8456,-20.6288,-38.917,18.2882,2.011,-3556.0543,-228.2619,3327.7923,0.0,6851.0987,-11336.989,7.7111,13.8374,1.7945,0.0,30.625,class2_2026_04_27_16_07_33.csv,train,background,,3.8868413464716185,hard
166.235,520,0.832269,-49.9,-37.5246,13.9087,-30.0031,-42.0093,12.0062,17.735,2342.1126,1105.8183,-1236.2943,-42808.7821,38561.1317,-42808.7821,12.43,12.754,1.0261,0.0,30.036,class2_2026_04_27_15_25_54.csv,train,background,,4.834647810218014,hard
127.628,399,0.63898,-5.9,-8.8109,2.9333,-13.8946,-13.3883,-0.5063,8.832,1124.9186,-2653.0624,-3777.981,587.7743,9634.3667,-2705.3292,2.2474,4.2736,1.9015,2.871,9.122,class1_2026_04_27_14_47_25.csv,train,connector,127.63,,positive
133.052,416,0.666136,-49.9,-31.0481,13.4583,-14.2477,-37.6245,23.3768,1.357,-2898.8878,217.8282,3116.716,2040.7492,2040.7492,-44946.71,4.5107,13.7962,3.0585,0.0,30.825,class2_2026_04_27_15_15_03.csv,train,break,131.46,,positive
131.138,410,0.656553,-49.9,-36.2367,15.3483,-16.7277,-38.8307,22.103,3.346,-3751.023,2576.153,6327.176,-0.0,-0.0,-42330.7241,8.262,13.8879,1.6809,0.0,32.782,class3_2026_05_14_13_18_12.csv,train,background,,8.134489841782845,hard
157.939,494,0.790735,-49.9,-43.6619,11.6845,-40.8216,-36.113,-4.7086,29.287,-1283.776,752.9288,2036.7048,0.0,45904.3903,-0.0,12.9486,13.8266,1.0678,0.0,29.287,class3_2026_05_14_13_10_25.csv,train,background,,1.5007154345853533,random
137.519,430,0.6885,-49.9,-30.9581,13.4552,-25.3848,-35.7456,10.3608,2.9525,-1970.9618,-1784.2635,186.6983,-45691.2241,39967.0893,-48040.7555,11.119,14.1886,1.2761,0.0,30.65,class1_2026_04_27_14_39_28.csv,train,background,,4.703901107486464,hard
160.173,501,0.80192,-25.474,-40.8429,12.8591,-36.6162,-37.7381,1.1218,28.961,-961.0429,2639.0127,3600.0557,45393.4216,45393.4216,-45393.4216,13.4604,13.6463,1.0138,0.957,28.961,class2_2026_04_27_15_51_19.csv,train,background,,0.1124270048412167,random
135.285,423,0.677316,-21.317,-37.6337,13.7518,-23.1228,-42.9939,19.8712,3.8425,-5495.7901,-605.882,4889.908,39517.2445,44800.9451,-44624.0734,10.383,11.2129,1.0799,0.638,29.211,class2_2026_04_27_16_04_37.csv,train,background,,6.439870942132076,hard
69.557,217,0.348243,-20.747,-21.2654,10.3287,-14.3546,-31.3898,17.0353,2.0975,-887.5385,988.5445,1876.083,-3228.8386,-2451.4091,-55164.5799,1.8876,14.9925,7.9426,0.0,35.195,class3_2026_05_14_13_11_09.csv,train,break,67.96,,positive
134.647,421,0.674121,-22.75,-27.6272,11.925,-19.1899,-36.2787,17.0888,0.665,-3151.0506,1585.1541,4736.2046,-46010.9749,45332.29,-46010.9749,8.323,13.7149,1.6478,0.0,29.383,class2_2026_04_27_15_16_58.csv,train,background,,5.817348216917607,hard
152.196,476,0.761982,-20.428,-32.3378,12.8996,-37.8538,-34.5575,-3.2963,21.7625,5593.1296,474.7306,-5118.399,-1282.1332,46194.3621,-46194.3621,13.6128,13.9972,1.0282,1.276,30.564,class2_2026_04_27_16_02_47.csv,train,background,,2.6487943118209754,random
145.496,455,0.728438,-24.236,-34.4619,13.8652,-39.0328,-42.0848,3.052,29.711,-591.5868,-2455.8192,-1864.2324,-1194.3589,46604.1913,-45374.6113,13.6505,12.6348,0.9256,1.915,29.711,class2_2026_04_27_15_25_41.csv,train,background,,1.8995352561932983,random
139.114,435,0.696486,-49.9,-36.7523,14.7029,-24.7883,-37.3048,12.5166,1.9,-2267.1665,-2883.9364,-616.7699,-45927.9028,47302.5094,-45927.9028,11.3913,14.1018,1.2379,0.0,30.179,class3_2026_05_14_13_22_18.csv,train,background,,7.200949163447885,hard
119.97,375,0.60064,-21.679,-34.7244,13.5915,-34.8187,-36.7282,1.9094,4.5245,-2764.9081,3830.0832,6594.9913,0.0,40166.1473,-43258.6223,13.5472,13.2181,0.9757,0.638,28.221,class3_2026_05_14_14_39_37.csv,train,background,,-2.3206575888066547,random
169.426,530,0.848245,-21.412,-34.8532,13.5445,-37.9519,-33.6541,-4.2978,6.938,4498.0047,869.5316,-3628.4731,-3101.8809,44652.0392,-44652.0392,13.4482,13.019,0.9681,1.276,29.577,class2_2026_04_27_15_24_13.csv,train,background,,0.6943028449781027,random
191.442,599,0.95847,-22.819,-40.263,13.65,-40.6743,-36.1752,-4.4991,30.128,-1300.6214,3584.5762,4885.1976,46275.8668,46275.8668,-46275.8668,13.0862,13.8024,1.0547,0.957,30.128,class3_2026_05_14_13_43_01.csv,train,background,,3.824349407903063,hard
191.761,600,0.960067,-49.9,-37.1431,14.2861,-30.3391,-41.8784,11.5394,19.664,1021.4983,332.8157,-688.6826,-45349.5345,47659.8709,-45349.5345,12.3164,12.9382,1.0505,0.0,30.381,class3_2026_05_14_13_22_54.csv,train,background,,6.786989631569034,hard
137.838,431,0.690097,-49.9,-34.9871,13.361,-31.7481,-34.8741,3.1259,2.677,-2780.295,-2323.4145,456.8805,0.0,42680.2539,-7959.2461,12.9773,13.5623,1.0451,0.0,28.344,class2_2026_04_27_15_41_59.csv,train,background,,-1.2603078226602538,random
137.2,429,0.686903,-21.491,-34.2128,14.0902,-23.938,-36.4478,12.5098,4.2005,-2579.1016,-2658.8727,-79.7711,3898.1191,44028.2179,-48394.9875,9.6095,13.5511,1.4102,0.0,30.876,class1_2026_04_27_14_47_25.csv,train,background,,6.574337294177452,hard
54.561,170,0.273164,-19.856,-34.6709,13.7013,-33.9375,-42.2709,8.3334,30.044,720.3323,2600.6484,1880.316,1252.3511,43402.8245,-47090.9107,12.8745,12.3333,0.958,1.595,30.044,class3_2026_05_14_12_57_24.csv,train,background,,3.9924971146337853,hard
162.087,507,0.811502,-49.9,-40.3249,13.5487,-45.1821,-34.633,-10.5491,29.738,3152.7631,3483.328,330.5649,-44811.9169,44811.9169,-44811.9169,10.5505,13.7049,1.299,0.0,29.738,class2_2026_04_27_15_15_26.csv,train,background,,6.046405303172712,hard
127.628,399,0.63898,-8.105,-10.9561,2.8221,-15.898,-18.6777,2.7797,8.57,1057.5467,-4596.5573,-5654.104,622.2571,9296.2382,-2836.9906,2.1972,11.6014,5.2801,2.871,8.783,class2_2026_04_27_15_59_08.csv,train,connector,127.63,,positive
163.683,512,0.819493,-49.9,-33.8096,14.403,-41.7622,-34.6695,-7.0927,29.884,3237.4598,-4082.3129,-7319.7727,-147.3354,43699.0627,-46692.7915,13.1274,13.6765,1.0418,0.0,29.884,class2_2026_04_27_15_41_16.csv,train,background,,4.9857580519847655,hard
140.71,440,0.704476,-22.665,-30.8431,13.5041,-33.0019,-38.9067,5.9048,18.3015,-385.9675,-2305.7967,-1919.8292,-0.0,284.7277,-43565.8339,13.5634,13.8058,1.0179,0.638,30.283,class2_2026_04_27_15_35_08.csv,train,background,,-2.677347944933523,random
133.69,418,0.66933,-49.9,-40.5389,13.2547,-17.7145,-39.5529,21.8384,2.153,-4059.3497,3421.4951,7480.8448,-43120.6928,43120.6928,-43120.6928,8.8023,12.9977,1.4766,0.0,29.662,class2_2026_04_27_15_29_31.csv,train,background,,8.636448603231802,hard
133.052,416,0.666136,-19.89,-30.4816,13.9737,-14.7941,-35.5066,20.7125,3.7605,-4958.5033,1507.0575,6465.5608,-0.0,-0.0,-6018.8103,9.3239,12.9629,1.3903,0.0,32.318,class3_2026_05_14_14_35_39.csv,train,background,,5.15256615844267,hard
165.916,519,0.830672,-49.9,-34.8442,13.5447,-42.4511,-33.7639,-8.6872,29.036,1297.2214,-3498.7847,-4796.0061,36855.8025,44630.0956,-45510.9749,12.1004,12.9468,1.07,0.0,29.036,class2_2026_04_27_16_08_56.csv,train,background,,3.743620605844492,hard
168.15,526,0.841857,-49.9,-35.1677,13.4391,-39.7262,-41.0714,1.3453,30.384,1186.0391,-86.6439,-1272.683,0.0,39587.7774,0.0,12.8676,12.5971,0.979,0.0,30.384,class3_2026_05_14_13_15_01.csv,train,background,,0.37466456266265313,random
101.783,318,0.509585,-22.636,-37.6101,13.7667,-33.4084,-43.9613,10.5529,29.309,533.4936,1318.4436,784.95,-1744.5141,45938.8746,-44194.3605,13.2297,11.2433,0.8499,1.595,29.309,class3_2026_05_14_13_10_59.csv,train,background,,3.8154436220215873,hard
183.784,575,0.92013,-22.128,-37.9852,13.4957,-32.4216,-42.4479,10.0263,29.458,-432.3347,2155.3195,2587.6542,-45015.6771,43529.7837,-45015.6771,12.5927,12.0596,0.9577,0.957,29.458,class3_2026_04_27_16_18_00.csv,train,background,,3.8603013420481203,hard
127.628,399,0.63898,-8.149,-11.0299,2.8508,-16.1046,-17.1604,1.0558,8.7745,1135.2866,-2560.0108,-3695.2974,625.3918,9901.2539,-2780.5643,2.226,8.8733,3.9863,2.871,8.637,class2_2026_04_27_15_28_40.csv,train,connector,127.31,,positive
113.589,355,0.568693,-17.685,-17.1082,0.3515,-16.4066,-17.0231,0.6164,0.175,-222.1222,54.0335,276.1557,-537.6191,-67.1264,-771.1599,0.6561,0.2576,0.3927,0.0,1.021,class2_2026_04_27_15_24_02.csv,train,bend,108.8,,positive
167.511,524,0.838658,-49.9,-33.42,14.7716,-39.0449,-36.1162,-2.9287,31.055,3542.919,-2699.6876,-6242.6066,2321.3182,47040.7555,-5639.2369,13.6845,13.8499,1.0121,0.0,31.055,class2_2026_04_27_15_20_55.csv,train,background,,5.0113857941009865,hard
147.729,462,0.739618,-49.9,-40.5659,13.2329,-43.6588,-36.2269,-7.4318,29.839,-1419.2362,-2926.7867,-1507.5505,0.0,40639.5016,-44263.326,11.6921,13.7256,1.1739,0.0,29.839,class2_2026_04_27_15_51_31.csv,train,background,,3.793953800257759,hard
91.892,287,0.460065,-49.9,-33.299,15.1012,-28.9635,-33.0956,4.1321,9.704,-51.2639,3762.5731,3813.837,-43827.5893,55293.1066,-43827.5893,13.4261,15.2662,1.137,0.0,35.277,class3_2026_05_14_13_11_09.csv,train,background,,10.770499319704362,hard
134.647,421,0.674121,-20.786,-31.5088,13.1276,-19.1925,-35.9911,16.7986,1.786,-3835.6267,-367.1864,3468.4403,-2452.9796,45633.2335,-45379.3135,8.297,13.968,1.6835,0.0,30.517,class2_2026_04_27_15_20_55.csv,train,background,,8.017935301415344,hard
173.574,543,0.869013,-19.42,-37.3298,14.173,-34.7558,-39.6344,4.8787,30.505,-3152.1546,1692.9928,4845.1473,37238.2476,47774.2978,-47774.2978,13.7037,13.0778,0.9543,0.957,30.505,class3_2026_05_22_11_05_05.csv,train,background,,4.382498977314881,hard
134.966,422,0.675719,-49.9,-31.2941,13.2753,-22.789,-33.4321,10.6431,1.4335,-4394.0119,-3217.2601,1176.7518,46426.3339,46614.4232,-37627.3741,12.4564,13.3793,1.0741,0.0,29.871,class2_2026_04_27_15_25_30.csv,train,background,,4.105371793611528,hard
168.788,528,0.845051,-25.228,-38.0827,13.2789,-45.2928,-37.4885,-7.8043,29.717,716.6509,1560.728,844.077,0.0,39093.4157,-4402.8213,10.3299,13.9242,1.3479,0.638,29.717,class2_2026_04_27_15_46_41.csv,train,background,,3.848139989010939,hard
183.146,573,0.916936,-49.9,-37.7911,13.649,-31.8715,-40.1574,8.2859,10.3325,-766.131,-2909.8343,-2143.7033,797.8041,44981.1944,-45778.9984,12.8322,12.5041,0.9744,0.0,29.207,class2_2026_04_27_15_42_56.csv,train,background,,2.220681341456766,random
161.13,504,0.806711,-24.784,-31.2043,13.2755,-37.8488,-31.6465,-6.2023,5.8105,38.355,-3082.9902,-3121.3452,-43244.5188,44282.1332,-43244.5188,13.5399,13.0071,0.9606,0.0,29.949,class2_2026_04_27_15_19_23.csv,train,background,,1.628641662118953,random
188.889,591,0.945689,-19.973,-37.3998,14.0348,-34.8692,-40.9558,6.0866,29.927,-105.668,254.186,359.854,-5579.9404,46907.5266,-46907.5266,13.5455,12.7263,0.9395,1.276,29.927,class2_2026_04_27_15_31_02.csv,train,background,,3.8659614200989036,hard
134.009,419,0.670927,-49.9,-29.0296,11.3737,-19.6545,-34.6403,14.9858,2.5805,-4458.0841,-1344.3525,3113.7316,34054.8621,34054.8621,-44426.3354,8.4639,13.7399,1.6233,0.0,30.281,class2_2026_04_27_15_33_39.csv,train,background,,3.7461357562060402,hard
190.165,595,0.952077,-20.872,-31.5879,13.0276,-40.9547,-32.7952,-8.1594,30.187,3904.743,3497.9871,-406.7559,-0.0,39586.2116,-2501.0142,12.6887,13.6792,1.0781,0.638,30.187,class2_2026_04_27_16_07_58.csv,train,background,,4.148148698690393,hard
184.422,577,0.923324,-22.45,-31.7464,12.9585,-37.2634,-33.3285,-3.9349,5.772,-320.2011,-4741.3403,-4421.1392,-725.7085,43521.9483,-46388.7163,14.1566,13.328,0.9415,1.276,29.596,class2_2026_04_27_15_50_35.csv,train,background,,0.10152310432279014,random
133.371,417,0.667733,-49.9,-27.3076,12.1886,-15.0889,-34.5009,19.412,2.532,-2631.888,-1221.8308,1410.0573,783.6991,3697.4906,-48573.6708,4.4731,13.8577,3.0981,0.0,31.26,class2_2026_04_27_15_26_28.csv,train,background,,3.3268210265663782,random
101.145,316,0.506391,-19.037,-21.5548,10.17,-12.7395,-27.7597,15.0202,2.3865,-2086.1479,1812.6372,3898.785,-1753.9216,-1753.9216,-48374.6097,2.857,11.9258,4.1743,0.0,34.406,class3_2026_05_14_13_41_43.csv,train,break,101.46,,positive
130.818,409,0.654951,-16.826,-16.3172,2.3038,-13.117,-28.6729,15.5559,4.477,159.7839,-4535.6472,-4695.4312,-2163.0309,-2163.0309,-5882.442,3.2029,13.3173,4.1579,0.0,7.679,class2_2026_04_27_15_32_19.csv,train,break,131.14,,positive
127.628,399,0.63898,-7.69,-10.5884,2.8545,-15.8743,-16.8471,0.9728,8.9235,1183.1128,-2593.0287,-3776.1415,592.4765,9462.3824,-2738.2445,2.3248,9.0191,3.8796,2.871,8.868,class2_2026_04_27_15_26_18.csv,train,connector,127.95,,positive
186.656,584,0.934509,-19.594,-36.7524,14.7191,-32.8899,-38.0983,5.2083,7.558,-3346.028,-1979.4006,1366.6275,3507.8354,47293.7566,-47501.5705,13.6625,13.3131,0.9744,1.277,31.04,class2_2026_04_27_15_26_06.csv,train,background,,4.100766598261302,hard
134.328,420,0.672524,-25.379,-25.148,8.9341,-16.8553,-37.6009,20.7457,0.8035,-2462.8936,-1932.0353,530.8583,5051.7241,5051.7241,-45666.9639,4.3434,13.836,3.1855,0.0,29.558,class2_2026_04_27_16_06_20.csv,train,background,,-0.1219433692773434,random
159.535,499,0.798725,-49.9,-40.7722,12.9384,-34.5971,-40.3915,5.7944,29.506,-4074.1115,4426.2845,8500.396,-931.0345,41787.8672,-40791.5392,13.7286,12.1322,0.8837,0.0,29.506,class2_2026_04_27_15_16_41.csv,train,background,,1.200226666985996,random
127.628,399,0.63898,-5.886,-8.7858,2.8871,-13.8952,-13.3783,-0.5168,8.879,1155.2651,-2705.0401,-3860.3053,628.5266,9721.0031,-2741.3793,2.2438,4.2377,1.8886,2.871,8.878,class1_2026_04_27_14_49_44.csv,train,connector,127.63,,positive
151.877,475,0.760385,-22.445,-31.1021,13.359,-40.3771,-32.073,-8.3041,19.8405,1297.3231,-1101.0285,-2398.3515,41739.815,48173.9828,-44949.8464,13.5179,12.7439,0.9427,1.595,30.735,class1_2026_04_27_14_47_57.csv,train,background,,4.702173588559168,hard
134.966,422,0.675719,-26.638,-34.9201,13.5125,-20.6824,-35.9248,15.2424,1.2545,-3853.2536,4727.1202,8580.3738,-45413.7947,45413.7947,-45413.7947,10.8507,14.0,1.2902,0.0,29.941,class2_2026_04_27_15_24_51.csv,train,background,,6.98299570175207,hard
188.889,591,0.945689,-49.9,-34.0252,14.2146,-40.7504,-31.8116,-8.9388,19.2605,1940.0035,-406.1533,-2346.1568,43137.9342,43137.9342,-43137.9342,12.9769,13.0026,1.002,0.0,29.403,class3_2026_05_14_13_18_31.csv,train,background,,3.9353717550015856,hard
168.15,526,0.841857,-23.548,-32.2841,12.6958,-33.4508,-38.0683,4.6174,8.21,-3717.9693,-3211.632,506.3372,-258.1505,4880.8777,-9663.0078,13.2167,13.3515,1.0102,0.639,29.913,class2_2026_04_27_16_03_33.csv,train,background,,-4.711224503587587,random
131.138,410,0.656553,-16.507,-16.9371,2.662,-12.5624,-26.0551,13.4927,4.2575,-609.272,-3358.1309,-2748.8588,-3638.9915,-2073.6677,-6169.2806,3.1381,10.8708,3.4641,0.0,7.916,class2_2026_04_27_15_20_40.csv,train,break,130.82,,positive
146.453,458,0.733229,-25.299,-28.7993,11.3903,-40.5798,-34.9005,-5.6793,29.335,3761.6743,1603.6199,-2158.0544,43954.5486,43954.5486,-43904.3918,13.2084,13.5017,1.0222,1.595,29.335,class2_2026_04_27_15_39_46.csv,train,background,,1.2381157329838217,random
135.285,423,0.677316,-49.9,-34.3246,14.0464,-22.0202,-34.7392,12.7191,2.469,-3569.9459,1593.7162,5163.6621,-37347.9639,45797.8088,-48465.5204,10.4024,13.6927,1.3163,0.0,30.921,class2_2026_04_27_15_36_21.csv,train,background,,6.941456857735991,hard
171.978,538,0.861022,-49.9,-37.7409,13.6374,-36.6078,-36.1896,-0.4183,20.1195,2518.2657,-94.7617,-2613.0273,0.0,0.0,0.0,13.4134,13.7497,1.0251,0.0,29.928,class2_2026_04_27_15_21_50.csv,train,background,,-5.573424828415902,random
136.243,426,0.682112,-49.9,-40.8069,12.9561,-26.9608,-46.6729,19.7121,30.23,-4085.0785,1592.8487,5677.9272,-47382.4483,47392.042,-47382.4483,12.531,9.1283,0.7285,0.0,30.23,class2_2026_04_27_15_39_15.csv,train,background,,6.969749904647974,hard
156.663,490,0.784346,-25.391,-35.5433,12.943,-35.4414,-34.7614,-0.6801,6.6035,-1284.3787,-783.9876,500.3912,0.0,4532.9154,-38415.3621,13.076,13.6588,1.0446,0.0,28.906,class2_2026_04_27_15_33_39.csv,train,background,,-7.278945045906378,random
134.328,420,0.672524,-49.9,-31.0778,13.4492,-15.3569,-37.1839,21.827,2.6195,-2987.6374,-1372.9259,1614.7115,2948.2774,2948.2774,-2086.1844,4.8952,14.2275,2.9064,0.0,31.409,class1_2026_04_27_14_48_38.csv,train,background,,5.876362979485473,hard
134.328,420,0.672524,-23.372,-34.7652,13.6228,-20.2804,-32.9438,12.6633,0.642,-6363.7095,3436.7538,9800.4633,46376.1787,46376.1787,-41579.9404,11.1427,13.6237,1.2227,0.0,29.756,class2_2026_04_27_15_39_59.csv,train,background,,5.395837722141327,hard
131.457,411,0.65815,-18.045,-18.1626,2.5024,-13.1193,-34.758,21.6387,4.156,-1409.9798,-3903.8137,-2493.8339,-3769.5893,-1973.9655,-5103.4498,3.1886,13.7394,4.3088,0.0,7.969,class2_2026_04_27_15_16_23.csv,train,break,131.46,,positive
185.698,581,0.929713,-28.821,-41.8012,11.6345,-40.3105,-39.4828,-0.8277,29.23,3454.3238,6073.06,2618.7362,-0.0,-0.0,-33090.8942,12.1953,13.1154,1.0754,0.638,29.23,class3_2026_05_14_14_40_05.csv,train,background,,-7.559322767832043,random
84.872,265,0.424919,-49.9,-29.2731,14.7618,-31.8822,-30.6764,-1.2058,9.888,296.8388,1616.9169,1320.0781,-42097.1279,42031.3511,-55123.8276,14.6704,13.9864,0.9534,0.0,35.169,class3_2026_05_14_13_11_09.csv,train,background,,6.001748156993418,hard
120.927,378,0.605431,-22.665,-34.0417,14.2121,-39.3099,-35.8772,-3.4327,30.056,-858.0099,-4636.8578,-3778.848,1020.3777,46089.3433,-47109.721,13.3671,14.0473,1.0509,1.595,30.056,class3_2026_05_14_12_57_24.csv,train,background,,3.8594443897195285,hard
162.725,509,0.814696,-25.696,-35.0212,13.4287,-43.4982,-35.0722,-8.426,31.01,-388.4619,-3633.5679,-3245.106,-6028.2147,48605.0204,-42640.2816,11.9921,13.3554,1.1137,1.596,31.01,class1_2026_04_27_14_49_15.csv,train,background,,6.4000052145390764,hard
134.328,420,0.672524,-21.504,-37.8743,13.5106,-28.7636,-39.1759,10.4124,5.4065,-8242.1368,-3426.1702,4815.9667,38144.2053,44507.8401,-44507.8401,15.1487,13.519,0.8924,0.638,29.442,class3_2026_05_14_13_16_20.csv,train,background,,3.8671104738251776,hard
135.924,425,0.680515,-49.9,-37.5207,13.9399,-26.3212,-38.8346,12.5133,3.496,-2809.1245,-3860.5288,-1051.4043,-721.1183,47885.5815,-41553.2947,12.8502,13.8979,1.0815,0.0,30.551,class2_2026_04_27_15_18_27.csv,train,background,,6.950030976133465,hard
151.558,474,0.758788,-49.9,-27.3859,12.0668,-41.6658,-30.1775,-11.4883,18.448,4083.8574,-4003.8245,-8087.6819,43311.9154,47844.8307,86.2069,13.2822,12.3402,0.9291,0.0,30.525,class2_2026_04_27_15_26_06.csv,train,background,,4.562725219179416,hard
134.966,422,0.675719,-49.9,-37.2928,14.1055,-21.2396,-37.3464,16.1068,0.5135,-7304.8081,-718.193,6586.6151,44783.7038,46128.5313,-44332.2931,13.2131,14.0715,1.065,0.0,29.43,class1_2026_04_27_14_46_27.csv,train,background,,7.517411981261727,hard
136.562,427,0.683709,-49.9,-37.4399,13.9581,-23.4827,-38.2598,14.7771,3.302,-3760.886,3496.4532,7257.3392,0.0,42514.1113,-44548.5909,9.5271,13.0749,1.3724,0.0,29.989,class2_2026_04_27_16_00_02.csv,train,background,,6.077184099015611,hard
92.211,288,0.461662,-49.9,-40.6784,13.0561,-30.3037,-42.734,12.4303,19.275,941.319,-1237.7389,-2179.0579,-42175.5502,45749.2194,-42175.5502,12.3387,11.6071,0.9407,0.0,29.188,class3_2026_05_14_13_11_48.csv,train,background,,3.692672322682964,hard
135.285,423,0.677316,-27.326,-33.169,12.1659,-20.5579,-34.8521,14.2942,0.7135,-3796.5747,1371.2578,5167.8325,-29396.5549,44816.6191,-44089.3448,8.3818,13.5785,1.62,0.0,28.593,class2_2026_04_27_15_59_35.csv,train,background,,3.7096997001096543,hard
127.628,399,0.63898,-5.9,-8.7754,2.8615,-13.8846,-13.5071,-0.3774,8.77,1140.7607,-2647.5511,-3788.3118,628.5266,9700.627,-2747.6489,2.2388,4.5053,2.0124,2.871,8.766,class1_2026_04_27_14_49_38.csv,train,connector,127.63,,positive
127.628,399,0.63898,-8.748,-11.5821,2.763,-16.6979,-20.8121,4.1142,8.643,1227.032,-2564.4348,-3791.4668,545.4545,9699.0596,-2717.8683,2.2682,13.4061,5.9106,2.871,8.375,class2_2026_04_27_16_03_45.csv,train,connector,127.31,,positive
141.986,444,0.710865,-49.9,-34.7846,13.6804,-34.7283,-37.9894,3.2611,18.7145,-1309.7688,-2248.9187,-939.1498,43760.1897,43760.1897,-43760.1897,13.7063,13.3839,0.9765,0.0,29.568,class2_2026_04_27_15_44_29.csv,train,background,,1.2503316780588398,random
22.016,68,0.110225,-15.426,-14.9312,0.3481,-14.5924,-15.307,0.7146,0.2125,-88.8915,-271.2514,-182.36,713.1661,713.1661,26.6458,0.2732,0.492,1.8011,0.0,1.09,class2_2026_04_27_16_06_20.csv,train,bend,23.61,,positive
134.009,419,0.671052,-23.327,-28.2111,11.6636,-24.1366,-34.6057,10.4691,3.3495,-3375.286,-1067.1777,2308.1083,4999.9969,43407.5282,-41650.4734,11.9364,13.7403,1.1511,0.0,30.884,class3_2026_05_14_12_54_33.csv,train,background,,3.67347041287376,hard
157.62,493,0.789138,-49.9,-34.7751,13.5878,-30.1775,-39.3899,9.2124,5.707,-1730.9186,114.2062,1845.1248,-42299.3762,42299.3762,-42299.3762,12.3402,13.2535,1.074,0.0,30.501,class2_2026_04_27_15_26_06.csv,train,background,,3.8014855652565305,hard
136.243,426,0.682112,-49.9,-34.3178,13.9565,-24.6311,-36.1891,11.5579,1.7,-2909.3197,3465.2121,6374.5319,-45942.0078,45476.4922,-45942.0078,11.4694,13.7592,1.1996,0.0,29.311,class2_2026_04_27_15_35_32.csv,train,background,,4.7633456656958275,hard
131.138,410,0.656553,-14.833,-14.8173,2.2958,-10.7679,-29.6696,18.9016,3.9785,-579.4659,-4275.8539,-3696.3881,-3074.8043,-2217.8683,-3148.9013,3.1132,14.4443,4.6397,0.0,6.997,class1_2026_04_27_14_49_44.csv,train,break,132.41,,positive
172.617,540,0.864221,-49.9,-33.6397,14.5675,-40.4514,-31.1313,-9.3201,18.788,3702.0426,-1384.9053,-5086.9479,3620.76,44316.6191,-347.9624,13.378,13.3703,0.9994,0.0,30.404,class3_2026_05_14_13_39_43.csv,train,background,,5.786908182132004,hard
125.075,391,0.626198,-19.826,-28.422,12.8092,-22.6784,-39.2859,16.6075,4.001,-3597.3465,-2814.0588,783.2876,27713.1661,47137.9342,-47137.9342,8.0749,13.4214,1.6621,0.957,31.5,class3_2026_05_14_12_56_25.csv,train,background,,8.467585530808327,hard
189.208,592,0.947286,-22.089,-31.7114,12.9225,-42.3276,-32.9876,-9.34,29.331,3746.0749,-850.8658,-4596.9408,5269.5909,43590.9107,-43836.9953,12.2437,13.5215,1.1044,1.276,29.331,class2_2026_04_27_16_00_46.csv,train,background,,4.218693062061284,hard
141.986,444,0.710865,-49.9,-37.7136,13.712,-33.2663,-40.9423,7.6761,29.83,-4115.4428,-1153.8235,2961.6194,-7741.3809,44805.6473,-37064.2665,13.369,12.7474,0.9535,0.0,29.83,class2_2026_04_27_15_37_57.csv,train,background,,4.02017678396755,hard
127.628,399,0.63898,-5.955,-8.8642,2.9134,-13.9636,-13.6314,-0.3322,8.851,1123.9803,-2619.5565,-3743.5367,565.8307,9655.1724,-2771.1599,2.2565,4.6082,2.0422,2.871,9.039,class1_2026_04_27_14_37_22.csv,train,connector,127.95,,positive
125.075,391,0.626198,-17.323,-16.8872,0.2174,-16.8963,-12.8697,-4.0266,0.1075,60.3598,1339.412,1279.0522,427.9013,427.9013,-131.6599,0.2386,3.1806,13.3281,0.0,0.719,class2_2026_04_27_15_24_02.csv,train,background,,-52.02400378076496,random
21.697,67,0.108628,-15.479,-14.7459,0.3406,-14.4671,-14.4274,-0.0396,0.0615,-12.9916,118.3513,131.3429,-540.7524,44.8252,-540.7524,0.1285,0.2281,1.7753,0.0,1.14,class2_2026_04_27_15_19_40.csv,train,background,,-56.11844671937584,random
127.628,399,0.63898,-8.438,-11.4112,3.0257,-15.2448,-17.5544,2.3096,7.0355,406.0247,-4630.37,-5036.3947,655.1724,10346.5265,-2758.6207,2.0902,8.8229,4.2212,2.552,9.584,class2_2026_04_27_15_14_19.csv,train,connector,127.63,,positive
193.356,605,0.968053,-26.285,-30.7543,13.6883,-36.5302,-38.5734,2.0433,31.08,3649.6352,785.6318,-2864.0034,1354.232,47910.6614,-48714.7367,13.5484,14.211,1.0489,1.276,31.08,class1_2026_04_27_14_47_01.csv,train,background,,4.1764590764344955,hard
127.628,399,0.63898,-8.081,-10.9746,2.8957,-16.0765,-17.3465,1.27,8.6765,1195.6886,-2803.2768,-3998.9655,626.9592,9626.9592,-2753.9185,2.2617,9.0108,3.9841,2.871,8.957,class2_2026_04_27_15_35_57.csv,train,connector,127.95,,positive
163.364,511,0.817896,-21.854,-37.1454,14.2784,-42.4404,-34.2727,-8.1677,30.579,3992.2382,5275.0659,1282.8277,-274.7453,43923.1991,-47929.4718,12.0451,14.0082,1.163,0.639,30.579,class1_2026_04_27_14_37_00.csv,train,background,,6.42777715535002,hard
136.562,427,0.683709,-22.434,-40.3954,13.4492,-23.7336,-39.7314,15.9978,2.9165,-6641.0561,2575.1999,9216.256,46026.6489,46026.6489,-46026.6489,11.8873,12.8016,1.0769,0.0,29.365,class1_2026_04_27_14_38_15.csv,train,background,,5.924650615023194,hard
127.628,399,0.63898,-7.662,-10.5431,2.8722,-15.6884,-15.1019,-0.5865,8.7925,1145.0389,-2880.7663,-4025.8052,642.6332,9400.1553,-2833.8558,2.2672,4.1452,1.8284,2.871,8.983,class2_2026_04_27_15_20_40.csv,train,connector,127.95,,positive
130.818,409,0.654951,-16.347,-16.0909,2.0436,-13.1986,-30.4202,17.2216,4.662,186.2019,-4653.1573,-4839.3592,-2725.1046,-2206.8966,-2725.1046,3.3008,13.9423,4.2239,0.0,5.907,class2_2026_04_27_15_16_41.csv,train,break,131.78,,positive
134.647,421,0.674121,-19.445,-22.2294,9.8338,-12.8,-31.2327,18.4327,2.008,-2472.2907,-670.7563,1801.5343,1672.4122,1672.4122,-47735.1129,4.1893,13.3679,3.191,0.0,32.654,class3_2026_05_22_11_05_05.csv,train,break,133.69,,positive
133.69,418,0.66933,-49.9,-26.7748,12.4371,-13.3783,-36.4477,23.0693,0.7685,-2504.6592,-4339.053,-1834.3938,-4399.6897,-557.9922,-4399.6897,4.2377,13.5227,3.191,0.0,31.565,class1_2026_04_27_14_49_44.csv,train,background,,4.762171633311303,hard
130.499,408,0.653354,-15.314,-15.1473,2.1421,-13.0158,-29.8781,16.8623,5.1845,770.8894,-8827.2859,-9598.1753,-3286.8323,-2152.0376,-3796.2367,3.2884,14.2865,4.3445,0.0,6.375,class2_2026_04_27_15_25_54.csv,train,break,131.46,,positive
137.519,430,0.6885,-49.9,-27.7382,11.9552,-19.014,-29.9148,10.9008,2.482,-2895.1071,-1027.7548,1867.3522,3037.6176,48800.9451,-42957.6834,8.0712,12.4702,1.545,0.0,31.135,class3_2026_05_14_13_43_30.csv,train,background,,3.9471847033683765,hard
189.208,592,0.947286,-24.644,-37.6179,13.7987,-42.3166,-32.8835,-9.4331,30.187,-553.9767,-263.334,290.6427,-6456.116,47315.0517,-39586.2116,12.2579,13.6175,1.1109,1.276,30.187,class2_2026_04_27_16_07_58.csv,train,background,,6.416863706151895,hard
135.285,423,0.677316,-19.911,-31.2171,13.2612,-20.1659,-39.6078,19.4419,2.4195,-3513.2501,-1324.1656,2189.0845,42514.1113,42514.1113,-42575.5691,7.7624,12.9598,1.6696,0.638,29.989,class2_2026_04_27_16_00_02.csv,train,background,,7.664630308645105,hard
169.745,531,0.849843,-21.672,-40.3208,13.5646,-43.5833,-35.9567,-7.6266,30.385,538.6482,3187.2731,2648.6248,47625.3966,47625.3966,-47625.3966,11.8262,14.0046,1.1842,0.957,30.385,class3_2026_05_14_13_00_09.csv,train,background,,5.917890241443623,hard
138.795,434,0.694889,-49.9,-34.9149,13.5093,-22.8124,-41.206,18.3936,3.632,-4514.3143,-510.9521,4003.3622,-0.0,46056.4279,-46515.6771,10.0102,12.4118,1.2399,0.0,29.677,class3_2026_05_14_14_36_02.csv,train,background,,7.155607786269151,hard
127.628,399,0.63898,-8.212,-11.0284,2.7532,-16.0182,-17.5319,1.5138,8.4705,1143.9431,-3234.7866,-4378.7297,595.6113,9379.3103,-2705.3292,2.2016,9.0419,4.107,2.871,8.457,class2_2026_04_27_15_58_37.csv,train,connector,127.63,,positive
194.313,608,0.972844,-21.854,-33.8758,14.3375,-33.1204,-31.1429,-1.9774,5.431,1772.8881,4657.865,2884.9769,-0.0,44617.558,-43959.2508,13.5595,12.4147,0.9156,0.638,29.353,class1_2026_04_27_14_45_10.csv,train,background,,-0.6568715901262843,random
138.157,432,0.691695,-49.9,-37.6328,13.734,-23.7753,-39.7037,15.9284,3.389,-1655.0072,2352.0184,4007.0255,-41551.7288,45822.8856,-41940.442,9.4406,12.8741,1.3637,0.0,29.235,class3_2026_05_14_13_47_19.csv,train,background,,6.0609157143180905,hard
133.69,418,0.66933,-19.745,-23.568,9.4212,-13.4468,-34.2678,20.821,2.678,-2646.8194,-4323.3117,-1676.4922,-2584.6395,1231.9734,-47264.8918,4.3833,13.9984,3.1936,0.0,31.988,class1_2026_04_27_14_44_55.csv,train,background,,2.289541036520294,random
152.834,478,0.765176,-19.204,-34.0493,14.2762,-40.6242,-31.512,-9.1122,20.7445,1377.2327,696.5583,-680.6744,4128.5251,48112.8558,-48112.8558,13.1289,13.1728,1.0033,1.276,31.3,class3_2026_05_14_13_43_30.csv,train,background,,6.776072837915169,hard
186.017,582,0.93131,-21.944,-43.6147,11.7598,-47.0509,-42.392,-4.6589,28.612,-2606.2169,1717.5998,4323.8167,273.8637,43818.185,-43612.8944,8.0616,12.1227,1.5038,0.639,28.612,class2_2026_04_27_15_29_31.csv,train,background,,-0.9074008353089082,random
164.002,513,0.82109,-49.9,-35.5418,13.1027,-34.9409,-39.3586,4.4176,29.529,5457.2153,797.4482,-4659.7671,-43407.5282,1407.575,-43407.5282,13.4248,13.3916,0.9975,0.0,29.529,class3_2026_05_14_13_43_01.csv,train,background,,-3.891901794485074,random
151.877,475,0.760385,-21.089,-30.8597,13.5692,-40.307,-37.6335,-2.6735,30.889,3815.4992,-5152.5684,-8968.0676,-10092.4781,48415.3636,-45158.3088,13.614,13.7597,1.0107,1.276,30.889,class1_2026_04_27_14_38_15.csv,train,background,,3.881366394258441,hard
132.095,413,0.661345,-17.145,-17.2574,2.1374,-10.9243,-35.2124,24.2881,3.212,-2455.773,-5062.0861,-2606.3131,-2620.6881,-2244.5141,-47572.1034,3.3249,14.7158,4.426,0.0,6.105,class1_2026_04_27_14_46_27.csv,train,break,132.09,,positive
153.472,480,0.76837,-49.9,-36.3311,12.3272,-38.117,-40.8262,2.7092,28.53,4907.1353,-135.8258,-5042.9611,-34191.2257,41172.4169,-39056.4295,13.3674,12.8891,0.9642,0.0,28.53,class2_2026_04_27_15_19_40.csv,train,background,,-1.2052825815345702,random
184.422,577,0.923324,-49.9,-37.5142,13.8749,-39.2506,-36.0134,-3.2372,29.507,1332.6037,-2692.9538,-4025.5575,-0.0,46249.2194,-40633.232,13.3837,13.9131,1.0396,0.0,29.507,class2_2026_04_27_15_18_47.csv,train,background,,2.85512545255827,random
134.966,422,0.675719,-20.649,-27.8458,11.8175,-18.1147,-34.3285,16.2138,1.5645,-4234.429,-358.2318,3876.1972,973.3542,45847.9655,-44465.1912,8.606,13.9478,1.6207,0.0,30.155,class1_2026_04_27_14_45_33.csv,train,background,,6.35244364720012,hard
127.628,399,0.63898,-11.599,-13.3081,1.1538,-14.4912,-24.6342,10.1429,3.174,285.9913,-5762.889,-6048.8803,159.8746,4106.5831,-3163.0094,0.6712,13.8355,20.6116,1.276,3.165,class3_2026_05_14_13_16_20.csv,train,connector,127.63,,positive
138.795,434,0.694889,-49.9,-43.7361,11.5316,-35.8639,-36.8377,0.9738,16.6425,-3011.5717,569.5569,3581.1286,-0.0,43594.047,-0.0,14.1073,13.1749,0.9339,0.0,27.813,class2_2026_04_27_16_01_09.csv,train,background,,-3.5531150692655724,random
165.916,519,0.830672,-27.282,-37.6914,13.7985,-37.3017,-39.1013,1.7996,30.153,-1489.3751,-1067.7871,421.5881,-4260.185,46884.0141,-47261.7586,14.1118,13.5985,0.9636,1.276,30.153,class3_2026_05_14_13_42_19.csv,train,background,,2.545373541415854,random
160.811,503,0.805114,-22.178,-33.0116,12.2666,-33.4542,-33.9511,0.4969,3.589,-2665.3409,-1648.7723,1016.5686,-0.0,33667.7147,-13457.6803,13.2782,12.8709,0.9693,0.638,28.328,class1_2026_04_27_14_49_51.csv,train,background,,-5.241458755019684,random
133.69,418,0.66933,-24.437,-28.362,11.5865,-17.5612,-33.0121,15.4508,0.5915,-4143.7078,-2824.363,1319.3448,412.2273,45778.9984,-46191.2257,8.8602,13.5369,1.5278,0.0,29.47,class2_2026_04_27_16_05_41.csv,train,background,,4.726155126626143,hard
96.997,303,0.485624,-1.478,-4.8576,4.011,-13.285,-9.1719,-4.1131,12.5875,2146.5233,-2654.2203,-4800.7436,94.0439,16778.9969,-3098.7461,3.9201,4.3294,1.1044,3.51,13.325,class3_2026_05_14_12_56_02.csv,train,connector,97.0,,positive
159.854,500,0.800322,-21.203,-38.4578,12.983,-39.2321,-36.533,-2.6991,29.4,-983.2157,1890.5555,2873.7712,0.0,10632.7342,-44979.6285,13.4423,13.4477,1.0004,0.638,29.4,class1_2026_04_27_14_45_40.csv,train,background,,-3.62005368001855,random
178.041,557,0.891377,-19.596,-43.4289,12.1192,-41.1621,-33.7646,-7.3976,30.304,-4454.2369,3721.3145,8175.5514,43786.8354,47498.4342,-47498.4342,12.3785,14.4531,1.1676,0.957,30.304,class2_2026_04_27_15_51_19.csv,train,background,,4.949809660977202,hard
133.371,417,0.667733,-19.987,-36.2668,12.696,-17.6618,-35.6412,17.9793,1.393,-6055.7152,1415.9748,7471.6899,15333.8574,46885.5831,-46885.5831,10.1965,14.2805,1.4005,0.638,29.913,class2_2026_04_27_15_21_13.csv,train,background,,8.116727412764245,hard
193.675,606,0.96965,-23.159,-31.2407,13.3966,-39.609,-33.4232,-6.1858,22.6205,-889.5657,-2917.6542,-2028.0885,-0.0,46752.3527,-1681.8182,12.9901,13.4766,1.0375,0.638,30.697,class3_2026_05_14_14_33_56.csv,train,background,,4.2728836074098036,hard
134.966,422,0.675719,-49.9,-34.5703,13.8788,-16.6194,-39.3338,22.7144,1.3825,-2172.5697,4310.6073,6483.177,-46269.5972,7114.4232,-46269.5972,4.1074,13.3106,3.2407,0.0,30.727,class1_2026_04_27_14_47_07.csv,train,background,,5.726795513853794,hard
127.628,399,0.63898,-5.9,-8.815,2.9242,-13.9533,-13.4645,-0.4888,8.8845,1148.0229,-2612.9468,-3760.9697,615.9875,9601.3607,-2735.1097,2.2668,4.3946,1.9387,2.871,9.108,class1_2026_04_27_14_47_01.csv,train,connector,127.63,,positive
159.535,499,0.798725,-23.222,-38.3448,12.9417,-37.4376,-36.0099,-1.4277,27.169,-4983.7666,-327.2293,4656.5373,40750.7884,42584.6411,-41815.0502,13.9514,13.9527,1.0001,0.957,27.169,class2_2026_04_27_15_49_43.csv,train,background,,-1.583179480592304,random
96.997,303,0.485624,-0.158,-3.4206,4.3773,-12.7262,-7.2336,-5.4926,11.685,2344.0153,-2569.0867,-4913.1021,525.0784,18650.4702,-3106.5831,4.3319,4.0736,0.9404,3.829,14.304,class3_2026_05_14_13_39_43.csv,train,connector,97.0,,positive
120.289,376,0.602237,-14.949,-14.8266,0.1237,-14.7895,-14.7964,0.0069,0.1805,11.4393,59.4175,47.9781,-211.5987,363.6364,-211.5987,0.1095,0.1324,1.2095,0.0,0.431,class1_2026_04_27_14_49_51.csv,train,background,,-56.996232363155464,random
193.994,607,0.971247,-37.047,-33.9732,12.1321,-35.0889,-33.14,-1.9489,5.313,1188.3831,393.3656,-795.0175,0.0,910.6614,-41678.6865,13.3639,13.4283,1.0048,0.0,29.982,class2_2026_04_27_15_50_35.csv,train,background,,-7.08932370107549,random
136.243,426,0.682112,-49.9,-37.2897,14.1604,-22.2977,-34.2549,11.9572,1.3365,-4916.6086,-72.6626,4843.946,-0.0,46006.2727,-46034.4843,10.2353,14.0287,1.3706,0.0,29.81,class1_2026_04_27_14_36_54.csv,train,background,,5.869885485767681,hard
127.628,399,0.63898,-8.216,-11.1118,2.9324,-16.1597,-15.5601,-0.5996,8.7185,1076.445,-2430.889,-3507.334,652.0376,9837.9306,-2716.3009,2.2664,4.1733,1.8414,2.871,9.197,class2_2026_04_27_15_32_35.csv,train,connector,127.63,,positive
168.469,527,0.843454,-49.9,-40.326,13.5545,-40.2578,-31.5078,-8.75,17.208,-1858.1414,2760.8127,4618.9541,-0.0,46752.3527,-0.0,13.6754,13.039,0.9535,0.0,29.828,class2_2026_04_27_16_00_33.csv,train,background,,4.117107087533992,hard
186.656,584,0.934509,-28.487,-32.3548,12.5907,-30.1031,-33.6906,3.5875,3.478,-1036.4035,-1307.5856,-271.1821,3775.8621,33348.197,-33562.6991,12.313,13.0332,1.0585,0.0,29.667,class2_2026_04_27_15_25_04.csv,train,background,,-2.1282853262257615,random
136.243,426,0.682112,-49.9,-35.3363,13.2168,-25.9619,-38.4836,12.5217,6.0635,-1465.0289,-3825.7372,-2360.7083,3699.0564,40352.4445,-43993.732,11.1687,12.867,1.1521,0.0,30.548,class2_2026_04_27_15_42_56.csv,train,background,,4.596408938227972,hard
135.924,425,0.680515,-49.9,-37.5691,13.8169,-24.4362,-42.3432,17.907,3.5415,-5541.8723,-923.6437,4618.2286,40147.3729,40147.3729,-45562.7006,11.6534,12.2165,1.0483,0.0,29.069,class2_2026_04_27_16_03_33.csv,train,background,,5.5907926392632135,hard
135.285,423,0.677316,-24.562,-37.619,13.7806,-23.6395,-34.3541,10.7146,1.126,-5898.9624,4110.152,10009.1144,0.0,46376.1787,-39776.8881,12.1585,13.9864,1.1503,0.0,29.588,class2_2026_04_27_15_39_59.csv,train,background,,4.751452926071313,hard
164.959,516,0.825881,-49.9,-40.3347,13.5328,-45.3684,-34.4001,-10.9683,29.569,3047.725,587.6969,-2460.0281,0.0,43835.4248,-46346.3997,10.1454,13.8877,1.3689,0.0,29.569,class2_2026_04_27_15_16_23.csv,train,background,,6.09385078582704,hard
174.212,545,0.872207,-22.855,-32.0769,12.8446,-34.2517,-33.6008,-0.6509,5.5295,2108.2777,730.0476,-1378.23,-41222.5737,46374.6113,-42390.2853,14.0539,13.2721,0.9444,0.638,29.587,class2_2026_04_27_15_46_14.csv,train,background,,-1.2796218136332997,random
163.364,511,0.817896,-49.9,-35.0009,13.3851,-34.5137,-36.2764,1.7627,5.7475,3712.1578,1722.3878,-1989.77,-4061.8567,4360.5047,-40758.6238,13.8232,13.691,0.9904,0.0,29.579,class2_2026_04_27_15_44_29.csv,train,background,,-5.8219719748739465,random
188.889,591,0.945689,-20.882,-34.2184,14.207,-38.8019,-34.8522,-3.9497,30.663,2067.0638,1744.7991,-322.2647,724.1364,47336.9953,-45482.7618,13.9427,13.6098,0.9761,1.276,30.663,class1_2026_04_27_14_45_33.csv,train,background,,4.509550252402009,hard
161.449,505,0.808308,-21.711,-37.8711,13.5759,-42.455,-33.5642,-8.8908,29.675,-140.1502,1248.351,1388.5012,35076.8056,44183.3887,-44183.3887,12.0414,13.1417,1.0914,0.957,29.675,class2_2026_04_27_15_19_40.csv,train,background,,4.611371375307089,hard
131.776,412,0.659748,-16.481,-16.4566,2.1929,-10.8228,-27.7931,16.9703,3.351,-2064.0923,-981.5738,1082.5185,-3445.1395,-2258.2025,-3445.1395,3.1758,12.0216,3.7853,0.0,6.415,class1_2026_04_27_14_49_51.csv,train,break,131.78,,positive
145.177,454,0.726841,-20.286,-37.5667,13.8299,-34.4905,-40.6271,6.1366,29.614,-529.3328,-2305.015,-1775.6823,-3946.0161,46471.3222,-46416.9326,13.8569,13.1371,0.9481,1.277,29.614,class3_2026_05_14_13_43_49.csv,train,background,,3.7119264749443097,hard
161.449,505,0.808308,-21.443,-34.0633,14.1943,-40.4647,-32.9924,-7.4722,29.994,2541.5664,1826.8333,-714.7331,-5498.4326,47012.5423,-44603.4498,13.3784,13.6362,1.0193,1.276,29.994,class3_2026_05_14_12_58_49.csv,train,background,,5.546215555207249,hard
81.363,254,0.407351,-14.79,-14.7438,0.1419,-14.7097,-14.7191,0.0093,0.116,-29.5078,11.2979,40.8057,203.7618,203.7618,-23.511,0.114,0.0846,0.7422,0.0,0.426,class1_2026_04_27_14_48_51.csv,train,background,,-57.05341350395958,random
180.593,565,0.904154,-49.9,-43.9754,11.1248,-38.9227,-36.7735,-2.1492,28.683,-1393.6259,2118.4168,3512.0427,-0.0,44957.685,-0.0,13.7834,13.238,0.9604,0.0,28.683,class3_2026_05_14_12_55_25.csv,train,background,,-1.4488515086692308,random
134.966,422,0.675719,-25.449,-31.0224,13.4513,-21.3544,-36.1241,14.7697,2.393,-3775.4547,761.6727,4537.1274,-2557.9937,38324.4561,-44920.466,10.4861,13.8007,1.3161,0.0,30.415,class2_2026_04_27_15_46_41.csv,train,background,,6.050552992852526,hard
20.101,62,0.100637,-23.946,-34.2937,14.0153,-29.8951,-43.5044,13.6094,30.1,-1078.1887,1109.1811,2187.3698,-3393.4185,47178.6881,-43580.1332,12.5016,11.9694,0.9574,1.596,30.1,class3_2026_05_14_14_33_25.csv,train,background,,7.1098184095191845,hard
143.9,450,0.720447,-49.9,-37.2853,14.1218,-28.0319,-43.7878,15.7559,21.3895,-3162.2287,-1312.5143,1849.7144,-42094.0455,46266.4608,-42094.0455,12.095,11.4926,0.9502,0.0,29.518,class3_2026_05_14_13_12_07.csv,train,background,,6.5952183205608454,hard
102.421,320,0.512779,-17.108,-17.4449,0.3928,-17.4595,-17.5503,0.0908,0.4985,-99.5721,-125.9616,-26.3895,626.9624,904.3871,-1374.8016,0.3415,0.5239,1.5344,0.638,1.248,class2_2026_04_27_16_03_45.csv,train,background,,-55.54541517023321,random
136.243,426,0.682112,-49.9,-33.8589,14.3601,-20.7322,-39.6557,18.9234,2.935,-2642.0862,-2407.7025,234.3836,-3954.5423,47115.4159,-43097.1834,7.7633,12.898,1.6614,0.0,30.019,class1_2026_04_27_14_38_31.csv,train,background,,8.93372618949132,hard
127.628,399,0.63898,-8.169,-11.1163,3.0046,-16.3528,-17.4463,1.0934,8.938,1148.8621,-2548.9316,-3697.7937,659.8746,10038.9303,-2821.3166,2.3197,9.0955,3.9209,2.871,9.387,class2_2026_04_27_15_16_41.csv,train,connector,127.95,,positive
173.893,544,0.87061,-23.925,-43.9194,11.1973,-40.302,-36.0928,-4.2092,27.85,-1921.7529,5423.8332,7345.5861,43652.0423,43652.0423,-43652.0423,13.5755,13.8454,1.0199,0.957,27.85,class2_2026_04_27_15_53_40.csv,train,background,,-0.8616364020151543,random
186.975,585,0.936106,-49.9,-37.2186,14.2184,-40.4889,-34.5513,-5.9377,30.578,730.6674,-2198.6317,-2929.2991,-4722.5705,46332.5859,-4722.5705,13.3373,13.7908,1.034,0.0,30.578,class1_2026_04_27_14_37_11.csv,train,background,,5.429648660389928,hard
132.733,415,0.664539,-21.893,-24.5876,9.1768,-16.0091,-35.3007,19.2917,3.0145,-4774.6039,-5752.1051,-977.5012,43849.5329,43849.5329,-38473.3574,8.8676,13.1477,1.4827,0.0,31.444,class2_2026_04_27_15_46_14.csv,train,background,,6.094136241173767,hard
79.129,247,0.396166,-21.886,-28.8626,11.419,-35.85,-34.7167,-1.1333,5.7495,3092.7585,-4543.1957,-7635.9542,-4148.9044,45899.6912,-41750.7868,14.162,13.6284,0.9623,1.595,29.284,class3_2026_05_14_13_42_29.csv,train,background,,-2.1969033220761958,random
152.196,476,0.761982,-49.9,-40.4314,13.4028,-40.4181,-32.8132,-7.6049,29.749,4386.5127,4057.1205,-329.3923,-46628.5313,44028.2179,-46628.5313,13.438,13.6728,1.0175,0.0,29.749,class2_2026_04_27_15_46_57.csv,train,background,,4.353521139673993,hard
171.021,535,0.856231,-49.9,-40.5106,13.3397,-35.9178,-43.8769,7.9591,30.977,-2642.0425,77.9307,2719.9732,-40100.3166,48553.2947,-43867.9214,14.058,11.284,0.8027,0.0,30.977,class1_2026_04_27_14_46_41.csv,train,background,,4.261426504467551,hard
170.383,533,0.853037,-27.13,-32.3074,12.6301,-28.607,-44.0404,15.4334,18.8105,-453.6244,323.7651,777.3896,-45307.2147,44007.8401,-45307.2147,11.559,11.0521,0.9562,1.914,29.255,class2_2026_04_27_15_51_31.csv,train,background,,4.140218397908847,hard
156.982,491,0.785944,-49.9,-37.599,13.8097,-29.9224,-43.9197,13.9972,30.703,-2222.987,-2336.8694,-113.8824,-43492.1661,48123.826,-43492.1661,12.4869,11.2131,0.898,0.0,30.703,class1_2026_04_27_14_39_34.csv,train,background,,7.214200362974062,hard
133.371,417,0.667733,-20.456,-30.8011,13.54,-14.9041,-38.8984,23.9944,0.8865,-2827.017,2592.1072,5419.1242,-42702.1975,4266.4592,-46150.4749,4.661,13.8021,2.9612,0.638,29.747,class2_2026_04_27_15_48_47.csv,train,background,,5.172363104159603,hard
135.285,423,0.677316,-49.9,-34.5142,13.8064,-22.3657,-35.0425,12.6768,2.619,-2832.5142,165.1238,2997.638,-47250.7868,44996.8699,-47250.7868,10.1767,13.3586,1.3127,0.0,30.146,class2_2026_04_27_15_28_02.csv,train,background,,5.617429409132826,hard
153.153,479,0.766773,-20.58,-34.1509,14.1437,-40.5328,-35.8956,-4.6372,30.752,2233.0312,-1226.2337,-3459.2649,45224.1395,45956.116,-45956.116,13.307,14.0312,1.0544,0.957,30.752,class1_2026_04_27_14_47_25.csv,train,background,,5.058850914530335,hard
173.574,543,0.869013,-21.405,-31.1409,13.3082,-34.8735,-31.4496,-3.4239,4.962,-1313.9467,-2637.1208,-1323.1742,43471.7884,47710.8912,-43471.7884,13.5828,13.0983,0.9643,0.638,30.57,class1_2026_04_27_14_45_04.csv,train,background,,1.3670402966388884,random
137.2,429,0.686903,-49.9,-33.9257,14.316,-31.6596,-37.3858,5.7263,7.5525,1265.6447,-2741.6833,-4007.328,46550.1599,46550.1599,-43648.906,13.3384,14.017,1.0509,0.0,30.354,class2_2026_04_27_15_21_13.csv,train,background,,3.904917439993681,hard
145.496,455,0.728438,-20.112,-37.3419,14.0702,-43.9291,-36.6699,-7.2592,29.788,433.6005,-322.2129,-755.8134,44645.7712,46762.7251,-46689.6583,11.2428,13.2694,1.1803,0.957,29.788,class1_2026_04_27_14_43_57.csv,train,background,,4.784411050316001,hard
185.379,580,0.928115,-23.976,-37.5718,13.8047,-42.1906,-35.8198,-6.3708,28.989,-232.6525,-2709.8129,-2477.1605,1173.9828,43332.2915,-44575.9242,12.4576,14.0997,1.1318,1.276,28.989,class2_2026_04_27_15_18_47.csv,train,background,,3.5805950794148274,random
133.371,417,0.667733,-24.235,-27.8634,11.961,-14.3152,-35.6698,21.3546,1.308,-2510.6862,740.4093,3251.0954,-9159.8746,677.1176,-40227.2743,4.2146,14.2834,3.389,0.0,31.1,class2_2026_04_27_16_10_45.csv,train,background,,3.8201057175750464,hard
191.442,599,0.95847,-49.9,-40.1658,13.7839,-32.7751,-38.9726,6.1976,17.951,-3231.1677,224.9097,3456.0774,-0.0,43915.3636,-45036.0533,13.7021,13.7201,1.0013,0.0,30.857,class3_2026_05_14_13_47_50.csv,train,background,,4.240682676923624,hard
24.249,75,0.121405,-13.927,-14.531,0.3245,-14.726,-15.4263,0.7003,1.1445,-23.3153,-270.5225,-247.2072,376.1755,824.4514,-1164.5768,0.3645,0.4963,1.3615,1.914,1.092,class2_2026_04_27_16_07_58.csv,train,bend,24.57,,positive
134.966,422,0.675719,-20.605,-30.9952,13.3767,-21.6547,-37.6412,15.9866,1.183,-3651.6003,1590.2865,5241.8867,244.5141,45916.931,-45916.931,10.5572,13.7926,1.3065,0.638,29.295,class2_2026_04_27_15_54_02.csv,train,background,,6.5271590904409065,hard
125.713,393,0.629393,-49.9,-33.9414,14.4218,-29.5721,-22.3482,-7.2239,4.022,-2455.0534,4396.5046,6851.558,0.0,39866.7743,-0.0,12.7106,12.5797,0.9897,0.0,33.554,class3_2026_05_14_13_41_43.csv,train,background,,5.284732133334298,hard
82.958,259,0.415336,-23.84,-34.4904,13.8407,-40.7506,-32.9456,-7.805,30.239,1100.0933,85.5774,-1014.5159,0.0,45863.6395,-40846.3981,12.9602,13.5845,1.0482,0.638,30.239,class3_2026_05_14_13_16_09.csv,train,background,,5.467779086073903,hard
137.838,431,0.690097,-21.603,-37.3432,14.0488,-26.4189,-36.6778,10.2589,2.651,-5302.6008,-208.1501,5094.4507,0.0,44352.6661,-44352.6661,10.5875,13.3433,1.2603,0.638,29.325,class2_2026_04_27_15_53_51.csv,train,background,,3.7537340793478484,hard
135.604,424,0.678913,-49.9,-40.4181,13.4251,-31.0023,-42.0911,11.0888,29.948,-4640.358,1528.8546,6169.2127,0.0,44105.0188,-46940.442,15.2407,12.6211,0.8281,0.0,29.948,class3_2026_04_27_16_17_30.csv,train,background,,5.383562923356135,hard
124.437,389,0.623004,-22.422,-40.8743,12.7971,-39.1024,-27.8066,-11.2959,2.823,-3386.1593,8721.163,12107.3222,0.0,39126.9624,-45125.3934,13.5651,15.7244,1.1592,0.638,28.79,class3_2026_05_14_13_10_59.csv,train,background,,4.120233687232909,hard
139.114,435,0.696486,-49.9,-33.612,14.5734,-32.8677,-39.0549,6.1873,18.1235,4574.1429,1161.153,-3412.9899,45960.8182,45960.8182,-45960.8182,13.6614,13.6438,0.9987,0.0,29.954,class2_2026_04_27_16_08_20.csv,train,background,,4.253969859494397,hard
179.955,563,0.90096,-49.9,-37.2571,14.1973,-41.9803,-37.1986,-4.7817,30.577,5120.0747,642.3473,-4477.7274,-755.4859,47926.3354,-47170.8495,12.8079,14.2365,1.1115,0.0,30.577,class1_2026_04_27_14_46_48.csv,train,background,,5.452676201837019,hard
102.421,320,0.512779,-20.992,-31.8793,13.0846,-15.6648,-43.8924,28.2276,1.548,-3293.2122,-1165.1442,2128.0679,-30103.4514,912.2273,-45310.3464,5.3273,11.254,2.1125,0.0,29.715,class3_2026_05_14_12_59_21.csv,train,break,99.87,,positive
131.776,412,0.659748,-20.464,-18.5559,2.0995,-13.0516,-29.0384,15.9868,2.7135,-2032.7976,-5320.4427,-3287.6451,-2666.1442,-1884.8425,-2666.1442,3.0609,13.1449,4.2945,0.0,6.694,class2_2026_04_27_16_02_34.csv,train,break,131.46,,positive
185.06,579,0.926518,-49.9,-38.521,12.8229,-35.056,-34.5316,-0.5244,3.229,-2481.1372,244.3948,2725.532,-34556.4279,43757.0564,-34556.4279,13.3731,13.7759,1.0301,0.0,27.917,class2_2026_04_27_16_05_29.csv,train,background,,-2.9928796213919044,random
127.628,399,0.63898,-8.463,-11.3757,2.9486,-16.4069,-17.5767,1.1698,8.547,1058.4748,-2799.4883,-3857.9631,658.3072,9851.8814,-2733.5423,2.2547,8.8598,3.9295,2.871,9.247,class2_2026_04_27_16_05_17.csv,train,connector,127.63,,positive
102.74,321,0.514376,-21.65,-30.8231,13.5199,-19.3399,-36.3206,16.9807,1.814,-5349.615,-1078.1346,4271.4803,-2761.7539,44279.0,-42680.3726,11.3061,13.6145,1.2042,0.0,29.935,class3_2026_05_22_11_10_02.csv,train,background,,7.382830194333841,hard
156.663,490,0.784346,-49.9,-34.5709,13.7807,-27.6191,-37.9454,10.3264,3.064,-2451.6688,716.0119,3167.6808,-43236.6787,46863.6411,-43236.6787,11.9697,13.3857,1.1183,0.0,29.899,class3_2026_05_14_13_42_19.csv,train,background,,4.52401309860355,hard
134.009,419,0.670927,-49.9,-27.894,11.9233,-15.7501,-39.2348,23.4847,1.6475,-2114.7067,-3986.2515,-1871.5448,-3722.5705,1330.7226,-43529.7837,3.847,13.4087,3.4854,0.0,30.892,class2_2026_04_27_15_25_41.csv,train,background,,4.0009840566642945,hard
171.978,538,0.861022,-20.379,-34.5184,13.7844,-42.6697,-34.3766,-8.2932,29.521,2432.6327,-1605.924,-4038.5566,-388.7132,46271.163,-44727.2759,11.6748,13.922,1.1925,1.915,29.521,class3_2026_04_27_16_18_40.csv,train,background,,5.29889445872866,hard
102.421,320,0.512779,-19.342,-26.92,12.3558,-15.8167,-29.5078,13.6911,1.852,-4556.7816,-4116.5186,440.263,2985.895,47896.5564,-47565.8354,9.1091,12.7067,1.395,0.638,31.46,class3_2026_05_14_13_41_43.csv,train,background,,5.978608194609526,hard
144.538,452,0.723642,-49.9,-34.6946,13.6623,-33.115,-42.0254,8.9104,30.155,-397.4055,-4488.5517,-4091.1462,0.0,43956.1144,-47264.8918,13.4384,12.7146,0.9461,0.0,30.155,class3_2026_05_14_13_11_09.csv,train,background,,4.76484077392205,hard
138.157,432,0.691695,-20.217,-33.5182,14.6554,-21.4644,-40.7233,19.2589,0.7445,-4241.6677,-381.2625,3860.4052,-431.0345,46525.0831,-46525.0831,10.2485,13.0353,1.2719,0.957,29.836,class3_2026_05_14_13_43_17.csv,train,background,,9.05517518783447,hard
172.297,539,0.862619,-49.9,-37.9657,13.3867,-33.5299,-37.6387,4.1088,5.629,819.5944,-1263.5245,-2083.1189,0.0,41896.5549,-38009.4075,13.1651,13.7494,1.0444,0.0,28.31,class3_2026_05_14_13_43_17.csv,train,background,,-0.5403479623846035,random
183.784,575,0.92013,-49.9,-40.9311,12.694,-34.169,-34.9422,0.7732,4.326,-1982.4992,2038.3403,4020.8394,-0.0,304.0752,-0.0,12.6734,13.4385,1.0604,0.0,28.142,class1_2026_04_27_14_47_01.csv,train,background,,-9.074782734534127,random
111.036,347,0.555911,-49.9,-37.5576,13.9552,-27.4012,-35.7927,8.3915,2.308,-1770.748,1578.6075,3349.3555,0.0,47177.1176,-9642.6301,12.0645,14.2164,1.1784,0.0,30.099,class3_2026_05_14_12_56_02.csv,train,background,,4.61026839478305,hard
191.123,598,0.956873,-49.9,-37.091,14.3415,-40.6743,-34.6707,-6.0036,30.128,558.7551,2022.5615,1463.8064,42513.1384,42513.1384,-46275.8668,13.0862,13.7,1.0469,0.0,30.128,class3_2026_05_14_13_43_01.csv,train,background,,4.497537880214741,hard
151.877,475,0.760385,-49.9,-33.7993,14.4651,-39.0062,-31.3785,-7.6277,5.663,4679.2722,-1345.8779,-6025.1502,177.1176,47769.5956,-47946.7132,13.6831,13.1782,0.9631,0.0,30.59,class1_2026_04_27_14_49_44.csv,train,background,,4.4976933919842805,hard
169.107,529,0.846648,-23.074,-34.7108,13.6194,-33.8516,-40.5629,6.7113,29.603,1879.5059,-378.7295,-2258.2354,-3807.2085,46399.6881,-42592.4796,12.9379,13.244,1.0237,1.595,29.603,class2_2026_04_27_15_54_27.csv,train,background,,3.8999268071409734,hard
127.628,399,0.63898,-7.774,-10.5824,2.7034,-15.5281,-15.3876,-0.1405,8.4105,1098.9565,-2743.7964,-3842.7529,606.5831,9360.5016,-2722.5705,2.17,4.4006,2.0279,2.871,8.246,class2_2026_04_27_16_01_55.csv,train,connector,127.95,,positive
131.457,411,0.65815,-18.262,-18.3754,2.8561,-13.0939,-27.8441,14.7501,3.965,-1420.5346,-3315.8272,-1895.2926,-3249.2163,-2358.3105,-8711.6003,3.1921,11.9106,3.7312,0.0,9.541,class2_2026_04_27_15_39_46.csv,train,break,131.14,,positive
127.628,399,0.63898,-3.469,-6.9587,4.0932,-15.0976,-11.0519,-4.0457,12.49,1931.8673,-2677.2286,-4609.0959,771.1599,15834.933,-2763.3229,3.6533,4.4143,1.2083,3.828,13.202,class3_2026_05_14_13_42_54.csv,train,connector,127.63,,positive
151.558,474,0.758788,-23.077,-24.5646,9.1343,-33.4247,-31.0217,-2.4031,4.258,2115.2096,-4106.903,-6222.1127,-59.5611,48073.6708,-3412.2257,13.3246,13.3972,1.0054,0.0,30.671,class1_2026_04_27_14_47_19.csv,train,background,,-2.0876663293270266,random
176.764,553,0.884984,-22.767,-37.7577,13.6637,-41.2206,-36.3284,-4.8921,30.396,-15.3445,-3210.397,-3195.0525,47642.6364,47642.6364,-47419.428,12.3077,13.7745,1.1192,0.958,30.396,class2_2026_04_27_15_21_31.csv,train,background,,4.462994564071822,hard
150.282,470,0.752399,-20.626,-36.7287,14.7327,-36.4768,-40.7056,4.2288,30.495,-912.5544,480.8577,1393.4122,0.0,47048.594,-47797.8072,13.5669,13.0761,0.9638,0.638,30.495,class3_2026_05_14_14_39_37.csv,train,background,,4.392984109531126,hard
135.285,423,0.677316,-22.44,-28.6483,11.4627,-22.418,-36.2019,13.7839,1.95,-3392.073,-388.8703,3003.2027,-3412.2257,43040.7539,-42849.1468,10.2437,13.7534,1.3426,0.0,29.47,class2_2026_04_27_16_05_41.csv,train,background,,3.7003741829896386,hard
47.222,147,0.236421,-14.683,-14.6873,0.1026,-14.6254,-14.6884,0.0629,0.1735,-16.0366,-1.8463,14.1903,131.6614,131.6614,-324.8539,0.1118,0.0944,0.8439,0.0,0.35,class3_2026_05_14_13_43_17.csv,train,background,,-57.12664003340832,random
127.628,399,0.63898,-2.974,-6.3867,3.9644,-14.1168,-10.5232,-3.5936,12.235,1850.2429,-2649.2115,-4499.4543,442.0063,15685.8388,-2827.5862,3.5255,4.256,1.2072,3.509,12.931,class3_2026_05_22_11_06_12.csv,train,connector,127.95,,positive
135.924,425,0.680515,-49.9,-37.4312,13.9685,-23.1853,-37.851,14.6657,2.953,-5490.3833,-1347.4396,4142.9437,-44430.3631,44639.5016,-44430.3631,12.3355,13.5581,1.0991,0.0,29.856,class1_2026_04_27_14_43_57.csv,train,background,,6.60123066558755,hard
187.613,587,0.9393,-22.74,-34.2084,14.059,-43.9812,-33.0583,-10.9229,29.574,1689.7555,-2200.8346,-3890.5901,-0.0,46111.2868,-46354.2351,11.113,13.5031,1.2151,0.638,29.574,class2_2026_04_27_15_39_26.csv,train,background,,6.478898200345869,hard
72.748,227,0.364219,-49.9,-34.6893,13.6529,-17.8032,-43.7286,25.9253,2.7045,-1952.6621,764.4862,2717.1482,1125.3934,1645.768,-41374.6113,3.6744,11.5596,3.146,0.0,30.096,class3_2026_05_14_13_10_25.csv,train,break,69.88,,positive
191.761,600,0.960067,-49.9,-44.1427,10.7776,-36.4316,-36.2248,-0.2068,14.942,-4005.8928,5409.2556,9415.1484,0.0,0.0,-0.0,13.509,13.7355,1.0168,0.0,26.706,class2_2026_04_27_16_10_06.csv,train,background,,-11.294056355981523,random
190.484,596,0.953674,-49.9,-34.6701,13.6524,-36.4879,-33.2035,-3.2844,4.6505,-299.4667,-2809.6634,-2510.1967,5603.4467,44010.9765,-1274.6527,13.5213,13.393,0.9905,0.0,28.852,class3_2026_05_14_13_00_27.csv,train,background,,-0.30931358589754504,random
137.519,430,0.6885,-49.9,-40.8238,12.88,-26.4353,-39.8417,13.4064,3.9525,-5613.7731,2506.5348,8120.3079,-0.0,46026.6489,-0.0,12.6173,12.6434,1.0021,0.0,29.365,class1_2026_04_27_14_38_15.csv,train,background,,4.127606966129193,hard
186.656,584,0.934509,-49.9,-37.6193,13.8062,-42.2734,-37.7228,-4.5506,30.378,745.9994,164.5706,-581.4288,0.0,45164.5815,-38597.1818,12.3057,13.6566,1.1098,0.0,30.378,class2_2026_04_27_16_02_06.csv,train,background,,3.940147371871973,hard
135.285,423,0.677316,-49.9,-34.0819,14.2778,-18.8518,-37.778,18.9262,1.662,-4167.9296,2181.7535,6349.6831,0.0,7114.4232,-229.4965,8.4127,13.6178,1.6187,0.0,30.727,class1_2026_04_27_14_47_07.csv,train,background,,4.462001382160423,hard
154.111,482,0.77157,-49.9,-36.7242,14.7468,-35.5999,-38.6186,3.0187,31.134,711.9324,-1715.6435,-2427.5759,0.0,45876.1771,-2456.1129,14.353,14.1484,0.9857,0.0,31.134,class1_2026_04_27_14_49_22.csv,train,background,,5.210553101622398,hard
188.889,591,0.945689,-49.9,-40.8316,12.9162,-41.0403,-34.9914,-6.0489,30.656,410.2947,-1743.809,-2154.1037,-6089.3433,48050.1614,-41960.8182,12.7008,13.5036,1.0632,0.0,30.656,class3_2026_05_14_13_43_17.csv,train,background,,4.520999491002098,hard
127.628,399,0.63898,-8.726,-11.6087,2.9015,-16.4332,-21.1411,4.7079,8.282,1087.3985,-2993.0195,-4080.418,592.4765,9615.3718,-2697.4922,2.169,13.4488,6.2005,2.871,9.042,class2_2026_04_27_16_01_24.csv,train,connector,127.63,,positive
173.893,544,0.87061,-20.027,-30.3611,13.8575,-40.3506,-33.4382,-6.9123,30.404,5331.3974,-1439.3798,-6770.7772,-139.4969,46822.8871,-47167.7163,13.5245,13.3063,0.9839,1.595,30.404,class3_2026_05_14_13_39_43.csv,train,background,,5.098579225885643,hard
134.647,421,0.674121,-20.155,-30.9469,13.4316,-17.5878,-34.1748,16.587,0.943,-4210.2764,1518.996,5729.2724,4152.0376,41101.884,-46622.2586,8.8802,14.0773,1.5852,0.638,29.745,class1_2026_04_27_14_49_08.csv,train,background,,6.841204202946216,hard
130.818,409,0.654951,-13.999,-13.8401,2.0814,-10.8418,-29.2326,18.3907,4.22,118.2703,-7548.5115,-7666.7818,-2364.4014,-2064.2633,-3206.8981,3.1928,14.7585,4.6225,0.0,5.988,class1_2026_04_27_14_49_38.csv,train,break,131.78,,positive
135.285,423,0.677316,-19.051,-36.9053,14.6011,-24.8478,-38.1789,13.3312,3.489,-6884.822,1097.7445,7982.5664,0.0,48750.7853,-48428.3354,13.6021,13.2332,0.9729,0.638,31.103,class2_2026_04_27_15_50_20.csv,train,background,,7.934323335852111,hard
176.126,551,0.88179,-49.9,-41.3593,12.3836,-39.0314,-37.7489,-1.2825,29.788,1255.8843,684.3139,-571.5704,2683.384,44006.2743,-46689.6583,12.5141,13.6723,1.0926,0.0,29.788,class2_2026_04_27_15_28_02.csv,train,background,,0.46600675382946605,random
134.009,419,0.670927,-21.414,-22.6811,9.7828,-12.3178,-34.0277,21.7099,2.5,-2502.6827,-3922.0306,-1419.3479,-1816.6144,-1017.2382,-44648.906,4.2441,14.2539,3.3585,0.0,33.215,class3_2026_05_22_11_09_21.csv,train,break,132.73,,positive
35.736,111,0.178915,-13.064,-13.856,0.5255,-14.3689,-14.388,0.0191,1.4085,117.2019,-201.0854,-318.2873,-319.7492,1902.8213,-1084.6395,0.3245,0.3475,1.0712,1.595,1.734,class3_2026_05_14_13_18_12.csv,train,connector,35.42,,positive
129.223,404,0.646966,-11.986,-11.9126,2.2184,-13.8543,-26.5636,12.7093,8.295,2215.3661,-5247.776,-7463.142,-3326.0188,-2028.2132,-3326.0188,3.5274,14.6761,4.1606,2.871,6.945,class2_2026_04_27_15_59_08.csv,train,background,,-29.630432731672574,random
132.095,413,0.661345,-19.381,-19.041,2.464,-12.7473,-30.0637,17.3164,2.4905,-2431.105,-3948.2484,-1517.1434,-490.5956,-490.5956,-7478.0549,3.3059,12.4721,3.7727,0.0,8.064,class2_2026_04_27_16_06_20.csv,train,break,132.09,,positive
165.278,517,0.827478,-49.9,-31.8456,12.826,-33.5691,-33.7831,0.2139,4.0285,-4798.3723,-3006.7893,1791.5831,38515.6771,38515.6771,-42971.7915,13.0695,13.16,1.0069,0.0,29.304,class2_2026_04_27_15_53_18.csv,train,background,,-3.0705117852587436,random
161.768,506,0.809905,-49.9,-37.9579,13.4443,-42.2901,-35.2966,-6.9934,29.717,636.5839,-4075.272,-4711.8559,44847.9639,46578.3715,-37625.395,12.3122,13.1877,1.0711,0.0,29.717,class2_2026_04_27_15_22_05.csv,train,background,,3.989731168076584,hard
127.628,399,0.63898,-8.071,-10.9929,2.9062,-16.2049,-17.2861,1.0812,8.9375,1159.4601,-2682.6023,-3842.0624,587.7743,9525.0784,-2675.5486,2.3057,8.9903,3.8992,2.871,9.065,class2_2026_04_27_15_48_07.csv,train,connector,127.63,,positive
177.403,555,0.888183,-49.9,-41.1173,12.422,-36.4264,-35.8871,-0.5394,17.054,-1967.7229,-379.4219,1588.3009,-0.0,1158.3088,-41017.2429,13.6261,14.0678,1.0324,0.0,26.807,class1_2026_04_27_14_47_07.csv,train,background,,-9.142512963983267,random
192.718,603,0.964859,-21.435,-28.2693,11.6264,-28.1064,-36.6002,8.4938,2.401,1244.3946,-4879.6959,-6124.0905,-42769.594,46133.2335,-42769.594,11.6956,13.5236,1.1563,0.638,29.433,class2_2026_04_27_15_39_15.csv,train,background,,1.4533845077188672,random
153.472,480,0.76837,-49.9,-26.3622,8.6726,-34.2206,-37.0286,2.808,6.765,4699.6925,-5510.2356,-10209.9281,-7332.2868,45932.6066,-11608.1505,14.0642,12.9739,0.9225,0.0,29.305,class2_2026_04_27_16_06_47.csv,train,background,,-4.0266526316194815,random
161.768,506,0.809905,-22.896,-41.6761,11.6748,-42.0719,-41.3303,-0.7416,27.004,-4536.5705,-1459.5746,3076.9959,35648.906,42326.0219,-42326.0219,12.629,12.1946,0.9656,0.957,27.004,class3_2026_05_14_13_12_07.csv,train,background,,-4.6522260040560495,random
139.433,436,0.698083,-49.9,-34.7128,13.6047,-34.5804,-34.1687,-0.4118,3.0185,114.5246,-715.4191,-829.9436,-0.0,41695.9279,-2753.9185,13.7602,14.0902,1.024,0.0,28.757,class1_2026_04_27_14_47_36.csv,train,background,,-1.677469013312662,random
176.445,552,0.883387,-25.049,-36.1504,12.3329,-33.1574,-33.5052,0.3478,1.7595,704.1293,3615.2098,2911.0805,65.8307,38951.4138,-38104.3703,13.408,13.1708,0.9823,0.0,26.963,class3_2026_05_14_12_59_21.csv,train,background,,-5.650944421337505,random
133.69,418,0.66933,-20.216,-26.689,12.4624,-15.2814,-39.1883,23.9069,2.0155,-2082.6781,-1311.4085,771.2696,-45699.0643,2733.5455,-46526.6489,3.8172,13.4975,3.536,0.0,31.805,class2_2026_04_27_15_49_56.csv,train,background,,5.783204097689197,hard
146.134,457,0.731632,-49.9,-37.6907,13.7002,-33.3785,-40.6251,7.2466,29.569,2161.9086,4177.2774,2015.3688,-44688.0909,42198.9811,-44688.0909,13.4208,13.1359,0.9788,0.0,29.569,class3_2026_05_14_14_40_05.csv,train,background,,3.5112141124138634,random
187.613,587,0.9393,-21.72,-33.4581,14.7258,-32.5751,-39.8964,7.3213,19.342,-30.7709,2163.1359,2193.9068,-0.0,47293.7566,-44169.2837,13.9124,12.6042,0.906,0.638,31.04,class2_2026_04_27_15_26_06.csv,train,background,,5.307876979515229,hard
143.581,449,0.71885,-20.723,-37.2431,14.173,-33.9816,-38.8274,4.8458,29.962,-2950.0693,334.9484,3285.0177,-4879.3119,46962.3856,-45731.9781,14.2856,13.9065,0.9735,1.276,29.962,class2_2026_04_27_15_44_16.csv,train,background,,4.431175557313917,hard
164.64,515,0.824284,-19.965,-38.1602,13.2114,-39.4115,-39.1187,-0.2928,29.935,-1719.8641,-2022.3851,-302.521,-0.0,46920.0658,-46920.0658,13.1932,13.5453,1.0267,0.638,29.935,class2_2026_04_27_16_00_46.csv,train,background,,1.0793771375566799,random
15.315,47,0.076676,-14.669,-14.5216,0.1119,-14.3337,-14.4605,0.1268,0.0095,-84.199,34.2772,118.4763,-94.0439,117.5549,-94.0439,0.171,0.1514,0.8851,0.0,0.286,class2_2026_04_27_16_07_48.csv,train,background,,-57.1105916175584,random
137.838,431,0.690097,-27.747,-38.2196,13.1672,-27.3497,-40.781,13.4313,2.731,-4206.0242,-1228.7841,2977.2401,-3678.6834,45315.0502,-41636.3668,12.1763,12.9213,1.0612,0.0,28.911,class1_2026_04_27_14_38_31.csv,train,background,,4.006532228460691,hard
164.64,515,0.824284,-49.9,-38.3428,12.9529,-36.2215,-36.3937,0.1722,15.024,4739.9765,1249.9015,-3490.0749,-0.0,37084.6426,-41896.5549,13.7294,13.5631,0.9879,0.0,26.854,class2_2026_04_27_15_32_53.csv,train,background,,-4.394679433102357,random
132.095,413,0.661345,-20.093,-26.2432,12.8657,-13.3454,-37.9139,24.5684,2.827,-2464.2655,-1576.3969,887.8686,-48761.7571,-1446.7683,-48761.7571,3.3594,13.5531,4.0344,0.0,33.357,class2_2026_04_27_15_45_25.csv,train,break,131.78,,positive
127.628,399,0.63898,-7.711,-10.6259,2.904,-15.5812,-16.7799,1.1987,8.6215,1097.6642,-2606.8408,-3704.505,589.3417,9579.9373,-2695.9248,2.2044,8.9425,4.0566,2.871,9.033,class2_2026_04_27_16_06_07.csv,train,connector,127.63,,positive
167.192,523,0.837061,-49.9,-37.7514,13.6163,-36.6771,-36.7761,0.0989,18.7805,421.333,-1490.2463,-1911.5793,-0.0,6249.2147,-43637.3599,13.3013,13.2464,0.9959,0.0,29.25,class3_2026_05_14_13_23_04.csv,train,background,,-6.02691291359361,random
136.562,427,0.683709,-49.9,-40.6001,13.282,-24.907,-39.0017,14.0947,2.3695,-5109.5526,-3781.6893,1327.8633,-11336.989,48076.6904,-46523.5141,11.3621,13.7211,1.2076,0.0,30.625,class2_2026_04_27_16_07_33.csv,train,background,,7.075354564724659,hard
25.206,78,0.126196,-22.077,-27.832,11.8788,-43.4731,-29.3218,-14.1513,29.961,5296.6229,1219.7226,-4076.9003,-2776.0027,46098.7492,-44192.7931,12.0335,12.8506,1.0679,1.596,29.961,class3_2026_05_14_14_40_57.csv,train,background,,6.157760706080183,hard
67.962,212,0.340257,-22.049,-35.4488,13.133,-42.6842,-33.5607,-9.1234,29.42,-20.7917,971.3654,992.1571,1829.152,44283.7038,-43653.6082,11.7442,13.1899,1.1231,1.276,29.42,class3_2026_05_14_13_11_48.csv,train,background,,4.176798785681702,hard
178.041,557,0.891377,-49.9,-37.0182,14.406,-34.1816,-34.9337,0.7521,4.403,7979.8981,5179.3212,-2800.5769,-44978.0596,3462.3824,-44978.0596,14.0862,13.4944,0.958,0.0,29.722,class3_2026_05_14_13_18_31.csv,train,background,,-5.762466803592207,random
127.628,399,0.63898,-7.75,-10.6513,2.9144,-15.794,-15.225,-0.569,8.8105,1174.497,-2599.6846,-3774.1816,697.4922,9625.3918,-2841.6928,2.2656,4.3052,1.9003,2.871,9.015,class2_2026_04_27_15_33_24.csv,train,connector,127.95,,positive
92.211,288,0.461662,-20.14,-23.4411,9.4287,-21.4257,-22.1651,0.7394,1.4815,-2259.5884,-29.6033,2229.9851,42826.0219,42826.0219,-242.9467,6.9631,6.9028,0.9913,0.0,31.319,class3_2026_05_14_12_53_50.csv,train,background,,-8.626704109943638,random
87.425,273,0.437701,-17.235,-17.7923,0.6488,-17.7979,-17.8283,0.0304,0.4915,-38.6878,150.6026,189.2904,-1247.6473,1387.1442,-1247.6473,0.4122,0.5575,1.3523,0.638,1.904,class2_2026_04_27_16_00_33.csv,train,background,,-54.6659310451346,random
190.165,595,0.952077,-20.957,-34.9434,13.6011,-37.5638,-36.1981,-1.3657,30.663,559.3606,1058.3907,499.0301,-34967.0878,45365.2053,-45365.2053,13.8935,13.7828,0.992,0.957,30.663,class1_2026_04_27_14_45_04.csv,train,background,,2.629896285232473,random
153.153,479,0.766773,-19.94,-30.6217,13.7036,-43.6582,-33.1101,-10.5481,30.491,3180.8436,-2966.1537,-6146.9973,-4200.6285,46959.2492,-46959.2492,11.7024,13.5229,1.1556,1.276,30.491,class3_2026_05_14_13_11_09.csv,train,background,,7.061416558533869,hard
134.328,420,0.672524,-49.9,-27.0018,12.291,-16.5091,-33.3489,16.8398,0.9895,-4592.0154,-4839.6388,-247.6234,42109.721,42109.721,-10716.649,8.928,13.5231,1.5147,0.0,30.89,class1_2026_04_27_14_47_19.csv,train,background,,6.789127074345826,hard
153.153,479,0.766773,-19.906,-33.846,14.3797,-42.1938,-35.6431,-6.5508,30.151,2195.6822,-1554.6811,-3750.3632,44304.0768,47258.6223,-44093.0615,12.5103,14.2966,1.1428,1.277,30.151,class1_2026_04_27_14_49_08.csv,train,background,,6.003302076227904,hard
178.998,560,0.896168,-22.101,-37.517,13.8663,-33.0661,-41.8934,8.8273,29.081,673.4353,-1003.0099,-1676.4452,816.6144,43572.1034,-45581.5078,13.4579,12.9141,0.9596,1.276,29.081,class2_2026_04_27_16_07_33.csv,train,background,,3.9357655435957666,hard
183.465,574,0.918533,-49.9,-41.1124,12.5262,-40.8852,-36.3044,-4.5808,29.86,-1104.6937,1458.17,2562.8637,0.0,46802.5094,-0.0,12.782,13.6539,1.0682,0.0,29.86,class2_2026_04_27_15_17_19.csv,train,background,,2.6516166051177237,random
125.394,392,0.627796,-20.734,-22.3468,11.2592,-31.3915,-27.7733,-3.6182,16.888,2700.825,762.7493,-1938.0757,2736.6771,50374.6113,-45714.7382,14.9391,17.1814,1.1501,0.0,44.353,class3_2026_05_14_13_11_09.csv,train,background,,17.354800640094226,hard
127.628,399,0.63898,-8.4,-11.2556,2.8054,-16.3702,-19.1232,2.7531,8.6895,1146.1387,-2781.3349,-3927.4736,594.0439,10017.2414,-2815.047,2.2465,11.5396,5.1366,2.871,8.394,class2_2026_04_27_15_43_11.csv,train,connector,127.63,,positive
173.893,544,0.87061,-23.276,-37.404,13.9962,-41.9742,-36.1843,-5.7899,29.844,-767.3671,-277.6843,489.6827,-4062.6975,46777.4326,-45053.2947,12.8083,13.7766,1.0756,1.595,29.844,class3_2026_05_14_13_43_49.csv,train,background,,4.4999382250280435,hard
190.803,597,0.955271,-49.9,-35.2612,13.1908,-37.8512,-28.0528,-9.7983,3.997,2561.5007,150.3364,-2411.1642,39352.3863,39352.3863,-39537.6223,13.5161,9.9167,0.7337,0.0,29.048,class2_2026_04_27_16_05_01.csv,train,background,,-0.9974275918768829,random
176.445,552,0.883387,-21.924,-37.1364,14.2734,-39.3189,-40.7018,1.3829,29.128,-2947.4188,729.7393,3677.1581,0.0,45592.4796,-45655.1771,13.3891,13.0501,0.9747,0.638,29.128,class2_2026_04_27_15_39_26.csv,train,background,,1.0391870005837949,random
194.632,609,0.974441,-49.9,-43.5281,11.9217,-35.2243,-34.068,-1.1563,5.4795,-3468.1327,4168.1685,7636.3012,0.0,44426.3354,-4299.373,13.3107,13.9747,1.0499,0.0,29.003,class1_2026_04_27_14_47_19.csv,train,background,,-1.9719380081642197,random
158.897,497,0.795531,-49.9,-40.8191,12.8427,-36.0853,-38.356,2.2707,27.393,472.817,64.9794,-407.8375,-42140.2027,42826.0219,-42140.2027,13.8595,13.0726,0.9432,0.0,27.393,class1_2026_04_27_14_37_46.csv,train,background,,-1.7534355809366708,random
194.951,610,0.976038,-21.662,-31.8126,12.9579,-38.3563,-32.3438,-6.0125,10.562,-1156.8964,1464.538,2621.4344,-0.0,42100.315,-47630.0987,13.0393,12.8185,0.9831,0.638,30.388,class2_2026_04_27_15_25_54.csv,train,background,,1.534865676809416,random
182.189,570,0.912144,-49.9,-38.5582,12.8485,-35.9896,-36.4497,0.4601,18.167,-1825.2327,2311.3768,4136.6095,0.0,44547.0251,-32144.2038,13.9476,13.5713,0.973,0.0,28.421,class2_2026_04_27_15_39_46.csv,train,background,,-1.618667033985627,random
134.966,422,0.675719,-49.9,-31.0509,13.4232,-23.2601,-37.299,14.0389,2.4675,-4790.5658,-2058.7784,2731.7874,38324.4561,38324.4561,-38085.1469,12.2839,14.1522,1.1521,0.0,30.551,class2_2026_04_27_15_18_27.csv,train,background,,6.1046820564569435,hard
127.309,398,0.637383,-49.9,-31.0748,18.2776,-26.6198,-28.4412,1.8214,18.942,5245.8411,3125.3066,-2120.5345,-72738.2476,69421.7567,-72738.2476,15.4477,16.3245,1.0568,0.0,46.407,class3_2026_05_14_13_11_09.csv,train,background,,26.005735749230357,hard
181.231,567,0.907348,-49.9,-36.8177,14.6421,-38.9126,-31.154,-7.7586,6.034,-2075.1533,-3403.8744,-1328.7211,-0.0,46188.0925,-0.0,13.7801,13.3369,0.9678,0.0,31.069,class2_2026_04_27_15_14_43.csv,train,background,,5.088351422155114,hard
134.009,419,0.670927,-21.766,-27.1596,12.2486,-15.9026,-32.6717,16.7691,2.4305,-4835.3323,-280.2184,4555.1138,41101.884,41101.884,-46622.2586,9.1756,13.7679,1.5005,0.0,31.739,class1_2026_04_27_14_49_08.csv,train,background,,7.676101636385998,hard
133.69,418,0.66933,-18.944,-30.3752,14.1407,-13.4521,-37.8518,24.3997,1.8305,-2536.4973,1502.4251,4038.9224,-46826.0219,700.6285,-48520.3793,4.2613,13.5876,3.1886,0.638,31.717,class1_2026_04_27_14_38_09.csv,train,break,132.41,,positive
22.016,68,0.110225,-15.693,-15.044,0.4197,-14.5719,-14.4307,-0.1412,-0.1735,-178.773,129.8105,308.5835,3.1348,3.1348,3.1348,0.3094,0.3276,1.0589,0.0,1.085,class2_2026_04_27_15_53_51.csv,train,background,,-55.96891132594243,random
135.924,425,0.680515,-49.9,-40.3943,13.4433,-26.7217,-40.7693,14.0476,2.496,-3823.2424,522.1085,4345.3509,-44463.1242,44672.4169,-44463.1242,12.6307,12.9429,1.0247,0.0,28.696,class2_2026_04_27_15_31_02.csv,train,background,,4.242383893807591,hard
178.041,557,0.891377,-49.9,-31.9603,12.8152,-37.3967,-34.9538,-2.4428,18.2215,2269.9784,-2194.1677,-4464.146,36023.5141,45846.3981,-36023.5141,13.9984,13.4562,0.9613,0.0,29.713,class2_2026_04_27_15_15_26.csv,train,background,,0.618669448544184,random
186.337,583,0.932912,-49.9,-43.9541,11.1345,-39.2293,-34.3865,-4.8428,27.797,-937.7605,1341.491,2279.2515,-0.0,3261.7539,-0.0,13.3948,13.9503,1.0415,0.0,27.797,class2_2026_04_27_16_02_47.csv,train,background,,-6.2225574668655455,random
146.134,457,0.731632,-19.807,-37.2386,14.2368,-38.7885,-40.5586,1.7701,30.093,-1028.4225,-1347.6346,-319.2122,0.0,46907.1514,-46087.7774,13.9548,13.2468,0.9493,0.638,30.093,class2_2026_04_27_15_38_20.csv,train,background,,2.516633044549407,random
135.604,424,0.678913,-22.061,-34.0537,14.1797,-23.5673,-37.2644,13.6971,1.3645,-3393.8313,2692.4892,6086.3205,-45675.2533,45072.105,-45675.2533,12.0889,14.1556,1.171,0.0,29.269,class2_2026_04_27_15_23_37.csv,train,background,,6.22041681714812,hard
188.57,590,0.944091,-49.9,-37.2604,14.2482,-35.1813,-32.7863,-2.395,6.1795,860.6984,1466.6925,605.9941,0.0,5020.3762,-3250.7821,13.3047,13.7345,1.0323,0.0,30.38,class2_2026_04_27_15_30_46.csv,train,background,,-3.9227058593184525,random
138.795,434,0.694889,-26.735,-37.8931,13.5102,-39.4803,-37.6191,-1.8612,28.764,-4021.4842,-1377.3286,2644.1556,-0.0,43012.5423,-44874.1337,13.099,13.788,1.0526,0.638,28.764,class3_2026_05_14_12_53_50.csv,train,background,,0.5861010239177429,random
165.278,517,0.827478,-49.9,-34.7252,13.624,-40.8035,-31.9574,-8.8461,18.932,4369.9338,-461.6935,-4831.6273,43713.1693,46608.1536,-43429.4718,12.9734,12.7228,0.9807,0.0,29.736,class3_2026_05_14_13_17_44.csv,train,background,,3.952916133730987,hard
149.324,467,0.747603,-49.9,-37.2273,14.2097,-39.4777,-33.9609,-5.5168,30.392,406.527,-2895.2716,-3301.7986,0.0,40639.5016,0.0,13.1363,14.2891,1.0878,0.0,30.392,class2_2026_04_27_15_53_18.csv,train,background,,4.664723055482755,hard
135.924,425,0.680515,-21.107,-30.548,13.6901,-24.8189,-35.4165,10.5976,1.4965,-3403.5605,-2084.7544,1318.8061,2235.916,44448.279,-46684.9561,11.5478,14.5029,1.2559,0.0,29.785,class2_2026_04_27_15_29_16.csv,train,background,,5.007670214517476,hard
121.565,380,0.608625,-49.9,-22.7854,9.6859,-35.2434,-27.3557,-7.8877,5.2215,9266.6983,-1991.7283,-11258.4266,2467.0878,2467.0878,-3244.5172,14.7888,12.1604,0.8223,0.0,32.246,class3_2026_05_14_12_56_35.csv,train,background,,-4.886833566695059,random
177.403,555,0.888183,-23.62,-46.98,8.259,-40.4427,-35.8748,-4.5679,26.28,-2555.1613,4472.3196,7027.481,-257.4452,40998.241,-41191.2241,13.3904,14.0632,1.0502,0.639,26.28,class1_2026_04_27_14_48_51.csv,train,background,,-4.760774609217253,random
174.85,547,0.875401,-49.9,-37.8301,13.4987,-30.2773,-36.5951,6.3177,1.7345,-2806.3232,3015.1128,5821.436,-0.0,43021.9467,-9010.9702,12.2379,13.404,1.0953,0.0,27.662,class2_2026_04_27_16_01_09.csv,train,background,,-0.3643388080944705,random
134.009,419,0.671052,-22.318,-27.3094,12.1033,-15.7347,-41.9496,26.2149,1.158,-2242.1271,-2459.8497,-217.7226,-47010.9749,410.6567,-47010.9749,4.0553,12.8307,3.1639,0.0,30.043,class2_2026_04_27_15_25_18.csv,train,background,,4.03652517825859,hard
135.285,423,0.677316,-23.842,-31.4176,13.1399,-21.6253,-36.1929,14.5676,0.624,-3613.1484,2322.4883,5935.6366,166.1426,40843.2649,-44957.4537,10.3539,13.7651,1.3295,0.0,29.233,class2_2026_04_27_16_10_58.csv,train,background,,4.810826313194827,hard
117.737,368,0.58946,-22.76,-40.726,12.9814,-41.2187,-37.8597,-3.3591,28.584,4233.3804,3927.289,-306.0914,0.0,730.7678,-42539.1881,12.3267,13.5515,1.0994,0.638,28.584,class3_2026_05_14_13_10_18.csv,train,background,,-5.406426731677669,random
135.924,425,0.680515,-49.9,-40.6377,13.1186,-42.7974,-32.0631,-10.7344,28.956,-1190.0248,3779.1347,4969.1596,1243.0936,44421.6332,-45385.5831,11.5654,12.7079,1.0988,0.0,28.956,class3_2026_04_27_16_18_11.csv,train,background,,4.098064629108476,hard
143.9,450,0.720447,-49.9,-37.3226,14.1959,-34.1664,-38.0034,3.837,20.916,1693.8394,2013.6657,319.8262,-47758.6238,48064.2649,-47758.6238,14.1354,13.4931,0.9546,0.0,30.665,class3_2026_05_14_13_11_57.csv,train,background,,3.805760218483939,hard
113.27,354,0.567096,-22.357,-33.6429,14.5821,-39.2932,-38.8873,-0.4058,31.411,-2608.0037,-5577.4625,-2969.4589,2061.1301,46951.41,-43170.8495,13.3683,13.8652,1.0372,1.277,31.411,class3_2026_05_14_14_34_08.csv,train,background,,3.973415129297245,hard
173.893,544,0.87061,-22.165,-28.1723,11.6719,-34.8191,-31.6309,-3.1882,5.1595,852.6492,-1030.7636,-1883.4128,-2219.4326,47710.8912,-43471.7884,13.6345,12.9906,0.9528,0.0,30.57,class1_2026_04_27_14_45_10.csv,train,background,,-0.1270264284598216,random
156.025,488,0.781152,-20.001,-34.0801,14.1692,-27.7231,-37.9815,10.2584,3.3665,-2096.3701,-2420.7969,-324.4269,-2089.3433,46863.6411,-46863.6411,11.9196,13.3426,1.1194,0.957,29.899,class3_2026_05_14_13_42_19.csv,train,background,,4.781083875606063,hard
131.457,411,0.65815,-17.591,-17.797,2.4708,-12.6711,-26.2276,13.5566,4.099,-1402.9869,-2064.4031,-661.4162,-4531.3495,-2766.7314,-4531.3495,3.1336,10.6935,3.4126,0.0,7.256,class2_2026_04_27_15_17_19.csv,train,break,131.78,,positive
165.916,519,0.830672,-21.139,-29.184,11.245,-33.4558,-34.0481,0.5923,4.743,720.341,-1053.0431,-1773.3841,-3918.4953,45079.9404,-8703.7602,13.1966,12.8235,0.9717,0.957,28.761,class1_2026_04_27_14_37_34.csv,train,background,,-3.9674386519137785,random
96.997,303,0.485624,-7.931,-10.3902,2.1417,-13.9864,-14.1967,0.2102,6.636,847.0691,-2062.8617,-2909.9308,302.5078,7777.4295,-2645.768,1.6283,2.9936,1.8385,2.552,6.543,class3_2026_05_14_13_39_31.csv,train,connector,97.0,,positive
19.782,61,0.09904,-21.593,-34.0278,14.2364,-31.2218,-43.3224,12.1006,29.807,1921.0551,2042.971,121.9158,-12.5392,45449.8464,-46779.9934,13.2467,12.3214,0.9302,1.914,29.807,class3_2026_05_14_13_17_52.csv,train,background,,6.313330604742021,hard
171.978,538,0.861022,-21.578,-36.5171,12.1459,-38.0074,-35.4578,-2.5496,18.352,-2900.5811,1370.996,4271.5771,0.0,39934.1708,-36818.185,13.3561,13.0889,0.98,0.638,28.322,class2_2026_04_27_15_58_37.csv,train,background,,-2.291556967503697,random
127.628,399,0.63898,-5.884,-8.7946,2.8987,-13.9274,-13.4038,-0.5236,8.8405,1144.7744,-2613.5386,-3758.3129,606.5831,9661.442,-2742.9467,2.2591,4.3046,1.9055,2.871,8.962,class1_2026_04_27_14_46_41.csv,train,connector,127.63,,positive
172.297,539,0.862619,-26.187,-37.91,13.4704,-32.8873,-41.9191,9.0318,29.08,-509.6787,-1825.6942,-1316.0155,232.2982,45579.9404,-43351.0987,13.6117,12.8817,0.9464,0.639,29.08,class2_2026_04_27_15_25_04.csv,train,background,,3.9749104590889313,hard
79.448,248,0.397763,-49.9,-32.4642,15.8628,-31.9073,-31.8822,-0.0251,10.049,859.1924,1526.0791,666.8867,0.0,51336.9953,0.0,14.6853,14.6704,0.999,0.0,35.312,class3_2026_05_14_13_11_09.csv,train,background,,8.334724289621116,hard
152.834,478,0.765176,-20.063,-34.1894,14.0909,-39.1505,-32.847,-6.3035,17.222,2767.4855,-3008.9645,-5776.4499,46752.3527,46752.3527,-46766.4608,13.5016,13.6547,1.0113,0.957,29.837,class2_2026_04_27_15_21_50.csv,train,background,,3.880883817948578,hard
120.927,378,0.605431,-14.899,-14.7774,0.2044,-14.7636,-16.6708,1.9072,0.443,-25.5604,-867.6703,-842.1099,452.9781,452.9781,-1324.342,0.1067,1.2571,11.7782,0.0,0.741,class2_2026_04_27_15_13_52.csv,train,bend,123.16,,positive
129.861,406,0.65028,-17.114,-17.5332,2.3551,-14.5166,-27.9081,13.3915,3.9035,107.4962,-1644.7066,-1752.2028,-3981.1928,-2235.1097,-46199.5673,1.312,11.842,9.0255,0.0,6.551,class3_2026_05_14_12_54_33.csv,train,break,128.59,,positive
158.577,496,0.793929,-23.005,-40.1721,13.7893,-41.0108,-36.2343,-4.7766,30.517,-2938.4554,843.418,3781.8733,47281.9638,47281.9638,-47239.815,12.7204,13.8524,1.089,0.958,30.517,class2_2026_04_27_16_08_20.csv,train,background,,4.643207590360318,hard
131.457,411,0.65815,-15.718,-15.6432,2.1547,-10.8523,-23.6121,12.7597,3.5725,-1389.2501,-2326.4759,-937.2258,-3202.1928,-2122.1251,-4534.4828,3.113,9.4914,3.049,0.0,6.359,class1_2026_04_27_14_37_00.csv,train,break,132.09,,positive
190.484,596,0.953674,-20.588,-37.362,14.0523,-34.4034,-40.6037,6.2003,29.758,-3591.1685,858.1316,4449.3001,0.0,45943.5784,-40752.3542,13.9062,13.162,0.9465,0.638,29.758,class2_2026_04_27_15_35_08.csv,train,background,,4.010654284349993,hard
133.052,416,0.666136,-49.9,-30.4916,13.7484,-14.1464,-39.6014,25.4551,1.631,-2767.6026,715.216,3482.8185,15.674,409.0909,-43445.1458,4.3657,13.0291,2.9844,0.0,30.508,class2_2026_04_27_16_01_41.csv,train,background,,5.602118562038618,hard
169.745,531,0.849843,-49.9,-35.0852,13.3523,-40.5638,-33.2402,-7.3236,29.46,2437.3823,3894.0009,1456.6186,-42238.2476,46175.5502,-42238.2476,13.2423,13.3623,1.0091,0.0,29.46,class2_2026_04_27_15_48_47.csv,train,background,,3.918675125735694,hard
165.278,517,0.827478,-49.9,-40.3332,13.5409,-35.7648,-43.4786,7.7138,29.394,-886.6974,3539.3412,4426.0386,-0.0,46072.1019,-46037.6207,14.1894,12.0239,0.8474,0.0,29.394,class3_2026_05_14_13_00_09.csv,train,background,,3.0185680631594254,random
133.052,416,0.666136,-49.9,-37.5647,13.9099,-16.8148,-35.3047,18.4899,1.5695,-4180.6662,3342.25,7522.9162,-45183.3887,45183.3887,-45183.3887,8.9005,13.1927,1.4822,0.0,30.326,class2_2026_04_27_15_15_26.csv,train,background,,8.543637720398527,hard
149.005,466,0.746006,-28.824,-44.2363,10.7978,-37.89,-36.0313,-1.8587,29.897,-5971.4198,7027.0396,12998.4594,0.0,33034.4875,-33086.1846,13.4873,14.0864,1.0444,0.638,29.897,class1_2026_04_27_14_48_32.csv,train,background,,-1.5775596730461818,random
136.562,427,0.683709,-21.052,-33.679,14.5457,-21.2447,-37.4937,16.2489,2.559,-3880.1238,-3.4086,3876.7153,-41780.569,41555.2891,-47746.0846,10.5945,13.9243,1.3143,0.0,30.462,class3_2026_05_22_11_09_21.csv,train,background,,8.261833329990344,hard
159.854,500,0.800322,-24.928,-34.0821,14.2113,-33.5535,-45.1445,11.591,29.815,2236.5658,-483.5102,-2720.076,517.2398,45946.7116,-46463.9514,13.1624,10.655,0.8095,1.595,29.815,class2_2026_04_27_15_57_48.csv,train,background,,4.673622295574786,hard
144.857,453,0.725239,-49.9,-40.2226,13.689,-41.4354,-34.9428,-6.4926,29.688,-1560.9528,1546.2762,3107.2291,-1488.9528,46532.9185,-4072.1034,12.1202,13.4719,1.1115,0.0,29.688,class3_2026_05_14_13_21_55.csv,train,background,,4.148479625103118,hard
125.713,393,0.629393,-49.9,-27.5647,12.0383,-23.5482,-42.0747,18.5266,3.688,275.21,-4920.4091,-5195.619,3528.2116,47431.0376,-46589.3264,9.5153,12.6333,1.3277,0.0,30.321,class3_2026_05_14_12_56_35.csv,train,background,,7.042063479078686,hard
161.13,504,0.806711,-19.398,-34.0574,14.2254,-32.0612,-40.6105,8.5493,22.0045,-1631.6005,571.4197,2203.0202,-2771.163,42769.594,-47808.779,12.9163,13.1496,1.0181,1.914,30.502,class3_2026_05_14_13_18_12.csv,train,background,,5.030472970742423,hard
73.067,228,0.365816,-28.692,-33.0502,12.2127,-21.8458,-36.4982,14.6523,2.589,-4678.4042,-3301.9574,1376.4468,38793.1066,44520.3793,-33241.384,10.3132,13.5076,1.3097,0.0,30.705,class3_2026_05_14_12_55_08.csv,train,background,,5.9071967422678675,hard
155.387,486,0.777958,-19.839,-33.9421,14.3091,-29.4665,-37.7274,8.2609,3.982,-1518.1559,-2924.0656,-1405.9097,1866.7712,47117.5564,-47117.5564,12.7589,13.6538,1.0701,0.957,30.061,class1_2026_04_27_14_47_19.csv,train,background,,4.404815494323656,hard
189.208,592,0.947286,-23.197,-40.9541,12.6575,-38.2582,-37.0151,-1.2431,27.729,-2809.1258,-166.1667,2642.9592,0.0,40879.3135,-41854.2335,13.1224,13.0918,0.9977,0.638,27.729,class2_2026_04_27_16_08_08.csv,train,background,,-2.328225475800018,random
175.807,550,0.880192,-49.9,-43.8041,11.4243,-37.749,-40.9908,3.2418,28.864,-1042.852,1699.2812,2742.1332,0.0,45241.384,-0.0,13.6644,12.6467,0.9255,0.0,28.864,class2_2026_04_27_15_52_49.csv,train,background,,-0.9663703039183005,random
135.285,423,0.677316,-49.9,-40.3743,13.4763,-26.5636,-39.454,12.8904,3.741,-5784.8396,-64.3395,5720.5001,0.0,45415.3652,-708.4624,14.6761,13.1794,0.898,0.0,29.073,class2_2026_04_27_15_59_08.csv,train,background,,4.440373446291129,hard
171.978,538,0.861022,-49.9,-32.7001,12.3725,-29.8536,-39.8134,9.9598,6.057,1977.6791,-1510.1062,-3487.7853,4128.5266,4128.5266,-6788.0723,10.8725,12.7645,1.174,0.0,29.575,class2_2026_04_27_15_31_49.csv,train,background,,-3.4066878214516754,random
183.784,575,0.92013,-49.9,-40.1431,13.8144,-31.5804,-39.2576,7.6772,8.3055,-2819.66,-314.3302,2505.3299,4423.1991,45736.6818,-48161.4451,13.1487,13.385,1.018,0.0,30.727,class1_2026_04_27_14_47_36.csv,train,background,,4.202068182596621,hard
134.328,420,0.672524,-20.066,-33.6824,14.545,-18.4143,-39.1727,20.7584,3.0095,-4074.4357,-113.5062,3960.9295,3968.6505,46761.7586,-46761.7586,8.5184,13.4743,1.5818,0.638,31.243,class2_2026_04_27_15_26_06.csv,train,background,,11.577816278639116,hard
178.679,559,0.894571,-49.9,-37.5528,13.8215,-35.358,-39.1431,3.7851,29.222,1145.8249,3094.8076,1948.9827,-44271.1614,45874.191,-44271.1614,13.2995,13.524,1.0169,0.0,29.222,class3_2026_05_14_14_40_43.csv,train,background,,2.408676458060432,random
134.966,422,0.675719,-21.694,-34.2328,14.0199,-23.0564,-37.4329,14.3765,1.327,-3204.6575,3510.4974,6715.1549,1293.105,44448.279,-45812.9668,10.3941,13.9757,1.3446,0.0,29.183,class2_2026_04_27_15_31_19.csv,train,background,,6.1023943864546,hard
136.881,428,0.685306,-49.9,-37.7774,13.5691,-25.2054,-40.3906,15.1852,2.03,-3362.311,1457.5712,4819.8822,-45319.7524,45319.7524,-45319.7524,11.4094,13.4702,1.1806,0.0,28.914,class1_2026_04_27_14_37_06.csv,train,background,,5.622955394725337,hard
150.282,470,0.752399,-22.716,-40.3248,13.5647,-42.0963,-35.9631,-6.1332,30.525,-2248.1617,-3118.086,-869.9243,47844.8307,47844.8307,-47844.8307,12.592,14.034,1.1145,0.957,30.525,class2_2026_04_27_15_41_42.csv,train,background,,5.377913961988128,hard
21.378,66,0.107031,-17.152,-24.6144,13.6198,-15.0547,-20.3778,5.3231,0.273,-545.8369,5298.4225,5844.2594,-51390.2837,-926.3323,-51390.2837,0.8027,10.5235,13.1105,0.0,34.191,class2_2026_04_27_16_03_33.csv,train,bend,18.83,,positive
178.679,559,0.894571,-21.311,-34.3547,13.9743,-42.1009,-31.4551,-10.6459,30.076,-2634.1159,-2097.273,536.843,38327.5878,44293.105,-47141.0705,12.5901,13.1026,1.0407,1.595,30.076,class2_2026_04_27_16_08_20.csv,train,background,,6.172569967542837,hard
139.433,436,0.698083,-49.9,-33.4821,14.6881,-26.6567,-35.744,9.0873,2.0205,-3428.2681,-2305.8008,1122.4673,-0.0,47302.5094,-0.0,12.5408,14.1759,1.1304,0.0,30.179,class3_2026_05_14_13_22_18.csv,train,background,,5.572053464003658,hard
135.924,425,0.680515,-49.9,-37.1436,14.2662,-42.8916,-32.616,-10.2756,29.32,9.3931,-2724.7592,-2734.1522,0.0,45520.3793,-6838.5564,11.4562,13.8372,1.2078,0.0,29.32,class3_2026_05_14_13_16_46.csv,train,background,,6.278594065835897,hard
126.032,394,0.63099,-17.023,-15.1101,2.1905,-14.9745,-14.7203,-0.2542,4.496,-221.0532,-753.3119,-532.2588,-539.1881,-539.1881,-539.1881,0.5861,3.6018,6.1453,0.0,6.982,class2_2026_04_27_15_12_38.csv,train,bend,125.71,,positive
22.016,68,0.110225,-14.875,-14.8116,0.1812,-14.5768,-14.4549,-0.1219,-0.1085,-62.2846,67.5306,129.8152,753.9185,753.9185,-6.2696,0.2118,0.2026,0.9564,0.0,0.683,class2_2026_04_27_15_14_43.csv,train,background,,-56.5488080820232,random
134.009,419,0.670927,-19.498,-37.4783,13.9645,-19.6496,-34.9002,15.2506,2.667,-6805.9935,1904.2152,8710.2088,46800.9436,47652.0423,-47652.0423,11.5021,13.5068,1.1743,0.957,30.402,class2_2026_04_27_15_24_02.csv,train,background,,7.75272301525229,hard
153.153,479,0.766773,-49.9,-40.7286,13.0051,-40.3494,-32.7921,-7.5573,29.343,3530.738,4450.1201,919.3821,-0.0,-0.0,-39552.0702,13.5112,13.7488,1.0176,0.0,29.343,class2_2026_04_27_15_39_04.csv,train,background,,-2.494987952328608,random
55.518,173,0.277956,-49.9,-36.9784,14.4752,-34.1317,-36.0048,1.8731,4.3375,3151.2675,-308.8758,-3460.1433,0.0,46108.1536,-5418.4937,14.1513,13.9265,0.9841,0.0,30.227,class3_2026_05_14_13_17_52.csv,train,background,,1.6625788258974725,random
167.511,524,0.838658,-49.9,-37.7363,13.6377,-39.1132,-34.1671,-4.9461,30.014,3473.111,-692.5738,-4165.6847,0.0,47043.8903,-41257.058,13.551,14.1064,1.041,0.0,30.014,class2_2026_04_27_15_24_02.csv,train,background,,4.292827462409976,hard
43.393,135,0.217251,-22.621,-33.9256,14.3175,-29.3184,-42.7549,13.4366,29.912,-3579.4718,-358.8445,3220.6273,267.2316,42661.4467,-46884.0141,14.8102,11.6602,0.7873,0.639,29.912,class3_2026_04_27_16_18_00.csv,train,background,,6.175591845364682,hard
132.414,414,0.662942,-17.912,-17.8602,2.0627,-11.0536,-30.6062,19.5526,2.9195,-2593.7949,-4497.3791,-1903.5842,-1785.2665,-1785.2665,-4205.3292,3.5047,13.679,3.903,0.0,6.172,class1_2026_04_27_14_45_04.csv,train,break,132.41,,positive
140.391,439,0.702879,-49.9,-40.0796,13.8945,-32.3919,-42.1627,9.7708,30.065,-1467.3269,2521.66,3988.9869,-46608.1995,46827.5893,-46608.1995,13.9786,12.4967,0.894,0.0,30.065,class2_2026_04_27_15_19_23.csv,train,background,,5.496597700218242,hard
43.074,134,0.215654,-49.9,-36.9421,14.5097,-22.4421,-41.0324,18.5903,3.1135,-2725.2858,2811.5879,5536.8736,-47126.9624,44418.4969,-47126.9624,10.1655,12.6425,1.2437,0.0,30.579,class3_2026_05_14_13_11_39.csv,train,background,,8.820841164269723,hard
146.134,457,0.731632,-49.9,-34.0851,14.1797,-31.9591,-40.388,8.4289,20.902,-1065.9534,2268.5906,3334.544,46871.4765,46871.4765,-46871.4765,12.947,13.4693,1.0403,0.0,30.223,class3_2026_05_22_11_06_12.csv,train,background,,5.4553741210533,hard
127.628,399,0.63898,-8.488,-11.4096,2.9302,-16.413,-16.0011,-0.4119,8.6185,1112.0036,-2662.1528,-3774.1564,628.5266,9815.047,-2857.3668,2.2239,4.3193,1.9422,2.871,9.021,class2_2026_04_27_15_41_02.csv,train,connector,127.63,,positive
188.57,590,0.944091,-20.326,-31.53,13.0269,-42.3166,-31.8321,-10.4844,29.574,2551.6476,-1339.8918,-3891.5393,1916.9279,46354.2351,-46354.2351,12.2456,12.8506,1.0494,1.276,29.574,class2_2026_04_27_15_39_26.csv,train,background,,4.912197761297876,hard
154.749,484,0.774764,-19.546,-31.3564,13.1897,-32.6326,-36.4634,3.8308,4.53,2568.358,-2937.4403,-5505.7983,-4752.3495,41189.683,-47576.8056,13.8437,13.5316,0.9775,0.957,30.354,class3_2026_05_14_13_43_30.csv,train,background,,0.706268735850556,random
178.679,559,0.894571,-49.9,-37.0724,14.3585,-39.4541,-35.3166,-4.1376,30.304,1852.1692,2920.2234,1068.0542,-43786.8354,47498.4342,-46090.9138,13.1466,14.6017,1.1107,0.0,30.304,class2_2026_04_27_15_51_19.csv,train,background,,5.248400207460606,hard
114.227,357,0.571887,-17.029,-33.6154,14.8817,-33.0276,-33.2083,0.1808,9.3295,3527.0491,-1258.7809,-4785.83,-17575.2351,55003.1379,-37427.9028,15.3901,15.1667,0.9855,0.957,35.092,class3_2026_05_14_13_11_09.csv,train,background,,8.326212855104387,hard
171.659,537,0.859425,-49.9,-43.9947,11.0916,-35.3361,-38.8818,3.5457,28.661,-4053.7821,833.4646,4887.2467,-0.0,38380.8809,-44712.733,13.1413,13.8261,1.0521,0.0,28.661,class2_2026_04_27_15_54_27.csv,train,background,,-1.2205370200541692,random
138.476,433,0.693292,-22.493,-31.369,13.1495,-22.0229,-33.0779,11.055,1.241,-3133.8917,199.7995,3333.6912,-1485.8934,46347.9655,-44862.0721,10.1795,13.4814,1.3244,0.0,29.57,class3_2026_05_14_13_43_30.csv,train,background,,3.96729232594782,hard
180.912,566,0.905751,-32.445,-32.8301,12.501,-34.8977,-35.9802,1.0826,5.755,654.9455,-2189.1864,-2844.1319,1294.6724,27358.9373,-45170.8977,13.5303,13.9682,1.0324,0.0,29.171,class3_2026_05_14_12_53_50.csv,train,background,,-3.7725600740418046,random
185.698,581,0.929713,-49.9,-37.3599,14.0466,-28.5728,-40.8558,12.2831,4.947,1020.467,5583.0991,4562.6321,-44109.7226,41973.3574,-44109.7226,11.5087,12.8135,1.1134,0.0,30.282,class2_2026_04_27_15_29_16.csv,train,background,,4.9967767213633305,hard
153.153,479,0.766773,-49.9,-41.1202,12.4929,-42.1273,-33.6143,-8.5129,29.671,-171.0651,2540.5944,2711.6595,-7067.3997,46506.2727,-39500.5927,12.5526,13.0808,1.0421,0.0,29.671,class2_2026_04_27_15_41_02.csv,train,background,,3.8352133471673953,hard
42.436,132,0.212459,-22.682,-37.2491,14.1674,-26.2259,-39.5952,13.3693,6.8615,-7149.2534,-1797.8019,5351.4515,-261.7539,46652.0408,-42661.4467,15.0678,13.0702,0.8674,1.276,29.764,class3_2026_04_27_16_18_00.csv,train,background,,6.150807423820623,hard
139.433,436,0.698083,-49.9,-34.5117,13.853,-34.3831,-40.656,6.2729,29.981,-249.1983,-284.3364,-35.1382,-0.0,45084.6426,-46992.1646,13.952,13.1237,0.9406,0.0,29.981,class3_2026_05_14_12_57_24.csv,train,background,,3.9567560533095705,hard
138.795,434,0.694889,-21.002,-37.1999,14.2311,-31.0902,-39.1939,8.1037,3.9975,-3050.3581,1162.7617,4213.1197,41089.3464,45294.6724,-45294.6724,13.3426,13.4386,1.0072,0.638,30.052,class2_2026_04_27_15_44_43.csv,train,background,,3.815876930517117,hard
41.479,129,0.207668,-20.693,-34.6644,13.6886,-22.8934,-36.6687,13.7753,3.268,-8444.2846,-1619.6861,6824.5985,1915.3605,45778.9984,-42603.4514,14.9085,13.3332,0.8943,0.638,29.592,class3_2026_05_14_12_57_24.csv,train,background,,5.6804700605397604,hard
135.285,423,0.677316,-21.631,-34.2748,13.995,-26.5889,-41.3222,14.7333,7.582,-7031.5165,-1642.7833,5388.7332,44742.9498,44742.9498,-44533.3267,14.7106,12.3255,0.8379,0.958,29.17,class2_2026_04_27_16_10_06.csv,train,background,,5.267317943949076,hard
22.016,68,0.110225,-20.848,-17.7777,1.4692,-16.4972,-16.2188,-0.2784,-0.2695,-349.2744,345.921,695.1954,631.6599,631.6599,459.2476,0.7577,0.797,1.0519,0.0,4.363,class2_2026_04_27_15_57_16.csv,train,bend,20.42,,positive
131.776,412,0.659748,-16.824,-16.4808,2.2717,-10.8124,-30.8203,20.0079,3.35,-2075.9663,-5556.5444,-3480.5782,-2545.4561,-2545.4561,-5006.2696,3.1895,13.6586,4.2824,0.0,7.356,class1_2026_04_27_14_48_45.csv,train,break,132.41,,positive
144.538,452,0.723642,-49.9,-36.7841,14.6815,-40.2795,-39.0437,-1.2358,30.917,676.9513,-2415.1093,-3092.0606,0.0,48459.2508,-7000.0031,13.6215,13.6734,1.0038,0.0,30.917,class2_2026_04_27_15_57_16.csv,train,background,,4.0142014711486915,hard
160.492,502,0.803517,-49.9,-37.3949,14.0363,-31.9772,-45.2491,13.2719,29.644,4582.4503,586.223,-3996.2273,-46463.9514,45946.7116,-46463.9514,12.8232,10.4168,0.8123,0.0,29.644,class2_2026_04_27_15_57_48.csv,train,background,,4.985950578419848,hard
134.009,419,0.670927,-49.9,-41.474,12.0706,-18.6202,-39.5346,20.9143,2.376,-4187.4003,5094.9793,9282.3797,-46736.6787,37786.837,-46736.6787,9.0629,13.0712,1.4423,0.0,29.818,class2_2026_04_27_15_42_28.csv,train,background,,6.718147125544292,hard
140.391,439,0.702879,-49.9,-40.255,13.6516,-36.4862,-34.7458,-1.7404,8.285,-1973.2417,2060.8072,4034.0489,-2243.7317,47405.9577,-44869.9075,13.5796,13.6044,1.0018,0.0,30.245,class2_2026_04_27_15_16_23.csv,train,background,,1.1232221333309031,random
140.391,439,0.702879,-21.506,-34.3233,13.9826,-34.6003,-38.913,4.3127,30.006,2229.2033,-2078.5273,-4307.7306,-278.1544,45967.0878,-47031.3527,13.7527,13.8167,1.0047,0.639,30.006,class2_2026_04_27_15_24_51.csv,train,background,,3.843923762308621,hard
137.519,430,0.6885,-49.9,-34.2414,14.13,-27.5338,-41.9503,14.4164,6.2935,-3620.4841,-2154.6535,1465.8305,-46523.5141,46523.5141,-46523.5141,12.0949,12.8256,1.0604,0.0,30.625,class2_2026_04_27_16_07_33.csv,train,background,,7.169730248389379,hard
165.916,519,0.830672,-49.9,-37.0448,14.385,-29.7296,-36.5996,6.8699,4.1935,-1868.3963,2331.0334,4199.4297,-45043.8887,47609.721,-45043.8887,12.6353,13.4655,1.0657,0.0,30.375,class2_2026_04_27_15_16_03.csv,train,background,,3.991139919429146,hard
127.628,399,0.63898,-8.776,-11.7111,2.9542,-16.5827,-17.6037,1.0209,8.438,1061.0763,-2657.5645,-3718.6408,579.9373,9904.3887,-2686.5204,2.1856,8.6722,3.968,2.871,9.103,class2_2026_04_27_15_13_34.csv,train,connector,127.95,,positive
178.679,559,0.894571,-22.477,-37.4618,13.9356,-32.8327,-41.1989,8.3662,29.877,-3307.1134,-745.8087,2561.3047,46829.1552,46829.1552,-46829.1552,13.7419,12.4473,0.9058,0.957,29.877,class1_2026_04_27_14_36_42.csv,train,background,,4.607402237094948,hard
131.776,412,0.659748,-20.478,-22.1746,10.1201,-13.0979,-31.2044,18.1066,2.8555,-2056.4415,-1106.188,950.2535,-1957.6787,-1806.1433,-46115.989,3.1303,13.3132,4.253,0.0,34.611,class2_2026_04_27_15_54_02.csv,train,break,131.14,,positive
136.562,427,0.683709,-19.856,-30.7733,13.6056,-16.6198,-40.3499,23.7301,1.9745,-1973.8109,-222.4104,1751.4005,-40920.0674,1631.6583,-47090.9107,3.5228,12.1457,3.4478,0.638,30.517,class3_2026_05_14_13_23_04.csv,train,break,134.65,,positive
134.966,422,0.675719,-49.9,-37.0769,14.3667,-24.6981,-34.6591,9.9609,3.117,-6804.1465,509.2741,7313.4206,-0.0,46623.8292,-5061.1285,13.8324,13.7751,0.9959,0.0,29.746,class2_2026_04_27_15_44_29.csv,train,background,,4.974229698029741,hard
171.978,538,0.861022,-49.9,-37.1196,14.35,-33.5739,-31.2956,-2.2783,4.9165,-2844.7358,977.6311,3822.3669,-40133.232,47526.6505,-44713.1708,13.1647,13.2214,1.0043,0.0,30.57,class1_2026_04_27_14_45_40.csv,train,background,,1.706775046336778,random
135.924,425,0.680515,-20.555,-34.2373,14.0787,-26.1471,-34.6093,8.4622,3.3535,-5057.5909,-1619.4977,3438.0932,47556.8818,47556.8818,-47769.5956,12.9456,13.7384,1.0612,0.958,30.477,class2_2026_04_27_16_02_06.csv,train,background,,4.801657461667431,hard
138.476,433,0.693292,-22.923,-34.1072,14.1507,-28.6254,-38.9988,10.3733,5.2405,-3417.6198,1096.4968,4514.1167,0.0,46868.3433,-42283.7022,11.5932,13.7061,1.1822,0.0,29.902,class1_2026_04_27_14_48_32.csv,train,background,,5.265399718168027,hard
172.297,539,0.862619,-23.208,-34.8038,13.5264,-34.8961,-34.7614,-0.1347,4.7665,703.4589,306.5607,-396.8982,261.4812,44578.373,-40641.0674,13.5002,13.6498,1.0111,0.639,28.481,class1_2026_04_27_14_38_20.csv,train,background,,-1.995744509756182,random
104.655,327,0.523964,-19.842,-34.1376,14.2447,-26.9959,-39.4763,12.4803,4.9725,-5685.7532,340.1603,6025.9135,297.8056,46506.2727,-46804.0784,14.344,13.16,0.9175,1.595,30.058,class3_2026_05_14_13_00_27.csv,train,background,,5.980565642571642,hard
138.795,434,0.694889,-49.9,-37.7189,13.7544,-32.1708,-42.3906,10.2198,29.672,-2893.9127,-1420.8344,1473.0783,-148.9013,46507.8386,-46358.9373,12.7513,12.197,0.9565,0.0,29.672,class2_2026_04_27_15_35_21.csv,train,background,,4.91050292512966,hard
108.484,339,0.543134,-49.9,-31.0519,13.4248,-18.6234,-38.3792,19.7558,2.0345,-797.1786,-2494.2042,-1697.0255,-691.2226,1463.6063,-44191.2273,1.9662,12.9631,6.5931,0.0,30.449,class3_2026_05_14_13_19_51.csv,train,break,105.61,,positive
131.457,411,0.65815,-17.871,-17.9593,2.2907,-12.9042,-27.3827,14.4784,3.9325,-1449.7695,-3760.886,-2311.1165,-3985.8918,-2120.5332,-3985.8918,3.074,12.0957,3.9349,0.0,6.886,class2_2026_04_27_16_00_02.csv,train,break,131.14,,positive
157.62,493,0.789138,-49.9,-37.287,14.1104,-27.1505,-44.243,17.0925,18.056,-183.4143,1793.8206,1977.2348,-46125.395,45006.2712,-46125.395,12.2792,10.627,0.8654,0.0,29.428,class3_2026_05_14_13_12_07.csv,train,background,,6.0134647090343005,hard
178.36,558,0.89314,-19.838,-34.6044,13.8656,-35.1024,-40.9322,5.8298,30.57,-1649.2588,-384.2208,1265.038,47915.3636,47915.3636,-47119.127,13.3332,12.7406,0.9556,0.957,30.57,class2_2026_04_27_15_34_41.csv,train,background,,4.399109867268441,hard
183.784,575,0.92013,-21.658,-36.892,14.5703,-37.5252,-39.207,1.6818,31.264,-672.2925,2415.8859,3088.1784,-0.0,46495.3009,-49003.1379,13.8752,13.4575,0.9699,0.638,31.264,class2_2026_04_27_16_02_34.csv,train,background,,4.0285213335526135,hard
127.628,399,0.63898,-8.202,-11.0828,2.8285,-16.2491,-17.9834,1.7343,8.6935,1161.8253,-2795.9329,-3957.7582,597.1787,9874.6082,-2830.721,2.2688,9.3364,4.1151,2.871,8.559,class2_2026_04_27_15_42_28.csv,train,connector,127.31,,positive
189.846,594,0.95048,-49.9,-37.2382,14.1724,-40.6629,-33.2498,-7.4131,29.596,5309.1151,1848.5803,-3460.5348,3084.6395,43137.9342,-0.0,13.089,13.4936,1.0309,0.0,29.596,class3_2026_05_14_13_18_31.csv,train,background,,4.436625733170992,hard
156.344,489,0.782749,-22.516,-37.5928,13.7794,-37.4806,-38.0376,0.557,29.397,1166.7853,246.0663,-920.7189,-0.0,4799.3746,-42921.6317,13.9738,13.3761,0.9572,0.638,29.397,class1_2026_04_27_14_45_40.csv,train,background,,-4.926645667032576,random
183.784,575,0.92013,-49.9,-37.7756,13.6871,-40.8852,-36.3044,-4.5808,30.032,-402.3555,-665.9087,-263.5532,-0.0,46802.5094,-0.0,12.782,13.6539,1.0682,0.0,30.032,class2_2026_04_27_15_17_19.csv,train,background,,3.7433708992257655,hard
178.041,557,0.891377,-49.9,-29.3947,11.2467,-33.2108,-38.2674,5.0566,7.297,1735.0243,-1565.3674,-3300.3917,3863.6364,3863.6364,-46010.9749,13.3513,13.1371,0.984,0.0,29.355,class2_2026_04_27_15_31_02.csv,train,background,,-6.551479168213372,random
18.506,57,0.092652,-49.9,-31.2998,13.1955,-29.7523,-40.2049,10.4526,3.5915,-3314.2169,-7916.0679,-4601.851,40658.3119,43236.6787,-1081.5047,12.5293,13.7477,1.0972,0.0,29.807,class3_2026_05_14_13_17_52.csv,train,background,,3.8771765085979553,hard
185.06,579,0.926518,-19.618,-34.483,13.8335,-31.8186,-40.8027,8.9842,18.1515,792.8235,840.686,47.8625,2136.3652,41973.3574,-47463.953,12.8615,12.8904,1.0022,1.595,30.282,class2_2026_04_27_15_29_16.csv,train,background,,4.139079971662931,hard
187.932,588,0.940897,-22.738,-40.5288,13.2635,-42.5459,-31.6378,-10.9081,29.356,240.9234,2494.4256,2253.5021,43609.721,43609.721,-43609.721,11.9051,13.1082,1.1011,0.957,29.356,class3_2026_05_14_12_56_02.csv,train,background,,4.930392076516119,hard
171.978,538,0.861022,-49.9,-34.3543,13.9596,-39.4464,-34.5557,-4.8907,29.855,-289.4718,-3832.5361,-3543.0643,40653.6097,46595.6129,-44128.5298,13.1478,13.796,1.0493,0.0,29.855,class2_2026_04_27_15_32_04.csv,train,background,,4.030237959839686,hard
140.071,438,0.701277,-24.104,-40.4423,13.4173,-35.9884,-40.7574,4.7689,29.981,-2963.3899,-1699.6083,1263.7816,47024.7075,47024.7075,-46992.1646,13.9825,13.0019,0.9299,0.958,29.981,class3_2026_05_14_12_57_24.csv,train,background,,3.0365659191214815,random
17.23,53,0.086263,-49.9,-34.8662,13.4956,-24.9974,-39.5184,14.5211,3.8895,-2580.5269,-4124.8099,-1544.2831,2727.2759,45924.72,-42155.1771,9.1434,13.0864,1.4312,0.0,29.415,class3_2026_05_14_13_18_01.csv,train,background,,5.577437959289466,hard
135.924,425,0.680515,-24.763,-20.8512,1.7923,-14.9012,-28.2012,13.3001,1.357,-2231.225,-2306.9584,-75.7334,3520.4352,3520.4352,-45123.8276,3.8729,11.7144,3.0247,0.0,6.174,class3_2026_05_14_13_42_19.csv,train,break,134.33,,positive
151.877,475,0.760385,-49.9,-34.1292,14.2,-45.3472,-31.1463,-14.2009,31.731,3846.6666,-1121.2708,-4967.9374,-39838.5611,43310.348,-39838.5611,10.1973,13.3411,1.3083,0.0,31.731,class3_2026_05_14_13_09_36.csv,train,background,,9.819770959846293,hard
159.854,500,0.800322,-23.187,-32.3912,12.6351,-36.8992,-34.6541,-2.2451,9.3175,-776.313,891.9273,1668.2404,-37148.9075,47035.0895,-37148.9075,13.2011,13.7411,1.0409,0.638,30.092,class2_2026_04_27_15_18_09.csv,train,background,,0.5582660491870385,random
127.628,399,0.63898,-7.766,-10.708,2.9753,-15.8744,-16.8831,1.0087,8.875,1171.0845,-2551.1091,-3722.1935,636.3636,9915.3605,-2741.3793,2.2751,9.0405,3.9737,2.871,9.166,class2_2026_04_27_15_25_04.csv,train,connector,127.95,,positive
132.095,413,0.661345,-49.9,-40.1766,13.7542,-22.7139,-36.748,14.0341,2.3895,-6677.5603,874.6156,7552.1759,-1826.0172,46840.127,-45310.3464,12.3994,13.2637,1.0697,0.0,29.884,class3_2026_05_14_13_15_01.csv,train,background,,6.162006364442936,hard
127.628,399,0.63898,-8.702,-11.5504,2.8271,-16.8176,-18.2853,1.4677,8.6575,1252.741,-4291.6287,-5544.3697,620.6897,9271.9271,-2742.9467,2.3485,9.2052,3.9195,2.871,8.843,class2_2026_04_27_15_48_35.csv,train,connector,127.31,,positive
141.667,443,0.709268,-49.9,-33.9318,14.3278,-35.8246,-39.8545,4.0299,30.629,1876.1943,-2986.6597,-4862.854,-44136.3683,48007.8401,-44136.3683,14.1443,12.639,0.8936,0.0,30.629,class3_2026_05_22_11_10_02.csv,train,background,,3.8624163813639862,hard
103.698,324,0.519173,-49.9,-43.7434,11.5318,-21.5346,-40.6115,19.0769,1.057,-5767.8238,2305.6343,8073.4581,-41343.0147,41537.6207,-41343.0147,10.9954,13.157,1.1966,0.0,28.908,class3_2026_05_14_12_59_21.csv,train,background,,5.053063780147591,hard
174.531,546,0.873804,-49.9,-37.7598,13.7244,-35.8687,-40.898,5.0293,30.777,-73.5238,1545.2878,1618.8116,7205.3292,46092.4796,-48239.8166,14.0711,12.8093,0.9103,0.0,30.777,class2_2026_04_27_15_22_05.csv,train,background,,3.902981763912344,hard
187.294,586,0.937703,-21.303,-37.314,14.0776,-40.6503,-29.9689,-10.6814,7.784,-3206.8269,-619.0392,2587.7877,45757.0549,45757.0549,-44822.8887,13.1619,12.5504,0.9535,0.957,29.193,class1_2026_04_27_14_46_27.csv,train,background,,3.7087231928229736,hard
134.328,420,0.672524,-21.367,-38.1781,13.2727,-21.4813,-41.3653,19.8841,2.691,-6947.9487,-2762.5217,4185.427,-2907.5235,45271.163,-44722.5721,13.14,12.1424,0.9241,0.957,28.883,class2_2026_04_27_15_59_21.csv,train,background,,6.5582279133490315,hard
125.713,393,0.629393,-17.637,-16.3416,2.0108,-16.9967,-13.0752,-3.9215,5.6665,-74.7616,185.3408,260.1024,677.1176,677.1176,194.3558,0.314,3.2357,10.306,0.0,6.576,class2_2026_04_27_15_16_58.csv,train,break,126.03,,positive
187.613,587,0.9393,-22.05,-40.481,13.3283,-46.9653,-37.7006,-9.2647,29.364,188.1724,2368.659,2180.4866,46025.0831,46025.0831,-43652.0423,8.4186,13.6841,1.6255,0.957,29.364,class2_2026_04_27_15_35_57.csv,train,background,,5.0185541850232696,hard
127.628,399,0.63898,-1.531,-5.0507,4.1046,-13.2114,-9.0434,-4.168,12.2795,1967.1087,-2638.704,-4605.8127,697.4922,15950.4946,-2830.721,3.6751,4.2825,1.1653,3.828,13.271,class3_2026_05_14_13_43_30.csv,train,connector,127.63,,positive
170.383,533,0.853037,-49.9,-38.013,13.2903,-33.0851,-33.8667,0.7816,1.605,1567.4399,372.4641,-1194.9758,332.2915,42054.8621,-41937.3088,13.4598,12.9988,0.9657,0.0,26.852,class2_2026_04_27_15_19_40.csv,train,background,,-4.505727690043553,random
163.044,510,0.816293,-49.9,-34.4432,13.8525,-36.0312,-36.0712,0.04,17.8625,366.9976,-2649.2948,-3016.2924,42201.0432,42201.0432,-42399.6881,13.8865,13.8726,0.999,0.0,30.021,class3_2026_05_22_11_10_02.csv,train,background,,0.37060904463772737,random
135.604,424,0.678913,-49.9,-37.3843,14.0107,-23.5481,-37.7031,14.1551,2.0915,-5532.4176,3103.971,8636.3886,42336.7711,46589.3433,-44730.4107,11.9918,13.7026,1.1427,0.0,29.724,class2_2026_04_27_15_49_56.csv,train,background,,6.602420256775108,hard
161.449,505,0.808308,-49.9,-37.908,13.4418,-41.1486,-34.3016,-6.8469,28.272,1097.9701,-208.9981,-1306.9682,-0.0,41840.1301,-0.0,12.4164,14.0177,1.129,0.0,28.272,class2_2026_04_27_15_20_40.csv,train,background,,2.53324164252833,random
133.69,418,0.66933,-22.273,-34.8898,13.5304,-18.1407,-34.9034,16.7627,1.26,-4382.3597,7383.6854,11766.0452,-35568.9671,35568.9671,-43302.5094,8.925,13.4753,1.5098,0.0,29.112,class2_2026_04_27_15_51_19.csv,train,background,,5.140422255278828,hard
118.694,371,0.594251,-17.781,-17.4707,0.2445,-17.1879,-17.4017,0.2138,0.2715,-111.3618,25.6685,137.0302,451.4107,482.7602,-424.768,0.3911,0.2769,0.7082,0.0,0.759,class2_2026_04_27_16_03_18.csv,train,background,,-56.34546840079186,random
148.367,464,0.742812,-49.9,-43.8234,11.3774,-38.3895,-33.0846,-5.3049,9.2425,1111.6236,2691.2965,1579.6729,0.0,0.0,-0.0,13.1461,13.5474,1.0305,0.0,28.315,class2_2026_04_27_15_46_41.csv,train,background,,-7.349705751580923,random
139.114,435,0.696486,-22.005,-34.027,14.2388,-30.8646,-37.5086,6.644,4.429,-734.6052,139.8864,874.4916,45449.8464,48040.7555,-45449.8464,13.5098,13.8747,1.027,0.0,30.65,class1_2026_04_27_14_39_28.csv,train,background,,4.450688497205848,hard
96.997,303,0.485624,-6.108,-8.881,2.7105,-13.7569,-12.8733,-0.8836,8.4385,1125.1814,-2283.8615,-3409.0429,344.8276,9145.768,-2689.6552,2.1952,3.4575,1.5751,2.872,8.505,class3_2026_05_14_13_47_19.csv,train,connector,97.0,,positive
17.23,53,0.086263,-16.063,-15.9863,0.2157,-14.8709,-16.9557,2.0848,0.2545,-453.3902,-870.563,-417.1728,-413.7931,624.8546,-413.7931,0.6799,1.8027,2.6513,0.0,0.788,class2_2026_04_27_16_01_55.csv,train,bend,14.68,,positive
189.208,592,0.947286,-23.54,-33.9968,14.267,-31.3877,-40.3469,8.9592,17.951,-2554.7908,1575.5303,4130.3211,0.0,45952.9796,-48365.2085,13.1168,13.5414,1.0324,0.638,30.857,class3_2026_05_14_13_47_50.csv,train,background,,6.114736677990194,hard
127.628,399,0.63898,-7.887,-10.7451,2.8178,-15.9291,-17.1206,1.1915,8.695,1235.181,-5079.249,-6314.43,608.1505,9581.5047,-2888.7147,2.278,8.9956,3.949,2.871,8.639,class2_2026_04_27_15_53_40.csv,train,connector,127.63,,positive
138.476,433,0.693292,-20.286,-34.6232,13.7135,-34.0467,-42.3195,8.2728,29.614,-4386.4702,-2466.9367,1919.5335,0.0,45230.4122,-41879.3135,14.2796,12.245,0.8575,0.638,29.614,class1_2026_04_27_14_47_07.csv,train,background,,3.723762199681774,hard
114.227,357,0.571887,-16.635,-16.7298,0.2692,-15.5787,-16.675,1.0963,0.116,-496.0889,56.6094,552.6983,-609.7179,152.0376,-907.5251,0.732,0.2154,0.2943,0.0,0.819,class2_2026_04_27_15_20_40.csv,train,bend,111.67,,positive
50.094,156,0.2508,-49.9,-40.2494,13.666,-41.1562,-36.0379,-5.1183,30.496,535.9651,4292.687,3756.7219,0.0,45199.0627,-47799.3777,12.4189,13.9071,1.1198,0.0,30.496,class3_2026_05_14_13_15_21.csv,train,background,,4.448382358301908,hard
173.255,542,0.867416,-49.9,-37.848,13.5146,-34.6244,-36.4362,1.8118,5.706,-863.4331,556.0815,1419.5145,40520.3793,40520.3793,-42142.6364,13.7468,13.5072,0.9826,0.0,29.729,class1_2026_04_27_14_46_27.csv,train,background,,-0.6493436729988434,random
104.974,328,0.525561,-49.9,-37.6336,13.7479,-25.8589,-37.9379,12.079,3.297,-4477.6599,3026.1295,7503.7894,-46380.8809,46380.8809,-46380.8809,13.1553,13.4393,1.0216,0.0,29.591,class3_2026_05_14_14_34_08.csv,train,background,,5.069262028254125,hard
150.601,471,0.753997,-24.299,-31.996,12.9972,-41.1205,-31.9257,-9.1948,20.8325,1947.4875,1487.4992,-459.9883,4658.3072,47400.8336,-48291.5392,12.581,12.9106,1.0262,1.914,30.81,class2_2026_04_27_16_09_22.csv,train,background,,5.025464334827949,hard
101.783,318,0.509585,-20.027,-26.882,12.3683,-16.3492,-36.0964,19.7472,2.554,-4775.5802,-4026.7263,748.8539,0.0,134.7978,-2761.7539,8.7007,13.8432,1.5911,0.0,32.007,class3_2026_05_22_11_10_02.csv,train,background,,3.8184012643106233,hard
132.414,414,0.662942,-17.912,-17.8602,2.0627,-11.0536,-30.6062,19.5526,2.9195,-2593.7949,-4497.3791,-1903.5842,-1785.2665,-1785.2665,-4205.3292,3.5047,13.679,3.903,0.0,6.172,class1_2026_04_27_14_45_40.csv,train,break,132.09,,positive
134.966,422,0.675719,-20.258,-30.8864,13.5128,-18.0703,-38.917,20.8467,2.0015,-1990.7309,1216.1737,3206.9046,-45213.1677,6851.0987,-46460.8197,3.6753,13.8374,3.7649,0.638,30.625,class2_2026_04_27_16_07_33.csv,train,background,,4.8827478488175,hard
134.009,419,0.670927,-20.667,-27.7428,11.8829,-17.7174,-34.6859,16.9684,0.916,-3830.4951,-1655.4418,2175.0533,1416.9263,44054.8636,-45819.7524,8.6355,13.6636,1.5823,0.0,29.694,class2_2026_04_27_16_10_58.csv,train,background,,5.806733093417193,hard
127.628,399,0.63898,-8.341,-11.215,2.8069,-16.4156,-15.5346,-0.8811,8.7035,1240.362,-2633.1477,-3873.5097,615.9875,9973.3542,-2706.8966,2.2943,3.9348,1.715,2.871,8.418,class2_2026_04_27_15_35_32.csv,train,connector,127.95,,positive
156.344,489,0.782749,-21.454,-31.1791,13.3013,-29.7344,-42.2147,12.4803,17.811,3318.4063,-2282.2385,-5600.6447,-543.8871,44586.21,-46789.9718,12.5594,12.4234,0.9892,1.276,30.199,class1_2026_04_27_14_38_31.csv,train,background,,5.300718994413528,hard
101.145,316,0.506391,-16.879,-16.4306,0.2138,-16.2489,-16.3433,0.0943,0.139,-104.3794,49.7649,154.1443,17.2414,17.2414,-152.0376,0.2123,0.194,0.9138,0.0,0.692,class2_2026_04_27_16_07_48.csv,train,background,,-56.63690438663386,random
143.581,449,0.71885,-49.9,-40.4299,13.4015,-37.3541,-36.5027,-0.8514,29.597,-3357.5586,-1581.4039,1776.1547,0.0,43565.8339,-46190.1676,14.0503,13.5281,0.9628,0.0,29.597,class2_2026_04_27_15_14_19.csv,train,background,,0.6837107562537041,random
184.422,577,0.923324,-49.9,-33.735,14.4822,-35.7882,-39.7538,3.9657,30.531,2445.2164,-55.4243,-2500.6407,-1728.837,45882.4467,-42863.6411,14.1531,12.9732,0.9166,0.0,30.531,class3_2026_05_14_13_47_19.csv,train,background,,3.8478070288298647,hard
178.998,560,0.896168,-49.9,-40.0119,13.9854,-36.0246,-45.0335,9.0089,29.972,5369.0303,665.9609,-4703.0694,-46978.0611,46978.0611,-46978.0611,13.9431,10.8835,0.7806,0.0,29.972,class2_2026_04_27_15_40_35.csv,train,background,,3.721646703887761,hard
191.761,600,0.960067,-49.9,-34.3142,13.9839,-34.7469,-39.0676,4.3206,30.409,-202.3275,930.7173,1133.0448,-43054.8621,47663.0141,-44474.9248,13.698,13.6102,0.9936,0.0,30.409,class2_2026_04_27_15_15_26.csv,train,background,,4.30854132343419,hard
135.285,423,0.677316,-49.9,-34.1543,14.1107,-18.8574,-35.7788,16.9213,1.106,-2992.0825,3492.0761,6484.1586,-45253.9216,41101.884,-45253.9216,8.3878,14.1327,1.6849,0.0,29.745,class1_2026_04_27_14_49_08.csv,train,background,,7.603197252689512,hard
135.924,425,0.680515,-18.979,-35.1934,13.4169,-26.1125,-34.9776,8.8651,3.6815,-5810.6138,1567.49,7378.1037,42415.8794,48238.4568,-48465.5204,12.9965,13.4515,1.035,0.639,30.921,class2_2026_04_27_15_36_21.csv,train,background,,4.756283572786629,hard
127.628,399,0.63898,-1.422,-4.9332,4.3549,-13.8129,-8.861,-4.9519,12.373,2110.8025,-2648.5769,-4759.3793,393.4169,17410.8528,-2818.1818,4.0438,4.3572,1.0775,3.828,14.091,class3_2026_05_14_14_36_30.csv,train,connector,127.63,,positive
131.457,411,0.65815,-49.9,-35.112,13.436,-36.4442,-39.0005,2.5563,29.546,415.3439,-2368.9772,-2784.3211,-42971.7915,42971.2109,-46310.348,13.5918,13.6936,1.0075,0.0,29.546,class3_2026_05_14_13_10_18.csv,train,background,,1.5604950762560557,random
14.358,44,0.071885,-24.299,-27.0769,12.3029,-15.6832,-29.8754,14.1923,1.131,-1623.3649,-1831.9518,-208.5868,-2318.1818,-329.1552,-40126.9624,3.0018,12.5107,4.1677,0.0,31.221,class3_2026_05_14_14_33_25.csv,train,break,13.08,,positive
134.647,421,0.674121,-49.9,-43.6629,11.7405,-22.5594,-40.6791,18.1197,4.2155,-6815.9697,501.2658,7317.2355,0.0,48305.6473,-39492.7913,12.7315,13.0614,1.0259,0.0,30.819,class2_2026_04_27_15_58_37.csv,train,background,,7.5973692905324555,hard
151.558,474,0.758788,-49.9,-40.5502,13.2665,-43.6662,-34.0869,-9.5792,30.293,437.6847,-560.6318,-998.3165,0.0,44103.453,0.0,11.6711,14.1977,1.2165,0.0,30.293,class3_2026_05_14_13_11_09.csv,train,background,,6.2257838150259435,hard
135.604,424,0.678913,-22.944,-34.9442,13.7097,-21.2999,-41.8026,20.5027,1.4245,-4565.1515,-1639.2243,2925.9272,-29875.5053,47351.0987,-42052.8396,10.9644,13.0614,1.1913,0.0,30.21,class1_2026_04_27_14_37_46.csv,train,background,,9.448971760602765,hard
134.647,421,0.674121,-49.9,-40.7934,12.9509,-24.8627,-34.5014,9.6387,2.323,-3924.6041,4955.2507,8879.8548,-37819.7524,46691.2257,-37819.7524,11.5666,13.8345,1.1961,0.0,29.789,class3_2026_05_14_12_56_13.csv,train,background,,3.7415471092149866,hard
189.208,592,0.947286,-49.9,-40.8841,12.8216,-33.2832,-37.7179,4.4347,5.845,-3473.2526,2570.6402,6043.8928,1333.8558,44288.406,-45622.2618,13.3063,13.7043,1.0299,0.0,29.107,class3_2026_05_14_13_11_48.csv,train,background,,0.22342928048485983,random
156.025,488,0.781152,-24.459,-37.7097,13.6607,-33.2247,-42.5619,9.3373,29.323,-1887.3742,-49.0986,1838.2757,45960.8182,45960.8182,-45960.8182,13.3521,11.8723,0.8892,0.957,29.323,class2_2026_04_27_15_20_40.csv,train,background,,3.695498150174533,hard
151.239,473,0.757191,-20.161,-31.9027,12.9406,-40.8844,-31.7113,-9.1732,19.5775,-514.1219,1237.6839,1751.8058,4040.7508,46612.8574,-42457.6834,12.7983,12.9595,1.0126,1.595,30.762,class2_2026_04_27_15_43_11.csv,train,background,,4.774650177432823,hard
178.679,559,0.894571,-49.9,-34.2699,13.9834,-36.1459,-37.5104,1.3644,28.707,5603.5568,-672.2925,-6275.8493,810.3448,1031.3374,-44659.8777,13.8052,13.8919,1.0063,0.0,28.707,class2_2026_04_27_16_02_34.csv,train,background,,-5.134538129807005,random
120.289,376,0.602237,-49.9,-37.1254,14.2889,-33.8817,-39.1728,5.2911,29.505,1080.8359,-2022.0142,-3102.8501,0.0,46246.0846,-43663.0141,14.3559,13.4731,0.9385,0.0,29.505,class3_2026_04_27_16_18_00.csv,train,background,,3.8109030402097215,hard
134.328,420,0.672524,-20.087,-30.2506,13.914,-15.167,-36.6132,21.4462,2.2595,-2504.8526,-557.9035,1946.949,-44368.3417,576.8025,-46728.8433,4.2779,13.402,3.1328,0.0,31.212,class1_2026_04_27_14_39_11.csv,train,background,,4.801549691788393,hard
104.974,328,0.525561,-20.059,-34.6301,13.6982,-39.3009,-34.5701,-4.7308,29.841,-413.0482,-989.2072,-576.159,44192.7931,46772.7304,-46772.7304,13.3187,13.744,1.0319,0.957,29.841,class3_2026_05_14_14_40_57.csv,train,background,,3.7099464862788567,hard
132.733,415,0.664539,-20.395,-26.7577,12.4208,-13.5025,-34.5989,21.0964,2.6545,-2812.3787,-2687.9783,124.4004,-1749.2147,-1144.1991,-46246.0846,4.09,13.8385,3.3835,0.0,32.156,class2_2026_04_27_15_36_21.csv,train,background,,4.807253826334186,hard
34.14,106,0.170925,-14.477,-13.2483,1.9811,-14.4049,-12.117,-2.2879,5.405,-19.7731,-539.5247,-519.7516,-73.6677,115.9875,-73.6677,0.098,2.0213,20.6357,0.0,5.672,class3_2026_05_14_13_43_49.csv,train,background,,-47.57832886698351,random
136.562,427,0.683709,-49.9,-37.6981,13.7089,-25.2337,-36.6225,11.3888,2.9145,-3975.4998,-548.1307,3427.3692,-2973.3542,46803.5412,-43757.0564,11.2563,13.4274,1.1929,0.0,29.814,class2_2026_04_27_15_20_55.csv,train,background,,4.929360964362737,hard
145.815,456,0.730035,-20.391,-33.7756,14.4719,-43.5788,-38.0149,-5.5639,30.787,2154.9943,-5924.4813,-8079.4756,-1717.8668,48331.0047,-46537.6207,11.8596,13.5558,1.143,1.595,30.787,class2_2026_04_27_15_34_55.csv,train,background,,5.730729761579593,hard
188.57,590,0.944091,-21.616,-37.7284,13.7365,-37.6537,-40.8523,3.1986,29.579,3113.2104,1195.0983,-1918.1121,0.0,760.1897,-35402.8245,13.7782,12.873,0.9343,0.638,29.579,class2_2026_04_27_15_15_26.csv,train,background,,-4.4809585369466705,random
191.123,598,0.956873,-20.862,-38.8549,12.5067,-34.5144,-39.6833,5.1689,29.038,-1863.4461,-46.1047,1817.3414,-284.4632,45300.8736,-45514.1097,13.8136,12.9257,0.9357,0.639,29.038,class2_2026_04_27_15_16_23.csv,train,background,,1.2649966997853503,random
149.005,466,0.746144,-49.9,-43.6863,11.6395,-45.6848,-30.0903,-15.5945,29.207,962.7956,5580.897,4618.1014,0.0,41874.6113,0.0,9.438,12.7068,1.3464,0.0,29.207,class1_2026_04_27_14_47_50.csv,train,background,,5.211427671097439,hard
148.686,465,0.744547,-49.9,-46.9316,8.396,-45.6848,-30.0903,-15.5945,26.716,1811.92,6274.2507,4462.3307,-0.0,41874.6113,-0.0,9.438,12.7068,1.3464,0.0,26.716,class1_2026_04_27_14_47_50.csv,train,background,,0.15961358575783957,random
185.698,581,0.929885,-49.9,-41.3907,12.0939,-33.2104,-38.4132,5.2028,5.4495,-741.6257,-2768.877,-2027.2513,-6191.221,41647.3386,-35290.0037,13.3744,12.985,0.9709,0.0,27.392,class3_2026_05_14_12_54_33.csv,train,background,,-2.5901855221507617,random
127.628,399,0.63898,-7.49,-10.4016,2.9424,-15.527,-16.7384,1.2114,8.83,1103.5292,-5075.1286,-6178.6578,672.4138,9865.2038,-2802.5078,2.2523,9.1082,4.044,2.871,9.032,class2_2026_04_27_15_23_37.csv,train,connector,127.63,,positive
111.674,349,0.559105,-49.9,-43.2917,12.3642,-37.9379,-37.0592,-0.8787,30.096,-898.7641,200.0528,1098.8169,0.0,0.0,0.0,13.4393,14.3916,1.0709,0.0,30.096,class3_2026_05_14_14_34_08.csv,train,background,,-4.985753364915818,random
187.932,588,0.940897,-18.993,-35.0351,13.5492,-42.3984,-36.3626,-6.0358,30.907,2092.8221,5991.9224,3899.1003,0.0,44675.5533,-41442.011,12.2264,13.7799,1.1271,0.638,30.907,class2_2026_04_27_15_28_40.csv,train,background,,5.033153281530947,hard
135.604,424,0.678913,-20.615,-33.9583,14.2735,-22.3793,-38.069,15.6897,2.1505,-3293.3208,1045.3694,4338.6901,-1687.3792,45901.2571,-45963.4603,10.1666,13.3004,1.3083,0.958,29.383,class2_2026_04_27_15_16_58.csv,train,background,,6.808128732066089,hard
171.978,538,0.861022,-18.681,-31.111,13.3872,-36.251,-37.1677,0.9167,31.219,2090.0358,1735.0447,-354.9912,4578.3683,48932.605,-48719.4287,13.6931,14.2504,1.0407,1.277,31.219,class2_2026_04_27_15_26_18.csv,train,background,,3.698523798346101,hard
134.328,420,0.672524,-20.889,-27.8574,11.8144,-18.3427,-34.635,16.2923,0.455,-3295.8159,474.5215,3770.3374,-45819.7524,44054.8636,-45819.7524,8.4162,13.7165,1.6298,0.957,29.233,class2_2026_04_27_16_10_58.csv,train,background,,5.006306763174782,hard
190.484,596,0.953674,-49.9,-36.9263,14.534,-30.069,-36.0372,5.9682,4.45,356.9429,7026.0633,6669.1204,-47319.7539,48413.7978,-47319.7539,12.4631,13.9344,1.118,0.0,30.888,class3_2026_05_14_13_11_57.csv,train,background,,4.678592919053992,hard
184.103,576,0.921727,-20.897,-36.9418,14.4904,-37.7271,-30.0654,-7.6617,3.4765,-5446.5203,-1021.3068,4425.2135,269.594,45459.2524,-45459.2524,13.6207,12.4248,0.9122,1.276,29.871,class3_2026_05_14_14_39_37.csv,train,background,,2.7442813722736714,random
131.138,410,0.656553,-16.922,-17.0722,2.3767,-12.8073,-34.149,21.3417,3.954,-689.8887,-5031.7803,-4341.8916,-2721.7772,-2274.2947,-4280.5627,3.0817,14.2565,4.6262,0.0,7.136,class2_2026_04_27_16_01_41.csv,train,break,131.46,,positive
137.2,429,0.686903,-21.359,-29.5889,11.6431,-23.0431,-40.3424,17.2993,2.3055,-3010.9551,-3444.7197,-433.7646,-21351.1003,44735.1144,-44735.1144,9.6474,12.2492,1.2697,0.0,29.887,class1_2026_04_27_14_39_34.csv,train,background,,4.918261194421856,hard
127.628,399,0.63898,-8.147,-11.0662,2.9419,-16.1963,-15.9446,-0.2518,8.8485,1089.29,-3108.0894,-4197.3793,644.2006,9676.1845,-2800.9404,2.2745,4.6908,2.0623,2.871,9.173,class2_2026_04_27_15_39_46.csv,train,connector,127.95,,positive
87.744,274,0.439298,-49.9,-37.4044,13.9795,-37.8787,-42.3628,4.4842,28.809,1711.82,192.8484,-1518.9715,289.9671,44373.0439,-44663.011,13.4957,12.2249,0.9058,0.0,28.809,class3_2026_05_14_13_17_44.csv,train,background,,1.1292186116365945,random
136.881,428,0.685433,-49.9,-37.6183,13.8494,-27.1635,-38.9837,11.8202,3.155,-2192.2949,-242.8239,1949.471,-46631.6646,44175.9458,-46631.6646,12.3997,13.7,1.1049,0.0,29.751,class2_2026_04_27_15_34_41.csv,train,background,,5.078856336618364,hard
132.733,415,0.664539,-22.551,-30.1363,14.026,-15.5917,-40.3726,24.7809,1.9775,-4630.37,-633.437,3996.9331,-2081.5031,42866.7727,-46167.7147,9.0477,13.4796,1.4898,0.0,31.479,class2_2026_04_27_15_14_19.csv,train,background,,12.758001210595555,hard
115.503,361,0.578275,-20.426,-36.4683,15.0248,-34.6661,-36.5772,1.9111,20.1315,1398.4617,4768.9804,3370.5188,402.8213,46288.4044,-48695.9263,13.7686,15.0363,1.0921,1.276,31.068,class3_2026_05_14_12_56_25.csv,train,background,,4.927752588640169,hard
98.592,308,0.493609,-16.393,-16.4727,0.3346,-16.3843,-16.4859,0.1017,0.418,-35.3163,11.4196,46.736,900.8961,900.8961,-935.7367,0.3071,0.2136,0.6953,0.0,1.082,class2_2026_04_27_15_58_04.csv,train,background,,-56.015641931035844,random
191.761,600,0.960067,-20.934,-28.4624,11.5147,-39.0085,-39.1925,0.184,28.983,2862.0501,-4863.371,-7725.4211,-2951.4107,45427.9028,-44407.5251,13.668,13.4525,0.9842,2.233,28.983,class2_2026_04_27_15_12_38.csv,train,background,,-1.55706881728373,random
135.924,425,0.680515,-20.594,-34.4967,13.8629,-22.9164,-36.632,13.7156,2.1365,-6058.274,-1043.3082,5014.9658,46113.0009,46113.0009,-46327.5893,12.3912,13.4205,1.0831,0.958,29.557,class1_2026_04_27_14_46_41.csv,train,background,,5.804793781270607,hard
167.511,524,0.838658,-23.265,-34.6099,13.7137,-37.6835,-36.0156,-1.6679,30.094,1190.6278,-1450.8173,-2641.4451,-2040.7539,43059.5658,-41556.6188,13.6858,13.9592,1.02,1.277,30.094,class3_2026_04_27_16_18_51.csv,train,background,,2.1315101413119195,random
71.152,222,0.356228,-24.036,-33.9949,14.3584,-17.7743,-40.8281,23.0538,2.0625,-4919.0508,-882.8837,4036.1672,253.3699,3051.721,-48354.2367,8.6012,12.94,1.5044,0.0,30.85,class3_2026_05_14_13_10_35.csv,train,background,,5.542290806092939,hard
176.126,551,0.88179,-26.357,-29.1251,11.3299,-35.6697,-38.7464,3.0768,29.155,1706.5441,-3225.3728,-4931.9169,-34779.0,42040.7571,-34779.0,12.9032,13.9893,1.0842,1.595,29.155,class3_2026_05_14_14_40_05.csv,train,background,,-0.11611616766740451,random
138.476,433,0.693292,-23.266,-37.921,13.4839,-31.1722,-40.2795,9.1073,18.346,-2524.5811,-2197.2927,327.2885,43103.4514,43103.4514,-43103.4514,13.3233,13.6215,1.0224,0.957,30.123,class2_2026_04_27_15_57_16.csv,train,background,,4.580474554035631,hard
182.189,570,0.912144,-49.9,-37.3207,14.1117,-40.8393,-34.4984,-6.3409,29.794,3847.4589,-2399.3205,-6246.7794,6971.7868,39541.1498,-46699.0611,12.8404,13.8575,1.0792,0.0,29.794,class3_2026_04_27_16_18_40.csv,train,background,,3.8690905391276917,hard
133.052,416,0.666136,-21.924,-28.0813,11.7907,-16.557,-36.8549,20.2979,3.058,-4457.5115,-5658.4289,-1200.9174,-1998.431,43849.5329,-38473.3574,8.9094,13.1281,1.4735,0.0,31.067,class2_2026_04_27_15_46_14.csv,train,background,,8.29784499150356,hard
171.021,535,0.856231,-49.9,-34.2121,14.0647,-38.0633,-39.0478,0.9845,29.789,5480.4093,-1970.4157,-7450.825,-0.0,11581.5047,-0.0,13.3338,13.6108,1.0208,0.0,29.789,class2_2026_04_27_15_51_56.csv,train,background,,-2.945191937447063,random
130.18,407,0.651757,-15.298,-15.3946,2.143,-14.4332,-26.7326,12.2994,6.4785,1415.5588,-3572.513,-4988.0718,-3404.3871,-2131.6614,-3404.3871,3.5654,12.5294,3.5142,0.0,6.276,class2_2026_04_27_15_16_03.csv,train,break,131.14,,positive
134.328,420,0.672524,-22.088,-32.1301,12.8509,-18.4804,-39.7406,21.2602,1.765,-4395.1955,-3066.7732,1328.4223,8489.0282,43592.4812,-44840.1285,8.6964,12.8537,1.478,0.0,29.996,class2_2026_04_27_15_18_09.csv,train,background,,8.257522846497553,hard
171.659,537,0.859425,-49.9,-33.7822,14.4275,-35.697,-42.1357,6.4387,30.031,3920.4111,-2854.2027,-6774.6137,-45956.116,47070.5376,-45956.116,14.2404,12.5292,0.8798,0.0,30.031,class2_2026_04_27_15_24_02.csv,train,background,,4.306118440470474,hard
181.55,568,0.908945,-25.011,-31.3487,13.2201,-36.6106,-38.3639,1.7533,30.156,1019.7335,-3226.1635,-4245.897,243.8186,716.2994,-44973.3558,13.4199,13.0902,0.9754,0.639,30.156,class3_2026_05_14_13_33_21.csv,train,background,,-4.845640177230733,random
134.009,419,0.670927,-20.588,-30.6722,13.6395,-17.8216,-37.6712,19.8497,1.892,-4273.8524,101.1944,4375.0468,42719.4389,42719.4389,-45943.5784,8.5611,13.6912,1.5992,0.0,30.792,class2_2026_04_27_15_35_32.csv,train,background,,9.540901095836324,hard
180.912,566,0.905751,-49.9,-34.5744,13.7596,-42.4257,-32.2398,-10.1859,29.411,2062.2756,-3538.3527,-5600.6283,6504.7022,44279.0,-12073.6661,12.1431,12.6837,1.0445,0.0,29.411,class2_2026_04_27_16_06_20.csv,train,background,,4.748102818912751,hard
156.982,491,0.785944,-24.046,-37.3079,14.1132,-32.4789,-40.5492,8.0703,29.792,1482.967,2484.389,1001.422,-384.011,40523.5141,-45014.1097,13.9394,13.235,0.9495,1.276,29.792,class1_2026_04_27_14_47_25.csv,train,background,,4.31765624192049,hard
152.834,478,0.765176,-49.9,-35.4861,13.264,-42.1227,-36.7819,-5.3408,30.822,5474.3456,1831.3957,-3642.9498,7642.6317,48310.3495,-43454.547,12.6254,13.2945,1.053,0.0,30.822,class2_2026_04_27_15_48_47.csv,train,background,,4.468186395662247,hard
135.285,423,0.677316,-49.9,-31.369,13.1636,-18.6894,-32.8826,14.1932,0.648,-4166.6046,-750.8848,3415.7198,41539.1865,41539.1865,259.6199,8.3161,13.6265,1.6386,0.0,29.76,class1_2026_04_27_14_39_28.csv,train,background,,5.113950997458138,hard
189.846,594,0.95048,-49.9,-37.205,14.2506,-36.4549,-43.6668,7.2119,30.796,1770.7931,-1143.8963,-2914.6894,-46565.8339,46565.8339,-48345.1349,13.5338,11.6857,0.8634,0.0,30.796,class2_2026_04_27_15_34_05.csv,train,background,,4.505489564787624,hard
172.617,540,0.864221,-22.958,-37.4909,13.9305,-34.3863,-43.7764,9.3901,30.482,1312.665,-812.5007,-2125.1657,-263.9303,45103.4498,-39940.4436,13.9271,11.4789,0.8242,0.639,30.482,class2_2026_04_27_15_13_52.csv,train,background,,4.6276588210049745,hard
127.628,399,0.63898,-5.91,-8.801,2.8957,-13.933,-13.4468,-0.4862,8.8685,1147.5282,-2616.7712,-3764.2995,594.0439,9680.2508,-2750.7837,2.2597,4.3833,1.9398,2.871,8.936,class1_2026_04_27_14_44_55.csv,train,connector,127.63,,positive
21.378,66,0.107031,-17.456,-18.2586,2.1848,-16.3922,-17.0641,0.6719,0.26,-61.6417,1064.056,1125.6977,-7244.5125,344.791,-7244.5125,0.2756,1.9169,6.9562,0.0,5.946,class2_2026_04_27_15_58_37.csv,train,bend,20.42,,positive
180.912,566,0.905751,-19.711,-36.9494,14.5106,-32.7769,-39.0308,6.2539,19.057,-4355.492,392.2705,4747.7625,2862.069,47318.185,-48068.8395,13.6887,13.7006,1.0009,1.276,30.62,class2_2026_04_27_15_49_56.csv,train,background,,5.157205262180261,hard
150.601,471,0.753997,-23.545,-34.6997,13.6685,-39.9033,-33.2204,-6.6829,21.295,-2225.1457,-1546.9687,678.177,-2274.2962,44409.0956,-41308.7806,12.7254,13.3671,1.0504,1.276,30.406,class2_2026_04_27_15_20_40.csv,train,background,,3.952033240712736,hard
194.632,609,0.974441,-28.177,-34.7238,13.737,-33.1368,-41.5646,8.4278,29.288,-1831.1957,-2941.3469,-1110.1512,0.0,45905.9592,-45626.9608,13.4275,12.4153,0.9246,0.638,29.288,class2_2026_04_27_15_25_30.csv,train,background,,3.7367099767063223,hard
136.243,426,0.682112,-23.405,-32.2971,12.771,-25.0124,-33.5122,8.4998,4.3435,-5685.1438,-5289.1646,395.9792,33225.7085,46547.0266,-6868.3386,11.3409,13.2586,1.1691,0.0,31.238,class2_2026_04_27_15_20_26.csv,train,background,,3.9979603614702905,hard
18.187,56,0.091055,-49.9,-37.3656,14.0254,-33.1954,-43.6381,10.4427,29.188,-3270.5668,-4990.5654,-1719.9987,-2639.4984,45749.2194,-45293.1066,13.4072,11.7214,0.8743,0.0,29.188,class3_2026_05_14_14_40_57.csv,train,background,,4.234211787327851,hard
126.032,394,0.63099,-16.727,-15.459,2.8976,-15.4209,-13.552,-1.8689,5.5075,-681.2082,-567.5784,113.6298,-534.4812,1426.3323,-534.4812,1.0184,3.3932,3.3319,0.0,8.782,class2_2026_04_27_15_14_19.csv,train,bend,125.07,,positive
132.414,414,0.662942,-17.912,-17.8602,2.0627,-11.0536,-30.6062,19.5526,2.9195,-2593.7949,-4497.3791,-1903.5842,-1785.2665,-1785.2665,-4205.3292,3.5047,13.679,3.903,0.0,6.172,class1_2026_04_27_14_45_19.csv,train,break,132.41,,positive
57.113,178,0.285941,-23.089,-34.6694,13.666,-34.2177,-39.2363,5.0186,30.227,-2934.4255,-445.5223,2488.9032,739.8088,47377.7461,-42499.0137,14.0827,13.3914,0.9509,1.277,30.227,class3_2026_05_14_13_17_52.csv,train,background,,3.9892436122395822,hard
174.212,545,0.872207,-49.9,-37.28,14.1388,-38.7701,-34.8563,-3.9138,30.649,3814.599,2971.8792,-842.7197,-42579.942,42579.942,-42579.942,13.9905,13.5204,0.9664,0.0,30.649,class2_2026_04_27_15_14_19.csv,train,background,,3.6794521462376952,hard
81.044,253,0.405754,-17.928,-30.3722,14.1521,-33.2223,-31.6133,-1.609,10.492,757.3114,-199.5644,-956.8759,-8037.6176,55091.2061,-47061.1317,15.2852,14.855,0.9719,1.277,35.153,class3_2026_05_14_13_11_09.csv,train,background,,8.326356680678717,hard
156.982,491,0.785944,-49.9,-34.3927,14.0479,-32.3815,-39.2718,6.8903,19.3565,1092.4469,-1679.8465,-2772.2934,-11946.7116,45771.163,-34725.7069,14.0185,13.3954,0.9555,0.0,30.434,class2_2026_04_27_15_32_04.csv,train,background,,4.468885753531034,hard
35.736,111,0.178915,-7.207,-9.6304,2.2307,-13.6477,-12.5233,-1.1244,7.0935,991.3009,-1510.9821,-2502.283,-374.6082,8205.0358,-2568.9655,1.9425,2.185,1.1248,2.552,7.233,class3_2026_05_14_14_36_02.csv,train,connector,35.42,,positive
161.768,506,0.809905,-49.9,-34.413,13.8724,-34.9663,-36.6988,1.7324,10.0435,1189.3423,-2755.0716,-3944.4139,42877.7445,43471.7884,-42877.7445,13.6143,13.3124,0.9778,0.0,29.826,class2_2026_04_27_15_21_13.csv,train,background,,0.2157425810173924,random
148.048,463,0.741215,-49.9,-43.6892,11.6326,-42.1337,-36.5006,-5.6331,29.129,897.2797,712.8298,-184.4499,-0.0,45656.7429,-0.0,12.5402,13.4789,1.0749,0.0,29.129,class2_2026_04_27_15_22_05.csv,train,background,,1.4212084310679733,random
127.628,399,0.63898,-13.743,-22.9002,14.4636,-41.5584,-30.4716,-11.0868,36.157,3294.7077,-7485.7971,-10780.5047,264.8903,55768.0282,-3161.4404,13.6054,15.6157,1.1478,4.147,36.157,class3_2026_05_14_13_10_59.csv,train,background,,16.621447662199046,hard
124.756,390,0.624601,-19.639,-27.728,11.9785,-25.0053,-38.9967,13.9914,3.4405,-1979.8779,-6609.8899,-4630.012,1492.163,47431.0376,-47525.0815,11.2601,13.7107,1.2176,1.276,30.465,class3_2026_05_14_12_56_35.csv,train,background,,5.813134846193801,hard
193.037,604,0.966456,-25.698,-34.4338,13.9347,-35.9012,-42.0986,6.1974,30.445,-517.9079,1563.0235,2080.9314,-46368.3433,46368.3433,-46368.3433,14.0411,12.6066,0.8978,1.276,30.445,class1_2026_04_27_14_49_30.csv,train,background,,4.177398203885827,hard
147.091,460,0.736423,-49.9,-37.6631,13.8238,-39.5015,-33.5942,-5.9073,19.9075,-1829.4295,-7.6818,1821.7477,0.0,47739.8166,-44108.152,13.1237,13.1791,1.0042,0.0,30.458,class3_2026_05_14_13_17_52.csv,train,background,,3.953735526255434,hard
188.889,591,0.945689,-20.882,-34.2184,14.207,-38.8019,-34.8522,-3.9497,30.663,2067.0638,1744.7991,-322.2647,724.1364,47336.9953,-45482.7618,13.9427,13.6098,0.9761,1.276,30.663,class1_2026_04_27_14_45_49.csv,train,background,,4.509550252402009,hard
150.282,470,0.752399,-22.944,-34.094,14.1486,-32.6763,-41.8964,9.2201,28.962,5122.6831,-2187.597,-7310.2801,-44821.3182,45232.0215,-44821.3182,13.7711,12.9201,0.9382,1.596,28.962,class2_2026_04_27_15_12_38.csv,train,background,,4.472529525413593,hard
70.833,221,0.354631,-18.994,-22.7736,9.7053,-13.7284,-31.8032,18.0748,2.789,-2438.9232,-1306.9227,1132.0005,-3575.232,-1170.8448,-48241.0175,3.1519,12.985,4.1197,0.0,32.954,class3_2026_05_14_13_21_46.csv,train,break,70.19,,positive
179.317,561,0.897766,-49.9,-40.623,13.1494,-32.9474,-41.4309,8.4835,29.877,685.376,901.0762,215.7002,-46829.1552,46829.1552,-46829.1552,13.6462,12.0842,0.8855,0.0,29.877,class1_2026_04_27_14_36_42.csv,train,background,,3.7266272799044264,hard
58.39,182,0.292334,-19.5,-37.032,14.428,-48.3086,-38.0052,-10.3033,30.4,1924.5834,-1371.0688,-3295.6522,0.0,44689.3321,-47589.3448,6.5617,13.3795,2.039,0.638,30.4,class3_2026_05_14_12_58_49.csv,train,background,,6.981983288421382,hard
134.009,419,0.670927,-21.653,-35.1562,13.5928,-22.0504,-36.6662,14.6158,2.9325,-7275.885,837.4322,8113.3172,44459.2508,44459.2508,-44274.2978,12.8347,13.4145,1.0452,0.0,30.57,class2_2026_04_27_15_49_43.csv,train,background,,6.791286315046618,hard
152.834,478,0.765176,-21.442,-34.1073,14.1707,-44.0137,-31.4531,-12.5606,30.347,961.4751,-112.9976,-1074.4727,4004.7038,44605.0204,-46149.5419,11.0743,13.225,1.1942,1.915,30.347,class2_2026_04_27_15_47_51.csv,train,background,,7.691316659127873,hard
156.025,488,0.781152,-49.9,-37.2214,14.2091,-29.6577,-38.1762,8.5186,5.7195,44.8508,-1002.1716,-1047.0224,0.0,47830.7226,-44478.058,12.7721,13.2126,1.0345,0.0,30.516,class2_2026_04_27_16_07_48.csv,train,background,,4.706945689257204,hard
133.69,418,0.66933,-19.745,-23.568,9.4212,-13.4468,-34.2678,20.821,2.678,-2646.8194,-4323.3117,-1676.4922,-2584.6395,1231.9734,-47264.8918,4.3833,13.9984,3.1936,0.0,31.988,class1_2026_04_27_14_45_40.csv,train,background,,2.289541036520294,random
61.58,192,0.308305,-49.9,-30.4207,13.8486,-32.6614,-28.8094,-3.852,3.503,-2678.131,-4659.7926,-1981.6616,40659.8777,40659.8777,-44678.6865,13.8045,13.1327,0.9513,0.0,31.184,class3_2026_05_14_13_09_36.csv,train,background,,1.5226867396242096,random
134.009,419,0.670927,-28.129,-41.6214,11.8322,-25.1143,-45.0925,19.9782,28.848,-7610.4357,359.9794,7970.4151,0.0,37442.011,-45216.3041,13.7862,10.7511,0.7798,0.638,28.848,class2_2026_04_27_15_45_39.csv,train,background,,4.8476220764209295,hard
132.414,414,0.662942,-17.912,-17.8602,2.0627,-11.0536,-30.6062,19.5526,2.9195,-2593.7949,-4497.3791,-1903.5842,-1785.2665,-1785.2665,-4205.3292,3.5047,13.679,3.903,0.0,6.172,class1_2026_04_27_14_45_10.csv,train,break,132.09,,positive
191.761,600,0.960067,-49.9,-37.9677,13.5585,-31.9387,-34.1007,2.1619,4.603,-194.8033,2559.2413,2754.0446,-33374.6113,40824.6545,-46376.1787,12.8547,14.1694,1.1023,0.0,30.533,class2_2026_04_27_16_03_03.csv,train,background,,0.8501757888739276,random
190.165,595,0.952077,-24.83,-34.6739,13.6729,-42.2311,-34.9039,-7.3272,29.299,1417.3525,-1700.3731,-3117.7256,4189.652,44227.2743,-44836.5163,12.3762,13.6265,1.101,1.595,29.299,class3_2026_05_14_13_23_04.csv,train,background,,3.970602336918771,hard
131.138,410,0.656553,-14.796,-14.8644,2.2741,-10.8583,-25.4872,14.6289,3.9055,-617.039,-3533.0866,-2916.0475,-2428.1285,-1932.6019,-3561.1301,3.1346,11.2945,3.6032,0.0,6.693,class1_2026_04_27_14_37_11.csv,train,break,132.41,,positive
193.356,605,0.968053,-49.9,-38.6354,13.1304,-35.0403,-39.4612,4.4208,31.262,4677.8261,1856.8609,-2820.9651,-26020.3793,45206.8981,-26020.3793,13.5935,13.2759,0.9766,0.0,31.262,class3_2026_05_14_13_22_18.csv,train,background,,3.895907200467586,hard
191.123,598,0.956873,-19.519,-34.2514,14.0321,-30.4669,-43.5471,13.0802,30.381,3268.8874,-2597.4054,-5866.2928,3105.9246,47659.8709,-47619.127,12.2144,11.8862,0.9731,1.277,30.381,class3_2026_05_14_13_22_54.csv,train,background,,7.1374189716750935,hard
160.811,503,0.805114,-21.356,-33.8297,14.3804,-34.6715,-38.9697,4.2982,29.92,1890.7607,1244.7086,-646.0521,-1015.674,46896.5549,-45880.8809,13.6994,13.7137,1.001,1.595,29.92,class2_2026_04_27_15_46_14.csv,train,background,,4.1074770328394905,hard
156.982,491,0.785944,-49.9,-37.5279,13.881,-33.1582,-40.8077,7.6494,29.53,2390.1746,840.1348,-1550.0398,-45901.2571,45901.2571,-45901.2571,13.4742,12.9366,0.9601,0.0,29.53,class3_2026_05_14_12_56_13.csv,train,background,,4.160153333944145,hard
170.702,534,0.854634,-49.9,-37.3389,14.0799,-43.4786,-36.0658,-7.4128,30.385,2245.8267,893.0928,-1352.7339,0.0,47625.3966,-346.3934,12.0239,13.8832,1.1546,0.0,30.385,class3_2026_05_14_13_00_09.csv,train,background,,6.115793133270828,hard
133.052,416,0.666136,-49.9,-34.2022,14.3347,-13.8058,-38.5197,24.7139,2.6885,-2716.6891,1855.6266,4572.3157,-12117.5549,72.1034,-32531.3511,4.2887,12.8626,2.9992,0.0,31.149,class2_2026_04_27_16_02_21.csv,train,background,,6.17570366094378,hard
111.674,349,0.559105,-49.9,-35.7711,12.7509,-22.8384,-37.2314,14.3931,-0.5365,-5211.9577,-1201.0531,4010.9047,39731.9765,39731.9765,-39731.9765,9.9089,14.2506,1.4382,0.0,28.328,class3_2026_05_14_12_56_25.csv,train,background,,3.834898811855184,hard
115.503,361,0.578275,-21.335,-32.6383,12.3074,-42.3649,-34.2259,-8.1389,28.565,918.3217,-1.7794,-920.1011,-3647.3354,44772.732,-39454.547,12.1531,12.8415,1.0566,2.233,28.565,class3_2026_05_14_13_18_01.csv,train,background,,1.9520976075793703,random
134.009,419,0.670927,-49.9,-38.3497,13.2829,-19.0862,-35.558,16.4718,1.393,-4577.2332,-863.8534,3713.3798,-43586.2116,46885.5831,-43586.2116,9.6654,14.3633,1.486,0.0,29.913,class2_2026_04_27_15_21_13.csv,train,background,,7.911312433702106,hard
137.2,429,0.686903,-24.52,-38.0853,13.2611,-34.191,-38.6989,4.5079,29.522,3318.6399,2351.9928,-966.647,-41274.2994,46345.1447,-41274.2994,14.1085,14.0659,0.997,1.595,29.522,class3_2026_05_22_11_10_02.csv,train,background,,3.1554235097737475,random
134.647,421,0.674121,-49.9,-40.6366,13.2397,-20.7801,-35.0593,14.2792,3.217,-4759.1964,2351.9314,7111.1278,-46800.9436,47652.0423,-46800.9436,10.9443,13.3467,1.2195,0.0,30.402,class2_2026_04_27_15_24_02.csv,train,background,,6.596717351181655,hard
124.756,390,0.624601,-26.77,-31.5741,13.1598,-28.7671,-40.9897,12.2226,6.5055,1033.1329,-647.3039,-1680.4368,-398.1191,46420.0658,-46021.9467,11.6504,12.6499,1.0858,0.0,30.11,class3_2026_05_14_13_19_51.csv,train,background,,4.687840735326476,hard
127.628,399,0.63898,-8.024,-10.9418,2.9327,-16.0554,-15.5485,-0.5069,8.728,1180.813,-2524.1355,-3704.9485,521.9436,9805.6426,-2692.79,2.2833,4.4116,1.9321,2.871,9.07,class2_2026_04_27_15_22_54.csv,train,connector,127.63,,positive
131.776,412,0.659748,-18.65,-18.2031,2.1363,-12.6006,-29.2699,16.6694,2.8935,-2074.7022,-6223.2926,-4148.5904,-2528.2147,-2107.9484,-3978.0564,3.1441,12.9104,4.1062,0.0,6.238,class2_2026_04_27_16_07_33.csv,train,break,132.09,,positive
178.679,559,0.894571,-20.025,-33.705,14.4893,-43.7764,-35.9757,-7.8007,29.875,3573.9098,-2071.9257,-5645.8354,-0.0,46109.721,-45512.5408,11.4789,13.9913,1.2189,0.638,29.875,class2_2026_04_27_15_13_52.csv,train,background,,6.005155731679395,hard
135.924,425,0.680515,-49.9,-32.2223,12.8268,-23.0494,-33.5817,10.5323,4.3435,-4356.852,-4712.2102,-355.3582,-4735.7472,46547.0266,-6868.3386,9.819,13.202,1.3445,0.0,31.238,class2_2026_04_27_15_20_26.csv,train,background,,4.99437185021054,hard
181.55,568,0.908945,-49.9,-31.1631,13.4073,-31.0138,-39.3092,8.2954,6.526,-965.4217,-903.1555,62.2662,-48068.8395,47318.185,-48068.8395,13.4036,13.3427,0.9955,0.0,30.62,class2_2026_04_27_15_49_56.csv,train,background,,4.152098497891403,hard
163.364,511,0.817896,-49.9,-34.0612,14.1994,-34.1428,-41.0502,6.9074,29.802,238.0504,1876.5147,1638.4643,-46492.7555,46589.3433,-46492.7555,14.1311,12.7116,0.8995,0.0,29.802,class2_2026_04_27_16_03_45.csv,train,background,,4.2190346115369115,hard
164.321,514,0.822687,-21.933,-40.6799,13.076,-43.6922,-34.4001,-9.2921,29.569,2369.6132,3900.9709,1531.3576,0.0,43835.4248,-43835.4248,11.6444,13.8877,1.1926,0.638,29.569,class2_2026_04_27_15_16_23.csv,train,background,,4.905873568676872,hard
156.025,488,0.781152,-30.516,-32.1283,12.8736,-30.0758,-42.2578,12.182,17.4485,15.2759,-261.0325,-276.3084,-44420.0674,44804.0768,-44420.0674,12.37,12.3707,1.0001,0.0,29.706,class2_2026_04_27_15_25_30.csv,train,background,,4.317209553942104,hard
188.889,591,0.945689,-20.882,-34.2184,14.207,-38.8019,-34.8522,-3.9497,30.663,2067.0638,1744.7991,-322.2647,724.1364,47336.9953,-45482.7618,13.9427,13.6098,0.9761,1.276,30.663,class1_2026_04_27_14_45_40.csv,train,background,,4.509550252402009,hard
159.854,500,0.800322,-49.9,-41.1163,12.4541,-34.8586,-37.2951,2.4365,6.763,1383.0354,3197.4501,1814.4146,-38537.6207,40988.8115,-38537.6207,13.541,12.7193,0.9393,0.0,28.356,class3_2026_05_14_12_56_25.csv,train,background,,-3.007550377047518,random
102.74,321,0.514376,-19.492,-34.3661,13.9628,-37.4789,-36.1452,-1.3337,30.408,2312.7621,-2085.2775,-4398.0397,-1985.8934,47661.4436,-42100.315,13.9127,13.8246,0.9937,1.915,30.408,class3_2026_04_27_16_18_11.csv,train,background,,3.0052166423120577,random
137.519,430,0.6885,-19.838,-34.6357,13.6981,-31.6427,-42.5853,10.9427,30.062,-4164.5372,-25.1779,4139.3593,-42136.3668,47119.127,-43952.9812,13.0899,11.824,0.9033,0.957,30.062,class2_2026_04_27_15_41_02.csv,train,background,,5.37219337196267,hard
164.959,516,0.825881,-49.9,-40.528,13.2588,-31.4923,-42.2616,10.7693,28.856,-4113.9042,-1387.5141,2726.3901,0.0,45228.8417,-44112.8542,13.157,12.3347,0.9375,0.0,28.856,class2_2026_04_27_15_18_27.csv,train,background,,3.916096830999339,hard
136.243,426,0.682112,-21.229,-30.8811,13.5068,-25.3123,-34.9196,9.6073,3.5555,-4570.1256,-5837.1695,-1267.0439,434.1708,44719.0859,-44938.8746,11.3037,13.5951,1.2027,1.277,29.892,class2_2026_04_27_15_39_46.csv,train,background,,3.8595807510701046,hard
156.344,489,0.782749,-49.9,-40.5303,13.3003,-30.2366,-44.0161,13.7795,30.703,-3075.8436,-2761.0291,314.8145,-4631.6599,48123.826,-43492.1661,12.3579,11.0164,0.8914,0.0,30.703,class1_2026_04_27_14_39_34.csv,train,background,,6.532303663481599,hard
181.231,567,0.907348,-24.642,-43.9811,11.0922,-36.2203,-38.0096,1.7893,28.012,-2323.926,3666.2253,5990.1512,-0.0,39589.3448,-39651.3,13.7264,13.3703,0.9741,0.638,28.012,class3_2026_05_14_12_56_35.csv,train,background,,-2.9576746323702756,random
127.628,399,0.63898,-9.162,-11.8814,2.579,-16.9161,-19.4347,2.5187,8.451,1263.8931,-2435.5687,-3699.4618,586.2069,8968.652,-2829.1536,2.2116,11.2865,5.1033,2.871,7.868,class2_2026_04_27_16_00_33.csv,train,connector,127.95,,positive
185.698,581,0.929713,-49.9,-43.9091,11.2118,-30.2579,-33.1103,2.8524,1.208,-4087.0582,1062.1726,5149.2307,-0.0,41282.1348,-5587.7743,12.4074,13.4615,1.085,0.0,27.58,class2_2026_04_27_15_31_19.csv,train,background,,-4.189726359948574,random
124.118,388,0.621407,-49.9,-43.87,11.3314,-34.74,-23.0876,-11.6524,1.7825,-2523.4418,10036.3821,12559.8239,0.0,46078.3715,-0.0,13.6546,15.0359,1.1012,0.0,29.398,class3_2026_05_14_13_42_29.csv,train,background,,4.0071711082041785,hard
152.515,477,0.763579,-49.9,-33.797,14.4469,-39.0471,-34.2667,-4.7804,30.752,3827.4567,2447.483,-1379.9737,-41126.9639,41126.9639,-45956.116,13.6662,14.0128,1.0254,0.0,30.752,class1_2026_04_27_14_47_25.csv,train,background,,4.676937677211525,hard
194.632,609,0.974441,-20.716,-37.5804,13.7992,-39.6243,-35.8988,-3.7255,29.184,2957.6936,4031.4469,1073.7533,0.0,4739.8119,-44779.8169,12.9396,14.0521,1.086,0.638,29.184,class2_2026_04_27_16_02_21.csv,train,background,,-2.9836756798621002,random
159.535,499,0.798725,-23.366,-35.0327,13.5245,-47.1523,-36.7056,-10.4467,29.46,2901.4444,1177.6742,-1723.7702,14120.6865,41589.3464,-44440.4404,7.9015,13.3052,1.6839,1.276,29.46,class2_2026_04_27_15_12_38.csv,train,background,,4.901371557213201,hard
183.465,574,0.918533,-49.9,-36.892,14.5703,-35.9738,-37.638,1.6642,31.264,1507.5107,2357.4688,849.9582,-2228.8417,46495.3009,-44266.4592,13.9657,13.7622,0.9854,0.0,31.264,class2_2026_04_27_16_02_34.csv,train,background,,4.284317890187282,hard
127.628,399,0.63898,-6.466,-9.3859,2.8401,-14.4222,-14.3326,-0.0896,8.649,1126.6935,-2719.5779,-3846.2713,663.0094,9879.3103,-3377.7429,2.1758,4.8617,2.2344,2.871,8.584,class3_2026_04_27_16_18_51.csv,train,connector,127.63,,positive
134.328,420,0.672524,-49.9,-34.2927,13.9757,-18.639,-34.3068,15.6678,0.5725,-3563.6311,-1111.8327,2451.7985,-42274.2962,45492.1677,-45340.1285,8.5847,13.989,1.6295,0.0,29.024,class2_2026_04_27_16_02_06.csv,train,background,,6.663844876104645,hard
132.733,415,0.664539,-49.9,-29.157,12.0144,-14.2187,-34.6259,20.4072,2.839,-3633.4488,271.2596,3904.7084,-2656.7398,-2656.7398,-46885.5831,5.4754,13.8862,2.5361,0.0,32.645,class2_2026_04_27_15_21_13.csv,train,background,,4.865663641529168,hard
138.157,432,0.691695,-26.185,-34.5126,13.8708,-20.079,-42.5371,22.4581,2.227,-3034.7723,-81.4428,2953.3295,-46056.4279,46056.4279,-46056.4279,7.8171,11.9806,1.5326,0.0,29.677,class3_2026_05_14_14_36_02.csv,train,background,,8.977788912538065,hard
139.433,436,0.698083,-20.223,-41.1149,12.5063,-26.6958,-42.8547,16.1589,7.329,-6865.3479,-820.2437,6045.1042,40241.3824,46515.6771,-46515.6771,12.6399,11.4488,0.9058,0.638,29.677,class3_2026_05_14_14_36_02.csv,train,background,,4.731418536118637,hard
104.336,326,0.522367,-22.343,-40.4692,13.3477,-24.9189,-37.9261,13.0072,3.297,-7652.475,2066.5179,9718.9929,46380.8809,46380.8809,-46380.8809,13.7316,13.4546,0.9798,0.0,29.591,class3_2026_05_14_14_34_08.csv,train,background,,5.222478079574534,hard
127.628,399,0.63898,-8.418,-11.3366,2.9435,-16.5216,-15.9447,-0.5769,8.864,1214.873,-2638.2191,-3853.0921,579.9373,9977.4661,-2713.1661,2.3134,4.4241,1.9124,2.871,9.367,class2_2026_04_27_15_32_04.csv,train,connector,127.63,,positive
105.612,330,0.528755,-49.9,-34.6823,13.7157,-40.9249,-34.7271,-6.1978,30.174,2366.1926,-3955.2242,-6321.4167,-943.5721,42040.7571,-46351.1019,12.7722,13.6295,1.0671,0.0,30.174,class3_2026_05_14_12_55_08.csv,train,background,,4.015379960753762,hard
144.538,452,0.723642,-49.9,-39.8857,14.1659,-43.8659,-37.9106,-5.9553,30.787,1064.868,-3509.5642,-4574.4322,0.0,46760.1928,-1717.8668,11.3138,13.6913,1.2101,0.0,30.787,class2_2026_04_27_15_34_55.csv,train,background,,5.578337226051415,hard
142.943,447,0.715656,-22.308,-34.3174,14.0548,-32.7388,-40.8678,8.1289,30.699,-2755.1753,-3781.136,-1025.9607,48117.558,48117.558,-43247.6505,13.7296,12.8628,0.9369,0.957,30.699,class2_2026_04_27_16_09_22.csv,train,background,,5.9445963757288975,hard
153.153,479,0.766773,-23.305,-34.2181,14.0612,-35.95,-41.4601,5.5101,30.601,421.6181,-598.4768,-1020.0949,-43200.6317,47963.953,-43200.6317,14.0249,12.0411,0.8586,0.957,30.601,class2_2026_04_27_15_25_54.csv,train,background,,3.8272467127749024,hard
188.57,590,0.944091,-49.9,-34.5654,13.7582,-45.5958,-34.5833,-11.0124,29.365,1557.2887,-2738.9164,-4296.2051,0.0,41449.8464,-31.348,9.6279,13.7889,1.4322,0.0,29.365,class3_2026_05_14_13_09_36.csv,train,background,,5.67106746721569,hard
133.371,417,0.667733,-24.291,-30.8051,13.6178,-14.588,-37.7637,23.1757,1.6155,-2665.9033,2114.0132,4779.9166,-40993.7335,-1037.6144,-44123.826,4.3931,13.6954,3.1175,0.0,31.248,class2_2026_04_27_15_24_25.csv,train,background,,5.7290081011064435,hard
71.472,223,0.357831,-49.9,-26.7114,12.4408,-14.417,-33.3729,18.9559,2.096,-2523.8006,-3132.5927,-608.7921,237.5531,237.5531,-46697.4953,3.7996,13.3644,3.5173,0.0,31.653,class3_2026_05_14_13_21_46.csv,train,connector,66.68,,positive
133.69,418,0.66933,-22.964,-31.5513,13.1156,-15.5069,-38.1666,22.6597,1.3205,-2856.3777,4394.5482,7250.9259,-36449.8464,2952.9796,-42219.4373,4.7616,13.2476,2.7822,0.0,30.1,class2_2026_04_27_15_27_06.csv,train,background,,3.8696848939380106,hard
122.523,383,0.613422,-49.9,-31.9372,16.232,-23.6968,-30.7428,7.046,5.8765,3824.68,3168.7974,-655.8826,-7336.9906,54874.6113,-46572.1034,12.2036,15.9624,1.308,0.0,35.01,class3_2026_05_14_13_18_55.csv,train,background,,13.14794563191267,hard
135.924,425,0.680515,-27.802,-31.5861,13.1211,-21.3082,-36.2217,14.9135,1.495,-3033.5983,1889.4597,4923.058,-47055.5665,45192.7947,-47055.5665,10.5108,13.9159,1.324,0.0,30.024,class1_2026_04_27_14_47_19.csv,train,background,,6.499642807207241,hard
35.736,111,0.178915,-9.4,-11.3488,1.6146,-13.9468,-13.4353,-0.5114,4.9825,654.8844,-1015.6644,-1670.5488,-572.1003,6083.0721,-2155.1724,1.3079,1.4653,1.1204,2.233,5.033,class3_2026_05_14_13_15_32.csv,train,connector,36.05,,positive
179.955,563,0.90096,-26.842,-44.1844,10.7662,-37.4503,-34.7848,-2.6655,16.8065,-5176.6187,3065.3435,8241.9622,44485.8966,44485.8966,-44485.8966,13.9587,13.609,0.9749,0.957,28.382,class3_2026_05_14_13_19_51.csv,train,background,,-2.285039494713331,random
138.795,434,0.694889,-49.9,-34.0468,14.1948,-25.2294,-34.2696,9.0402,1.9695,-2086.3664,-1398.8149,687.5515,-43039.1881,43039.1881,-46655.174,11.175,14.0372,1.2561,0.0,29.766,class3_2026_05_14_13_43_01.csv,train,background,,4.052393788266593,hard
134.966,422,0.675719,-49.9,-34.2086,14.086,-21.1291,-36.0901,14.961,1.5545,-5152.3218,-1433.8918,3718.43,42277.4326,46714.7351,-46891.8527,10.6655,13.849,1.2985,0.0,29.917,class2_2026_04_27_16_08_56.csv,train,background,,7.347854125078867,hard
171.978,538,0.861022,-49.9,-37.4387,13.9689,-34.7734,-43.5709,8.7974,30.168,-273.5429,-411.9767,-138.4338,-42338.5611,42338.5611,-42338.5611,13.5841,11.8641,0.8734,0.0,30.168,class1_2026_04_27_14_47_19.csv,train,background,,4.00029566607942,hard
132.095,413,0.661345,-49.9,-29.0038,14.8153,-13.5596,-31.7687,18.2091,2.526,-2481.808,1472.3034,3954.1113,-774.2947,-774.2947,-46915.3636,3.3402,13.0267,3.9,0.0,33.282,class2_2026_04_27_15_39_04.csv,train,break,131.14,,positive
12.125,37,0.060705,-21.564,-23.1529,9.5231,-15.2806,-35.8017,20.5211,1.451,-1552.9026,-2946.5071,-1393.6045,-4203.7602,1556.4232,-46760.1928,2.992,14.1403,4.726,0.0,31.742,class3_2026_05_14_13_17_44.csv,train,break,9.89,,positive
127.628,399,0.63898,-8.901,-11.856,3.0104,-16.7538,-17.8461,1.0923,8.6385,1070.2859,-2492.2412,-3562.5271,587.7743,10282.1301,-2819.7492,2.2148,8.6915,3.9243,2.871,9.173,class2_2026_04_27_15_38_53.csv,train,connector,127.63,,positive
165.278,517,0.827478,-23.036,-33.9274,14.3262,-40.7686,-35.9624,-4.8062,30.958,1048.2735,-354.3499,-1402.6234,4622.2602,44181.8213,-42106.5878,12.9409,14.0457,1.0854,1.276,30.958,class3_2026_05_14_13_18_55.csv,train,background,,5.255783045834476,hard
138.795,434,0.694889,-28.957,-31.5688,13.2098,-27.1616,-40.6962,13.5346,4.759,-1918.2118,-1076.9754,841.2364,-192.7884,32826.0204,-47404.2952,12.2965,13.0884,1.0644,0.0,30.369,class3_2026_05_14_13_33_21.csv,train,background,,3.9746994041907278,hard
35.736,111,0.178915,-9.77,-11.6744,1.5078,-13.9946,-13.5072,-0.4874,4.595,561.132,-889.2249,-1450.3568,-242.9467,5666.1442,-2194.3574,1.14,1.2951,1.1361,2.233,4.694,class3_2026_05_14_13_43_17.csv,train,connector,35.74,,positive
22.016,68,0.110225,-19.732,-17.5231,1.2763,-16.2231,-16.2038,-0.0192,-0.0855,-315.3779,359.6609,675.0388,-1514.105,-416.159,-1514.105,0.6208,0.9218,1.4848,0.0,3.617,class2_2026_04_27_15_57_48.csv,train,bend,20.42,,positive
153.153,479,0.766773,-49.9,-40.3263,13.5778,-41.8418,-34.7856,-7.0563,30.739,1156.6489,33.9351,-1122.7138,-6757.0549,48180.2555,-45235.3529,13.0103,13.5819,1.0439,0.0,30.739,class3_2026_05_22_11_06_12.csv,train,background,,5.7107194827243175,hard
135.924,425,0.680515,-49.9,-40.8207,12.8454,-25.3375,-40.691,15.3535,2.3285,-6104.6241,-4294.008,1810.6162,0.0,44097.1803,0.0,11.4966,13.0487,1.135,0.0,28.134,class2_2026_04_27_15_41_02.csv,train,background,,3.8893072210239596,hard
147.41,461,0.73802,-23.501,-37.4538,13.9392,-36.3748,-29.5154,-6.8594,3.045,-4110.6123,2696.1025,6806.7148,-0.0,46673.9843,-43202.1975,13.5881,12.6606,0.9317,0.0,29.778,class2_2026_04_27_15_28_40.csv,train,background,,2.1720228928968544,random
134.009,419,0.670927,-20.978,-27.9366,11.8579,-17.9686,-33.1396,15.1709,1.334,-4327.5444,-2347.7239,1979.8205,2032.9138,45332.29,-46010.9749,8.7965,13.474,1.5317,0.0,30.517,class2_2026_04_27_15_16_58.csv,train,background,,5.708548098886576,hard
57.113,178,0.285941,-14.642,-14.6334,0.1448,-14.5598,-14.6121,0.0523,0.1495,-42.0458,5.5473,47.5931,136.3636,327.5862,-385.5799,0.1222,0.1061,0.8681,0.0,0.438,class1_2026_04_27_14_47_13.csv,train,background,,-56.98054999953177,random
164.321,514,0.822687,-49.9,-34.5461,13.8304,-41.0014,-35.1458,-5.8556,29.773,796.3699,-974.2043,-1770.5743,0.0,45299.312,-46666.1458,12.6715,13.334,1.0523,0.0,29.773,class2_2026_04_27_16_07_58.csv,train,background,,3.7388034412364237,hard
127.628,399,0.63898,-22.792,-33.905,14.3767,-35.9097,-40.432,4.5223,31.496,-227.9499,-3564.3736,-3336.4237,0.0,45051.2158,-49366.7759,14.0301,13.472,0.9602,0.638,31.496,class3_2026_05_14_13_16_09.csv,train,background,,5.315490202125716,hard
137.2,429,0.686903,-23.382,-30.9546,13.4251,-21.6629,-35.8414,14.1784,0.66,-4559.9781,541.9214,5101.8995,-1247.6473,41564.2665,-45553.2947,10.3363,14.1122,1.3653,0.0,29.587,class3_2026_05_14_13_43_01.csv,train,background,,5.5790494454041895,hard
138.476,433,0.693292,-19.528,-40.5396,13.2707,-32.9016,-38.6713,5.7697,18.902,-3722.3594,4666.9291,8389.2885,0.0,47605.0188,-47605.0188,13.6592,14.0904,1.0316,0.638,30.372,class1_2026_04_27_14_37_06.csv,train,background,,4.073271733534596,hard
179.955,563,0.90096,-20.901,-30.9586,13.3995,-42.2389,-31.5329,-10.7059,29.098,1945.8925,-2522.841,-4468.7334,-43711.6034,44606.5862,-43711.6034,12.3642,13.0507,1.0555,1.276,29.098,class1_2026_04_27_14_49_51.csv,train,background,,4.771590081692808,hard
127.628,399,0.63898,-7.997,-10.9338,3.0181,-16.0014,-15.3681,-0.6334,8.766,1146.5517,-2590.6491,-3737.2009,636.3636,10222.4208,-2727.2727,2.2704,4.1532,1.8293,2.871,9.474,class2_2026_04_27_15_25_54.csv,train,connector,127.63,,positive
132.095,413,0.661345,-20.256,-25.786,13.0223,-13.1792,-34.2413,21.0622,2.5565,-2438.7005,-3340.5862,-901.8857,-2280.5643,-763.3213,-46463.9514,3.3299,14.0977,4.2337,0.0,33.714,class2_2026_04_27_15_34_05.csv,train,break,131.46,,positive
136.881,428,0.685306,-49.9,-38.1514,13.2429,-24.1521,-42.487,18.3349,3.643,-2592.9926,-1986.6565,606.3362,-41308.7806,41308.7806,-41308.7806,9.4307,12.0396,1.2766,0.0,28.678,class2_2026_04_27_16_06_20.csv,train,background,,4.998878432834493,hard
135.924,425,0.680515,-49.9,-37.5062,13.9146,-24.336,-38.6225,14.2865,3.433,-2650.1232,713.496,3363.6192,-46194.785,45858.9373,-46194.785,11.6888,12.7095,1.0873,0.0,29.611,class2_2026_04_27_15_48_07.csv,train,background,,5.609902352460869,hard
132.095,413,0.661345,-21.797,-34.0263,14.2744,-17.8088,-39.3803,21.5715,1.405,-4213.0495,953.895,5166.9446,-45396.5549,44048.5909,-45396.5549,8.2698,13.2966,1.6078,0.0,30.594,class3_2026_05_14_13_15_32.csv,train,background,,10.520221878192327,hard
120.289,376,0.602237,-19.943,-37.4264,13.9929,-40.5368,-33.4717,-7.0652,29.957,-625.1106,5404.7924,6029.903,40239.8166,46954.547,-46954.547,13.2852,13.1805,0.9921,0.957,29.957,class3_2026_05_14_14_34_08.csv,train,background,,4.745519994178155,hard
150.601,471,0.753997,-22.417,-31.5683,13.1775,-41.1526,-34.7897,-6.3629,30.123,3069.0717,-266.2078,-3335.2795,1938.8715,45275.8652,-43355.8025,12.4846,13.8362,1.1083,1.276,30.123,class2_2026_04_27_15_38_31.csv,train,background,,4.25205908772039,hard
161.449,505,0.808308,-49.9,-46.8634,8.5887,-35.9073,-40.8946,4.9872,27.329,-2091.8227,1238.4973,3330.32,-0.0,0.0,-0.0,14.0096,12.793,0.9132,0.0,27.329,class2_2026_04_27_15_43_31.csv,train,background,,-10.097687034253054,random
137.838,431,0.690097,-49.9,-34.6251,13.7604,-29.2699,-40.2713,11.0014,5.3505,-4523.3234,-3756.033,767.2903,44840.1285,46523.5141,-44858.9357,12.9104,13.628,1.0556,0.0,29.682,class2_2026_04_27_16_07_33.csv,train,background,,4.951935036970948,hard
134.009,419,0.670927,-49.9,-27.2644,12.1564,-14.4411,-36.1606,21.7195,1.553,-2734.2246,263.5316,2997.7562,1260.1897,2595.6113,-47065.8339,4.59,13.7955,3.0056,0.0,30.799,class1_2026_04_27_14_47_36.csv,train,background,,3.736549727401036,hard
179.636,562,0.899363,-49.9,-34.6619,13.6923,-33.2626,-42.5648,9.3022,29.751,4503.9576,-342.9185,-4846.876,-46631.6646,44076.8072,-46631.6646,13.3645,11.8599,0.8874,0.0,29.751,class2_2026_04_27_16_00_33.csv,train,background,,3.8545144619097504,hard
143.262,448,0.717253,-20.543,-33.9094,14.3508,-43.3344,-34.6981,-8.6363,30.055,4020.5355,1573.0466,-2447.489,40427.9028,47108.1552,-44940.4404,12.2859,13.622,1.1087,1.276,30.055,class2_2026_04_27_15_39_15.csv,train,background,,6.30559896125464,hard
131.457,411,0.65815,-17.599,-17.8524,2.5696,-12.6862,-28.4372,15.7509,4.309,-1390.6171,-3407.8626,-2017.2455,-4680.2508,-2185.8498,-4794.6708,3.1658,11.6153,3.669,0.0,7.984,class2_2026_04_27_15_53_18.csv,train,break,131.78,,positive
151.877,475,0.760385,-49.9,-30.1137,13.9993,-42.0778,-33.2372,-8.8406,30.627,6520.206,-4940.7199,-11460.9259,-1268.0251,46449.848,-48004.7038,12.6862,13.4244,1.0582,0.0,30.627,class3_2026_05_14_13_42_54.csv,train,background,,6.433201940724911,hard
134.966,422,0.675719,-23.337,-40.6512,13.1053,-23.0085,-36.7546,13.7461,3.0285,-7705.5099,102.5808,7808.0907,-0.0,41634.7994,-41634.7994,12.5775,13.2841,1.0562,0.0,29.74,class2_2026_04_27_15_27_06.csv,train,background,,4.701872246147985,hard
127.628,399,0.63898,-7.998,-10.8849,2.8519,-14.8194,-17.2664,2.447,6.971,542.8822,-2813.4352,-3356.3174,628.5266,9633.2288,-2699.0596,1.9298,8.9849,4.6559,2.552,8.77,class2_2026_04_27_15_15_03.csv,train,connector,127.63,,positive
161.449,505,0.808308,-19.616,-33.53,14.6522,-37.8481,-34.357,-3.4911,18.1335,-1282.2943,269.9748,1552.2691,47145.7727,47467.0893,-47467.0893,13.5075,13.9725,1.0344,0.957,30.284,class3_2026_05_14_14_39_37.csv,train,background,,3.792085592160207,hard
150.601,471,0.753997,-49.9,-37.2898,14.1233,-41.0431,-32.9863,-8.0567,29.925,2151.4198,-253.1233,-2404.543,1909.0925,44995.2994,-44547.0251,12.5531,13.5824,1.082,0.0,29.925,class2_2026_04_27_15_51_44.csv,train,background,,5.379717206477915,hard
148.367,464,0.742812,-49.9,-32.6564,12.3401,-34.7515,-33.472,-1.2795,5.456,3952.9545,-2889.436,-6842.3905,0.0,0.0,0.0,13.6294,13.2629,0.9731,0.0,29.722,class2_2026_04_27_16_06_59.csv,train,background,,-7.757676511802581,random
183.146,573,0.916936,-21.448,-40.082,13.9096,-40.9423,-35.5443,-5.3981,31.489,-4001.5866,-888.22,3113.3666,49355.8041,49355.8041,-49355.8041,12.7003,14.4008,1.1339,0.957,31.489,class3_2026_05_14_13_41_43.csv,train,background,,6.779134293106803,hard
170.064,532,0.85144,-20.029,-31.7348,12.8913,-39.2084,-40.8324,1.624,29.871,2661.2793,-533.7533,-3195.0326,788.4028,42100.315,-46819.7539,13.4255,12.8544,0.9575,1.914,29.871,class3_2026_05_22_11_06_12.csv,train,background,,0.14238431873325347,random
133.69,418,0.66933,-21.48,-27.895,11.8294,-17.7423,-33.3538,15.6114,1.098,-4008.2102,-759.719,3248.4912,-1072.1003,44545.4577,-45285.2712,8.5663,13.2776,1.55,0.0,29.936,class2_2026_04_27_15_16_03.csv,train,background,,5.066505124562374,hard
55.199,172,0.276358,-49.9,-36.5,14.9871,-34.1317,-37.5101,3.3783,18.199,3366.9632,2186.942,-1180.0212,-46108.1536,46108.1536,-46108.1536,14.1513,13.8827,0.981,0.0,31.076,class3_2026_05_14_13_17_52.csv,train,background,,4.4742730816183425,hard
137.2,429,0.686903,-24.071,-34.7641,13.6095,-26.4574,-42.261,15.8036,3.8745,468.9326,-245.1316,-714.0641,-44456.1144,38047.0266,-44456.1144,10.6432,12.3554,1.1609,0.0,29.05,class2_2026_04_27_16_05_41.csv,train,background,,4.220537971107556,hard
127.628,399,0.63898,-7.795,-10.6207,2.7714,-15.7794,-15.6582,-0.1212,8.6925,1155.7894,-2778.3461,-3934.1355,644.2006,9721.0031,-2802.5078,2.2597,4.751,2.1025,2.871,8.355,class2_2026_04_27_15_52_49.csv,train,connector,127.63,,positive
127.628,399,0.63898,-1.025,-4.595,4.2427,-13.3329,-8.5226,-4.8103,12.417,2072.1005,-2654.7981,-4726.8986,826.0188,16513.6744,-2733.5423,3.9076,4.305,1.1017,3.828,13.725,class3_2026_05_14_14_36_02.csv,train,connector,127.63,,positive
188.251,589,0.942494,-21.324,-34.8716,13.5014,-39.0425,-34.9356,-4.1069,28.576,2468.7889,-2909.4591,-5378.248,-6148.8997,44789.9734,-37300.9451,13.6454,13.4308,0.9843,1.595,28.576,class2_2026_04_27_15_40_35.csv,train,background,,1.4373913634027657,random
169.107,529,0.846648,-19.841,-31.1832,13.2742,-38.8873,-40.7261,1.8387,30.059,4657.3187,744.783,-3912.5357,-44562.6991,45680.5247,-47114.4232,13.8143,13.0129,0.942,1.915,30.059,class2_2026_04_27_15_50_35.csv,train,background,,1.378346596698937,random
181.231,567,0.907348,-22.878,-37.3064,14.1003,-40.5531,-36.0227,-4.5304,29.674,920.4803,2102.3535,1181.8731,45810.348,45810.348,-45595.724,11.8598,13.9279,1.1744,0.958,29.674,class1_2026_04_27_14_48_13.csv,train,background,,3.788522483204077,hard
165.278,517,0.827478,-49.9,-37.841,13.5098,-40.7348,-39.5239,-1.2109,28.066,3480.5196,-1750.1985,-5230.7181,-4935.7367,43261.7586,-39054.8621,12.9704,13.035,1.005,0.0,28.066,class2_2026_04_27_16_10_35.csv,train,background,,-1.0481179018306648,random
158.577,496,0.793929,-27.131,-34.6107,13.7964,-37.172,-36.2939,-0.8781,29.4,2285.146,1313.5531,-971.5929,223.0506,2257.0502,-1101.8793,14.2563,13.6968,0.9608,0.639,29.4,class1_2026_04_27_14_44_55.csv,train,background,,-4.829997909751684,random
155.706,487,0.779555,-49.9,-37.185,14.2541,-33.1281,-42.2141,9.0861,30.034,-2014.8986,-3239.7662,-1224.8676,-446.7085,47075.2398,-44808.7806,13.5264,12.447,0.9202,0.0,30.034,class2_2026_04_27_15_44_43.csv,train,background,,5.405139893283818,hard
175.169,548,0.876998,-23.819,-37.304,14.1356,-31.9451,-38.1521,6.2069,8.476,-2131.1442,-1205.0058,926.1385,0.0,46037.6207,-48210.0345,12.8351,13.2936,1.0357,0.0,30.758,class2_2026_04_27_15_43_31.csv,train,background,,3.7353312289122953,hard
133.052,416,0.666136,-22.404,-26.5881,12.5159,-13.8069,-31.0323,17.2254,1.3665,-2415.7305,1927.9047,4343.6352,-587.7743,-587.7743,-43097.1834,3.9025,13.405,3.4349,0.0,31.478,class2_2026_04_27_15_24_13.csv,train,break,131.78,,positive
140.071,438,0.701277,-26.158,-34.6452,13.7903,-32.789,-39.7046,6.9156,18.492,2799.6089,-1491.0994,-4290.7084,232.5823,8318.1803,-37038.822,13.7154,12.8516,0.937,0.639,29.959,class2_2026_04_27_15_39_59.csv,train,background,,-1.9432706644302766,random
192.718,603,0.964859,-49.9,-37.567,13.8124,-35.561,-41.1347,5.5737,29.25,-387.266,2486.6795,2873.9454,-0.0,44641.0674,-42600.315,14.359,12.5086,0.8711,0.0,29.25,class2_2026_04_27_16_03_33.csv,train,background,,2.2562999220084077,random
188.251,589,0.942494,-21.623,-37.8714,13.4958,-38.3995,-36.1817,-2.2178,28.277,1047.9402,3001.156,1953.2158,-6130.0925,44321.3213,-44321.3213,13.0443,13.7954,1.0576,1.276,28.277,class3_2026_05_14_13_33_21.csv,train,background,,0.4553987976432784,random
133.69,418,0.66933,-49.9,-34.304,13.9935,-15.6582,-40.7182,25.06,1.415,-2932.1188,1102.0245,4034.1432,-40199.0627,-2672.4138,-46952.9812,4.751,13.0627,2.7495,0.0,29.956,class2_2026_04_27_15_52_49.csv,train,background,,5.420824274326009,hard
103.059,322,0.515974,-49.9,-36.804,14.6497,-19.5124,-39.2315,19.7191,0.954,-6326.2551,-2832.7494,3493.5057,0.0,0.0,0.0,11.297,13.4905,1.1942,0.0,30.43,class3_2026_05_14_13_00_27.csv,train,background,,3.7170319907828584,hard
188.889,591,0.945689,-20.882,-34.2184,14.207,-38.8019,-34.8522,-3.9497,30.663,2067.0638,1744.7991,-322.2647,724.1364,47336.9953,-45482.7618,13.9427,13.6098,0.9761,1.276,30.663,class1_2026_04_27_14_45_10.csv,train,background,,4.509550252402009,hard
137.519,430,0.6885,-20.596,-34.4383,13.9124,-42.7525,-34.5933,-8.1592,29.453,1452.0425,-4646.6958,-6098.7383,1749.2147,45931.0361,-44163.011,11.6711,13.7444,1.1776,1.914,29.453,class3_2026_05_14_13_17_52.csv,train,background,,5.064853208412224,hard
134.647,421,0.674121,-49.9,-31.3393,13.2088,-21.1168,-37.299,16.1822,2.05,-3480.3664,480.3459,3960.7123,-44561.1332,43474.9248,-44561.1332,10.7141,14.1522,1.3209,0.0,30.551,class2_2026_04_27_15_18_27.csv,train,background,,7.685001358852346,hard
189.208,592,0.947286,-49.9,-30.5351,13.703,-43.7846,-37.5749,-6.2097,29.655,4961.1667,-3360.725,-8321.8916,-45567.4028,45567.4028,-46363.6395,11.4884,13.8569,1.2062,0.0,29.655,class2_2026_04_27_16_03_33.csv,train,background,,4.186186197186793,hard
131.776,412,0.659748,-16.619,-16.5988,2.2238,-10.8942,-27.2214,16.3272,3.3595,-2090.6276,-6185.1777,-4094.5501,-3158.3072,-2397.8042,-4888.7179,3.1985,12.3129,3.8496,0.0,6.557,class1_2026_04_27_14_37_52.csv,train,break,132.09,,positive
127.628,399,0.63898,-5.91,-8.801,2.8957,-13.933,-13.4468,-0.4862,8.8685,1147.5282,-2616.7712,-3764.2995,594.0439,9680.2508,-2750.7837,2.2597,4.3833,1.9398,2.871,8.936,class1_2026_04_27_14_45_40.csv,train,connector,127.63,,positive
109.76,343,0.549523,-49.9,-28.7998,15.1916,-21.6949,-29.0132,7.3183,5.688,1306.4545,2704.5393,1398.0848,-7520.3762,16183.3856,-46532.9185,10.4558,15.0568,1.44,0.0,35.19,class3_2026_05_14_13_18_55.csv,train,background,,6.402640099561335,hard
35.736,111,0.178948,-9.037,-11.1214,1.7425,-13.9836,-13.5253,-0.4583,5.472,699.2646,-1183.3872,-1882.6518,-521.9436,6269.5925,-2344.8276,1.4291,1.6785,1.1745,2.552,5.556,class3_2026_05_14_12_54_33.csv,train,connector,35.42,,positive
183.146,573,0.916936,-49.9,-36.9904,14.4547,-33.6731,-38.7089,5.0359,30.951,3721.3145,604.3242,-3116.9903,1452.9781,43463.953,-44916.931,14.537,14.036,0.9655,0.0,30.951,class2_2026_04_27_15_51_19.csv,train,background,,5.354822428869907,hard
136.881,428,0.685306,-19.457,-37.1506,14.3144,-32.2865,-37.3542,5.0677,5.697,-2546.8701,2604.8382,5151.7083,6032.9169,47716.3025,-47716.3025,14.2002,14.0461,0.9891,0.957,30.443,class2_2026_04_27_15_15_03.csv,train,background,,3.728443984888485,hard
131.776,412,0.659748,-20.336,-19.1931,2.4962,-13.2879,-35.9743,22.6864,3.0615,-2103.2323,-5237.8059,-3134.5736,-1170.8464,-1170.8464,-5109.7179,3.3006,14.0009,4.2419,0.0,6.828,class2_2026_04_27_15_39_15.csv,train,break,131.78,,positive
50.732,158,0.253994,-26.344,-38.051,13.3023,-39.8938,-40.7606,0.8668,27.898,3170.0552,2331.8542,-838.201,23.5094,42796.2398,-43727.2743,12.6471,12.9494,1.0239,1.276,27.898,class3_2026_05_14_13_18_01.csv,train,background,,-1.688972426249229,random
119.97,375,0.60064,-49.9,-37.1254,14.2889,-33.8817,-39.1728,5.2911,29.505,1332.395,138.9995,-1193.3955,-44542.3229,46246.0846,-44542.3229,14.3559,13.4731,0.9385,0.0,29.505,class3_2026_04_27_16_18_00.csv,train,background,,3.8109030402097215,hard
193.675,606,0.96965,-49.9,-37.3357,14.1154,-39.4129,-36.5847,-2.8282,30.923,603.6534,3629.3492,3025.6957,-0.0,48468.6567,-45938.8746,13.2102,13.3805,1.0129,0.0,30.923,class2_2026_04_27_15_29_31.csv,train,background,,4.102868331736113,hard
144.219,451,0.722044,-24.572,-28.4962,11.5414,-32.7468,-40.679,7.9322,29.78,3164.6065,-4333.0713,-7497.6778,-39253.9201,44225.7085,-46746.687,13.736,13.094,0.9533,1.914,29.78,class1_2026_04_27_14_37_00.csv,train,background,,2.5949624379885816,random
127.628,399,0.63898,-8.324,-11.1832,2.8521,-16.3727,-17.3987,1.026,8.6915,1201.0274,-2925.9748,-4127.0022,710.0313,9967.0846,-2789.9687,2.2811,8.9137,3.9076,2.871,8.579,class2_2026_04_27_15_26_28.csv,train,connector,127.63,,positive
142.624,446,0.714059,-19.725,-37.6014,13.8856,-36.4041,-42.1413,5.7372,30.175,218.6211,-1745.4317,-1964.0528,10805.6411,47296.2414,-47296.2414,13.7066,12.5471,0.9154,1.276,30.175,class3_2026_05_14_14_40_05.csv,train,background,,3.721372792685097,hard
135.604,424,0.678913,-49.9,-40.4008,13.4575,-22.5531,-40.69,18.1369,2.5545,-3533.5397,3091.9511,6625.4908,-46119.0877,46047.0266,-46119.0877,10.0654,13.031,1.2946,0.0,29.566,class2_2026_04_27_16_00_46.csv,train,background,,7.350030754111476,hard
153.791,481,0.769968,-28.503,-38.4254,12.9426,-34.5122,-37.9838,3.4717,16.4905,-2014.7931,1113.3005,3128.0936,209.6101,43473.3574,-42556.4279,13.8412,13.4066,0.9686,0.639,27.736,class2_2026_04_27_16_10_35.csv,train,background,,-1.1011246676205368,random
105.293,329,0.527158,-21.459,-46.7399,8.9381,-31.7828,-39.0554,7.2726,18.838,-8658.5129,6335.6886,14994.2015,0.0,44578.373,-44578.373,14.7889,13.6147,0.9206,0.638,28.441,class3_2026_05_14_12_59_21.csv,train,background,,-1.2583952596240353,random
104.336,326,0.522367,-49.9,-35.0292,13.4333,-41.1096,-33.2117,-7.8979,29.26,8.8906,-2717.0035,-2725.8942,39570.5376,45867.946,-39570.5376,12.4926,13.3943,1.0722,0.0,29.26,class3_2026_05_14_13_21_46.csv,train,background,,4.051372908086456,hard
110.717,346,0.554314,-49.9,-28.3096,15.5152,-25.4534,-25.7705,0.3171,5.5995,-1674.9088,-634.0528,1040.856,40775.8652,40775.8652,-54786.837,13.3715,13.3668,0.9996,0.0,34.963,class3_2026_05_14_13_18_55.csv,train,background,,4.973591037625776,hard
130.818,409,0.654951,-16.402,-16.2401,2.3283,-13.0227,-30.5973,17.5747,4.3605,165.7721,-1682.4564,-1848.2284,-2914.3121,-1965.5172,-4768.0251,3.1921,13.7623,4.3113,0.0,7.258,class2_2026_04_27_15_57_38.csv,train,break,131.46,,positive
127.628,399,0.63898,-8.623,-11.5591,3.0115,-16.6413,-17.7145,1.0732,8.6895,1181.0796,-2790.9757,-3972.0554,639.4984,10407.0469,-2719.4357,2.2964,8.8023,3.8331,2.871,9.557,class2_2026_04_27_15_29_31.csv,train,connector,127.63,,positive
181.231,567,0.907348,-49.9,-38.2784,13.2484,-40.2255,-33.6729,-6.5526,29.871,3027.353,-581.6544,-3609.0074,-0.0,46819.7539,-1697.4922,13.7256,13.1153,0.9555,0.0,29.871,class2_2026_04_27_15_18_27.csv,train,background,,3.741549182613998,hard
141.348,442,0.707671,-49.9,-40.824,12.8582,-36.4421,-41.1648,4.7227,29.094,1792.6285,-2430.1397,-4222.7682,4155.174,41446.71,-45601.884,13.5426,12.4972,0.9228,0.0,29.094,class2_2026_04_27_15_16_58.csv,train,background,,0.4674861333355691,random
131.457,411,0.65815,-19.72,-22.454,9.9006,-14.2463,-34.0082,19.7619,3.385,-1460.6619,960.2652,2420.927,-6915.3621,-2449.3162,-47304.0799,2.882,14.2436,4.9423,0.0,34.051,class2_2026_04_27_15_12_38.csv,train,background,,4.495896545137822,hard
179.636,562,0.899363,-49.9,-35.1327,13.3082,-42.0696,-31.9973,-10.0723,29.688,1475.6756,8.9323,-1466.7433,36653.6097,46532.9185,-36653.6097,12.6483,12.7158,1.0053,0.0,29.688,class3_2026_05_14_13_11_48.csv,train,background,,4.953771968160407,hard
133.371,417,0.667733,-49.9,-30.0909,14.0261,-14.8486,-38.6959,23.8474,1.7105,-2562.3279,943.327,3505.6549,-45639.5016,854.232,-48750.7853,4.2796,14.0902,3.2924,0.0,31.103,class2_2026_04_27_15_50_20.csv,train,background,,6.57208754245216,hard
135.285,423,0.677316,-20.708,-33.7698,14.4369,-21.6842,-37.6907,16.0065,1.962,-3578.8142,5453.9834,9032.7977,-43385.5846,46202.1975,-45827.0939,10.3468,13.6745,1.3216,0.638,29.678,class2_2026_04_27_16_02_47.csv,train,background,,7.72249284753787,hard
158.258,495,0.792332,-49.9,-34.1476,14.1309,-29.8052,-39.2247,9.4196,4.591,-194.8712,-81.653,113.2182,-0.0,45791.5408,-255.241,12.5735,13.4101,1.0665,0.0,29.881,class3_2026_05_22_11_05_05.csv,train,background,,4.309713620938623,hard
127.628,399,0.63898,-8.769,-11.7047,2.9174,-16.7467,-16.3879,-0.3587,8.629,1121.5762,-2653.452,-3775.0282,579.9373,10122.2586,-2716.3009,2.2409,4.543,2.0273,2.871,8.86,class2_2026_04_27_15_45_59.csv,train,connector,127.63,,positive
189.208,592,0.947286,-20.142,-33.8932,14.3271,-34.3183,-40.5515,6.2332,29.758,-1821.8904,63.342,1885.2324,43529.7837,46642.6364,-46642.6364,13.9887,13.2346,0.9461,0.957,29.758,class2_2026_04_27_15_35_08.csv,train,background,,4.405762285675783,hard
133.371,417,0.667733,-20.609,-29.7498,14.3158,-12.6593,-29.4004,16.7411,2.2295,-2664.0083,5687.2677,8351.276,-47532.9201,-1775.8605,-47532.9201,4.3644,11.1083,2.5452,0.0,32.291,class1_2026_04_27_14_49_51.csv,train,background,,1.9806242772861904,random
169.745,531,0.849843,-22.32,-37.4828,13.8891,-40.8238,-32.7927,-8.0311,28.616,3374.836,830.8926,-2543.9433,2126.9608,43228.8433,-44605.0204,12.8755,13.6895,1.0632,1.276,28.616,class3_2026_05_22_11_05_50.csv,train,background,,3.7235709545706923,hard
134.647,421,0.674121,-23.434,-34.5142,13.8064,-21.2834,-36.3642,15.0807,2.1805,-4720.1681,-431.1417,4289.0264,2253.9169,44996.8699,-47250.7868,10.6892,13.6027,1.2726,0.0,30.146,class2_2026_04_27_15_28_02.csv,train,background,,6.984675578478517,hard
192.718,603,0.964859,-21.44,-40.1392,13.8096,-32.3974,-42.2447,9.8473,30.155,48.427,3759.5062,3711.0792,-45818.1865,45818.1865,-45818.1865,13.9805,12.4491,0.8905,0.957,30.155,class1_2026_04_27_14_37_39.csv,train,background,,5.373760633160471,hard
133.371,417,0.667733,-20.813,-27.7637,11.9354,-15.2048,-35.8267,20.6219,2.053,-2806.1274,-1430.7135,1375.4139,3796.2398,3796.2398,-45590.9122,4.5717,14.0923,3.0825,0.0,31.211,class2_2026_04_27_16_00_46.csv,train,background,,3.8624567827368295,hard
133.052,416,0.666136,-27.992,-31.6339,13.1801,-15.9512,-38.2206,22.2694,2.0985,-5014.5813,1511.64,6526.2213,37786.837,37786.837,-46736.6787,9.1588,13.1397,1.4347,0.0,30.334,class2_2026_04_27_15_42_28.csv,train,background,,8.786384782630762,hard
131.138,410,0.656553,-16.57,-16.5292,2.224,-12.5914,-30.4352,17.8438,3.6485,-633.4301,-8020.0885,-7386.6584,-1335.6861,-1335.6861,-5605.0157,3.1239,13.9592,4.4686,0.0,7.292,class2_2026_04_27_15_23_51.csv,train,break,131.14,,positive
44.67,139,0.223644,-24.744,-40.7778,12.9421,-29.4979,-40.2901,10.7922,5.877,-4608.4651,-247.5027,4360.9624,0.0,46370.2623,-39429.4718,12.8503,13.5998,1.0583,0.0,29.538,class3_2026_05_14_13_11_57.csv,train,background,,4.05485962502938,hard
135.924,425,0.680515,-49.9,-37.9212,13.6355,-23.1004,-38.4449,15.3445,3.721,-4345.0516,-728.7663,3616.2854,-45193.2298,48169.2837,-45193.2298,12.3604,13.0126,1.0528,0.0,30.732,class1_2026_04_27_14_47_43.csv,train,background,,7.557882099803374,hard
133.371,417,0.667733,-49.9,-37.5889,13.8238,-23.2884,-39.1424,15.8541,2.0175,-4541.4759,2651.5773,7193.0532,-44487.4639,46615.9906,-44487.4639,12.313,13.5572,1.101,0.0,29.741,class3_2026_05_14_13_41_43.csv,train,background,,7.179681873567505,hard
136.243,426,0.682112,-49.9,-34.421,13.8839,-26.4193,-37.7301,11.3108,2.916,-4137.3503,19.9134,4157.2637,-0.0,46026.6489,-45855.8041,12.7894,13.6857,1.0701,0.0,29.365,class2_2026_04_27_15_57_48.csv,train,background,,4.727662273856794,hard
97.316,304,0.487221,-0.518,-3.0874,2.6801,-12.2477,-8.5082,-3.7396,12.0115,2813.0577,-2565.6849,-5378.7426,-1095.6113,16169.279,-5410.6583,4.7366,3.9391,0.8316,3.51,8.67,class3_2026_05_14_14_36_30.csv,train,connector,97.0,,positive
138.795,434,0.694889,-49.9,-37.0809,14.3515,-25.5024,-36.2377,10.7353,1.581,-6109.1842,-930.7389,5178.4453,-0.0,46882.4483,-0.0,13.1804,13.8871,1.0536,0.0,29.911,class3_2026_05_14_14_40_05.csv,train,background,,5.529371844009257,hard
139.433,436,0.698083,-20.41,-30.8176,13.5839,-33.1974,-38.6169,5.4196,18.4685,1715.1747,1346.3652,-368.8095,3377.7414,44498.4357,-48352.9826,13.3843,14.1649,1.0583,1.914,30.801,class2_2026_04_27_15_44_16.csv,train,background,,4.148641023707596,hard
22.016,68,0.110225,-20.921,-18.1197,1.6234,-16.5692,-16.4767,-0.0925,-0.238,-324.2852,477.2535,801.5387,-1898.116,43.8871,-1898.116,0.78,1.1183,1.4338,0.0,4.369,class2_2026_04_27_15_59_08.csv,train,bend,20.74,,positive
134.009,419,0.670927,-22.206,-30.4764,13.7801,-16.0031,-39.2596,23.2565,3.1935,-4925.362,-517.6102,4407.7518,0.0,0.0,-47318.185,9.2115,13.374,1.4519,0.0,31.164,class1_2026_04_27_14_37_39.csv,train,background,,5.498941226804782,hard
131.138,410,0.656553,-17.15,-16.8261,2.2113,-12.9092,-30.8376,17.9284,4.618,-569.6856,-6025.2129,-5455.5273,-3671.9951,-1959.2476,-3671.9951,3.2297,13.6016,4.2114,0.0,6.15,class2_2026_04_27_16_08_20.csv,train,break,131.78,,positive
160.492,502,0.803665,-49.9,-37.36,14.0246,-28.9768,-41.0117,12.0348,8.0975,-1108.8231,2174.2295,3283.0526,-44959.2508,44959.2508,-44959.2508,11.5806,12.7667,1.1024,0.0,28.684,class2_2026_04_27_15_25_18.csv,train,background,,3.956783746036373,hard
14.996,46,0.075079,-21.32,-37.6809,13.7143,-24.2501,-37.4397,13.1896,0.7325,-4710.5581,3144.3821,7854.9401,0.0,43605.0188,-44796.2414,11.5898,13.9725,1.2056,0.0,29.105,class3_2026_05_14_13_17_44.csv,train,background,,5.042707848768882,hard
182.827,572,0.915339,-49.9,-40.3556,13.5063,-40.8746,-33.3112,-7.5634,29.687,1021.8221,1044.8632,23.0411,0.0,46604.1717,-44736.6803,12.8613,13.4858,1.0486,0.0,29.687,class2_2026_04_27_16_05_41.csv,train,background,,4.552186638357253,hard
186.975,585,0.936106,-21.397,-37.9729,13.5873,-43.9372,-34.4175,-9.5197,30.907,1301.6135,853.1463,-448.4671,11156.7398,44675.5533,-44675.5533,11.2945,14.0758,1.2462,1.276,30.907,class2_2026_04_27_15_28_40.csv,train,background,,7.036503935588161,hard
153.791,481,0.769968,-20.555,-34.4274,13.8877,-40.7435,-34.4169,-6.3266,29.657,2403.618,-2342.4318,-4746.0498,-2842.3561,46484.3292,-43631.6646,12.9926,13.9445,1.0733,1.596,29.657,class2_2026_04_27_15_32_04.csv,train,background,,4.5967818452679134,hard
142.943,447,0.715656,-29.258,-35.1503,13.3873,-36.3053,-39.2564,2.9511,28.979,-1231.5535,-691.9124,539.6411,-43786.8354,43786.8354,-45421.6332,13.6092,13.4317,0.987,1.276,28.979,class2_2026_04_27_16_02_47.csv,train,background,,1.0389023841696818,random
153.472,480,0.76837,-49.9,-34.8087,13.6026,-34.6812,-38.0263,3.3451,18.133,28.482,-3349.6866,-3378.1686,43025.0799,43025.0799,-46545.4577,13.6657,13.3515,0.977,0.0,29.696,class2_2026_04_27_16_05_41.csv,train,background,,1.1795605815534107,random
168.469,527,0.843454,-49.9,-40.4841,13.3163,-36.0712,-34.5221,-1.5491,3.513,-476.1411,303.1875,779.3286,-44390.2853,44457.1968,-44454.5486,13.8726,13.7925,0.9942,0.0,28.362,class3_2026_05_22_11_10_02.csv,train,background,,-1.551870986414341,random
133.69,418,0.66933,-23.017,-23.9384,9.2913,-15.2171,-32.7588,17.5418,1.556,-4989.008,-4862.3334,126.6746,42905.9608,42905.9608,684.9498,9.3633,13.7167,1.4649,0.0,31.342,class1_2026_04_27_14_39_17.csv,train,background,,5.4935711241441165,hard
140.71,440,0.704476,-25.001,-37.7571,13.644,-40.6608,-37.4621,-3.1988,30.188,1077.985,1150.6253,72.6403,-0.0,44203.7649,-39026.6505,13.1004,13.9971,1.0684,0.638,30.188,class2_2026_04_27_16_05_29.csv,train,background,,3.1172874605370215,random
131.457,411,0.65815,-17.48,-17.385,2.0662,-12.7561,-35.6707,22.9147,3.1335,-1414.0515,-5438.0449,-4023.9934,-1333.8558,-1333.8558,-5517.2414,3.1172,14.4113,4.6231,0.0,6.968,class2_2026_04_27_15_47_51.csv,train,break,131.46,,positive
194.951,610,0.976219,-49.9,-34.4664,13.8975,-36.0097,-41.1115,5.1017,31.236,2964.6566,-346.6928,-3311.3495,-41181.8229,45481.1959,-48959.2508,13.9144,12.618,0.9068,0.0,31.236,class3_2026_05_14_12_54_33.csv,train,background,,4.281141139617435,hard
130.18,407,0.651757,-15.084,-15.3344,2.3072,-14.0151,-28.3868,14.3717,6.2615,1296.6889,-7341.8671,-8638.556,-3606.5846,-2199.0596,-4902.8213,3.3242,13.4715,4.0526,0.0,6.606,class2_2026_04_27_15_38_53.csv,train,break,130.82,,positive
134.009,419,0.670927,-49.9,-27.7783,11.9264,-14.3698,-36.1441,21.7743,2.2125,-2586.4915,-1132.2453,1454.2461,-4373.0392,3775.8636,-40945.1442,4.5182,13.7761,3.049,0.0,31.045,class1_2026_04_27_14_49_22.csv,train,background,,4.001911409129513,hard
156.663,490,0.784346,-49.9,-40.4311,13.4083,-27.878,-36.1604,8.2824,3.4945,1221.9179,4180.7552,2958.8374,-3641.0658,47122.2602,-43481.1944,11.851,13.7937,1.1639,0.0,30.064,class2_2026_04_27_16_07_33.csv,train,background,,3.7938980098601403,hard
165.597,518,0.829075,-49.9,-39.9027,14.1676,-37.2522,-39.4789,2.2268,31.769,3163.135,4468.4206,1305.2857,-47440.4436,43793.1082,-47440.4436,14.197,13.0705,0.9207,0.0,31.769,class2_2026_04_27_15_49_00.csv,train,background,,3.7657816765068293,hard
170.702,534,0.854634,-20.443,-30.9313,13.466,-34.3622,-42.4513,8.0891,30.502,4438.8807,-5145.4805,-9584.3611,44362.0721,44362.0721,-46170.848,13.9814,12.0268,0.8602,0.957,30.502,class3_2026_05_14_13_16_46.csv,train,background,,4.009960843818546,hard
97.316,304,0.487221,-21.309,-29.0701,14.9954,-33.1306,-35.1287,1.9982,12.153,3206.1616,3776.9881,570.8265,-43920.0658,52611.2884,-44813.4828,15.2398,15.0928,0.9903,0.0,35.225,class3_2026_05_14_13_11_09.csv,train,background,,9.221901238146277,hard
186.975,585,0.936106,-21.998,-37.6399,13.7562,-28.0114,-40.5608,12.5493,5.3665,334.8416,2291.2942,1956.4527,-38744.5172,43733.547,-43733.547,10.0705,13.2118,1.3119,0.638,29.381,class2_2026_04_27_15_19_23.csv,train,background,,4.680063204263522,hard
185.379,580,0.928115,-49.9,-40.3909,13.472,-33.2939,-42.2584,8.9644,30.014,-1909.7736,1601.5709,3511.3446,0.0,41785.2712,-3153.6066,13.3515,12.3437,0.9245,0.0,30.014,class2_2026_04_27_15_26_18.csv,train,background,,3.87395935320065,hard
129.223,404,0.646966,-11.965,-11.8493,2.1681,-13.8657,-26.8757,13.0099,8.338,2239.4302,-8227.9251,-10467.3553,-3264.8903,-2004.7022,-3493.7304,3.5504,14.568,4.1031,2.871,6.796,class2_2026_04_27_15_57_38.csv,train,background,,-29.755043287709885,random
127.628,399,0.63898,-8.877,-11.6748,2.7456,-16.5499,-22.7994,6.2496,8.274,1081.5455,-5137.9124,-6219.4579,615.9875,9289.9687,-2706.8966,2.1657,14.8748,6.8682,2.871,8.45,class3_2026_04_27_16_17_30.csv,train,connector,127.95,,positive
146.453,458,0.733229,-22.567,-34.5088,13.7913,-41.0682,-33.2967,-7.7716,29.38,-762.4359,991.7445,1754.1804,5222.569,42841.6975,-44434.1708,12.5316,13.4056,1.0697,1.276,29.38,class2_2026_04_27_15_32_53.csv,train,background,,3.9781056301012967,hard
131.457,411,0.65815,-15.796,-15.6679,2.2466,-10.7862,-28.5276,17.7413,3.709,-1406.0048,-5764.621,-4358.6162,-2625.3918,-2509.8024,-3929.4671,3.1424,13.3706,4.2549,0.0,6.981,class1_2026_04_27_14_49_08.csv,train,break,132.09,,positive
134.328,420,0.672524,-49.9,-40.7003,13.0567,-20.3791,-42.6404,22.2613,3.657,-5236.3118,1852.9042,7089.2161,-42931.0376,39777.4342,-42931.0376,11.1545,11.7633,1.0546,0.0,30.029,class2_2026_04_27_15_35_57.csv,train,background,,7.588005341388903,hard
178.041,557,0.891377,-22.641,-34.485,13.8089,-41.0456,-32.6944,-8.3512,29.397,-1030.1996,-2504.1787,-1473.9791,-0.0,41835.992,-46076.8056,12.5481,13.749,1.0957,0.638,29.397,class2_2026_04_27_15_58_04.csv,train,background,,4.45160657289833,hard
133.69,418,0.66933,-49.9,-34.9443,13.8045,-19.8312,-35.0969,15.2658,2.3015,-5891.4579,1290.2742,7181.7321,44274.2978,44274.2978,-44274.2978,11.1735,13.4268,1.2017,0.0,30.57,class2_2026_04_27_15_49_43.csv,train,background,,7.222557719435476,hard
133.371,417,0.667733,-22.569,-27.6019,12.0129,-14.4977,-37.8533,23.3557,2.0965,-2584.9054,1378.5832,3963.4886,-47832.2931,5550.1583,-47832.2931,4.3959,13.4917,3.0691,0.0,30.685,class2_2026_04_27_15_53_29.csv,train,background,,4.509090459222131,hard
143.581,449,0.71885,-24.107,-33.9094,14.3508,-41.7034,-34.6121,-7.0914,30.055,5326.5353,1420.2194,-3906.3159,-1073.6708,47081.5078,-44940.4404,13.2192,13.6933,1.0359,1.276,30.055,class2_2026_04_27_15_39_15.csv,train,background,,5.602668663255124,hard
178.998,560,0.896168,-19.461,-34.0824,14.1964,-38.4033,-34.6307,-3.7726,20.683,-3479.8854,-1027.8265,2452.0589,43912.2273,47710.0345,-47710.0345,13.0398,13.7139,1.0517,0.957,30.439,class1_2026_04_27_14_39_28.csv,train,background,,3.690966590167643,hard
127.628,399,0.63898,-8.216,-11.0499,2.7864,-16.2262,-17.4106,1.1844,8.799,1254.5776,-4981.2745,-6235.852,572.1003,9427.8997,-2727.2727,2.2793,8.9597,3.931,2.871,8.58,class2_2026_04_27_15_54_02.csv,train,connector,127.63,,positive
178.041,557,0.891377,-49.9,-44.5484,10.2205,-41.2326,-42.1044,0.8719,28.441,-1420.1165,1916.1978,3336.3143,-0.0,30913.7962,-44578.373,12.3919,12.6266,1.0189,0.0,28.441,class3_2026_05_22_11_06_12.csv,train,background,,-5.535292970600584,random
92.53,289,0.463259,-25.239,-32.8984,15.4651,-30.7732,-34.4657,3.6925,10.013,-3047.6701,4588.8851,7636.5552,0.0,38653.6082,-55167.7147,13.9217,15.6025,1.1207,0.0,35.197,class3_2026_05_14_13_11_09.csv,train,background,,8.74798021650276,hard
137.2,429,0.686903,-19.872,-33.5318,14.6946,-26.1009,-37.4485,11.3476,3.8375,-2453.127,-5070.6365,-2617.5095,0.0,47059.5658,-175.5486,10.7813,14.0495,1.3031,0.638,30.633,class2_2026_04_27_15_17_19.csv,train,background,,7.088714569564847,hard
152.515,477,0.763579,-49.9,-32.0179,12.7979,-37.5506,-36.2733,-1.2773,30.105,7760.3472,4017.3524,-3742.9948,-40275.8652,9435.7367,-40275.8652,13.8685,13.6809,0.9865,0.0,30.105,class1_2026_04_27_14_39_28.csv,train,background,,-3.7307725059422054,random
128.585,402,0.643772,-49.9,-37.4797,13.9002,-32.2501,-42.3152,10.0651,28.729,979.1055,1799.7905,820.685,-45029.7837,44873.0439,-45029.7837,14.1031,12.2551,0.869,0.0,28.729,class3_2026_05_14_12_56_02.csv,train,background,,3.832370554524254,hard
132.095,413,0.661345,-18.89,-21.5338,10.1564,-12.3217,-34.1984,21.8767,2.285,-2407.0982,-3073.6355,-666.5372,-2224.1395,-1057.9922,-48605.0204,3.2901,14.1425,4.2986,0.0,34.431,class2_2026_04_27_15_24_51.csv,train,break,131.78,,positive
135.604,424,0.678913,-20.588,-28.92,11.3103,-19.5987,-37.9857,18.3869,1.982,-3100.2323,-4826.4636,-1726.2313,-44808.3959,42006.2727,-44808.3959,8.0663,13.3568,1.6559,0.958,29.312,class3_2026_04_27_16_18_40.csv,train,background,,5.213135606452222,hard
101.464,317,0.507988,-19.659,-29.4642,14.5158,-13.6622,-40.6317,26.9695,2.537,-2522.3789,2988.913,5511.292,-47423.2022,-716.3009,-47423.2022,3.2623,13.1509,4.0311,0.0,32.83,class3_2026_05_14_13_00_09.csv,train,break,100.51,,positive
135.924,425,0.680515,-30.427,-36.4229,12.3182,-25.8311,-40.4544,14.6233,4.6075,-5011.6439,1326.6063,6338.2502,-190.7622,43150.4718,-44717.8699,11.3599,13.3916,1.1788,0.0,28.53,class2_2026_04_27_15_45_59.csv,train,background,,3.794729566665414,hard
177.083,554,0.886581,-20.05,-40.4062,13.4474,-42.2236,-34.9581,-7.2656,29.85,-2029.305,-1828.8275,200.4775,41980.2061,46786.8386,-46829.4148,12.3973,13.4087,1.0816,0.958,29.85,class2_2026_04_27_16_00_02.csv,train,background,,4.479734811359508,hard
127.628,399,0.63898,-8.516,-11.3897,2.8302,-16.5032,-20.6539,4.1507,8.727,1178.4477,-4616.8668,-5795.3145,586.2069,9526.6458,-2739.8119,2.253,13.4861,5.9858,2.871,8.726,class2_2026_04_27_15_39_04.csv,train,connector,127.63,,positive
127.628,399,0.639099,-11.861,-13.5886,1.2299,-14.976,-23.5813,8.6053,3.4395,351.6146,-5465.846,-5817.4606,43.8871,4611.2853,-2694.3574,0.7687,12.2419,15.9249,1.595,3.437,class3_2026_05_14_12_54_33.csv,train,connector,127.95,,positive
133.052,416,0.666136,-20.293,-26.5198,12.6213,-14.8876,-32.9146,18.0269,3.193,-4869.4393,-3494.1048,1375.3345,46202.1975,46202.1975,-46202.1975,9.2608,13.6283,1.4716,0.0,32.902,class2_2026_04_27_15_24_51.csv,train,background,,10.316473013245552,hard
127.628,399,0.63898,-7.611,-10.4912,2.8678,-15.5581,-15.2387,-0.3193,8.7485,1142.1023,-2710.0648,-3852.167,581.5047,9495.2978,-2804.0752,2.2466,4.4587,1.9847,2.871,8.906,class2_2026_04_27_16_10_45.csv,train,connector,127.63,,positive
161.768,506,0.809905,-49.9,-40.726,12.9834,-43.6541,-36.3418,-7.3123,28.277,2870.5811,-1535.9895,-4406.5705,0.0,43835.4248,-44321.3213,11.6887,13.6361,1.1666,0.0,28.277,class2_2026_04_27_16_00_46.csv,train,background,,2.3524821069157946,random
183.784,575,0.92013,-49.9,-37.9488,13.5536,-33.4366,-38.8032,5.3666,19.314,3066.2239,2067.0638,-999.1602,-46410.6599,12620.6865,-46410.6599,13.283,13.9435,1.0497,0.0,30.093,class1_2026_04_27_14_45_04.csv,train,background,,-1.1645292456199117,random
133.052,416,0.666136,-22.547,-30.3613,13.8516,-15.5928,-33.0804,17.4876,1.6715,-4632.6108,803.3061,5435.9169,-2699.0596,42873.0423,-42873.0423,9.1985,13.5528,1.4734,0.0,31.189,class2_2026_04_27_15_53_40.csv,train,background,,8.80138567392942,hard
179.955,563,0.90096,-20.545,-37.4076,14.0014,-40.8017,-34.2497,-6.552,29.355,-181.4501,803.1452,984.5953,4457.6803,46010.9749,-46010.9749,12.8891,14.0276,1.0883,1.276,29.355,class1_2026_04_27_14_48_51.csv,train,background,,4.503099005459603,hard
179.955,563,0.90096,-49.9,-33.9422,14.2826,-33.1147,-41.9959,8.8812,29.853,-1010.4971,-2587.2395,-1576.7423,-0.0,43572.1034,-186.5188,13.4142,12.7527,0.9507,0.0,29.853,class2_2026_04_27_16_07_33.csv,train,background,,4.920897934681867,hard
157.62,493,0.789138,-49.9,-36.9503,14.5105,-31.4572,-37.6862,6.229,5.2135,2425.0344,1409.3648,-1015.6696,-48253.9216,47329.1567,-48253.9216,13.3401,13.6795,1.0254,0.0,30.786,class2_2026_04_27_16_02_47.csv,train,background,,4.370620586762181,hard
150.282,470,0.752399,-25.609,-37.6938,13.7303,-40.7574,-34.5768,-6.1806,30.584,-1556.2334,-3471.8948,-1915.6614,3904.3871,44101.8292,-47937.3072,12.9525,13.7698,1.0631,1.595,30.584,class2_2026_04_27_15_18_27.csv,train,background,,4.837338109487209,hard
134.966,422,0.675719,-28.867,-37.8833,13.6743,-21.1384,-34.5471,13.4087,2.3195,-7830.0635,696.5852,8526.6488,46438.8762,46438.8762,-46511.5505,13.2025,13.7882,1.0444,0.0,30.956,class1_2026_04_27_14_38_09.csv,train,background,,7.181572152152699,hard
127.628,399,0.63898,-8.985,-11.9023,2.8702,-17.3123,-17.9382,0.6258,9.0355,1243.3286,-2563.9994,-3807.328,590.9091,10021.9451,-2730.4075,2.3731,8.7002,3.6662,2.871,8.696,class2_2026_04_27_15_44_43.csv,train,connector,127.95,,positive
157.62,493,0.789138,-49.9,-32.698,12.2437,-25.9964,-37.8694,11.8729,3.0535,-2635.6531,248.9075,2884.5606,-0.0,-0.0,-43485.2265,8.8006,13.4969,1.5336,0.0,27.723,class2_2026_04_27_15_37_57.csv,train,background,,-4.428964420624582,random
59.985,187,0.30032,-49.9,-37.3917,14.0207,-43.466,-35.3672,-8.0988,30.362,4814.1962,-2087.8488,-6902.045,0.0,41385.5831,-44843.2618,12.0615,13.0744,1.084,0.0,30.362,class3_2026_05_14_12_58_49.csv,train,background,,4.807259269746219,hard
181.231,567,0.907516,-49.9,-41.1156,12.4538,-36.3746,-38.2859,1.9113,27.824,-81.1079,1637.3795,1718.4873,-0.0,38043.8903,-42263.3245,13.6632,13.0926,0.9582,0.0,27.824,class2_2026_04_27_15_34_41.csv,train,background,,-2.462735886203244,random
133.052,416,0.666136,-24.185,-27.6674,11.971,-15.8379,-32.8656,17.0277,1.7725,-4556.3406,-4444.4816,111.859,-1827.5878,40305.6473,-42703.7633,9.1141,13.6668,1.4995,0.0,31.131,class2_2026_04_27_15_54_02.csv,train,background,,6.7754289846143525,hard
127.628,399,0.63898,-7.936,-10.8106,2.8511,-15.9179,-15.6024,-0.3155,8.71,1094.7859,-2695.5862,-3790.3722,595.6113,9920.0627,-2780.5643,2.2408,4.456,1.9885,2.871,8.627,class2_2026_04_27_15_53_51.csv,train,connector,127.63,,positive
137.838,431,0.690097,-21.653,-37.109,14.3124,-23.5644,-39.3327,15.7682,2.5355,-6418.9708,-2955.8996,3463.0712,45391.8511,45391.8511,-44274.2978,11.933,13.2951,1.1141,0.0,30.101,class3_2026_05_14_13_37_53.csv,train,background,,7.494517890920978,hard
133.371,417,0.667733,-49.9,-30.3562,13.8427,-16.4182,-32.7247,16.3064,0.3865,-3838.6749,-2903.6309,935.0439,1.5658,47322.8871,-46819.7539,9.0425,13.7926,1.5253,0.0,30.192,class2_2026_04_27_15_25_30.csv,train,background,,8.03275965259342,hard
149.005,466,0.746006,-49.9,-41.7001,11.7126,-36.5406,-29.0122,-7.5284,3.882,-1156.043,3328.0397,4484.0828,-4653.605,38025.0831,-33215.1309,13.4701,11.3778,0.8447,0.0,28.248,class2_2026_04_27_15_48_07.csv,train,background,,-2.956991849082139,random
40.203,125,0.20128,-21.69,-33.1057,15.0807,-15.5912,-42.5616,26.9704,4.4765,-4876.2377,660.8038,5537.0414,0.0,0.0,-43929.4718,8.8266,11.8915,1.3472,0.0,32.516,class3_2026_05_14_13_11_48.csv,train,connector,35.42,,positive
167.192,523,0.837061,-25.671,-41.2722,12.2223,-38.0417,-37.6397,-0.4021,27.195,-4578.6512,78.6733,4657.3245,-0.0,42625.395,-37976.4922,13.3439,13.7496,1.0304,0.638,27.195,class2_2026_04_27_15_32_04.csv,train,background,,-2.8035550161714706,random
18.506,57,0.092652,-15.853,-15.8094,0.2231,-14.8238,-17.1481,2.3243,0.145,-408.269,-768.5843,-360.3153,749.2179,749.2179,-388.7163,0.6075,2.0909,3.4416,0.0,0.804,class2_2026_04_27_16_03_03.csv,train,bend,15.95,,positive
132.733,415,0.664539,-21.764,-30.1921,13.958,-13.8874,-34.8549,20.9674,1.487,-2757.6745,2489.1502,5246.8247,-45178.6865,-989.0282,-45178.6865,4.0173,13.6388,3.395,0.0,31.004,class2_2026_04_27_15_41_42.csv,train,background,,4.619621398450973,hard
102.74,321,0.514376,-49.9,-34.3002,14.0444,-15.3161,-37.8943,22.5783,0.7575,-2678.9971,1029.4473,3708.4444,-46061.1317,8380.8793,-46061.1317,4.6018,13.4903,2.9315,0.0,29.909,class3_2026_05_14_14_34_08.csv,train,background,,5.322897518513929,hard
15.634,48,0.078273,-49.9,-37.9546,13.4237,-25.6541,-40.6663,15.0123,3.4805,-3000.5755,-1085.9055,1914.67,0.0,41158.3088,-46147.3386,11.0732,13.1029,1.1833,0.0,29.442,class3_2026_05_14_14_40_57.csv,train,background,,5.106782973952738,hard
185.698,581,0.929713,-20.655,-34.1539,14.1206,-43.8316,-37.9145,-5.9171,29.269,411.0936,-4007.4669,-4418.5605,45840.1301,45876.1771,-45623.7936,11.3724,13.4568,1.1833,0.958,29.269,class2_2026_04_27_15_53_18.csv,train,background,,3.684896019935266,hard
134.328,420,0.672524,-49.9,-37.8021,13.5478,-24.996,-40.7727,15.7767,2.1805,-4620.5053,-178.1119,4442.3933,-44315.0486,44315.0486,-44315.0486,13.6936,12.9377,0.9448,0.0,28.323,class3_2026_05_14_13_42_29.csv,train,background,,4.754909708936448,hard
193.037,604,0.966456,-23.241,-35.1442,13.4342,-41.4272,-33.328,-8.0992,29.96,2526.1822,2276.1924,-249.9898,0.0,44653.6097,-41785.2712,12.094,13.4315,1.1106,0.638,29.96,class3_2026_05_14_12_55_25.csv,train,background,,4.7102170607386915,hard
151.239,473,0.757191,-23.464,-34.0861,14.1786,-41.0369,-37.7934,-3.2435,30.291,2822.3782,-1858.8119,-4681.1902,-1948.2759,47478.0611,-41435.7382,12.6608,13.585,1.073,1.276,30.291,class2_2026_04_27_16_03_18.csv,train,background,,3.7670294936898685,hard
144.538,452,0.723642,-49.9,-37.6594,13.7567,-34.5622,-41.9126,7.3504,30.014,-3001.259,-3478.1252,-476.8662,-2214.7335,47043.8903,-42658.3103,13.7838,12.8892,0.9351,0.0,30.014,class2_2026_04_27_15_26_06.csv,train,background,,4.515163343935736,hard
132.414,414,0.662942,-19.871,-19.5232,2.0117,-12.8788,-31.8836,19.0048,2.6005,-2563.8462,-5804.4906,-3240.6445,-832.2884,-832.2884,-4324.4498,3.4652,13.1422,3.7926,0.0,6.046,class2_2026_04_27_15_33_24.csv,train,break,132.09,,positive
137.838,431,0.690097,-49.9,-34.8288,13.5035,-30.0521,-35.9653,5.9133,2.378,-1477.7215,1483.0205,2960.7421,-3452.9765,4178.685,-41351.1003,12.4397,13.957,1.122,0.0,28.585,class2_2026_04_27_15_13_52.csv,train,background,,-4.623985125864805,random
171.021,535,0.856231,-23.267,-31.5996,12.9793,-42.4123,-32.4247,-9.9876,29.554,-308.2404,-1483.2076,-1174.9672,3625.3918,41744.5172,-41744.5172,12.1241,12.6009,1.0393,1.276,29.554,class1_2026_04_27_14_38_26.csv,train,background,,3.7469210716087376,hard
133.052,416,0.666136,-19.664,-26.6936,12.4538,-14.0596,-35.8386,21.779,1.9555,-2562.62,-2469.9953,92.6247,-3459.2492,2506.2696,-47391.8527,4.1148,14.0954,3.4255,0.0,31.533,class2_2026_04_27_16_02_47.csv,train,background,,4.958362052772778,hard
132.733,415,0.664539,-49.9,-29.8154,14.2461,-15.2094,-34.6444,19.4351,2.0425,-4596.5573,-1859.287,2737.2703,-2879.3088,-0.0,-45573.6724,9.1043,13.7492,1.5102,0.0,31.671,class2_2026_04_27_15_59_08.csv,train,background,,4.707073824123461,hard
164.959,516,0.825881,-22.782,-40.713,13.0229,-42.3877,-34.3821,-8.0056,29.632,314.7093,-630.524,-945.2333,5797.8041,42504.7053,-46445.1442,12.1269,13.9219,1.148,1.276,29.632,class2_2026_04_27_15_25_04.csv,train,background,,4.135862383494374,hard
173.574,543,0.869013,-20.328,-33.7022,14.4909,-34.6257,-38.6357,4.01,29.572,963.3194,-3182.5677,-4145.8871,46293.1066,46293.1066,-46351.1019,13.7258,14.1324,1.0296,0.957,29.572,class1_2026_04_27_14_49_08.csv,train,background,,3.98549257202881,hard
147.729,462,0.739618,-26.506,-41.6479,11.6898,-37.9764,-34.8334,-3.1431,15.3885,2706.6949,3586.4788,879.7839,0.0,36667.7132,-36667.7132,13.4182,13.5423,1.0092,0.638,26.255,class2_2026_04_27_15_51_56.csv,train,background,,-4.542022388557066,random
158.258,495,0.792332,-49.9,-40.3197,13.587,-42.0324,-35.8309,-6.2016,30.266,2286.9945,-1131.4498,-3418.4442,-899.685,47438.873,-5089.0095,12.7129,14.1021,1.1093,0.0,30.266,class3_2026_05_14_13_10_59.csv,train,background,,5.173648770178327,hard
35.736,111,0.178915,-10.881,-12.4212,1.1589,-14.1273,-13.7853,-0.342,3.506,407.4064,-647.2027,-1054.6091,-257.0533,4358.9342,-1871.4734,0.8491,0.945,1.113,2.233,3.624,class3_2026_05_14_13_43_30.csv,train,connector,35.74,,positive
165.278,517,0.827478,-25.298,-30.9673,13.4804,-31.8085,-42.2063,10.3978,30.091,202.2019,-289.169,-491.3709,-951.4122,38561.1317,-46126.9608,12.8917,12.4229,0.9636,1.595,30.091,class2_2026_04_27_15_25_54.csv,train,background,,4.280240427779125,hard
130.818,409,0.654951,-16.407,-16.2527,2.1573,-13.1159,-30.3301,17.2141,4.4315,126.353,-3499.5636,-3625.9166,-3533.4383,-2156.7398,-3533.4383,3.2035,13.988,4.3665,0.0,6.169,class2_2026_04_27_15_28_40.csv,train,break,131.46,,positive
153.791,481,0.769968,-49.9,-37.0572,14.3962,-34.9234,-39.2321,4.3086,30.25,1594.0898,2503.8179,909.7281,-47172.4562,47413.7962,-47172.4562,13.5622,13.4423,0.9912,0.0,30.25,class1_2026_04_27_14_45_10.csv,train,background,,4.290600281814345,hard
156.982,491,0.785944,-49.9,-37.0108,14.4287,-29.6488,-42.2936,12.6447,17.811,3990.023,-153.6372,-4143.6602,-46789.9718,44586.21,-46789.9718,12.6122,12.2862,0.9741,0.0,30.199,class1_2026_04_27_14_38_31.csv,train,background,,6.156580652419113,hard
139.433,436,0.698083,-23.875,-40.9946,12.5997,-37.616,-39.5549,1.9389,27.579,-2598.517,4465.232,7063.749,-1620.6912,43227.2774,-41671.6982,13.7744,13.152,0.9548,1.276,27.579,class3_2026_05_14_14_33_35.csv,train,background,,-1.7992435235419864,random
127.628,399,0.63898,-5.902,-8.8209,2.9396,-13.9658,-13.3902,-0.5757,8.874,1147.1171,-2689.3067,-3836.4238,611.2853,9697.1118,-2761.7555,2.2734,4.2548,1.8716,2.871,9.146,class1_2026_04_27_14_47_13.csv,train,connector,127.63,,positive
134.009,419,0.670927,-49.9,-30.8304,13.5324,-16.4779,-37.8718,21.3939,1.568,-2402.87,298.4499,2701.3199,-42840.127,2932.6034,-47498.4342,4.2413,13.5809,3.202,0.0,30.304,class2_2026_04_27_15_32_19.csv,train,background,,4.068988691737409,hard
130.818,409,0.654951,-16.176,-16.1932,2.1734,-13.0248,-31.5582,18.5334,4.5795,97.2501,-5962.6068,-6059.8568,-3826.2707,-2084.6395,-4210.0298,3.1491,14.6982,4.6675,0.0,6.301,class2_2026_04_27_15_50_20.csv,train,break,131.14,,positive
153.153,479,0.766773,-49.9,-30.5343,13.7235,-42.2324,-33.5634,-8.669,30.047,5583.8792,-845.8012,-6429.6804,336.9906,46758.6223,-46366.7727,12.4111,13.1437,1.059,0.0,30.047,class3_2026_05_14_13_39_31.csv,train,background,,5.3521963948927205,hard
127.628,399,0.63898,-1.661,-5.1407,4.0983,-13.2609,-9.1578,-4.1032,12.369,1930.3757,-2644.9259,-4575.3016,703.7618,15903.6342,-2727.2727,3.6497,4.3124,1.1816,3.828,13.218,class3_2026_05_14_13_43_17.csv,train,connector,127.63,,positive
190.803,597,0.955271,-26.791,-38.3369,13.0412,-33.5606,-42.6845,9.1239,29.264,637.6204,-920.8355,-1558.4559,-2387.8976,45868.3417,-43529.7837,13.1781,11.6934,0.8873,1.596,29.264,class1_2026_04_27_14_47_43.csv,train,background,,2.8721669997116157,random
127.628,399,0.63898,-8.444,-11.3258,2.8652,-16.5133,-15.6113,-0.9021,8.8145,1210.9475,-2535.2024,-3746.1499,589.3417,9935.7367,-2800.9404,2.2826,3.882,1.7007,2.871,8.691,class2_2026_04_27_15_50_53.csv,train,connector,127.95,,positive
153.472,480,0.76837,-49.9,-31.7822,12.9501,-35.1908,-35.9651,0.7743,7.325,3781.571,626.0587,-3155.5122,-42645.7727,6659.8762,-47404.3918,13.2585,13.997,1.0557,0.0,30.244,class3_2026_05_14_13_18_55.csv,train,background,,-5.343779156229966,random
127.628,399,0.63898,-8.551,-11.4853,2.9824,-16.6521,-19.1386,2.4865,8.801,1134.8332,-2602.6033,-3737.4364,634.7962,9952.9721,-2721.0031,2.3027,11.502,4.995,2.871,9.309,class2_2026_04_27_15_18_27.csv,train,connector,127.63,,positive
131.138,410,0.656553,-14.786,-14.7819,2.1878,-10.8346,-26.6142,15.7796,3.811,-637.6711,-4388.1173,-3750.4462,-2113.9918,-2086.2069,-4048.5893,3.1405,12.6211,4.0188,0.0,6.594,class1_2026_04_27_14_39_22.csv,train,break,131.78,,positive
147.729,462,0.739618,-49.9,-43.8882,11.3046,-34.5871,-34.2206,-0.3665,4.076,-3889.074,5758.7442,9647.8181,0.0,46191.2257,-38614.4232,13.7606,14.0642,1.0221,0.0,29.47,class2_2026_04_27_16_06_47.csv,train,background,,-2.183552163949231,random
191.761,600,0.960067,-49.9,-38.3799,12.9057,-32.0593,-38.2476,6.1883,4.5835,2029.564,2394.0771,364.5131,-40970.2226,260.1881,-40970.2226,12.7986,13.1132,1.0246,0.0,27.164,class2_2026_04_27_15_43_11.csv,train,background,,-7.419996171707279,random
178.36,558,0.892974,-20.718,-38.2579,13.1589,-45.401,-33.2795,-12.1215,29.182,-2055.3715,436.0586,2491.4301,39158.3103,45739.815,-45739.815,10.0866,13.3573,1.3243,0.957,29.182,class2_2026_04_27_15_15_03.csv,train,background,,5.786780504816044,hard
153.791,481,0.769968,-20.778,-37.2849,14.1086,-40.4968,-31.438,-9.0588,17.0075,-616.8636,955.9785,1572.842,44979.2999,45645.7712,-45712.5707,13.3042,13.1234,0.9864,0.958,29.122,class2_2026_04_27_15_36_21.csv,train,background,,3.957177630932619,hard
166.873,522,0.835464,-21.024,-37.4768,13.9094,-38.2783,-33.5205,-4.7578,8.0325,-1507.5245,910.2335,2417.758,44840.1285,44840.1285,-45260.1912,13.1683,13.1676,0.9999,0.957,28.876,class2_2026_04_27_15_24_13.csv,train,background,,0.7859781054522266,random
80.725,252,0.404156,-22.315,-37.0794,14.3668,-33.9077,-37.6417,3.734,19.6275,2904.8704,5214.4027,2309.5323,-270.2292,48838.5627,-43263.326,14.3398,13.7695,0.9602,0.639,31.159,class3_2026_05_14_13_21_46.csv,train,background,,4.6133700493118095,hard
97.316,304,0.487221,-0.156,-0.9889,1.5133,-11.8673,-6.4991,-5.3682,10.193,3391.608,-2538.5074,-5930.1154,0.0,20921.6301,-6564.1374,5.6265,4.1714,0.7414,4.148,4.658,class3_2026_05_14_12_56_25.csv,train,connector,97.95,,positive
168.788,528,0.845051,-21.602,-41.7283,11.6601,-40.4737,-35.7328,-4.7408,28.298,-3833.59,295.0592,4128.6492,35932.605,44354.2367,-44354.2367,13.3398,12.8043,0.9599,0.957,28.298,class1_2026_04_27_14_39_34.csv,train,background,,-0.59197396398532,random
153.153,479,0.766773,-49.9,-37.2786,14.1815,-39.5768,-34.1838,-5.393,29.913,3335.3874,-37.3484,-3372.7357,-1409.0909,46885.5831,-46612.8797,13.0017,14.1313,1.0869,0.0,29.913,class2_2026_04_27_15_59_35.csv,train,background,,4.843057926563552,hard
139.114,435,0.696486,-21.97,-31.5688,13.2098,-27.8054,-40.7133,12.9079,6.999,-1181.5054,-430.1491,751.3563,-32826.0204,32826.0204,-47404.2952,12.0681,13.064,1.0825,0.638,30.369,class3_2026_05_14_13_33_21.csv,train,background,,3.792319153851766,hard
161.13,504,0.806711,-49.9,-40.2898,13.6262,-34.4016,-31.4406,-2.9611,4.2255,-2120.6252,1934.7538,4055.379,5847.9608,46844.8307,-47285.2696,13.9585,13.1337,0.9409,0.0,30.168,class3_2026_05_14_12_53_50.csv,train,background,,0.8782841325857067,random
178.041,557,0.891377,-49.9,-44.0103,11.0262,-38.128,-35.6788,-2.4492,17.372,-2910.6541,2777.4086,5688.0627,-0.0,42708.0626,-0.0,13.3306,12.965,0.9726,0.0,27.376,class3_2026_05_22_11_09_21.csv,train,background,,-3.891623451259362,random
158.577,496,0.793929,-23.362,-36.1037,12.6019,-36.2859,-36.6538,0.3678,18.803,2367.2714,2517.1675,149.8961,-15028.1145,41595.6144,-41580.576,13.6464,13.4666,0.9868,0.958,27.982,class2_2026_04_27_15_28_40.csv,train,background,,-2.7304977360294016,random
150.282,470,0.752399,-26.079,-35.6963,12.9601,-39.6901,-33.2698,-6.4203,20.538,640.908,-1635.2422,-2276.1502,-10136.3621,43260.3875,-37336.9937,12.853,13.4338,1.0452,1.276,31.083,class2_2026_04_27_16_00_02.csv,train,background,,3.7373691395831696,hard
117.098,366,0.586261,-49.9,-39.156,15.2749,-28.2071,-34.4345,6.2274,8.22,2827.9551,4459.2591,1631.304,-51476.9892,55236.6803,-51476.9892,13.8706,15.6094,1.1254,0.0,35.241,class3_2026_05_14_13_11_09.csv,train,background,,12.09922494447316,hard
174.85,547,0.875401,-20.665,-40.3876,13.4919,-42.2497,-37.8476,-4.4021,30.284,746.0309,2764.0264,2017.9955,47467.0893,47467.0893,-47467.0893,12.3514,13.563,1.0981,0.957,30.284,class2_2026_04_27_16_03_18.csv,train,background,,3.765692260685463,hard
181.55,568,0.908945,-20.293,-37.5414,13.8655,-41.0681,-33.8428,-7.2253,29.607,-2675.9799,-1140.378,1535.602,290.0373,46405.9608,-46188.5463,12.5145,13.0339,1.0415,0.639,29.607,class2_2026_04_27_16_03_45.csv,train,background,,4.170788870832737,hard
173.255,542,0.867416,-49.9,-37.447,13.9701,-39.0146,-34.9087,-4.1059,30.649,1551.5583,1251.0304,-300.5279,-3716.3025,48114.3684,-44322.8871,13.7426,13.4615,0.9795,0.0,30.649,class2_2026_04_27_15_14_19.csv,train,background,,4.3649634004165385,hard
127.628,399,0.63898,-5.927,-8.8199,2.8946,-13.9174,-13.5112,-0.4063,8.85,1150.4725,-2722.863,-3873.3355,594.0439,9562.183,-2768.0251,2.2548,4.3778,1.9416,2.871,9.028,class1_2026_04_27_14_39_28.csv,train,connector,127.63,,positive
132.095,413,0.661345,-49.9,-26.62,12.5111,-14.7203,-33.9732,19.2528,2.188,-2718.6374,-2713.8786,4.7588,3490.594,3490.594,-46742.9514,3.6018,14.2719,3.9625,0.0,31.955,class2_2026_04_27_15_12_38.csv,train,background,,4.4580998349678715,hard
164.959,516,0.825881,-25.705,-35.432,13.2666,-40.6586,-33.6463,-7.0123,30.273,1138.093,-2266.7501,-3404.8431,-17216.2994,47449.8448,-30233.5455,13.103,13.2134,1.0084,1.595,30.273,class3_2026_04_27_16_17_30.csv,train,background,,4.556127895665653,hard
134.966,422,0.675719,-49.9,-33.8518,14.3614,-18.1377,-34.7341,16.5964,0.0655,-3416.2169,-2214.6001,1201.6167,-2462.3809,45815.0502,-2655.174,8.5737,13.6758,1.5951,0.0,29.23,class1_2026_04_27_14_39_22.csv,train,background,,7.3586834606899085,hard
163.364,511,0.817896,-21.303,-34.3277,14.0054,-39.4581,-30.2161,-9.242,6.775,679.3126,-961.5536,-1640.8662,47360.1303,47360.1303,-47565.8354,13.1315,12.3859,0.9432,0.958,30.347,class2_2026_04_27_15_37_57.csv,train,background,,4.030698020654533,hard
181.87,569,0.910547,-30.032,-34.8227,13.7897,-38.849,-35.1229,-3.7261,31.206,3705.5058,889.6598,-2815.846,-2948.5699,48912.2288,-45857.3699,13.88,13.3611,0.9626,1.596,31.206,class2_2026_04_27_15_38_31.csv,train,background,,4.61403093255052,hard
24.568,76,0.123002,-15.464,-16.0571,0.3888,-17.3242,-16.0939,-1.2303,0.7635,77.4906,-45.6084,-123.099,37.6176,1164.5784,-1185.7797,2.1098,0.2504,0.1187,1.276,1.308,class2_2026_04_27_16_02_47.csv,train,background,,-55.11490285078757,random
127.628,399,0.63898,-5.869,-8.7626,2.8843,-13.9077,-13.3287,-0.5791,8.889,1166.4655,-2634.1873,-3800.6529,608.1505,9620.6897,-2733.5423,2.2629,4.2338,1.871,2.871,8.916,class1_2026_04_27_14_48_51.csv,train,connector,127.63,,positive
134.647,421,0.674121,-22.128,-31.6477,12.9859,-18.7824,-40.6709,21.8884,0.9185,-3886.397,-3130.1929,756.2041,-3710.0282,43529.7837,-43529.7837,8.3144,13.0909,1.5745,0.0,29.541,class2_2026_04_27_15_25_41.csv,train,background,,8.392374027316075,hard
183.465,574,0.918533,-21.359,-40.1206,13.8341,-39.8528,-33.1059,-6.7468,19.4595,-378.9565,3583.3651,3962.3216,0.0,46510.9749,-46708.4671,12.7638,13.4398,1.053,0.638,29.8,class1_2026_04_27_14_48_13.csv,train,background,,3.78825971652597,hard
135.285,423,0.677316,-26.456,-32.8841,12.3591,-20.9123,-39.5409,18.6286,1.3975,-3051.3253,2424.6125,5475.9378,-1739.8088,36531.3511,-43881.2253,8.0989,13.0432,1.6105,0.0,29.238,class2_2026_04_27_15_50_53.csv,train,background,,5.016925847203367,hard
162.406,508,0.813099,-21.757,-37.7717,13.5899,-44.0052,-34.3647,-9.6405,28.143,527.6561,729.5651,201.909,43923.1991,43923.1991,-44111.2884,11.0412,13.9227,1.261,0.957,28.143,class1_2026_04_27_14_37_00.csv,train,background,,4.108019483199344,hard
133.052,416,0.666136,-22.009,-23.9664,9.2988,-15.2102,-37.8271,22.6168,1.5575,-4912.5838,-5528.1738,-615.59,45440.442,45440.442,-43905.9592,9.2268,13.5779,1.4716,0.0,31.218,class2_2026_04_27_15_32_53.csv,train,background,,8.119274682091387,hard
157.301,492,0.787541,-49.9,-40.6949,13.0665,-39.0314,-43.4275,4.3961,29.398,1129.5798,-961.0633,-2090.6431,0.0,5699.058,-788.7658,13.6588,12.1111,0.8867,0.0,29.398,class2_2026_04_27_16_10_45.csv,train,background,,-4.571495363305624,random
153.153,479,0.766773,-21.588,-33.9759,14.2659,-34.4232,-40.6296,6.2063,30.3,4367.0242,-3557.8386,-7924.8627,-637.931,44376.1803,-45007.6316,13.9243,13.148,0.9442,1.276,30.3,class2_2026_04_27_15_54_27.csv,train,background,,4.490716877639453,hard
170.702,534,0.854634,-19.9,-37.03,14.4024,-34.5422,-40.7794,6.2372,30.0,-603.9655,-3958.3631,-3354.3976,0.0,45910.663,-43039.1881,13.7702,12.9372,0.9395,0.638,30.0,class2_2026_04_27_15_25_04.csv,train,background,,4.347632869214523,hard
137.2,429,0.686903,-20.591,-28.5223,11.5701,-37.0217,-37.5544,0.5327,29.372,4413.0032,-4041.8021,-8454.8053,2775.8621,37939.6154,-46037.6207,14.474,13.888,0.9595,2.234,29.372,class2_2026_04_27_16_03_45.csv,train,background,,-1.6257299904138536,random
174.212,545,0.872207,-49.9,-34.4297,13.8504,-30.8101,-41.127,10.3169,7.384,-150.7711,-1260.6283,-1109.8572,-42833.8574,44794.6755,-42887.1505,12.0333,12.4432,1.0341,0.0,29.041,class3_2026_05_14_14_34_08.csv,train,background,,2.953399179386989,random
137.2,429,0.686903,-49.9,-27.874,11.9911,-16.7982,-39.6939,22.8957,3.4485,-1880.3534,-3831.1668,-1950.8133,-4512.5376,3739.6954,-46056.4279,3.5106,12.9209,3.6805,0.0,32.057,class3_2026_05_14_14_36_02.csv,train,background,,4.880568891670566,hard
167.192,523,0.837061,-20.326,-33.42,14.7716,-39.0618,-37.5168,-1.545,31.055,566.841,-531.2763,-1098.1173,-0.0,47040.7555,-5639.2369,13.6617,13.8982,1.0173,0.638,31.055,class2_2026_04_27_15_20_55.csv,train,background,,4.371641312290978,hard
182.827,572,0.915339,-49.9,-37.2054,14.2155,-31.1186,-37.6424,6.5238,4.836,3249.2537,1975.1247,-1274.129,-45667.7147,4075.2351,-45667.7147,13.3183,13.7792,1.0346,0.0,29.665,class2_2026_04_27_15_41_59.csv,train,background,,-2.7615212412394574,random
186.017,582,0.93131,-20.921,-31.6087,13.0812,-41.9959,-34.6018,-7.3941,30.753,-1780.1735,-3809.0913,-2028.9178,5503.789,45421.6332,-5034.6239,12.7527,13.8031,1.0824,2.553,30.753,class2_2026_04_27_16_07_33.csv,train,background,,5.302613192303777,hard
22.016,68,0.110225,-18.58,-17.0612,1.0445,-16.1136,-15.9665,-0.1471,0.116,-327.7574,237.447,565.2044,2175.5455,2175.5455,-195.9248,0.7684,0.5304,0.6902,0.0,3.152,class2_2026_04_27_15_59_21.csv,train,bend,20.74,,positive
127.628,399,0.63898,-7.713,-10.5506,2.8388,-15.5271,-17.2975,1.7704,8.537,1084.7599,-2673.8392,-3758.5991,590.9091,9458.083,-2667.7116,2.2103,9.3815,4.2445,2.871,8.898,class2_2026_04_27_16_02_21.csv,train,connector,127.95,,positive
136.243,426,0.682112,-20.08,-30.51,13.7539,-20.4267,-37.2824,16.8557,2.571,-2993.8243,572.6911,3566.5154,-1771.1614,46528.4579,-43749.2179,7.7338,14.1371,1.828,0.0,31.142,class1_2026_04_27_14_37_00.csv,train,background,,9.44769711677341,hard
156.025,488,0.781152,-22.511,-27.4534,12.0444,-24.9619,-42.0933,17.1313,3.419,-382.6437,-4463.5456,-4080.9019,-48123.826,43951.4154,-48123.826,11.2868,12.5962,1.116,0.0,30.703,class3_2026_05_14_13_12_07.csv,train,background,,6.176999993721684,hard
92.211,288,0.461662,-14.535,-14.6201,0.1371,-14.5924,-12.6551,-1.9373,0.1675,-33.2865,1236.7012,1269.9877,299.373,329.1536,-268.0251,0.1212,2.6469,21.8316,0.0,0.514,class3_2026_05_14_14_39_37.csv,train,connector,96.68,,positive
127.628,399,0.63898,-8.631,-11.4908,2.7961,-16.7676,-19.2936,2.5259,8.803,1294.7292,-2694.3593,-3989.0885,586.2069,9382.4451,-2741.3793,2.3388,11.4547,4.8976,2.871,8.655,class2_2026_04_27_15_51_56.csv,train,connector,127.63,,positive
186.975,585,0.936106,-49.9,-35.833,12.8887,-33.1712,-35.8257,2.6545,3.5175,-1018.2264,868.7646,1886.991,-0.0,42335.4279,-42805.6458,13.4513,12.7591,0.9485,0.0,27.421,class3_2026_05_14_13_15_21.csv,train,background,,-3.415266966964744,random
171.978,538,0.861022,-21.753,-37.2934,14.1196,-35.747,-43.7249,7.9779,30.366,1212.042,-2024.2394,-3236.2814,3601.8824,44117.558,-47372.6264,12.8822,11.5873,0.8995,1.277,30.366,class2_2026_04_27_15_52_49.csv,train,background,,3.92230468885899,hard
183.465,574,0.918533,-49.9,-37.1509,14.2693,-38.8257,-35.6689,-3.1568,29.91,-865.385,-3869.9424,-3004.5574,-2562.6959,46880.8809,-44318.185,13.9345,14.2545,1.023,0.0,29.91,class1_2026_04_27_14_46_48.csv,train,background,,3.9143213464448188,hard
23.93,74,0.119808,-14.403,-14.7196,0.2592,-14.7251,-15.5234,0.7983,0.7085,-143.7012,-256.4015,-112.7003,228.8401,573.6677,-938.8715,0.4357,0.4312,0.9895,1.914,0.836,class2_2026_04_27_16_07_48.csv,train,bend,24.25,,positive
156.982,491,0.785944,-21.181,-34.188,14.0975,-32.9142,-39.2893,6.3751,19.229,1461.3756,-1925.4735,-3386.8491,-1894.9843,46946.7116,-45014.1097,13.6843,13.3232,0.9736,1.595,29.952,class1_2026_04_27_14_48_26.csv,train,background,,3.9000093545198222,hard
151.877,475,0.760385,-19.812,-25.002,8.8881,-39.4906,-31.6278,-7.8628,6.776,7908.9374,1315.5941,-6593.3432,-41305.6442,3169.2774,-41305.6442,13.1311,12.9737,0.988,0.638,30.088,class2_2026_04_27_15_16_41.csv,train,background,,-6.631253846613381,random
182.508,571,0.913742,-21.406,-40.7817,12.9063,-38.4035,-36.2306,-2.1729,28.494,-1006.1415,2663.8754,3670.017,1735.1066,44661.4451,-44661.4451,12.9705,13.7581,1.0607,1.276,28.494,class2_2026_04_27_15_43_31.csv,train,background,,0.19717984620392215,random
171.021,535,0.856231,-20.812,-43.6248,11.7467,-40.8702,-40.6299,-0.2402,29.088,-3896.8144,1472.8831,5369.6975,-0.0,45592.4796,-45592.4796,12.7972,13.1379,1.0266,0.638,29.088,class2_2026_04_27_16_03_18.csv,train,background,,-1.4908790223020234,random
170.383,533,0.853037,-49.9,-37.4198,13.9909,-41.96,-37.6448,-4.3152,30.385,3539.3412,1176.5523,-2362.7889,-47625.3966,47625.3966,-47625.3966,12.817,13.75,1.0728,0.0,30.385,class3_2026_05_14_13_00_09.csv,train,background,,4.403606041259169,hard
120.289,376,0.602237,-18.194,-26.127,12.7918,-38.1197,-25.5431,-12.5766,5.613,877.3653,-256.9383,-1134.3035,1111.2884,49431.0361,-48597.1818,13.6361,11.0502,0.8104,1.914,32.246,class3_2026_05_14_12_56_35.csv,train,background,,5.531048271083605,hard
149.005,466,0.746006,-23.642,-42.1716,11.0382,-36.8612,-33.8254,-3.0358,6.225,-6808.4168,5956.5863,12765.0031,5990.5972,41156.7429,-40990.3516,13.171,13.2159,1.0034,0.958,26.258,class1_2026_04_27_14_46_27.csv,train,background,,-5.366387235505495,random
146.772,459,0.734826,-49.9,-40.2136,13.7139,-38.9258,-34.5251,-4.4007,30.448,-1280.0668,4142.2536,5422.3203,-43437.3072,45481.1959,-43437.3072,13.7715,13.8185,1.0034,0.0,30.448,class3_2026_05_14_14_34_08.csv,train,background,,4.047704121807044,hard
127.628,399,0.63898,-7.86,-10.7334,2.8971,-15.934,-15.4368,-0.4972,8.932,1232.1673,-2608.7687,-3840.936,601.8809,9592.4765,-2873.0408,2.2975,4.4729,1.9469,2.871,8.963,class2_2026_04_27_15_33_11.csv,train,connector,127.63,,positive
134.328,420,0.672524,-23.794,-31.2554,13.2246,-18.0948,-39.2788,21.1841,1.4525,-3176.5495,1732.293,4908.8425,-43905.9592,45440.442,-43905.9592,8.6001,13.3951,1.5575,0.0,29.954,class2_2026_04_27_15_32_53.csv,train,background,,9.185666643993082,hard
189.527,593,0.948883,-31.834,-35.9938,12.7355,-30.8691,-34.6118,3.7428,2.6065,3365.0685,4695.9635,1330.895,-43600.3166,39097.1834,-43600.3166,12.0209,13.7368,1.1427,0.0,28.162,class2_2026_04_27_15_32_35.csv,train,background,,-1.9770098180261075,random
127.628,399,0.63898,-5.897,-8.796,2.8882,-13.8958,-13.3672,-0.5286,8.85,1146.6167,-2692.6199,-3839.2366,623.8245,9692.79,-2749.2163,2.2386,4.2249,1.8873,2.871,8.894,class1_2026_04_27_14_47_19.csv,train,connector,127.63,,positive
142.305,445,0.712462,-49.9,-30.4306,13.778,-38.7842,-34.2286,-4.5556,30.056,2047.2604,-837.113,-2884.3734,-43858.9389,46332.2915,-46300.942,13.9557,14.0354,1.0057,0.0,30.056,class1_2026_04_27_14_37_06.csv,train,background,,4.092142874636826,hard
89.339,279,0.447283,-24.864,-30.498,14.0563,-30.2975,-33.1156,2.8181,9.463,1622.4432,-948.4458,-2570.889,42783.7022,42783.7022,-42583.2582,14.242,15.2345,1.0697,0.0,35.036,class3_2026_05_14_13_11_09.csv,train,background,,7.27373264162876,hard
131.138,410,0.656553,-16.363,-16.4504,2.2207,-12.3514,-30.3893,18.0379,4.336,-594.5702,-2630.4841,-2035.9139,-3738.821,-2302.5078,-3738.821,3.0775,13.9172,4.5223,0.0,6.537,class2_2026_04_27_16_09_22.csv,train,break,131.14,,positive
104.655,327,0.523964,-20.447,-33.8581,14.3779,-40.8742,-37.3361,-3.5381,30.935,5370.7286,2168.3024,-3202.4262,3493.7304,44993.7335,-48487.4639,12.8203,14.0897,1.099,1.595,30.935,class3_2026_05_14_13_11_57.csv,train,background,,4.8011591278943175,hard
192.718,603,0.964859,-19.13,-33.8478,14.4101,-36.5556,-40.9321,4.3766,30.77,-2197.927,889.4825,3087.4095,-0.0,45761.7586,-47733.547,13.4114,12.7876,0.9535,0.638,30.77,class2_2026_04_27_15_49_43.csv,train,background,,4.052989990560819,hard
149.324,467,0.747603,-49.9,-40.4957,13.3094,-38.9975,-30.7348,-8.2627,3.6835,-298.7711,1145.6243,1444.3954,0.0,45258.6238,-0.0,13.6777,13.6307,0.9966,0.0,28.875,class2_2026_04_27_15_42_44.csv,train,background,,2.2101125002887816,random
133.69,418,0.66933,-20.455,-26.6946,12.4336,-13.5828,-36.0899,22.5071,1.712,-2680.8356,-3707.8198,-1026.9842,-899.6881,473.3542,-46728.8433,4.4506,13.8588,3.1139,0.0,31.212,class1_2026_04_27_14_39_11.csv,train,background,,4.496252922065394,hard
133.371,417,0.667733,-21.234,-22.1192,2.4401,-14.9375,-33.6683,18.7308,2.017,-2325.4885,-3545.2599,-1219.7714,-9131.6614,288.4013,-9131.6614,3.9896,13.0028,3.2591,0.0,7.115,class2_2026_04_27_15_42_44.csv,train,break,131.46,,positive
127.628,399,0.63898,-16.712,-18.0188,0.897,-19.5643,-32.2514,12.6872,3.387,522.2075,-7634.1897,-8156.3972,749.2147,2454.5455,-6159.8746,1.0129,14.2753,14.094,2.552,2.982,class3_2026_05_14_12_53_50.csv,train,break,127.63,,positive
137.519,430,0.6885,-27.561,-34.8178,13.6448,-27.8605,-43.7281,15.8676,18.2335,-4903.9124,-2358.856,2545.0565,-0.0,41308.7806,-43689.6599,11.9315,11.5796,0.9705,0.638,30.494,class2_2026_04_27_16_06_20.csv,train,background,,6.352116427426423,hard
131.776,412,0.659748,-18.711,-21.8597,10.1587,-12.82,-32.7372,19.9172,3.742,-2091.6141,-2088.5759,3.0382,-3931.0329,-1611.6272,-48885.5831,3.1813,13.8085,4.3405,0.0,34.797,class2_2026_04_27_15_53_40.csv,train,break,131.46,,positive
135.285,423,0.677316,-18.858,-23.483,9.4386,-14.4328,-33.469,19.0362,1.602,-2199.2027,-2138.838,60.3647,-6742.9467,2169.2806,-48465.2622,3.8891,13.3522,3.4333,0.957,31.461,class3_2026_05_22_11_06_12.csv,train,break,133.37,,positive
157.301,492,0.787541,-49.9,-37.2309,14.2218,-37.0694,-40.7864,3.717,30.511,-1849.8211,-1861.6344,-11.8133,6553.2915,6553.2915,-46440.442,14.3884,12.9151,0.8976,0.0,30.511,class1_2026_04_27_14_49_08.csv,train,background,,-2.0643388264662863,random
154.749,484,0.774764,-49.9,-40.4841,13.354,-33.4407,-42.2929,8.8522,29.666,-612.2373,1351.2684,1963.5058,6067.3997,45681.527,-46498.4373,13.2257,12.3071,0.9305,0.0,29.666,class2_2026_04_27_15_22_05.csv,train,background,,3.893040200863542,hard
39.565,123,0.198085,-21.333,-32.3581,15.758,-13.6164,-37.6561,24.0397,4.2705,-1909.2665,1016.2376,2925.5041,-47465.5188,-3341.6912,-47465.5188,2.8214,13.7294,4.8661,0.0,34.208,class3_2026_05_14_12_57_24.csv,train,break,38.61,,positive
130.499,408,0.653354,-23.073,-30.054,14.0982,-16.3229,-40.8204,24.4976,2.071,-1146.9213,475.301,1622.2223,-44625.3934,-177.1144,-44625.3934,1.8881,12.9039,6.8342,0.0,31.467,class3_2026_05_14_13_15_01.csv,train,background,,6.187152986117871,hard
190.484,596,0.953674,-49.9,-34.1834,14.1402,-36.8943,-40.7165,3.8222,30.415,2234.053,-3363.8057,-5597.8587,-2053.29,47672.4154,-47289.9718,13.2354,13.0207,0.9838,0.0,30.415,class2_2026_04_27_15_41_42.csv,train,background,,3.682574467525824,hard
26.483,82,0.132589,-17.547,-17.2704,0.4513,-15.8992,-17.3054,1.4062,0.3315,-559.2944,-33.7966,525.4977,336.9906,336.9906,-1630.0956,0.9721,0.453,0.466,0.0,1.514,class2_2026_04_27_16_05_29.csv,train,bend,23.61,,positive
132.733,415,0.664539,-19.074,-18.6309,2.2115,-11.4052,-30.7808,19.3756,2.9465,-2619.5565,-2381.1768,238.3797,-1940.4373,-1865.2038,-7114.4232,3.8363,13.571,3.5375,0.0,8.252,class1_2026_04_27_14_37_22.csv,train,break,132.09,,positive
143.262,448,0.717253,-49.9,-40.697,13.1578,-33.0736,-42.2302,9.1566,30.175,4573.7038,-1872.5844,-6446.2882,-46666.1458,47296.2414,-46666.1458,13.6644,12.3955,0.9071,0.0,30.175,class3_2026_05_14_14_40_05.csv,train,background,,4.697227288105737,hard
191.761,600,0.960067,-21.419,-37.2919,14.1264,-37.4443,-40.7251,3.2807,29.655,2782.4751,-1015.8908,-3798.366,4957.6803,44641.0674,-45846.3981,13.9857,13.0407,0.9324,1.276,29.655,class2_2026_04_27_16_03_33.csv,train,background,,2.240697297998333,random
60.623,189,0.303514,-49.9,-41.2964,12.1688,-38.5706,-35.5031,-3.0675,16.3115,2498.2178,4205.745,1707.5272,0.0,774.2931,0.0,12.7658,13.0098,1.0191,0.0,26.262,class3_2026_05_14_13_11_39.csv,train,background,,-9.62555330774291,random
106.569,333,0.533547,-14.663,-25.1033,13.4407,-23.4019,-26.9818,3.5799,5.4905,943.6994,-2356.055,-3299.7543,-1068.9655,55230.4107,-46716.3056,12.1852,14.5263,1.1921,1.276,35.237,class3_2026_05_14_13_18_55.csv,train,background,,8.216096412264209,hard
97.316,304,0.487221,-16.904,-16.6591,0.2066,-16.5793,-16.7217,0.1424,0.252,27.8724,-17.7531,-45.6255,-128.5282,142.6332,-448.2743,0.1476,0.2038,1.381,0.0,0.675,class2_2026_04_27_15_57_16.csv,train,background,,-56.60119730767234,random
182.189,570,0.912144,-22.684,-34.5044,13.7919,-30.3434,-43.9858,13.6424,29.787,-1135.4209,2.9589,1138.3798,0.0,46688.0893,-42658.3103,12.2463,11.0727,0.9042,0.638,29.787,class2_2026_04_27_16_02_47.csv,train,background,,5.790258679192495,hard
136.243,426,0.682112,-21.385,-37.4958,13.8776,-24.1846,-40.9673,16.7827,4.1755,-5957.8452,538.7741,6496.6193,-41998.4357,44501.8145,-44694.3605,12.0326,12.6722,1.0532,0.958,28.701,class1_2026_04_27_14_48_45.csv,train,background,,5.790574732361786,hard
170.702,534,0.854634,-49.9,-34.9483,13.4782,-42.2616,-35.9397,-6.3218,29.563,342.0842,-3969.4045,-4311.4887,0.0,46336.9937,-36111.2884,12.3347,14.0405,1.1383,0.0,29.563,class2_2026_04_27_15_18_27.csv,train,background,,4.2387997833677264,hard
174.212,545,0.872207,-49.9,-34.2998,14.0104,-39.4228,-35.0103,-4.4125,30.259,1474.8798,825.4301,-649.4497,41332.29,47427.9013,-41882.4467,13.3351,13.3912,1.0042,0.0,30.259,class3_2026_05_14_13_47_38.csv,train,background,,4.002455563728128,hard
130.499,408,0.653354,-21.584,-37.797,13.5804,-32.7999,-37.1429,4.343,4.2675,-3696.8392,3762.2688,7459.108,46214.7351,46214.7351,-44163.0623,13.7004,14.2904,1.0431,0.958,29.485,class3_2026_05_14_13_18_31.csv,train,background,,1.8061820042773618,random
175.807,550,0.880192,-49.9,-37.5438,13.8559,-31.6046,-40.524,8.9194,17.641,1815.4015,-186.0271,-2001.4286,-45462.3856,45402.8229,-45462.3856,13.0409,13.2652,1.0172,0.0,29.005,class2_2026_04_27_15_14_43.csv,train,background,,3.710102119446389,hard
163.044,510,0.816293,-21.476,-37.8384,13.5437,-40.2517,-32.9186,-7.3331,24.8275,1230.239,2196.7983,966.5592,278.4483,46297.8088,-4462.5018,12.7856,13.6104,1.0645,0.639,29.538,class2_2026_04_27_15_57_38.csv,train,background,,4.0750006399570164,hard
172.936,541,0.865819,-21.828,-33.9251,14.3345,-35.8618,-38.8888,3.027,31.219,4523.6805,2916.9276,-1606.7529,-0.0,48932.605,-44275.8652,14.1,13.8229,0.9803,0.638,31.219,class2_2026_04_27_15_26_18.csv,train,background,,5.118238820053252,hard
156.982,491,0.785944,-21.618,-34.8053,13.5554,-31.5852,-43.4224,11.8372,29.464,-66.8552,1001.492,1068.3472,-40131.6646,44329.1567,-46181.8197,13.0185,12.1235,0.9313,0.957,29.464,class2_2026_04_27_15_41_16.csv,train,background,,4.973247364742967,hard
131.138,410,0.656553,-16.389,-16.5568,2.3941,-12.3844,-27.2156,14.8312,4.115,-594.9547,127.9783,722.933,-3177.7418,-2006.2696,-48887.152,3.0953,12.2212,3.9483,0.0,6.987,class2_2026_04_27_15_54_27.csv,train,break,131.46,,positive
149.644,468,0.749205,-49.9,-37.8626,13.4979,-36.3751,-33.1602,-3.2149,4.381,-4072.7445,4398.2799,8471.0243,-44706.4928,44916.931,-44706.4928,13.5968,13.4225,0.9872,0.0,28.657,class2_2026_04_27_15_51_56.csv,train,background,,-0.5125074663600464,random
156.344,489,0.782749,-49.9,-43.9814,11.0732,-38.8094,-35.8713,-2.9381,26.869,999.5281,-691.7909,-1691.319,-0.0,41376.1771,-42114.4232,13.95,14.0619,1.008,0.0,26.869,class2_2026_04_27_15_45_59.csv,train,background,,-2.6939720096128545,random
127.628,399,0.63898,-5.943,-8.8526,2.9263,-13.9783,-13.5824,-0.3959,8.8475,1163.7257,-2702.2292,-3865.9549,573.6677,9640.9008,-2741.3793,2.2686,4.5122,1.989,2.871,9.097,class1_2026_04_27_14_37_39.csv,train,connector,127.63,,positive
151.558,474,0.758788,-49.9,-31.5607,13.0305,-43.8327,-29.2888,-14.5439,18.5415,3700.8503,-2341.5357,-6042.386,557.9953,40993.7335,-47376.1787,11.3601,11.1874,0.9848,0.0,30.226,class2_2026_04_27_15_57_38.csv,train,background,,4.599462837161052,hard
149.005,466,0.746006,-21.626,-41.5859,11.9539,-40.4886,-32.0578,-8.4308,18.4095,-2779.2361,3188.8677,5968.1038,0.0,44316.6191,-44385.9722,13.3437,12.8027,0.9595,0.638,28.274,class2_2026_04_27_16_03_33.csv,train,background,,0.7785620083914719,random
164.64,515,0.824284,-49.9,-31.4053,13.3342,-39.1093,-35.005,-4.1043,30.816,304.5441,-6479.3735,-6783.9176,1547.0204,46753.9232,-3797.8056,13.5428,13.4733,0.9949,0.0,30.816,class1_2026_04_27_14_38_15.csv,train,background,,3.845752178843987,hard
136.881,428,0.685306,-17.019,-33.5362,14.7082,-32.7943,-34.3541,1.5597,7.337,-1737.6149,-743.4029,994.212,2285.2665,51537.6223,-46777.4326,15.8018,13.9418,0.8823,0.957,32.881,class3_2026_05_14_13_11_09.csv,train,background,,5.1322323165951245,hard
131.138,410,0.656553,-20.127,-32.171,12.6012,-42.3,-33.807,-8.493,29.773,-574.5676,-3274.3899,-2699.8223,-325.8318,46708.4743,-39692.7931,12.2879,12.9709,1.0556,2.234,29.773,class3_2026_05_14_13_18_01.csv,train,background,,3.9457854637667023,hard
139.114,435,0.696486,-49.9,-37.7258,13.6666,-31.3966,-45.2892,13.8926,29.473,1429.8276,1993.7445,563.9169,-40155.1755,46195.9279,-40155.1755,13.1392,10.3291,0.7861,0.0,29.473,class2_2026_04_27_15_34_55.csv,train,background,,4.787157372235205,hard
136.243,426,0.682112,-49.9,-40.2877,13.598,-29.3677,-34.5001,5.1324,2.587,-5212.2458,817.919,6030.1648,-0.0,46169.2821,-4230.4107,14.671,13.8133,0.9415,0.0,29.456,class2_2026_04_27_15_26_18.csv,train,background,,1.6509080427013902,random
170.383,533,0.853037,-49.9,-37.1756,14.2475,-31.8078,-34.5902,2.7824,5.13,5239.0504,5526.8289,287.7785,-47404.3918,5150.4687,-47404.3918,12.9921,13.7916,1.0615,0.0,30.244,class3_2026_05_14_12_55_08.csv,train,background,,-3.8601787424487437,random
170.383,533,0.853037,-49.9,-33.899,14.327,-33.1015,-39.1127,6.0112,18.1435,1854.5905,-4791.3934,-6645.9839,1111.2837,45910.663,-43039.1881,13.4406,13.5717,1.0098,0.0,30.0,class2_2026_04_27_15_25_04.csv,train,background,,3.946309469409467,hard
134.966,422,0.675719,-22.6,-34.2026,14.0605,-21.9888,-35.8405,13.8517,1.5355,-3107.9768,-1104.2324,2003.7444,4040.7539,45438.8746,-46871.0464,10.3285,14.0992,1.3651,0.0,29.857,class2_2026_04_27_15_44_43.csv,train,background,,6.762439768665124,hard
105.293,329,0.527158,-17.131,-17.1187,0.4123,-17.1981,-17.0361,-0.162,0.3135,68.8425,45.741,-23.1015,-918.4922,37.6176,-918.4922,0.2742,0.3742,1.365,0.0,1.312,class2_2026_04_27_15_32_35.csv,train,background,,-55.69899093044551,random
150.92,472,0.755594,-20.157,-36.884,14.5725,-46.9573,-36.6674,-10.2898,30.822,1859.7158,-29.2412,-1888.957,0.0,43398.1223,-45283.7006,8.3329,13.4744,1.617,0.638,30.822,class2_2026_04_27_15_48_47.csv,train,background,,7.411415224080217,hard
132.733,415,0.664539,-20.14,-24.0697,9.321,-15.338,-33.1463,17.8083,3.4355,-4981.2745,-3662.1503,1319.1242,40305.6473,40305.6473,-42703.7633,9.1112,13.4317,1.4742,0.0,32.38,class2_2026_04_27_15_54_02.csv,train,background,,6.125364269901376,hard
129.223,404,0.646966,-11.63,-11.5634,2.2021,-13.6406,-25.1219,11.4813,8.4605,2318.1027,-6588.4647,-8906.5674,-3326.0188,-1979.6238,-3326.0188,3.6087,13.5937,3.7669,2.871,6.832,class2_2026_04_27_15_52_49.csv,train,break,131.14,,positive
114.227,357,0.571887,-20.448,-34.2637,14.0065,-39.3365,-36.3535,-2.983,29.452,-2127.066,-3774.8565,-1647.7905,45017.2429,46163.0125,-46163.0125,13.2707,13.5862,1.0238,0.957,29.452,class3_2026_05_22_11_05_50.csv,train,background,,2.483671551757727,random
131.776,412,0.659748,-22.893,-43.4352,12.1343,-20.6273,-37.5359,16.9086,2.211,-8047.1537,4079.8367,12126.9904,-0.0,42330.7241,-42330.7241,13.2253,13.8922,1.0504,0.0,31.176,class3_2026_05_14_13_18_12.csv,train,background,,7.396454299699001,hard
160.811,503,0.805114,-49.9,-41.228,12.3704,-36.1942,-36.0088,-0.1854,17.4115,-2755.9987,1284.9339,4040.9326,-8478.0564,43103.4514,-8478.0564,13.7716,13.9753,1.0148,0.0,28.457,class2_2026_04_27_15_38_20.csv,train,background,,-2.0010812308878942,random
147.729,462,0.739618,-49.9,-40.2309,13.6923,-34.8709,-40.6776,5.8067,30.727,2089.7156,2757.0713,667.3557,-48161.4451,44297.8088,-48161.4451,13.5796,13.1312,0.967,0.0,30.727,class2_2026_04_27_15_42_56.csv,train,background,,4.238564790879444,hard
184.103,576,0.921727,-49.9,-36.9262,14.5161,-34.7651,-40.4618,5.6967,30.224,5607.9207,2048.9178,-3559.0029,-44277.4342,46746.0846,-44277.4342,13.6587,13.384,0.9799,0.0,30.224,class1_2026_04_27_14_49_38.csv,train,background,,4.899427538132083,hard
171.659,537,0.859425,-20.86,-34.3788,13.9203,-39.4581,-36.3541,-3.104,29.543,394.1068,160.7664,-233.3404,-0.0,3089.3386,-46305.6458,13.1935,13.641,1.0339,0.638,29.543,class3_2026_05_14_13_42_19.csv,train,background,,-3.424589378876253,random
141.986,444,0.710865,-49.9,-34.4964,13.8454,-32.7738,-40.5234,7.7496,30.006,19.8648,-1636.7832,-1656.6479,38724.1411,41869.9091,-38724.1411,13.699,13.295,0.9705,0.0,30.006,class2_2026_04_27_15_24_51.csv,train,background,,4.4011700838193075,hard
32.545,101,0.162939,-16.407,-16.3692,0.2103,-15.8952,-16.3897,0.4945,-0.0055,-145.2873,79.266,224.5533,-467.0846,145.768,-847.9592,0.3989,0.3514,0.8809,0.0,0.692,class2_2026_04_27_16_06_59.csv,train,background,,-56.296685332101376,random
187.294,586,0.937703,-22.385,-31.1662,13.3007,-41.3451,-33.4997,-7.8453,29.798,2083.4388,19.5624,-2063.8764,6257.0549,43126.9624,-43126.9624,12.4419,13.3044,1.0693,1.276,29.798,class2_2026_04_27_15_50_53.csv,train,background,,3.993689571872345,hard
164.64,515,0.824284,-49.9,-34.3153,13.9867,-40.774,-33.0044,-7.7696,29.766,2827.1768,-2057.8179,-4884.9947,-0.0,41582.4475,-0.0,12.9243,13.5336,1.0471,0.0,29.766,class3_2026_05_14_14_40_05.csv,train,background,,4.450932636677077,hard
137.2,429,0.686903,-25.092,-34.358,13.9557,-25.9313,-37.314,11.3827,2.3785,-2511.5715,-1483.1242,1028.4473,0.0,43951.4154,-46286.8386,10.836,14.1047,1.3017,0.0,29.531,class2_2026_04_27_15_38_20.csv,train,background,,5.011729784639584,hard
148.048,463,0.741215,-19.452,-40.3799,13.4861,-40.4414,-31.541,-8.9004,18.035,-3400.3159,1722.3096,5122.6256,43691.2257,47724.1411,-47724.1411,13.3894,13.0516,0.9748,0.957,30.448,class3_2026_05_14_14_34_08.csv,train,background,,4.9149943393227815,hard
101.464,317,0.507988,-20.04,-34.8289,13.54,-40.8942,-33.2762,-7.618,29.86,-2210.9768,742.0781,2953.0549,0.0,43279.0,-39023.5141,12.8233,13.3028,1.0374,0.638,29.86,class3_2026_05_14_14_40_57.csv,train,background,,4.153108754791599,hard
148.048,463,0.741215,-20.591,-31.8911,12.8118,-35.1707,-33.2423,-1.9284,4.3415,590.3037,4479.0979,3888.7942,-1363.6348,42517.2445,-45938.8746,13.4496,13.3488,0.9925,1.276,29.309,class3_2026_05_14_13_16_46.csv,train,background,,-1.4871008570768012,random
131.457,411,0.65815,-17.76,-18.3106,2.9443,-12.9756,-37.437,24.4614,3.868,-1413.7508,-3891.712,-2477.9612,-3200.6254,-2421.1845,-8912.2241,3.1569,14.0248,4.4427,0.0,9.252,class2_2026_04_27_15_23_09.csv,train,break,131.78,,positive
141.348,442,0.707671,-49.9,-35.2729,13.6148,-20.0167,-37.4808,17.4641,0.3495,-1795.9212,-917.0754,878.8458,20360.5047,20360.5047,-45841.6959,3.7455,13.9449,3.7231,0.0,29.318,class3_2026_05_14_13_12_07.csv,train,background,,3.960239487452288,hard
127.628,399,0.63898,-9.651,-12.6896,3.1048,-17.7924,-17.4413,-0.3511,8.661,1044.6397,-3116.0291,-4160.6688,636.3636,10300.942,-2713.1661,2.3293,4.5859,1.9688,2.871,9.572,class2_2026_04_27_15_33_39.csv,train,connector,127.95,,positive
175.807,550,0.880192,-49.9,-40.6301,13.1537,-31.5333,-38.0264,6.4931,4.417,3659.075,5189.8673,1530.7923,-46181.8197,39507.8401,-46181.8197,13.0634,13.4441,1.0291,0.0,29.464,class2_2026_04_27_16_05_17.csv,train,background,,0.8427207814002174,random
134.647,421,0.674121,-23.164,-27.6623,11.9475,-17.5461,-34.7439,17.1979,1.5,-4368.3342,-4183.5568,184.7774,42006.2727,42006.2727,-44808.3959,8.6188,13.607,1.5788,0.0,30.394,class3_2026_04_27_16_18_40.csv,train,background,,6.323986638685092,hard
125.394,392,0.627796,-24.817,-27.5647,12.0383,-23.1923,-42.0747,18.8824,3.2965,-256.9383,-3343.1938,-3086.2555,-47525.0815,47431.0376,-47525.0815,9.5807,12.6333,1.3186,0.0,30.321,class3_2026_05_14_12_56_35.csv,train,background,,7.191559186653557,hard
135.285,423,0.677316,-49.9,-46.8093,8.7417,-26.946,-38.7582,11.8122,0.2335,-6665.5811,3931.3951,10596.9763,0.0,43598.7492,-0.0,14.4624,13.98,0.9666,0.0,27.816,class2_2026_04_27_15_14_19.csv,train,background,,-0.8044133812703901,random
175.807,550,0.880192,-49.9,-34.3878,13.9462,-31.5136,-39.0386,7.5251,5.5495,-379.377,-105.6016,273.7755,1626.9592,45603.4514,-47230.4107,13.0607,13.6682,1.0465,0.0,30.133,class3_2026_05_14_12_56_13.csv,train,background,,3.7250191344220633,hard
135.285,423,0.677316,-49.9,-35.8781,12.5649,-41.1501,-36.4972,-4.6529,26.448,7227.294,1106.1005,-6121.1935,-2065.8307,-253.9169,-38104.341,12.4118,13.4521,1.0838,0.0,26.448,class3_2026_05_14_12_56_35.csv,train,background,,-7.378927376121186,random
131.457,411,0.65815,-18.152,-18.2898,2.2374,-13.4284,-33.3583,19.9298,3.55,-1427.2624,-7633.2163,-6205.9539,-2789.9702,-2178.9205,-6799.373,3.0938,13.4527,4.3483,0.0,7.664,class2_2026_04_27_16_10_35.csv,train,break,131.78,,positive
134.328,420,0.672524,-49.9,-35.3261,13.4061,-21.3411,-35.558,14.2169,1.8855,-6037.1152,-769.5091,5267.606,-0.0,46885.5831,-1559.5596,11.6524,14.3633,1.2326,0.0,29.913,class2_2026_04_27_15_21_13.csv,train,background,,6.930584775843844,hard
50.732,158,0.253994,-49.9,-40.452,13.3876,-33.6441,-43.9052,10.2611,30.38,-6394.1028,-4080.0948,2314.0081,0.0,43097.1834,0.0,13.3242,11.2709,0.8459,0.0,30.38,class3_2026_05_14_14_40_57.csv,train,background,,4.06296179222445,hard
65.09,203,0.325879,-16.3,-16.2279,0.2054,-16.2415,-16.3115,0.07,0.2305,37.1423,18.8595,-18.2828,-760.1881,159.8746,-760.1881,0.1364,0.214,1.5689,0.0,0.706,class2_2026_04_27_16_06_07.csv,train,background,,-56.599141753831496,random
134.009,419,0.670927,-22.752,-37.0322,14.4155,-19.6809,-38.7015,19.0206,1.132,-6260.717,1486.2432,7746.9602,0.0,42551.7257,-47431.0376,11.2081,14.061,1.2545,0.0,30.296,class2_2026_04_27_15_34_30.csv,train,background,,9.534049789217459,hard
140.071,438,0.701277,-49.9,-37.1084,14.3568,-34.4365,-37.2254,2.7889,19.1775,1590.2865,153.3476,-1436.9389,-47071.9841,46998.4342,-47071.9841,13.923,14.1825,1.0186,0.0,30.767,class2_2026_04_27_15_54_02.csv,train,background,,3.846302617966928,hard
132.095,413,0.661345,-22.535,-33.9192,14.352,-17.4334,-40.7294,23.2959,1.212,-4161.3841,2401.6962,6563.0803,-47536.0517,42891.8527,-47536.0517,8.3127,13.0091,1.565,0.0,30.328,class3_2026_05_14_13_16_20.csv,train,background,,10.759574393001138,hard
138.157,432,0.691695,-49.9,-34.7351,13.6951,-31.3319,-36.1394,4.8076,4.224,1567.4983,-281.3783,-1848.8766,1344.8276,42442.0078,-43786.8354,13.2529,13.8137,1.0423,0.0,29.953,class2_2026_04_27_15_26_28.csv,train,background,,1.615659990080257,random
149.963,469,0.750802,-49.9,-41.1573,12.5027,-43.9027,-32.9302,-10.9725,30.749,-1568.9909,-585.054,983.9369,-1387.1473,38080.9401,-5145.7696,11.2534,13.6442,1.2125,0.0,30.749,class1_2026_04_27_14_37_39.csv,train,background,,5.435912359978356,hard
135.285,423,0.677316,-19.36,-19.3503,1.9938,-12.5892,-34.2607,21.6715,1.6365,-2480.9805,-4878.0946,-2397.1141,-2177.116,-937.3025,-7868.3401,4.1707,14.0975,3.3801,0.0,5.793,class3_2026_05_14_14_36_02.csv,train,break,134.65,,positive
130.818,409,0.654951,-17.591,-17.5587,2.3662,-14.3457,-30.9223,16.5766,4.456,181.9331,-5085.8041,-5267.7372,-2763.1197,-1882.4451,-4391.0521,3.2381,13.5354,4.18,0.0,7.125,class2_2026_04_27_16_05_29.csv,train,break,131.46,,positive
165.278,517,0.827478,-49.9,-34.1497,14.1052,-40.9522,-36.1628,-4.7894,30.05,2503.354,-2338.1393,-4841.4933,43347.9671,43347.9671,-3286.8339,12.7548,13.7852,1.0808,0.0,30.05,class2_2026_04_27_15_42_44.csv,train,background,,3.825318469534849,hard
191.761,600,0.960067,-49.9,-37.0162,14.407,-34.6551,-38.7212,4.0662,29.545,-639.6024,-2394.0396,-1754.4372,-45705.3323,45495.1286,-45705.3323,13.7507,14.0319,1.0204,0.0,29.545,class3_2026_05_14_13_15_32.csv,train,background,,3.7206884885200933,hard
52.008,162,0.260382,-21.587,-40.5333,13.2619,-38.9895,-42.4963,3.5068,29.338,-2113.3604,684.4344,2797.7948,45984.3292,45984.3292,-46056.2921,13.7097,11.9812,0.8739,0.957,29.338,class3_2026_05_14_12_58_43.csv,train,background,,0.6196836676309023,random
179.636,562,0.899363,-49.9,-40.6549,13.102,-32.8506,-40.6104,7.7598,29.807,4123.8679,1271.0948,-2852.7732,-4691.2226,46719.4389,-42028.2163,13.7037,13.1642,0.9606,0.0,29.807,class2_2026_04_27_15_34_30.csv,train,background,,4.18484564189386,hard
151.239,473,0.757191,-24.122,-31.2704,13.2452,-43.4452,-29.7759,-13.6693,30.725,2029.9796,-1092.0632,-3122.0428,2736.674,45075.2382,-40404.3918,12.0897,12.5989,1.0421,1.595,30.725,class3_2026_05_22_11_05_05.csv,train,background,,7.402447319018307,hard
134.966,422,0.675719,-49.9,-31.2969,13.2473,-20.2093,-33.4589,13.2496,1.21,-3911.0889,-3321.4172,589.6717,39689.6599,39689.6599,0.0,8.1163,13.3273,1.642,0.0,29.682,class2_2026_04_27_15_39_46.csv,train,background,,4.161020550842141,hard
165.597,518,0.829075,-20.331,-37.2479,14.1531,-45.3684,-33.1413,-12.2272,29.569,1221.8616,-603.7392,-1825.6008,44752.3542,46346.3997,-46346.3997,10.1454,13.3981,1.3206,0.957,29.569,class2_2026_04_27_15_16_23.csv,train,background,,7.132907211599122,hard
133.69,418,0.66933,-20.095,-26.6116,12.5179,-13.3672,-34.9252,21.5581,1.032,-2497.891,544.152,3042.043,-48106.5862,-670.8448,-48106.5862,4.2249,13.7055,3.244,0.0,31.39,class1_2026_04_27_14_47_19.csv,train,background,,4.110903078958704,hard
107.207,335,0.536741,-17.489,-17.3082,0.2465,-17.3044,-17.4748,0.1704,0.5395,36.4253,-89.6714,-126.0966,73.6693,73.6693,-739.2431,0.2986,0.439,1.4702,0.0,0.778,class2_2026_04_27_16_01_24.csv,train,background,,-56.24659395520121,random
132.414,414,0.662942,-19.334,-23.1553,9.6504,-13.2855,-32.6978,19.4123,3.498,-2897.8776,-1401.733,1496.1446,2064.2618,2064.2618,-47909.094,3.9482,13.7638,3.4861,0.0,33.409,class2_2026_04_27_16_02_06.csv,train,break,131.46,,positive
134.009,419,0.670927,-49.9,-36.9921,14.4331,-32.9062,-45.8221,12.9158,29.476,2666.548,104.8459,-2561.7021,-45746.0831,46200.6301,-45746.0831,13.6255,9.3177,0.6838,0.0,29.476,class3_2026_05_14_13_39_14.csv,train,background,,4.039523317677492,hard
178.679,559,0.894571,-25.029,-37.2403,14.2245,-40.2038,-36.2829,-3.9209,30.141,283.5891,-568.0535,-851.6426,1211.5956,45573.6724,-47242.9483,13.7282,13.7875,1.0043,1.276,30.141,class2_2026_04_27_15_18_27.csv,train,background,,3.8966283691160566,hard
133.69,418,0.66933,-49.9,-34.2759,14.0742,-15.4368,-37.9212,22.4844,2.24,-2685.5261,1187.8599,3873.386,-332.2884,1126.9592,-40221.0063,4.4729,13.4979,3.0177,0.0,31.117,class2_2026_04_27_15_33_11.csv,train,background,,5.510785756769439,hard
131.457,411,0.65815,-16.613,-17.9308,2.288,-13.2359,-30.5717,17.3358,3.95,-1385.4104,-3894.8392,-2509.4288,-3130.0925,-885.3339,-6086.2053,3.1233,13.704,4.3876,0.0,6.686,class2_2026_04_27_15_35_32.csv,train,break,131.46,,positive
135.285,423,0.677316,-21.502,-31.4449,13.1371,-23.5348,-37.467,13.9322,3.921,-4718.0429,-4284.3457,433.6972,4178.6834,44542.3229,-48745.714,12.2841,13.993,1.1391,0.0,31.084,class2_2026_04_27_15_54_38.csv,train,background,,7.1499027949007745,hard
124.118,388,0.621407,-17.39,-16.9496,0.2929,-16.8168,-13.1034,-3.7134,0.3185,-21.8454,2350.9128,2372.7581,316.6129,1090.9107,-73.6693,0.3386,3.4422,10.1646,0.0,1.07,class2_2026_04_27_15_26_42.csv,train,background,,-51.45822066208554,random
117.737,368,0.58946,-17.415,-17.3221,0.3741,-16.1633,-17.4079,1.2446,0.4395,-618.092,-85.64,532.4521,636.3605,636.3605,-1244.5157,1.0879,0.2975,0.2734,0.0,1.238,class2_2026_04_27_15_19_40.csv,train,bend,114.86,,positive
134.647,421,0.674121,-20.926,-34.6049,13.8107,-20.0773,-34.6325,14.5552,1.2545,-4737.2945,2775.7307,7513.0252,-4294.6693,45413.7947,-45413.7947,11.1206,13.7212,1.2339,0.0,29.941,class2_2026_04_27_15_24_51.csv,train,background,,6.63891949908888,hard
129.223,404,0.646966,-11.605,-11.5499,2.1757,-13.7601,-23.6603,9.9002,8.5015,2351.5676,-4768.3419,-7119.9095,-3100.3135,-1935.7367,-3100.3135,3.6917,12.2699,3.3237,2.871,6.675,class2_2026_04_27_15_27_06.csv,train,background,,-33.38702843169975,random
133.69,418,0.66933,-25.954,-27.3943,12.2586,-13.3797,-35.6913,22.3116,2.3575,-2614.2518,-1627.2045,987.0474,-2478.0564,-1125.3887,-37532.9185,4.3469,14.2245,3.2723,0.0,32.127,class1_2026_04_27_14_48_38.csv,train,background,,5.563169324709561,hard
119.651,374,0.599043,-49.9,-34.3629,13.9375,-30.0922,-40.5832,10.4911,5.0045,3348.626,2075.293,-1273.3329,-42957.6834,44573.6708,-42957.6834,12.3481,13.1938,1.0685,0.0,29.692,class3_2026_05_14_14_33_35.csv,train,background,,4.177298133738825,hard
127.628,399,0.63898,-5.879,-8.7768,2.8957,-13.8492,-13.3797,-0.4695,8.813,1125.0358,-2613.4018,-3738.4376,628.5266,9733.5423,-2744.5141,2.2327,4.3469,1.9469,2.871,8.909,class1_2026_04_27_14_48_38.csv,train,connector,127.63,,positive
135.604,424,0.678913,-49.9,-36.1739,12.8519,-21.2747,-34.6972,13.4225,2.346,-3828.7672,-599.4648,3229.3025,3152.8355,43437.3072,-46877.7445,8.3247,13.6779,1.643,0.0,29.908,class2_2026_04_27_15_33_24.csv,train,background,,5.047221057993618,hard
132.733,415,0.664539,-49.9,-29.5224,14.5161,-12.5913,-35.4685,22.8772,2.029,-2631.8017,-831.4148,1800.3869,-874.605,-326.0188,-6018.8103,3.8421,13.0076,3.3856,0.0,32.318,class3_2026_05_14_14_35_39.csv,train,background,,6.619525856212434,hard
144.219,451,0.722044,-23.888,-34.5501,13.7468,-36.2556,-45.1214,8.8659,28.867,-2208.8741,-2886.8514,-677.9773,-0.0,2078.3699,-45034.1027,13.7521,10.686,0.777,0.638,28.867,class2_2026_04_27_15_41_16.csv,train,background,,-4.103139288992118,random
72.11,225,0.361025,-49.9,-37.4069,14.0328,-18.7199,-39.2527,20.5328,3.1715,-4768.6901,-1212.6988,3555.9913,0.0,6478.0549,-46416.9326,8.7155,13.3931,1.5367,0.0,30.389,class3_2026_05_14_13_10_18.csv,train,background,,4.560164491340893,hard
127.628,399,0.63898,-8.329,-11.1861,2.8037,-16.1978,-15.8983,-0.2994,8.4865,1178.5338,-2570.2595,-3748.7933,579.9373,9484.326,-2714.7335,2.2322,4.4204,1.9803,2.871,8.638,class2_2026_04_27_16_00_46.csv,train,connector,127.95,,positive
189.208,592,0.947286,-49.9,-37.7883,13.6243,-33.3028,-34.2458,0.943,5.654,-4166.2263,-181.2508,3984.9755,39112.8574,45746.0831,-3677.1144,13.3246,13.0033,0.9759,0.0,29.801,class2_2026_04_27_15_50_35.csv,train,background,,-0.6317244493591506,random
29.035,90,0.145366,-19.872,-30.8047,13.519,-27.8526,-37.2926,9.4401,2.694,-593.585,-2591.936,-1998.351,1294.6708,44065.8354,-47065.8339,11.9648,14.1677,1.1841,0.957,30.028,class3_2026_05_14_13_18_01.csv,train,background,,4.26200740416493,hard
175.488,549,0.878595,-21.221,-37.365,14.0248,-37.9978,-38.0894,0.0916,29.267,-5896.9182,-526.778,5370.1403,45873.0455,45873.0455,-44951.4122,13.373,13.3374,0.9973,0.957,29.267,class2_2026_04_27_15_24_25.csv,train,background,,0.6329902547425944,random
143.262,448,0.717253,-21.995,-40.5357,13.2582,-27.5871,-42.2958,14.7088,8.919,-5622.785,-953.8453,4668.9397,-4172.4154,46266.4608,-43738.2461,12.359,12.316,0.9965,1.276,29.518,class3_2026_05_14_13_12_07.csv,train,background,,5.2879126938302905,hard
135.604,424,0.678913,-27.142,-34.6386,13.7713,-20.9741,-36.6389,15.6649,1.7755,-4429.3596,2787.9219,7217.2815,-43834.9305,43989.0329,-46724.1411,10.7466,13.3516,1.2424,0.0,29.81,class1_2026_04_27_14_47_01.csv,train,background,,6.546379123872764,hard
122.523,383,0.613422,-22.503,-36.0491,15.6242,-34.1348,-28.8628,-5.2721,7.5425,1648.4939,3772.2681,2123.7742,-0.0,55029.7837,-42942.0094,15.8849,15.8641,0.9987,0.0,35.109,class3_2026_05_14_13_11_09.csv,train,background,,11.930303671487133,hard
189.846,594,0.95048,-49.9,-36.79,14.6611,-38.8012,-33.2771,-5.5241,19.542,495.9236,2723.632,2227.7084,1526.6442,45752.3558,-5120.3731,13.9336,13.4371,0.9644,0.0,30.164,class2_2026_04_27_15_48_07.csv,train,background,,4.076827043093311,hard
134.647,421,0.674121,-22.659,-34.0174,14.2321,-20.3874,-36.0518,15.6643,0.5215,-5769.6314,-296.9623,5472.6691,46589.3433,46589.3433,-46589.3433,10.8215,13.9225,1.2866,0.0,29.724,class2_2026_04_27_15_49_56.csv,train,background,,7.608926775402736,hard
132.095,413,0.661345,-19.71,-19.7106,2.0695,-13.3628,-33.6483,20.2854,2.9205,-2503.0837,-2053.9858,449.0979,-2921.6317,-2266.4561,-43636.3683,3.393,13.173,3.8824,0.0,6.322,class2_2026_04_27_15_50_35.csv,train,break,131.14,,positive
134.009,419,0.670927,-23.452,-35.329,13.1039,-46.8041,-36.9565,-9.8476,29.367,825.3097,-2258.6384,-3083.9481,-5426.3323,46029.7821,-37109.7194,8.7708,12.9817,1.4801,1.914,29.367,class3_2026_05_14_12_56_35.csv,train,background,,4.521770804858993,hard
156.025,488,0.781152,-20.341,-31.3452,13.1669,-31.4443,-42.564,11.1197,29.559,671.3164,99.3017,-572.0147,0.0,42808.7821,-46330.7241,13.2133,12.0279,0.9103,0.638,29.559,class2_2026_04_27_15_48_35.csv,train,background,,4.110210731143267,hard
103.059,322,0.515974,-22.262,-27.5514,11.9883,-17.0293,-29.6286,12.5993,1.2935,-3475.972,-3477.3492,-1.3772,-47565.8354,47896.5564,-47565.8354,8.7787,12.6239,1.438,0.0,30.558,class3_2026_05_14_13_41_43.csv,train,background,,4.202105973119709,hard
153.472,480,0.76837,-19.727,-37.1567,14.3174,-38.5511,-37.567,-0.9841,30.881,-2692.4579,-713.8188,1978.6391,39827.5893,48402.826,-47118.1968,14.255,13.8209,0.9695,0.958,30.881,class2_2026_04_27_15_45_59.csv,train,background,,3.6857708151167246,hard
161.449,505,0.808308,-21.865,-38.0682,13.3019,-36.0106,-33.5917,-2.4188,4.5555,-4567.6661,1758.8803,6326.5464,-0.0,43540.7555,-43374.6129,13.9607,13.1142,0.9394,0.638,28.035,class2_2026_04_27_15_15_03.csv,train,background,,-2.0873800471461283,random
165.916,519,0.830672,-21.024,-37.1277,14.2863,-37.8592,-35.0576,-2.8016,18.06,3653.1598,4449.2314,796.0717,-44142.6364,44169.2837,-46601.8856,13.5284,13.3595,0.9875,1.276,29.732,class1_2026_04_27_14_49_15.csv,train,background,,1.6499289976955063,random
182.827,572,0.915339,-21.05,-31.5817,13.1369,-42.3542,-33.8383,-8.5159,29.607,1858.5501,1380.0564,-478.4936,6572.1019,45219.4404,-46266.4608,12.196,13.0291,1.0683,1.914,29.607,class2_2026_04_27_16_03_45.csv,train,background,,4.058376186190035,hard
135.924,425,0.680515,-49.9,-33.6213,14.591,-20.6523,-38.0107,17.3584,2.586,-733.0497,3084.285,3817.3346,-46154.222,2609.7163,-46154.222,7.3814,13.4524,1.8225,0.0,31.227,class2_2026_04_27_16_02_34.csv,train,background,,3.6887011760154103,hard
145.496,455,0.728438,-32.759,-26.2983,9.0332,-36.0589,-33.9728,-2.0861,6.0525,4216.5654,-4034.5884,-8251.1538,-2979.6254,44927.9028,-26866.7759,13.9142,12.7918,0.9193,0.0,29.298,class2_2026_04_27_15_20_26.csv,train,background,,-4.448679086885771,random
83.915,262,0.420127,-49.9,-33.544,14.6833,-35.6992,-33.6468,-2.0524,6.362,733.4543,-2699.0882,-3432.5426,40962.384,48448.279,-40962.384,14.2453,13.3647,0.9382,0.0,30.91,class3_2026_05_14_13_09_36.csv,train,background,,2.5246386143149886,random
166.235,520,0.832269,-21.29,-37.7044,13.7351,-45.3767,-33.7463,-11.6303,29.082,-91.5072,-449.5874,-358.0802,45324.4545,45324.4545,-44843.2618,10.1288,13.0283,1.2863,0.957,29.082,class2_2026_04_27_15_43_31.csv,train,background,,5.5583494092580965,hard
96.997,303,0.485624,-6.557,-9.2969,2.6461,-13.8842,-12.6346,-1.2496,8.0265,1051.9243,-1962.0113,-3013.9356,420.0627,9026.6458,-2808.7774,2.0481,2.8549,1.394,2.872,8.195,class3_2026_05_14_13_37_53.csv,train,connector,96.68,,positive
108.165,338,0.541537,-49.9,-27.6494,11.9313,-20.9432,-34.3541,13.4109,1.1915,-2466.6111,-3344.5856,-877.9745,-2821.543,44374.6097,-45385.5831,7.2711,14.0104,1.9269,0.0,30.082,class3_2026_05_14_12_56_02.csv,train,background,,4.817234885803493,hard
131.138,410,0.656553,-16.93,-16.8102,2.2503,-12.8405,-30.3877,17.5472,3.7675,-581.1061,-5693.1446,-5112.0385,-1752.2991,-1752.2991,-4568.9671,3.0978,13.8934,4.4849,0.0,6.818,class2_2026_04_27_15_26_06.csv,train,break,131.78,,positive
150.601,471,0.753997,-19.597,-36.8586,14.6251,-42.2867,-37.4959,-4.7908,30.537,2003.6994,1366.3457,-637.3536,-0.0,47639.3942,-47496.8683,12.3173,13.9397,1.1317,0.638,30.537,class2_2026_04_27_16_01_24.csv,train,background,,5.458723843005492,hard
139.433,436,0.698083,-25.727,-37.7609,13.6645,-29.0657,-38.2476,9.1819,5.6685,-4944.0348,672.2212,5616.2559,47819.7508,47819.7508,-47894.5861,13.0888,13.1277,1.003,0.0,30.509,class3_2026_05_14_13_39_43.csv,train,background,,4.516787036521629,hard
50.732,158,0.253994,-25.085,-34.3179,14.0051,-29.4776,-32.4176,2.9399,2.655,53.7061,5386.933,5333.2269,-43402.8245,44952.9828,-47752.3542,12.7508,14.0086,1.0986,0.0,30.466,class3_2026_05_14_13_09_36.csv,train,background,,1.8360864844899416,random
44.032,137,0.22045,-49.9,-43.8349,11.3752,-43.9259,-41.4429,-2.4831,28.999,-1292.3241,3528.4257,4820.7499,0.0,0.0,0.0,11.1839,12.0564,1.078,0.0,28.999,class3_2026_05_14_13_18_01.csv,train,background,,-8.098555136782203,random
158.577,496,0.793929,-24.374,-37.4164,14.0173,-34.8724,-39.2721,4.3996,30.501,-2264.7021,-1289.2651,975.437,47833.2925,47833.2925,-47807.2132,13.5327,13.3951,0.9898,0.958,30.501,class2_2026_04_27_15_26_06.csv,train,background,,4.302705215166985,hard
136.243,426,0.682112,-49.9,-40.9173,12.8596,-28.4,-39.6593,11.2593,6.0345,-2807.7757,-1983.8642,823.9115,-11934.1661,46300.8672,-34584.6442,13.5936,12.9226,0.9506,0.0,29.679,class2_2026_04_27_15_45_25.csv,train,background,,3.76350608695848,hard
188.889,591,0.945689,-20.882,-34.2184,14.207,-38.8019,-34.8522,-3.9497,30.663,2067.0638,1744.7991,-322.2647,724.1364,47336.9953,-45482.7618,13.9427,13.6098,0.9761,1.276,30.663,class1_2026_04_27_14_45_04.csv,train,background,,4.509550252402009,hard
137.838,431,0.690097,-49.9,-29.9247,11.3939,-24.3479,-41.1916,16.8437,2.5615,-2456.313,-5190.4893,-2734.1764,19047.0266,44735.1144,-43457.6834,9.6838,12.3521,1.2755,0.0,28.907,class1_2026_04_27_14_39_34.csv,train,background,,3.6912916889249985,hard
178.36,558,0.892974,-49.9,-43.2624,12.4222,-41.9191,-33.2953,-8.6238,30.577,1829.4859,3675.1511,1845.6652,0.0,47715.6694,-0.0,12.8817,13.2963,1.0322,0.0,30.577,class2_2026_04_27_15_25_04.csv,train,background,,5.092327033103147,hard
131.138,410,0.656553,-16.519,-16.4566,2.0492,-12.6965,-32.2679,19.5714,3.98,-558.0206,-3791.9584,-3233.9378,-2243.1702,-2180.2508,-3669.2821,3.1787,14.2082,4.4698,0.0,6.252,class2_2026_04_27_15_25_04.csv,train,break,131.46,,positive
11.167,34,0.055909,-19.101,-22.4029,9.8179,-12.6575,-31.5483,18.8908,2.54,-2331.5555,-4648.3363,-2316.7808,-2526.6442,-945.1426,-48055.0952,3.9899,13.0725,3.2764,0.0,33.286,class3_2026_05_14_14_40_57.csv,train,break,10.21,,positive
179.636,562,0.899363,-22.012,-34.0639,14.1688,-43.7882,-31.3568,-12.4314,29.098,992.3724,-4381.04,-5373.4123,846.3966,44606.5862,-43711.6034,11.4457,13.171,1.1507,1.276,29.098,class1_2026_04_27_14_49_51.csv,train,background,,6.336062263007876,hard
169.745,531,0.849843,-49.9,-35.0391,13.353,-30.8516,-40.5763,9.7247,7.195,-12.5403,1818.0781,1830.6184,-42592.4796,46399.6881,-42592.4796,11.9625,13.2261,1.1056,0.0,29.603,class2_2026_04_27_15_54_27.csv,train,background,,3.681790312960643,hard
180.912,566,0.905751,-49.9,-43.7726,11.4738,-35.0663,-32.4108,-2.6554,3.783,-2764.8435,396.3068,3161.1503,3249.2163,41594.0455,-44913.439,13.3724,12.5541,0.9388,0.0,28.61,class2_2026_04_27_15_33_39.csv,train,background,,-3.695710421095841,random
188.889,591,0.945689,-20.882,-34.2184,14.207,-38.8019,-34.8522,-3.9497,30.663,2067.0638,1744.7991,-322.2647,724.1364,47336.9953,-45482.7618,13.9427,13.6098,0.9761,1.276,30.663,class1_2026_04_27_14_44_55.csv,train,background,,4.509550252402009,hard
41.479,129,0.207668,-49.9,-40.4772,13.3503,-17.9329,-39.4785,21.5456,1.5795,-4513.808,596.83,5110.6379,-46103.4514,4887.1473,-46103.4514,8.904,13.1125,1.4727,0.0,29.414,class3_2026_05_14_13_09_48.csv,train,break,38.61,,positive
127.628,399,0.63898,-5.898,-8.7903,2.8875,-13.9533,-13.4549,-0.4984,8.902,1156.6403,-2634.4269,-3791.0672,609.7179,9626.9592,-2755.4859,2.2671,4.3708,1.9279,2.871,8.918,class1_2026_04_27_14_46_27.csv,train,connector,127.63,,positive
179.317,561,0.897766,-49.9,-40.3787,13.4702,-33.2919,-39.5626,6.2707,18.3655,3651.4068,3946.8975,295.4907,-46167.7147,46167.7147,-46167.7147,13.3263,12.9666,0.973,0.0,29.455,class2_2026_04_27_15_45_59.csv,train,background,,2.4135322513214215,random
22.016,68,0.110225,-15.47,-15.0547,0.3501,-14.6061,-15.7702,1.1642,0.348,-126.0966,-400.9918,-274.8952,725.7053,725.7053,-211.5987,0.3057,0.6371,2.0839,0.0,1.16,class2_2026_04_27_16_05_17.csv,train,bend,22.97,,positive
190.165,595,0.952077,-49.9,-40.3714,13.4945,-40.7579,-34.3653,-6.3926,30.128,3100.298,2048.2688,-1052.0292,2476.489,44746.0862,-47296.476,12.9565,13.9648,1.0778,0.0,30.128,class3_2026_05_14_13_43_01.csv,train,background,,4.56038869639824,hard
147.41,461,0.73802,-49.9,-35.1121,13.401,-32.7725,-37.5844,4.8119,7.6145,521.5437,1205.4433,683.8995,9579.9357,9579.9357,-45672.4169,12.3075,13.8124,1.1223,0.0,30.004,class2_2026_04_27_15_16_03.csv,train,background,,-2.9521343014504384,random
193.994,607,0.971247,-49.9,-36.4968,12.7555,-36.7124,-37.5179,0.8055,22.6035,-608.6486,59.4364,668.085,-8217.8683,45645.7712,-37427.9028,13.2838,12.8628,0.9683,0.0,29.122,class2_2026_04_27_15_38_41.csv,train,background,,-1.0392684788334126,random
71.472,223,0.357831,-49.9,-31.4418,13.1127,-42.5464,-35.9747,-6.5717,29.611,4878.016,662.8464,-4215.1695,44039.0336,44039.0336,-46412.2288,11.9702,13.9659,1.1667,0.0,29.611,class3_2026_05_14_14_33_35.csv,train,background,,3.733022368069513,hard
134.328,420,0.672649,-21.668,-30.8306,13.6563,-15.2586,-32.9145,17.6559,2.653,-2826.2809,5600.6944,8426.9753,-42233.5455,6777.4326,-44250.7884,4.7508,13.6161,2.8661,0.0,31.978,class1_2026_04_27_14_47_50.csv,train,background,,4.5229934685919595,hard
177.083,554,0.886581,-49.9,-37.1043,14.3338,-42.1569,-36.1802,-5.9768,30.273,-411.9767,-3071.7197,-2659.7431,0.0,46438.8762,-5537.616,12.5012,13.7729,1.1017,0.0,30.273,class1_2026_04_27_14_47_19.csv,train,background,,5.236133706730218,hard
127.628,399,0.63898,-7.795,-10.6864,2.8614,-15.9299,-15.1812,-0.7487,8.7965,1161.9336,-2700.4035,-3862.337,653.605,9866.7712,-2647.3354,2.2969,4.1209,1.7942,2.871,8.688,class2_2026_04_27_15_18_09.csv,train,connector,127.63,,positive
137.838,431,0.690097,-21.095,-34.3749,13.9033,-28.2625,-39.5541,11.2916,3.4575,-2670.1357,-1454.9084,1215.2273,-2847.9608,45642.6348,-43703.7649,11.6525,12.9999,1.1156,0.957,29.12,class2_2026_04_27_15_49_29.csv,train,background,,3.8924039773478927,hard
54.88,171,0.274761,-16.258,-16.1441,0.2362,-16.1097,-16.1606,0.0509,0.419,5.7208,15.7448,10.024,-625.3918,-31.3495,-684.953,0.1725,0.2014,1.1677,0.0,0.899,class2_2026_04_27_15_59_21.csv,train,background,,-56.4212347966598,random
148.367,464,0.742812,-49.9,-49.9,0.0,-43.5231,-34.5485,-8.9746,0.0,1285.7911,5362.5285,4076.7374,0.0,0.0,-0.0,11.9343,13.8735,1.1625,0.0,0.0,class1_2026_04_27_14_38_26.csv,train,background,,-41.213313290082134,random
144.219,451,0.722044,-49.9,-34.7904,13.6333,-34.4259,-34.3501,-0.0758,6.793,342.2597,-291.8246,-634.0843,-0.0,41971.79,-11073.8473,13.8627,12.5666,0.9065,0.0,30.115,class3_2026_05_14_13_17_44.csv,train,background,,-1.5929476754093255,random
133.69,418,0.66933,-49.9,-31.0113,13.4207,-15.3237,-36.4583,21.1346,2.09,-2584.8047,1653.6436,4238.4483,-42838.5611,5550.1583,-44404.3918,4.4378,13.4721,3.0358,0.0,30.517,class2_2026_04_27_15_53_29.csv,train,background,,4.357552679903406,hard
131.457,411,0.65815,-11.269,-11.3707,2.1621,-7.3998,-18.0872,10.6874,6.3625,-1308.6458,-1985.7236,-677.0778,-2786.8339,-2336.2347,-2846.395,4.2588,3.3659,0.7903,0.0,6.647,class3_2026_05_14_13_43_49.csv,train,break,134.33,,positive
96.997,303,0.485624,-0.17,-3.6549,4.2958,-12.8026,-7.7846,-5.0179,12.5215,2306.7079,-2648.3442,-4955.0521,293.1034,18206.8966,-2796.2382,4.2558,4.325,1.0163,3.829,14.27,class3_2026_05_14_13_19_51.csv,train,connector,97.0,,positive
127.628,399,0.63898,-5.866,-8.7876,2.9072,-13.9236,-13.3675,-0.5561,8.9005,1175.1221,-2671.8446,-3846.9667,606.5831,9724.1379,-2769.5925,2.2583,4.2712,1.8913,2.871,8.978,class1_2026_04_27_14_49_15.csv,train,connector,127.63,,positive
120.289,376,0.602237,-20.037,-33.899,14.3934,-36.3615,-42.2584,5.8969,30.118,3731.0721,-292.3104,-4023.3825,-333.8574,46084.6442,-46873.0423,13.7252,12.3617,0.9007,1.914,30.118,class3_2026_05_14_13_00_09.csv,train,background,,3.8152031882175335,hard
155.387,486,0.777958,-49.9,-34.5882,13.7046,-31.7296,-35.6832,3.9536,2.7195,-3257.8923,-3306.9591,-49.0668,0.0,0.0,-42843.2633,12.9195,14.231,1.1015,0.0,28.806,class2_2026_04_27_16_08_08.csv,train,background,,-5.549909062241309,random
156.344,489,0.782749,-20.961,-34.5174,13.8038,-27.1237,-43.6923,16.5686,4.37,-978.7305,-1806.5562,-827.8257,46377.7445,46377.7445,-46377.7445,10.2678,11.6389,1.1335,0.957,29.589,class2_2026_04_27_15_16_41.csv,train,background,,5.8310470078341545,hard
133.69,418,0.66933,-49.9,-37.1073,14.3194,-17.1836,-39.819,22.6354,2.3315,-4487.0134,-567.4783,3919.5351,-1161.4404,15.674,-43445.1458,8.9465,12.7538,1.4256,0.0,30.508,class2_2026_04_27_16_01_41.csv,train,background,,4.417829049360659,hard
134.009,419,0.670927,-20.794,-31.7396,13.1561,-20.3906,-35.2216,14.831,3.1645,-5983.1126,-1349.6691,4633.4435,33100.3166,37305.6442,-45572.1019,11.2323,13.3113,1.1851,0.638,30.548,class2_2026_04_27_15_42_56.csv,train,background,,5.453553567112346,hard
175.807,550,0.880192,-49.9,-43.5382,11.9394,-33.2053,-40.9053,7.6999,30.637,252.3385,2877.2026,2624.8641,-41722.5737,48020.3793,-41722.5737,13.391,12.7462,0.9518,0.0,30.637,class3_2026_05_14_13_43_30.csv,train,background,,3.879327748360844,hard
163.364,511,0.817896,-20.979,-40.5361,13.2469,-44.1905,-36.2677,-7.9228,28.921,-1380.9247,2133.4989,3514.4236,43311.4503,45118.3472,-45330.7241,10.7771,13.6916,1.2704,0.958,28.921,class2_2026_04_27_16_08_56.csv,train,background,,3.731315436902305,hard
183.465,574,0.918533,-22.623,-31.6948,12.9444,-40.6457,-34.7709,-5.8748,30.362,1626.6666,-1405.2872,-3031.9539,40985.8981,47589.3448,-43385.5846,13.1218,13.5499,1.0326,1.595,30.362,class2_2026_04_27_15_46_41.csv,train,background,,4.140491701091127,hard
135.924,425,0.680515,-49.9,-40.6118,13.1964,-27.2037,-36.6293,9.4257,3.35,-5962.6068,976.6617,6939.2685,0.0,48352.6661,-40188.0909,14.1879,13.402,0.9446,0.0,30.849,class2_2026_04_27_15_50_20.csv,train,background,,4.741888791718426,hard
135.604,424,0.678913,-49.9,-37.4619,13.9192,-23.9157,-38.0424,14.1267,2.1445,-4786.0693,2669.6304,7455.6997,-44980.9442,41435.7382,-44980.9442,11.9791,13.2908,1.1095,0.0,28.653,class2_2026_04_27_15_53_29.csv,train,background,,4.443856215710045,hard
135.285,423,0.677316,-49.9,-35.9801,15.674,-29.0129,-34.0446,5.0316,9.0605,-1830.9808,1149.247,2980.2279,0.0,50694.3621,-1169.279,15.6229,14.2594,0.9127,0.0,35.418,class3_2026_05_14_13_11_09.csv,train,background,,10.238054446792175,hard
156.025,488,0.781152,-22.115,-37.7852,13.5654,-34.3964,-35.1041,0.7077,3.6395,-4147.7863,-2585.4078,1562.3786,45025.0815,45025.0815,-45025.0815,13.8947,13.4316,0.9667,0.957,28.726,class2_2026_04_27_15_28_40.csv,train,background,,-1.6557646575780856,random
127.628,399,0.63898,-7.951,-10.7484,2.7055,-15.7352,-17.1836,1.4484,8.615,1130.5333,-2762.517,-3893.0503,576.8025,9100.3135,-2731.9749,2.1946,8.9465,4.0765,2.871,8.375,class2_2026_04_27_16_01_41.csv,train,connector,127.63,,positive
151.558,474,0.758788,-21.295,-34.0822,14.1619,-39.3365,-35.1938,-4.1427,29.571,1449.0999,-1366.2209,-2815.3209,1111.2884,44238.2461,-44835.4263,13.3114,14.716,1.1055,1.595,29.571,class1_2026_04_27_14_49_22.csv,train,background,,4.007503575975461,hard
134.328,420,0.672524,-23.351,-31.0073,13.4008,-18.8157,-37.4153,18.5996,0.996,-4365.9699,4174.4615,8540.4314,-0.0,3796.2398,-46341.6959,8.4638,13.9741,1.651,0.0,29.566,class2_2026_04_27_16_00_46.csv,train,background,,2.326604487837051,random
192.718,603,0.964859,-23.12,-31.9173,12.7704,-36.0391,-39.4656,3.4266,29.231,-2566.4886,786.5927,3353.0812,741.3793,41974.9232,-41974.9232,13.9212,13.1299,0.9432,1.276,29.231,class1_2026_04_27_14_37_11.csv,train,background,,0.5189435474400266,random
179.955,563,0.90096,-49.9,-34.6619,13.6923,-33.2626,-40.9707,7.7081,29.751,1436.7442,-1501.3609,-2938.1051,-0.0,44076.8072,-41202.1959,13.3645,12.6677,0.9479,0.0,29.751,class2_2026_04_27_16_00_33.csv,train,background,,3.7703330576570506,hard
178.998,560,0.896168,-49.9,-37.0724,14.3585,-39.4541,-33.6964,-5.7577,30.304,335.0892,-17.5081,-352.5973,0.0,47498.4342,-46090.9138,13.1466,14.5113,1.1038,0.0,30.304,class2_2026_04_27_15_51_19.csv,train,background,,5.968063879182461,hard
118.056,369,0.591057,-49.9,-34.9279,13.4344,-27.1994,-39.5976,12.3982,4.124,-323.5952,1656.2012,1979.7964,-46572.1034,41304.0784,-46572.1034,10.2896,12.9518,1.2587,0.0,29.713,class3_2026_05_14_13_10_25.csv,train,background,,4.011069378712566,hard
172.297,539,0.862619,-20.895,-37.0314,14.3907,-40.8466,-36.3179,-4.5287,29.663,3260.6571,852.6647,-2407.9925,45046.7931,45462.3856,-45530.4753,12.8759,13.718,1.0654,0.958,29.663,class2_2026_04_27_15_27_06.csv,train,background,,3.7760435815724493,hard
140.391,439,0.702879,-49.9,-34.4346,13.8465,-34.0178,-29.8349,-4.1829,1.746,-4173.4284,41.932,4215.3604,42194.4602,42194.4602,-7321.315,14.221,12.5424,0.882,0.0,28.79,class2_2026_04_27_15_54_27.csv,train,background,,-0.954619211885342,random
183.465,574,0.918533,-49.9,-40.5024,13.2924,-34.6143,-45.2984,10.6841,28.497,620.3128,109.7239,-510.5889,0.0,0.0,-44666.1473,13.7127,10.34,0.754,0.0,28.497,class3_2026_05_14_12_59_21.csv,train,background,,-4.527726187744473,random
109.76,343,0.549523,-23.897,-34.3706,13.9498,-33.2123,-40.5901,7.3777,30.466,-3281.6667,-2345.0854,936.5812,3681.8182,40771.163,-47752.3542,13.4324,13.2052,0.9831,1.276,30.466,class3_2026_05_14_13_09_48.csv,train,background,,4.526739829807204,hard
137.519,430,0.6885,-22.92,-37.3287,14.0885,-29.056,-38.6537,9.5977,3.7675,-5009.0704,2547.0545,7556.1249,-0.0,45319.7524,-47605.0188,13.1171,14.114,1.076,0.0,30.372,class1_2026_04_27_14_37_06.csv,train,background,,5.310896635262879,hard
139.433,436,0.698083,-21.565,-37.7852,13.5907,-34.3457,-36.8686,2.5229,7.108,232.173,2337.3253,2105.1523,-6042.3229,44412.2273,-44412.2273,13.9887,13.154,0.9403,0.957,28.335,class3_2026_05_14_13_18_12.csv,train,background,,-1.203370880360934,random
127.628,399,0.63898,-5.952,-8.827,2.8499,-13.9417,-13.5488,-0.3929,8.814,1160.0933,-2669.1039,-3829.1972,551.7241,9655.1724,-2768.0251,2.2548,4.3969,1.95,2.871,8.771,class1_2026_04_27_14_37_46.csv,train,connector,127.31,,positive
135.604,424,0.678913,-24.319,-28.5291,11.5174,-18.5648,-43.8137,25.2488,2.4805,-4292.8902,-4968.8073,-675.9171,3643.3435,40095.6144,-45369.9091,8.5878,11.3959,1.327,0.0,29.668,class3_2026_05_14_13_39_31.csv,train,background,,7.1518076425028845,hard
149.963,469,0.750802,-49.9,-37.1476,14.3249,-39.2719,-26.6413,-12.6306,5.723,-2824.4219,-207.6792,2616.7427,8716.3025,39600.4319,-3639.4984,13.3851,10.7344,0.802,0.0,30.945,class1_2026_04_27_14_37_00.csv,train,background,,3.918950667489476,hard
156.344,489,0.782749,-49.9,-27.4534,12.0444,-25.1361,-40.8297,15.6936,3.5065,643.3239,-5733.917,-6377.2409,274.2947,43951.4154,-46125.395,11.2232,12.8871,1.1482,0.0,30.703,class3_2026_05_14_13_12_07.csv,train,background,,5.726982828764613,hard
136.562,427,0.683709,-49.9,-35.6617,13.0422,-27.636,-39.5678,11.9318,6.835,-2742.5593,-1511.4879,1231.0715,-1161.4451,47917.1437,-33358.9357,12.2387,13.0928,1.0698,0.0,30.559,class2_2026_04_27_15_50_35.csv,train,background,,5.4847309010570235,hard
136.243,426,0.682112,-49.9,-37.9863,13.389,-23.4026,-35.3842,11.9816,2.4095,-1347.3489,5766.8358,7114.1847,-38730.4091,4617.5564,-38730.4091,9.7004,13.182,1.3589,0.0,29.571,class2_2026_04_27_15_46_57.csv,train,background,,-1.4176859287090318,random
127.628,399,0.63898,-5.933,-8.8182,2.8907,-13.9408,-15.2171,1.2763,8.8895,1141.544,-2715.61,-3857.154,565.8307,9590.117,-2731.9749,2.2685,9.3633,4.1276,2.871,9.028,class1_2026_04_27_14_39_17.csv,train,connector,127.63,,positive
25.206,78,0.126196,-49.9,-30.9906,13.4666,-41.6601,-26.0367,-15.6234,4.9405,3702.8078,-1856.816,-5559.6238,43981.0673,49626.9608,-4202.1944,13.3006,10.7667,0.8095,0.0,31.662,class3_2026_05_14_13_17_52.csv,train,background,,6.761262196193402,hard
84.553,264,0.423322,-21.221,-39.0788,12.3716,-41.3531,-36.6759,-4.6772,28.679,383.1073,529.1837,146.0764,-4388.7132,44951.4122,-44833.4456,12.2225,13.3663,1.0936,1.277,28.679,class3_2026_05_14_13_11_57.csv,train,background,,0.891673689549129,random
135.604,424,0.678913,-22.372,-34.9157,13.4579,-22.3021,-40.4308,18.1287,1.29,-4792.6793,-684.6657,4108.0136,269.6709,43529.7837,-45420.0643,10.2425,13.4088,1.3091,0.0,28.978,class2_2026_04_27_15_25_41.csv,train,background,,6.691435131474073,hard
134.328,420,0.672524,-20.961,-31.365,13.2026,-20.7283,-35.8698,15.1416,0.4385,-5617.6708,661.6089,6279.2797,-0.0,38163.0125,-42844.5573,10.944,14.0882,1.2873,0.0,29.788,class2_2026_04_27_15_13_34.csv,train,background,,5.551823620705647,hard
154.749,484,0.774764,-49.9,-34.2331,14.0413,-29.9049,-39.4013,9.4964,5.5165,1145.8286,-2171.9809,-3317.8095,43067.4013,43067.4013,-43067.4013,12.6465,13.2271,1.0459,0.0,30.019,class2_2026_04_27_15_32_19.csv,train,background,,3.925074328700865,hard
139.752,437,0.69968,-49.9,-31.9749,12.7816,-43.883,-31.9637,-11.9193,29.327,3545.7178,-2324.1489,-5869.8667,38677.1176,45967.0878,-2487.4608,11.3502,12.8092,1.1285,0.0,29.327,class2_2026_04_27_15_45_39.csv,train,background,,5.088478352164393,hard
191.123,598,0.956873,-20.377,-33.9372,14.2905,-31.9968,-42.3409,10.3442,29.711,620.9248,-1927.1058,-2548.0306,1723.3135,46329.0602,-46274.2962,12.9596,12.2477,0.9451,1.277,29.711,class2_2026_04_27_16_05_41.csv,train,background,,5.454652756442982,hard
139.433,436,0.698083,-23.932,-31.21,13.2471,-34.5465,-37.6566,3.1101,18.6805,-174.1977,-1355.3351,-1181.1374,735.1129,44989.0298,-45949.5438,13.8877,13.7201,0.9879,1.276,29.27,class2_2026_04_27_15_36_21.csv,train,background,,1.0171321688377013,random
127.628,399,0.63898,-8.323,-11.247,2.9232,-16.3628,-19.0434,2.6806,8.7455,1121.1246,-2757.6745,-3878.7992,647.3354,9574.6912,-2783.6991,2.2783,11.565,5.0761,2.871,9.109,class2_2026_04_27_15_41_42.csv,train,connector,127.63,,positive
135.285,423,0.677316,-21.83,-34.5588,13.744,-21.9484,-35.9327,13.9843,0.1245,-5595.7142,-4154.9218,1440.7924,44037.6191,44037.6191,-43790.4859,10.3224,14.0287,1.359,0.0,28.49,class2_2026_04_27_15_57_16.csv,train,background,,4.9553715074283335,hard
152.196,476,0.761982,-49.9,-33.8514,14.3693,-35.7616,-40.5276,4.766,30.272,5058.8634,-942.8053,-6001.6686,-44865.2085,44865.2085,-44865.2085,14.1739,13.2751,0.9366,0.0,30.272,class2_2026_04_27_15_43_31.csv,train,background,,4.0141456321729425,hard
35.736,111,0.178915,-7.535,-9.8828,2.1075,-13.6728,-12.8074,-0.8654,6.783,964.2513,-1507.586,-2471.8373,-421.6301,7617.5637,-2564.2633,1.8385,2.1476,1.1681,2.552,6.796,class3_2026_05_14_14_40_05.csv,train,connector,35.74,,positive
157.939,494,0.790735,-49.9,-37.287,14.1104,-28.8399,-42.7377,13.8978,18.056,-1489.1567,2827.128,4316.2847,0.0,45006.2712,-43590.9107,13.1688,11.5942,0.8804,0.0,29.428,class3_2026_05_14_13_12_07.csv,train,background,,5.279115280077031,hard
134.966,422,0.675719,-22.238,-34.3267,13.9939,-19.6744,-38.0412,18.3667,3.641,-5427.5498,-987.6122,4439.9376,4094.047,43357.3683,-48345.3183,11.2486,13.3293,1.185,0.0,30.954,class1_2026_04_27_14_49_44.csv,train,background,,9.132442686791066,hard
134.966,422,0.675719,-20.442,-33.7391,14.471,-39.093,-33.4586,-5.6344,18.7725,666.3334,377.6192,-288.7142,4396.5517,45866.7759,-47461.3088,13.5815,13.2504,0.9756,1.595,30.233,class3_2026_05_14_13_18_31.csv,train,background,,3.8478849064053153,hard
182.189,570,0.912144,-21.636,-34.6633,13.7512,-37.9422,-37.6392,-0.3031,29.822,4278.1108,898.3091,-3379.8017,36521.9451,46507.8386,-46742.9514,13.5509,13.7727,1.0164,1.276,29.822,class2_2026_04_27_15_21_13.csv,train,background,,1.5395717159747155,random
188.57,590,0.944091,-25.698,-40.7149,13.0685,-45.11,-37.8678,-7.2422,30.13,109.7239,-310.1446,-419.8685,0.0,47225.7085,-37934.1724,10.7193,13.5085,1.2602,0.638,30.13,class3_2026_05_14_12_59_21.csv,train,background,,4.5946583044874,hard
150.92,472,0.755594,-22.091,-34.2231,14.0364,-42.4607,-35.9697,-6.491,29.626,4429.4212,2366.8635,-2062.5577,-3307.2116,46435.7398,-45106.5862,12.0432,13.975,1.1604,1.595,29.626,class2_2026_04_27_15_42_28.csv,train,background,,4.784481187724868,hard
189.846,594,0.95048,-49.9,-33.6388,14.5878,-39.0174,-35.3908,-3.6267,30.89,2973.6694,-1812.8864,-4786.5558,44095.6144,44095.6144,-44095.6144,13.7147,13.0723,0.9532,0.0,30.89,class2_2026_04_27_16_02_47.csv,train,background,,3.957492799552521,hard
127.628,399,0.63898,-5.974,-8.8658,2.8784,-13.9979,-13.5111,-0.4868,8.8785,1145.7939,-2611.1539,-3756.9479,579.9373,9655.1724,-2695.9248,2.2627,4.3753,1.9337,2.871,8.891,class1_2026_04_27_14_36_42.csv,train,connector,127.63,,positive
184.103,576,0.921727,-49.9,-27.649,11.984,-32.5198,-32.5817,0.0619,3.3555,4081.8566,1050.4314,-3031.4252,-6989.0266,44623.8276,-6989.0266,13.8889,13.869,0.9986,0.0,30.704,class2_2026_04_27_15_22_54.csv,train,background,,-1.0842360032631584,random
134.009,419,0.670927,-49.9,-36.4701,15.0187,-15.9986,-34.4693,18.4707,0.7315,-4861.0501,1816.0367,6677.0868,0.0,236.6755,-47462.3871,9.1709,13.8668,1.512,0.0,30.661,class1_2026_04_27_14_38_20.csv,train,background,,3.9545043066543775,hard
147.091,460,0.736423,-49.9,-43.5769,11.8492,-31.0856,-41.8418,10.7563,29.904,-1053.2951,2586.3737,3639.6687,-42326.0219,46871.4765,-42326.0219,13.3482,13.0103,0.9747,0.0,29.904,class3_2026_05_22_11_06_12.csv,train,background,,4.651955067759733,hard
149.644,468,0.749205,-25.764,-37.6619,13.7502,-43.0375,-32.9748,-10.0627,29.249,584.416,4190.905,3606.489,435.4248,45457.6818,-43504.7069,11.1509,13.5533,1.2154,1.277,29.249,class2_2026_04_27_15_15_26.csv,train,background,,5.43866988004055,hard
143.581,449,0.71885,-21.856,-34.7981,13.549,-36.0656,-42.1998,6.1343,29.006,-998.8993,-2638.8445,-1639.9453,-1570.5313,43956.1144,-43956.1144,13.8686,12.4534,0.898,1.276,29.006,class3_2026_05_14_13_11_09.csv,train,background,,1.9367777639875918,random
178.36,558,0.892974,-18.967,-30.5972,13.6825,-40.7753,-34.5839,-6.1914,30.933,4023.6547,1568.1713,-2455.4834,1920.0627,44708.4687,-48484.3307,12.9438,13.7358,1.0612,1.595,30.933,class2_2026_04_27_15_59_21.csv,train,background,,5.207727706310497,hard
100.507,314,0.503197,-17.507,-15.7964,2.29,-13.289,-23.4019,10.1129,3.7015,-912.8251,336.4288,1249.2539,-3216.3009,-1288.4013,-8308.7774,2.7508,12.1852,4.4297,0.0,8.56,class3_2026_05_14_13_18_55.csv,train,break,99.55,,positive
126.032,394,0.63099,-16.303,-14.6647,2.3594,-14.927,-13.5637,-1.3633,5.3825,-214.1704,-669.4866,-455.3163,-713.1661,-637.9295,-713.1661,0.4837,3.1651,6.5438,0.0,7.479,class2_2026_04_27_15_14_43.csv,train,bend,125.39,,positive
135.924,425,0.680515,-49.9,-31.303,13.2126,-27.7028,-34.6368,6.934,2.4935,-4653.1573,-5229.475,-576.3176,40564.9548,46147.3386,-40501.5721,14.0259,13.6848,0.9757,0.0,29.442,class2_2026_04_27_15_16_41.csv,train,background,,2.099069609217416,random
133.69,418,0.66933,-49.9,-33.2797,14.9077,-13.5071,-35.9986,22.4915,2.5915,-2739.5724,316.1937,3055.7661,1332.2884,1332.2884,-45177.1191,4.5053,13.9344,3.0929,0.0,31.899,class1_2026_04_27_14_49_38.csv,train,background,,7.3330099913964135,hard
135.285,423,0.677316,-22.422,-34.0198,14.242,-24.0212,-35.8686,11.8474,1.9825,-4936.6894,-63.3675,4873.3219,5153.605,43068.9671,-47362.0705,11.951,14.0894,1.1789,0.0,30.217,class2_2026_04_27_15_13_34.csv,train,background,,5.942389653821618,hard
126.671,396,0.634189,-49.9,-37.0094,14.4573,-24.1006,-39.8337,15.7331,4.6075,-2288.8195,-88.1554,2200.6641,-48180.7332,48407.5251,-48180.7332,10.0747,12.6699,1.2576,0.0,30.884,class3_2026_05_14_12_56_25.csv,train,background,,8.336603362595268,hard
185.379,580,0.928115,-22.59,-30.7589,13.5476,-29.1297,-40.7766,11.6469,6.805,3303.229,-1058.7956,-4362.0246,-44960.8182,44816.6191,-46362.0737,11.2733,12.9603,1.1496,1.595,29.579,class3_2026_05_14_12_55_08.csv,train,background,,4.282446051712557,hard
40.522,126,0.202877,-21.37,-27.8334,11.901,-14.7874,-37.6406,22.8532,1.928,-3199.2817,-5157.4336,-1958.1518,3634.7978,3634.7978,-44717.8699,4.4304,13.8445,3.1249,0.0,31.281,class3_2026_05_14_13_11_39.csv,train,break,37.97,,positive
135.604,424,0.678913,-49.9,-35.362,13.1557,-24.7111,-35.5369,10.8258,3.873,-4126.6106,-1393.1788,2733.4318,-6932.1121,47302.5094,-40634.7994,11.6351,12.9772,1.1154,0.0,30.179,class2_2026_04_27_15_41_59.csv,train,background,,4.295006219846842,hard
156.663,490,0.784346,-20.659,-31.6716,13.018,-33.7227,-42.1504,8.4277,29.972,3657.5172,-936.1932,-4593.7103,-42504.7053,43929.4718,-45832.2915,13.1056,12.5636,0.9586,1.914,29.972,class1_2026_04_27_14_36_54.csv,train,background,,3.699171907834758,hard
164.002,513,0.82109,-49.9,-32.1677,12.9266,-40.468,-36.8991,-3.5689,29.65,5835.4804,-1274.9419,-7110.4223,-45529.7853,45318.7191,-45529.7853,13.3481,13.1835,0.9877,0.0,29.65,class3_2026_05_14_13_21_55.csv,train,background,,1.6452661718898853,random
127.628,399,0.63898,-7.698,-10.6198,2.8988,-15.7674,-16.8808,1.1134,8.913,1115.96,-2571.6938,-3687.6538,608.1505,9628.5266,-2764.8903,2.2702,9.0574,3.9898,2.871,8.99,class2_2026_04_27_15_54_38.csv,train,connector,127.63,,positive
151.239,473,0.757191,-20.075,-38.0817,13.4234,-45.605,-33.2827,-12.3223,30.424,-638.3132,1216.7203,1855.0336,47686.5235,47686.5235,-46747.6505,9.6527,13.396,1.3878,0.957,30.424,class1_2026_04_27_14_46_34.csv,train,background,,7.63837569525264,hard
137.519,430,0.6885,-22.79,-23.8213,2.3653,-27.4426,-38.9047,11.4621,5.3985,1607.6208,-4668.5546,-6276.1755,1689.6567,2260.1865,-6126.9608,12.2521,12.3568,1.0085,0.638,7.333,class1_2026_04_27_14_49_51.csv,train,background,,-31.938968396059575,random
149.324,467,0.747603,-49.9,-34.9211,13.5453,-34.9547,-36.4776,1.5229,7.017,2359.7132,-629.7872,-2989.5003,0.0,835.4216,-3020.3762,13.4069,13.5512,1.0108,0.0,29.808,class3_2026_05_14_13_00_27.csv,train,background,,-6.132020083392266,random
147.41,461,0.73802,-23.832,-44.408,10.2944,-38.2191,-41.8663,3.6472,26.068,-221.8426,4810.4741,5032.3167,-0.0,40858.9357,-40858.9357,13.2518,12.9689,0.9787,0.638,26.068,class2_2026_04_27_15_46_57.csv,train,background,,-4.780799481771564,random
189.846,594,0.95048,-49.9,-37.4638,13.9596,-33.1714,-40.8195,7.6481,29.927,819.9933,3536.2101,2716.2168,0.0,46907.5266,-44943.2677,13.4554,12.9084,0.9593,0.0,29.927,class2_2026_04_27_15_31_02.csv,train,background,,4.733646360276307,hard
187.294,586,0.937703,-19.754,-37.5568,13.8368,-40.9597,-30.2041,-10.7557,7.3075,-4857.4789,2660.0498,7517.5286,43879.3119,47250.7868,-47250.7868,12.7071,12.3624,0.9729,0.957,30.146,class2_2026_04_27_15_20_26.csv,train,background,,4.455200280520429,hard
134.966,422,0.675719,-20.649,-27.8458,11.8175,-18.1147,-34.3285,16.2138,1.5645,-4234.429,-358.2318,3876.1972,973.3542,45847.9655,-44465.1912,8.606,13.9478,1.6207,0.0,30.155,class1_2026_04_27_14_45_40.csv,train,background,,6.35244364720012,hard
65.728,205,0.329073,-24.707,-34.5651,13.7811,-36.3124,-35.4948,-0.8176,17.7065,-3196.0108,1101.9067,4297.9176,0.0,5945.1395,0.0,13.6506,14.45,1.0586,0.638,29.598,class3_2026_05_14_13_42_29.csv,train,background,,-4.287329394719915,random
157.301,492,0.787541,-20.685,-33.5671,14.6109,-29.7759,-39.0351,9.2592,4.591,-1397.867,109.7942,1507.6612,826.0204,45791.5408,-46835.4279,12.5989,13.654,1.0837,1.276,29.881,class3_2026_05_22_11_05_05.csv,train,background,,4.8229982343222,hard
53.604,167,0.268373,-49.9,-28.4012,11.5977,-32.5376,-39.3091,6.7715,9.0135,1731.544,-4799.5795,-6531.1235,-4180.2508,45618.7911,-47090.9107,12.464,13.3407,1.0703,0.0,30.044,class3_2026_05_14_12_57_24.csv,train,background,,1.354860975559944,random
188.57,590,0.944091,-49.9,-34.2809,14.0284,-39.4912,-33.1836,-6.3076,20.636,1281.6966,470.5973,-811.0993,-43609.721,43609.721,-43609.721,13.0945,13.5236,1.0328,0.0,30.579,class3_2026_05_14_12_56_02.csv,train,background,,4.1937411136704625,hard
178.36,558,0.892974,-20.165,-40.3423,13.5722,-45.1646,-37.2809,-7.8837,30.577,-4428.3365,-865.385,3562.9516,0.0,46606.5846,-46606.5846,10.5986,14.1579,1.3358,0.638,30.577,class1_2026_04_27_14_46_48.csv,train,background,,6.231971251373915,hard
127.628,399,0.63898,-8.381,-11.1983,2.7504,-16.3266,-15.8071,-0.5194,8.6865,1127.0682,-2545.6489,-3672.7171,628.5266,9525.0784,-2741.3793,2.2486,4.2346,1.8832,2.871,8.352,class2_2026_04_27_15_20_26.csv,train,connector,127.95,,positive
147.091,460,0.736423,-20.43,-41.1616,12.4511,-36.2243,-35.776,-0.4483,17.958,-5672.8407,5397.1901,11070.0308,0.0,46191.2257,-46191.2257,13.7319,14.1637,1.0314,0.638,29.47,class2_2026_04_27_16_06_47.csv,train,background,,-0.23346464347000218,random
164.002,513,0.82109,-19.83,-28.9072,11.4038,-28.7361,-36.2467,7.5106,3.9405,2383.8713,-1054.016,-3437.8873,-43474.9248,6489.0266,-47131.6646,11.4114,13.714,1.2018,0.638,30.07,class2_2026_04_27_15_37_07.csv,train,background,,-3.9055841359758445,random
162.725,509,0.814696,-21.736,-34.0583,14.3044,-35.6972,-42.5609,6.8637,30.535,1032.3647,-331.3968,-1363.7615,-0.0,47576.8056,-36877.7461,14.2462,11.8723,0.8334,0.638,30.535,class2_2026_04_27_15_31_02.csv,train,background,,4.420442123696211,hard
132.095,413,0.661345,-18.0,-21.2044,5.0198,-12.618,-30.7901,18.1721,2.563,-2329.078,-2579.7736,-250.6955,-19214.7335,-1100.3135,-19214.7335,3.1676,12.0785,3.8131,0.0,13.109,class2_2026_04_27_15_40_35.csv,train,break,131.14,,positive
35.736,111,0.178915,-9.426,-11.4264,1.6247,-14.0156,-13.5324,-0.4832,5.012,647.5378,-1008.9815,-1656.5194,-371.4734,5984.326,-2230.4075,1.2851,1.4678,1.1422,2.233,5.1,class3_2026_04_27_16_18_40.csv,train,connector,35.74,,positive
79.129,247,0.396166,-49.9,-36.3701,15.3386,-30.084,-31.8822,1.7982,9.8735,1592.1706,2286.5864,694.4157,-44079.9404,51336.9953,-44079.9404,14.3722,14.6704,1.0207,0.0,35.312,class3_2026_05_14_13_11_09.csv,train,background,,8.781009499478674,hard
146.772,459,0.734826,-22.155,-34.4794,13.8744,-42.3774,-36.5407,-5.8368,29.674,2729.4112,3850.6433,1121.2321,-2702.1944,46510.9749,-43554.8621,12.1857,13.4253,1.1017,1.276,29.674,class2_2026_04_27_15_22_37.csv,train,background,,3.9149556108930548,hard
127.628,399,0.63898,-9.231,-12.1793,2.9912,-17.1662,-21.2896,4.1234,8.5265,1102.1557,-4605.6843,-5707.8401,652.0376,9973.1411,-2724.1379,2.2523,13.2312,5.8746,2.871,9.293,class2_2026_04_27_15_15_26.csv,train,connector,127.63,,positive
136.562,427,0.683709,-22.404,-34.613,13.8314,-22.7751,-41.1832,18.4081,3.5535,-4223.5569,-1718.6986,2504.8583,0.0,47115.4159,-43097.1834,10.0074,12.3823,1.2373,0.0,30.019,class1_2026_04_27_14_38_31.csv,train,background,,7.85377414917766,hard
145.177,454,0.726841,-20.647,-40.4469,13.4312,-34.6229,-40.4068,5.7839,30.546,-4203.7508,-3620.0363,583.7145,-286.5694,45636.287,-45851.1019,13.9615,13.5029,0.9671,0.639,30.546,class3_2026_05_14_13_12_07.csv,train,background,,4.3503377184825816,hard
173.255,542,0.867416,-49.9,-36.9456,12.1543,-38.0428,-40.3449,2.3021,28.679,5361.4332,-4590.0307,-9951.4638,0.0,0.0,-44951.4122,13.3363,12.4337,0.9323,0.0,28.679,class2_2026_04_27_15_19_23.csv,train,background,,-7.561043857834674,random
150.601,471,0.753997,-49.9,-36.968,14.4746,-37.8086,-34.1274,-3.6812,18.4645,2294.3624,544.4587,-1749.9037,-46805.6458,46805.6458,-46805.6458,13.5801,14.1248,1.0401,0.0,30.142,class2_2026_04_27_15_23_25.csv,train,background,,3.6741711216597808,hard
135.924,425,0.680515,-49.9,-37.5926,13.7911,-29.7771,-42.3811,12.6041,17.201,2160.692,1220.7442,-939.9478,-41736.15,46424.768,-41736.15,12.5442,12.1396,0.9678,0.0,29.619,class3_2026_05_14_14_33_35.csv,train,background,,5.182075595138096,hard
174.531,546,0.873804,-49.9,-40.5524,13.2286,-31.726,-39.5456,7.8196,4.917,-2943.4319,1750.4634,4693.8953,0.0,2611.2853,-2269.5925,12.8913,13.0331,1.011,0.0,28.772,class2_2026_04_27_15_35_32.csv,train,background,,-4.583371785629514,random
172.936,541,0.865819,-49.9,-37.4909,13.9305,-32.8895,-42.1167,9.2272,30.482,605.0574,840.4598,235.4024,-2288.3997,45103.4498,-39940.4436,13.6238,12.5805,0.9234,0.0,30.482,class2_2026_04_27_15_13_52.csv,train,background,,5.503551019958868,hard
154.43,483,0.773167,-20.259,-30.8562,13.5437,-36.0857,-32.9392,-3.1465,5.307,823.5044,-2290.8546,-3114.359,6846.395,46797.8103,-46459.2492,13.8768,13.5999,0.98,0.957,29.905,class3_2026_05_14_13_10_35.csv,train,background,,1.1289774529321766,random
169.107,529,0.846648,-21.469,-34.8297,13.4956,-38.1109,-36.1951,-1.9158,28.431,-423.5216,-971.5162,-547.9946,-2246.0815,44562.6991,-44562.6991,13.2699,13.7443,1.0358,1.276,28.431,class2_2026_04_27_15_39_15.csv,train,background,,0.4492596890681823,random
73.386,229,0.367413,-49.9,-34.759,13.6293,-23.6859,-37.8106,14.1246,0.75,-5657.0626,-561.1271,5095.9355,-36374.6097,43178.6881,-45001.5721,12.2134,13.6511,1.1177,0.0,28.711,class3_2026_05_22_11_05_50.csv,train,background,,4.732060625663216,hard
150.92,472,0.755594,-21.669,-37.8378,13.6116,-43.5161,-37.2401,-6.2761,29.058,-232.4916,530.2014,762.693,-10473.3558,45360.8497,-44249.2179,11.9539,14.2553,1.1925,1.276,29.058,class1_2026_04_27_14_49_08.csv,train,background,,3.8689188408204256,hard
133.69,418,0.66933,-49.9,-37.2857,14.1826,-15.8621,-38.1665,22.3044,2.421,-2709.6413,5017.3243,7726.9655,-39189.6599,490.5956,-39189.6599,4.5681,13.2605,2.9028,0.0,30.57,class2_2026_04_27_15_16_23.csv,train,background,,4.716192023984013,hard
185.06,579,0.926518,-49.9,-38.1291,13.1998,-38.3158,-33.0656,-5.2502,4.588,-2635.9699,-780.1466,1855.8233,-0.0,-0.0,-0.0,13.0461,13.4994,1.0347,0.0,27.698,class2_2026_04_27_16_03_03.csv,train,background,,-6.853453868984257,random
134.966,422,0.675719,-49.9,-40.3491,13.5165,-19.6098,-41.0276,21.4178,1.61,-3294.7709,2015.6994,5310.4703,-46111.2868,46111.2868,-46111.2868,8.0901,12.6392,1.5623,0.0,29.419,class2_2026_04_27_16_01_55.csv,train,background,,8.483186567350968,hard
166.873,522,0.835464,-49.9,-37.4524,13.9229,-35.0756,-42.3036,7.228,28.798,1988.7359,-414.0721,-2402.808,0.0,42681.8197,-44294.4513,13.4094,12.276,0.9155,0.0,28.798,class2_2026_04_27_16_07_48.csv,train,background,,2.2323869553568447,random
92.53,289,0.463259,-16.912,-16.7653,0.2112,-16.7258,-16.734,0.0082,0.412,22.8768,4.0513,-18.8255,51.7257,978.0564,-173.9812,0.2444,0.3222,1.3181,0.0,0.664,class2_2026_04_27_16_03_33.csv,train,background,,-56.443482102018606,random
150.282,470,0.752399,-26.375,-38.1056,13.3216,-43.9027,-34.2371,-9.6656,30.749,165.7635,-1897.6238,-2063.3873,0.0,38080.9401,-5145.7696,11.2534,14.0736,1.2506,0.638,30.749,class1_2026_04_27_14_37_39.csv,train,background,,5.8141166367992465,hard
173.893,544,0.87061,-21.997,-24.8911,8.8952,-37.5219,-39.9783,2.4564,29.934,6680.4172,-4355.3611,-11035.7784,-4435.7367,43981.7693,-43735.1129,13.8697,12.6409,0.9114,2.234,29.934,class2_2026_04_27_16_10_06.csv,train,background,,-2.475055038667378,random
135.924,425,0.680515,-22.444,-34.6527,13.6965,-22.5437,-37.7906,15.2468,1.2335,-4669.3463,-3168.0071,1501.3391,784.1997,45178.6865,-43034.4859,10.0959,13.6146,1.3485,0.0,29.315,class2_2026_04_27_15_36_45.csv,train,background,,6.18022714414655,hard
139.114,435,0.696486,-23.613,-34.487,13.8336,-29.5216,-39.0287,9.5071,3.9695,-2478.2753,993.6546,3471.9299,-4614.4201,45205.3323,-41202.1959,12.6889,13.6639,1.0768,0.0,29.531,class2_2026_04_27_15_38_20.csv,train,background,,3.8888720404052597,hard
170.064,532,0.85144,-24.561,-38.6628,12.5658,-37.8105,-34.7793,-3.0312,14.077,-2481.1547,-206.2305,2274.9243,39307.2116,39716.3025,-39716.3025,13.5757,13.5898,1.001,0.957,25.834,class2_2026_04_27_16_08_56.csv,train,background,,-3.911766392691795,random
138.795,434,0.694889,-22.089,-37.1788,14.2292,-26.1909,-39.7332,13.5423,3.059,-5429.2858,1742.1462,7171.432,-0.0,45391.8511,-43590.9107,12.7492,12.8067,1.0045,0.0,29.473,class3_2026_05_14_13_37_53.csv,train,background,,5.358699772389947,hard
139.752,437,0.69968,-49.9,-40.731,13.0358,-39.5346,-35.6055,-3.9291,30.275,3968.5188,715.9319,-3252.5869,-4125.3918,47452.9812,-43124.5972,13.0712,14.3201,1.0955,0.0,30.275,class2_2026_04_27_15_42_28.csv,train,background,,3.8172093781460994,hard
139.752,437,0.69968,-21.036,-40.1066,13.8524,-34.1148,-42.2876,8.1727,29.954,1167.734,2331.0458,1163.3118,-45960.8182,45960.8182,-45960.8182,14.1569,12.3193,0.8702,0.957,29.954,class2_2026_04_27_16_08_20.csv,train,background,,4.289947411463134,hard
134.966,422,0.675719,-20.334,-37.1854,14.2382,-21.6893,-39.0579,17.3686,2.421,-5579.4893,4501.0909,10080.5802,46047.0266,46047.0266,-46341.6959,10.5348,13.6025,1.2912,0.957,29.566,class2_2026_04_27_16_00_46.csv,train,background,,8.077825223708414,hard
126.671,396,0.634189,-49.9,-30.8359,13.5126,-33.4516,-40.613,7.1614,29.826,969.917,-2241.5102,-3211.4273,-46530.1983,46230.4091,-46530.1983,14.7193,13.1429,0.8929,0.0,29.826,class3_2026_05_14_12_56_02.csv,train,background,,4.147509020067779,hard
67.005,209,0.335466,-49.9,-37.4176,13.9696,-42.7249,-31.8658,-10.8591,29.42,1178.4595,1190.5159,12.0564,0.0,42034.4843,-43653.6082,11.6722,12.9134,1.1063,0.0,29.42,class3_2026_05_14_13_11_48.csv,train,background,,5.139979126013022,hard
149.324,467,0.747603,-25.524,-34.2993,14.0362,-37.9844,-33.7979,-4.1865,18.2715,644.6845,343.1751,-301.5094,-43696.6303,47536.0517,-44235.1144,13.3975,14.4208,1.0764,1.277,30.328,class2_2026_04_27_15_44_57.csv,train,background,,4.09498774696459,hard
184.741,578,0.924921,-19.799,-37.877,13.548,-43.8277,-38.0064,-5.8213,30.101,262.93,-1167.9346,-1430.8646,1373.0408,47180.2539,-47180.2539,11.3621,13.3403,1.1741,1.276,30.101,class3_2026_05_14_13_12_07.csv,train,background,,4.093644573563148,hard
186.975,585,0.936106,-20.384,-34.242,14.1266,-38.0208,-34.4509,-3.5699,19.517,-3067.682,-25.8786,3041.8034,47916.931,47916.931,-46263.3245,13.388,13.9341,1.0408,0.957,30.571,class2_2026_04_27_15_33_24.csv,train,background,,3.801808353936171,hard
156.344,489,0.782749,-23.332,-34.8989,13.5108,-31.2796,-37.8853,6.6057,5.965,-3008.5843,-1037.1435,1971.4408,-0.0,48211.6003,-42299.3762,13.2895,13.5095,1.0166,0.0,30.759,class2_2026_04_27_15_26_06.csv,train,background,,3.764036015591051,hard
135.924,425,0.680515,-19.744,-27.4194,12.198,-17.2236,-31.863,14.6394,1.1155,-3887.9088,-1377.7072,2510.2015,-3746.4531,47342.7829,-47266.4624,8.6002,12.9302,1.5035,0.0,30.896,class3_2026_05_22_11_05_05.csv,train,background,,5.864165256780341,hard
136.881,428,0.685306,-21.22,-31.2281,13.3058,-21.8716,-37.4671,15.5955,1.9225,-4378.9198,-2515.4972,1863.4225,4150.4718,42603.4514,-44952.9828,10.4787,14.028,1.3387,0.0,30.072,class3_2026_05_14_13_33_21.csv,train,background,,6.789208432926771,hard
164.002,513,0.82109,-49.9,-41.1437,12.4765,-36.0862,-38.1788,2.0926,28.187,-410.0848,-966.6122,-556.5274,-170.8495,44249.3952,-8677.1144,13.8635,13.2173,0.9534,0.0,28.187,class2_2026_04_27_15_21_13.csv,train,background,,-1.0159678295334758,random
193.675,606,0.96965,-49.9,-37.3243,14.0839,-30.8851,-39.174,8.2889,7.063,-1457.3489,2915.3135,4372.6625,-42932.6034,44250.7884,-42932.6034,11.9527,13.4689,1.1269,0.0,30.321,class2_2026_04_27_15_41_02.csv,train,background,,4.122364399606976,hard
127.628,399,0.63898,-8.244,-11.084,2.7896,-16.2867,-18.7188,2.4321,8.7805,1147.2161,-2602.0631,-3749.2792,659.8746,9557.9937,-2863.6364,2.2759,11.5581,5.0785,2.871,8.509,class2_2026_04_27_15_51_31.csv,train,connector,127.63,,positive
132.414,414,0.662942,-19.495,-26.4853,12.5945,-13.9637,-36.3318,22.3681,2.879,-2800.1885,-8.6219,2791.5666,496.8683,496.8683,-47656.7414,3.781,13.6576,3.6122,0.0,32.823,class2_2026_04_27_15_51_56.csv,train,break,130.82,,positive
133.052,416,0.666136,-21.577,-37.6158,13.7576,-20.8398,-40.9318,20.0919,1.6285,-7647.0067,-913.9438,6733.0629,-0.0,44525.0815,-44315.0486,13.424,12.7144,0.9471,0.638,28.407,class3_2026_05_14_13_42_29.csv,train,background,,6.924472892685945,hard
134.647,421,0.674121,-19.872,-33.6629,14.5388,-17.5197,-36.3599,18.8402,2.1885,-4353.9321,362.8867,4716.8188,-1948.2759,47065.8339,-47065.8339,8.8499,13.5784,1.5343,0.638,30.412,class1_2026_04_27_14_47_36.csv,train,background,,9.934246124904554,hard
127.628,399,0.63898,-5.935,-8.8309,2.8848,-13.917,-13.6973,-0.2197,8.8215,1151.1431,-2702.2958,-3853.4389,586.2069,9484.326,-2761.7555,2.2464,4.6471,2.0687,2.871,8.986,class1_2026_04_27_14_38_31.csv,train,connector,127.63,,positive
140.071,438,0.701277,-24.121,-31.6501,13.0812,-23.6875,-38.0212,14.3337,2.07,-3193.6854,-1782.3668,1411.3186,36183.7219,36183.7219,-46137.9326,9.3608,13.4658,1.4385,0.0,30.024,class3_2026_05_14_14_34_45.csv,train,background,,4.566764752973919,hard
131.776,412,0.659748,-19.011,-22.0816,10.0936,-13.044,-34.083,21.039,3.418,-2101.3224,-430.8614,1670.461,-3300.9389,-2213.0246,-48415.3636,3.1972,14.1992,4.4412,0.0,34.599,class2_2026_04_27_15_44_29.csv,train,break,130.82,,positive
102.102,319,0.511182,-21.143,-23.2393,9.5825,-12.8843,-30.0597,17.1754,2.165,-2644.1495,-2189.5961,454.5534,-5843.2618,-663.0094,-45073.6708,3.8903,12.3821,3.1829,0.0,32.158,class3_2026_05_14_13_47_38.csv,train,break,101.46,,positive
127.628,399,0.63898,-5.9,-8.8243,2.9506,-13.9321,-13.5983,-0.3337,8.8705,1138.6643,-2638.3213,-3776.9856,589.3417,9732.6404,-2750.7837,2.2598,4.617,2.0431,2.871,9.195,class1_2026_04_27_14_47_36.csv,train,connector,127.63,,positive
176.445,552,0.883387,-49.9,-37.3467,14.0383,-34.0572,-40.6947,6.6375,28.892,-1448.0798,-3067.9829,-1619.9031,43310.348,43310.348,-44202.5951,14.2166,13.0302,0.9165,0.0,28.892,class1_2026_04_27_14_36_54.csv,train,background,,2.869285499452727,random
140.71,440,0.704476,-49.9,-34.3233,13.9826,-34.6325,-38.913,4.2805,30.006,1955.9456,-1639.6912,-3595.6368,2526.6489,45967.0878,-47031.3527,13.7212,13.8167,1.007,0.0,30.006,class2_2026_04_27_15_24_51.csv,train,background,,3.828060732861416,hard
133.69,418,0.66933,-49.9,-27.8484,11.8459,-17.6661,-34.7908,17.1248,1.453,-4658.5055,-2008.6715,2649.834,41288.4028,41288.4028,-41482.7618,8.7907,13.5859,1.5455,0.0,30.146,class2_2026_04_27_15_28_02.csv,train,background,,5.854814939910299,hard
136.243,426,0.682112,-18.844,-31.646,13.1286,-28.6777,-39.4213,10.7436,7.6,594.2898,24.6794,-569.6104,9755.4843,43539.1881,-48677.1191,13.4268,13.2608,0.9876,0.957,31.056,class2_2026_04_27_15_39_04.csv,train,background,,5.012482141270777,hard
127.628,399,0.63898,-7.833,-10.693,2.7717,-15.7957,-15.3486,-0.4471,8.699,1186.0781,-2842.6105,-4028.6886,634.7962,9432.6019,-2753.9185,2.2324,4.212,1.8868,2.871,8.516,class2_2026_04_27_15_38_41.csv,train,connector,127.63,,positive
154.111,482,0.77157,-20.822,-34.4036,13.9295,-40.2303,-32.935,-7.2953,29.448,-975.1341,-1630.7822,-655.6481,-7913.1356,46156.7429,-45415.3652,13.6897,13.5683,0.9911,1.915,29.448,class2_2026_04_27_15_46_57.csv,train,background,,4.526632364969227,hard
127.628,399,0.63898,-8.431,-11.3119,2.8301,-16.493,-17.4849,0.9919,8.677,1219.6472,-2760.6801,-3980.3273,605.0157,9637.931,-2699.0596,2.2918,8.823,3.8498,2.871,8.683,class2_2026_04_27_15_46_41.csv,train,connector,127.63,,positive
186.017,582,0.93131,-27.332,-38.3552,13.0629,-38.05,-36.2552,-1.7948,29.342,2393.1618,1053.8403,-1339.3216,9245.9949,36692.7931,-45990.5972,13.3322,13.7845,1.0339,1.277,29.342,class2_2026_04_27_15_53_51.csv,train,background,,-0.11474279153333289,random
127.628,399,0.63898,-5.91,-8.801,2.8957,-13.933,-13.4468,-0.4862,8.8685,1147.5282,-2616.7712,-3764.2995,594.0439,9680.2508,-2750.7837,2.2597,4.3833,1.9398,2.871,8.936,class1_2026_04_27_14_45_04.csv,train,connector,127.63,,positive
138.476,433,0.693292,-49.9,-37.6328,13.734,-25.6392,-39.7037,14.0645,4.257,-3242.6105,298.0524,3540.6629,0.0,45822.8856,-41940.442,10.9774,12.8741,1.1728,0.0,29.235,class3_2026_05_14_13_47_19.csv,train,background,,5.199852918208499,hard
173.574,543,0.869013,-21.144,-36.7107,14.7542,-37.5972,-35.5008,-2.0964,30.412,-1543.0949,-2910.219,-1367.1241,45703.7665,45703.7665,-45703.7665,13.8178,14.4146,1.0432,0.957,30.412,class3_2026_05_14_13_18_55.csv,train,background,,4.250151195031789,hard
122.842,384,0.615019,-19.577,-27.587,11.9722,-34.353,-20.237,-14.116,3.221,1703.4336,4690.361,2986.9273,1.5658,44487.152,-44684.9545,13.9702,15.7447,1.127,0.638,30.323,class3_2026_05_14_13_09_36.csv,train,background,,7.075829852049544,hard
130.499,408,0.653354,-18.472,-18.9522,2.3789,-14.4846,-34.5888,20.1042,3.1445,-561.7267,-5858.1733,-5296.4466,-2935.7351,-1956.1113,-6937.8167,1.6973,13.7805,8.1192,0.0,7.22,class3_2026_05_14_12_56_13.csv,train,break,130.82,,positive
127.628,399,0.63898,-7.504,-10.4059,2.9167,-15.4274,-18.1893,2.7619,8.706,1134.715,-2685.5304,-3820.2454,547.0219,9652.56,-2739.8119,2.2415,11.7795,5.2552,2.871,9.109,class2_2026_04_27_16_09_22.csv,train,connector,127.63,,positive
114.865,359,0.575081,-16.84,-16.8197,0.163,-16.8071,-16.8247,0.0177,0.269,16.2715,-26.1262,-42.3977,-369.906,169.279,-369.906,0.1997,0.2253,1.1285,0.0,0.584,class2_2026_04_27_16_01_09.csv,train,background,,-56.75828768592565,random
137.519,430,0.6885,-20.389,-40.3341,13.5362,-30.6568,-40.5869,9.9301,17.4575,-6068.4249,1954.1326,8022.5575,43266.4608,46255.489,-46255.489,13.7051,13.1839,0.962,0.957,29.511,class2_2026_04_27_15_25_41.csv,train,background,,4.461804074763502,hard
135.285,423,0.677316,-21.19,-30.3219,13.8723,-16.8744,-41.2468,24.3724,1.911,-1640.0191,2177.3943,3817.4135,-47459.2508,1688.0878,-47459.2508,3.3641,12.2905,3.6534,0.0,30.797,class1_2026_04_27_14_38_15.csv,train,background,,4.992307786330421,hard
92.211,288,0.461662,-14.763,-14.6416,0.1124,-14.6079,-12.7794,-1.8284,0.0505,-29.1337,1143.8928,1173.0265,-23.511,61.1285,-23.511,0.091,2.4746,27.1871,0.0,0.265,class3_2026_05_14_13_41_43.csv,train,connector,97.0,,positive
132.733,415,0.664539,-19.708,-26.6124,12.5144,-15.2198,-34.4292,19.2094,1.978,-4594.072,-2011.2048,2582.8672,-3515.674,47322.8871,-47322.8871,9.0929,13.9203,1.5309,0.0,31.992,class2_2026_04_27_15_25_30.csv,train,background,,10.298744161426185,hard
39.565,123,0.198085,-16.345,-16.0683,0.2043,-16.0503,-16.1107,0.0603,0.334,-40.6667,-18.2727,22.394,-20.3762,255.4859,-20.3762,0.3037,0.2583,0.8504,0.0,0.598,class2_2026_04_27_16_07_58.csv,train,background,,-56.64652976634474,random
127.628,399,0.63898,-8.25,-11.1218,2.8347,-16.0671,-15.5561,-0.511,8.5775,1102.9924,-2546.9372,-3649.9295,625.3918,9258.6207,-2910.6583,2.1808,4.0385,1.8518,2.871,8.847,class2_2026_04_27_16_03_33.csv,train,connector,127.63,,positive
190.165,595,0.952077,-25.948,-35.5354,13.0587,-34.7666,-34.4977,-0.2689,5.658,-780.1466,1069.769,1849.9157,-0.0,43144.2022,-40716.3041,13.5865,13.905,1.0234,0.0,30.533,class2_2026_04_27_16_03_03.csv,train,background,,-0.31357042177073097,random
127.628,399,0.63898,-9.089,-11.9136,2.8063,-16.8875,-16.8178,-0.0697,8.4835,1076.7142,-2666.3822,-3743.0964,691.2226,9468.652,-2738.2445,2.1897,4.7088,2.1504,2.871,8.601,class2_2026_04_27_16_05_01.csv,train,connector,127.95,,positive
150.92,472,0.755594,-23.68,-30.6726,13.6671,-38.7207,-35.7447,-2.976,30.88,4983.2557,-604.1906,-5587.4463,-48401.2571,45553.2947,-48401.2571,14.0335,14.1941,1.0114,1.595,30.88,class2_2026_04_27_16_05_53.csv,train,background,,4.074920865469969,hard
141.029,441,0.706073,-49.9,-37.5906,13.8424,-33.0426,-39.0739,6.0314,18.1415,935.775,2307.5297,1371.7546,-41158.3088,45719.9497,-41158.3088,13.5146,13.6056,1.0067,0.0,30.517,class3_2026_05_14_12_56_13.csv,train,background,,4.055214073769436,hard
138.476,433,0.693292,-19.721,-36.7827,14.6705,-24.234,-38.8697,14.6357,1.9,-4706.865,-2009.2095,2697.6555,-904.3887,47302.5094,-47302.5094,11.7196,13.8447,1.1813,1.276,30.179,class3_2026_05_14_13_22_18.csv,train,background,,7.996060693298264,hard
142.624,446,0.714059,-49.9,-34.2649,14.1028,-31.2237,-39.3349,8.1112,6.436,-2254.4778,-4123.1583,-1868.6805,43247.6505,43247.6505,-43247.6505,13.2485,13.3307,1.0062,0.0,30.699,class2_2026_04_27_16_09_22.csv,train,background,,4.099372210213554,hard
67.324,210,0.337063,-24.429,-31.3713,13.1636,-42.3254,-36.1619,-6.1635,30.112,1754.1728,-4189.7039,-5943.8767,3976.4906,42993.7351,-39923.1991,12.2238,13.8211,1.1307,1.277,30.112,class3_2026_05_14_13_17_52.csv,train,background,,3.7988590401845497,hard
141.348,442,0.707671,-49.9,-37.2178,14.2137,-35.7178,-39.7635,4.0457,30.381,321.0825,-565.5467,-886.6292,-0.0,2146.286,-3006.2696,14.2112,12.8716,0.9057,0.0,30.381,class2_2026_04_27_15_23_37.csv,train,background,,-2.69374326740542,random
193.037,604,0.966456,-22.582,-31.831,12.8437,-35.0461,-33.2392,-1.8069,4.603,3025.0842,2917.3625,-107.7217,5800.9404,42818.1834,-42818.1834,13.3805,13.3731,0.9994,0.957,29.535,class3_2026_05_14_13_00_27.csv,train,background,,-1.2310541195726075,random
169.745,531,0.849843,-23.695,-44.0227,10.9961,-38.8309,-34.6762,-4.1547,26.691,-6229.2213,1112.1471,7341.3683,41835.4263,41835.4263,-41835.4263,13.9211,13.7542,0.988,0.957,26.691,class2_2026_04_27_15_25_54.csv,train,background,,-2.5356670123777554,random
104.017,325,0.52077,-49.9,-36.9383,14.5002,-40.5354,-33.0497,-7.4858,30.339,5544.2645,3485.9572,-2058.3072,-45266.4608,45340.0923,-47553.2931,13.2558,13.5818,1.0246,0.0,30.339,class3_2026_05_14_13_10_18.csv,train,background,,5.857295042354401,hard
184.103,576,0.921727,-19.173,-37.1278,14.3086,-31.5804,-39.5239,7.9436,8.3055,-3403.4973,2609.7861,6013.2834,0.0,45736.6818,-48161.4451,13.1487,13.0255,0.9906,0.638,30.727,class1_2026_04_27_14_47_36.csv,train,background,,4.413145204049992,hard
155.068,485,0.776361,-49.9,-40.8821,12.82,-30.6964,-40.5269,9.8304,6.0255,1147.4038,936.9335,-210.4703,-41601.884,46927.0236,-41601.884,12.0125,13.2818,1.1057,0.0,30.046,class2_2026_04_27_15_29_31.csv,train,background,,3.7683151191973177,hard
71.152,222,0.356228,-23.17,-23.9018,9.3006,-15.5778,-33.6889,18.1112,2.011,-2326.8869,1016.4578,3343.3447,-3370.9143,3137.9295,-48126.9624,3.3951,13.1274,3.8666,0.0,31.554,class3_2026_05_14_12_55_08.csv,train,break,67.64,,positive
131.138,410,0.656675,-14.804,-14.6928,2.1293,-10.7828,-26.9313,16.1484,3.7115,-591.5087,-7346.6433,-6755.1345,-2386.5507,-2199.0596,-3952.9781,3.1177,12.6078,4.044,0.0,6.56,class1_2026_04_27_14_47_50.csv,train,break,131.46,,positive
132.733,415,0.664539,-24.005,-27.044,12.4035,-13.4137,-36.5949,23.1812,2.1135,-2675.1061,1381.2597,4056.3658,-6047.0219,-2724.1395,-40587.779,3.8995,13.3975,3.4357,0.0,32.244,class2_2026_04_27_15_24_02.csv,train,break,131.78,,positive
152.834,478,0.765176,-20.341,-31.8772,12.8454,-43.9359,-30.3718,-13.5641,29.559,3734.8559,2010.114,-1724.7419,-2681.815,46330.7241,-36780.9109,11.1739,12.2423,1.0956,1.915,29.559,class3_2026_05_14_13_23_04.csv,train,background,,5.739257231922247,hard
133.371,417,0.667733,-49.9,-33.8941,14.3579,-17.7535,-35.9681,18.2146,0.702,-3549.8374,-749.6177,2800.2197,-46442.0094,46742.9514,-46442.0094,8.714,13.9619,1.6022,0.0,29.822,class2_2026_04_27_15_12_38.csv,train,background,,9.123786723998988,hard
127.628,399,0.63898,-7.317,-10.2347,2.9479,-15.4489,-16.2936,0.8447,8.9765,1147.7632,-2542.0294,-3689.7926,666.1442,9697.6613,-2730.4075,2.3009,9.02,3.9202,2.871,9.198,class2_2026_04_27_15_24_51.csv,train,connector,127.95,,positive
154.749,484,0.774764,-49.9,-37.5296,13.8576,-31.3778,-40.7592,9.3814,16.402,-122.887,948.1572,1071.0443,-46181.8197,45998.1748,-46181.8197,13.1372,12.9411,0.9851,0.0,29.464,class2_2026_04_27_15_30_46.csv,train,background,,4.086318084504397,hard
179.955,563,0.90096,-49.9,-36.9418,14.4985,-43.5324,-34.3875,-9.1449,30.34,582.3347,-2192.5525,-2774.8872,-3578.3715,47554.8636,-5089.3401,11.9304,13.9586,1.17,0.0,30.34,class1_2026_04_27_14_37_06.csv,train,background,,7.311776257567175,hard
134.009,419,0.670927,-21.328,-34.7339,13.6108,-19.8751,-35.7196,15.8445,-0.724,-5218.9198,694.5554,5913.4751,1086.2085,43474.9248,-44783.7038,11.2448,14.2439,1.2667,0.0,28.572,class2_2026_04_27_15_18_27.csv,train,background,,5.989794232691256,hard
146.134,457,0.731632,-23.236,-34.3743,13.908,-27.3,-40.7522,13.4522,4.014,-3076.1467,3382.2847,6458.4314,0.0,43132.5649,-42880.8809,10.2582,12.9554,1.2629,0.0,29.559,class2_2026_04_27_15_35_45.csv,train,background,,5.014854821497121,hard
188.57,590,0.944091,-49.9,-34.8433,13.4846,-34.5318,-31.7123,-2.8196,1.7785,1153.3998,481.1494,-672.2505,40352.6661,43840.1285,-43706.9013,13.7667,12.9158,0.9382,0.0,27.97,class2_2026_04_27_15_54_38.csv,train,background,,-2.118634806733722,random
127.628,399,0.63898,-7.988,-10.9044,2.9255,-15.9974,-15.4738,-0.5237,8.6705,1147.3412,-2674.3448,-3821.686,584.6395,9717.3248,-2708.4639,2.2661,4.1955,1.8514,2.871,9.187,class2_2026_04_27_15_46_57.csv,train,connector,127.63,,positive
66.047,206,0.33067,-21.323,-37.5751,13.8203,-36.852,-35.4427,-1.4093,10.6845,-1682.0924,1962.9322,3645.0246,0.0,45675.5502,-44174.9534,13.3182,13.0836,0.9824,0.638,29.141,class3_2026_05_14_12_57_24.csv,train,background,,-0.46904637742636957,random
134.328,420,0.672524,-49.9,-33.6142,14.5921,-18.1821,-36.0806,17.8984,1.3005,-3992.5961,-578.3244,3414.2718,42697.4953,42697.4953,-46589.3433,8.3435,13.8943,1.6653,0.0,30.767,class2_2026_04_27_15_49_56.csv,train,background,,9.44596732303986,hard
133.371,417,0.667733,-49.9,-30.5181,13.7419,-16.1516,-39.7506,23.599,2.434,-4897.2327,-2092.636,2804.5967,0.0,0.0,-44722.5721,9.1399,12.8137,1.402,0.0,31.142,class2_2026_04_27_15_59_21.csv,train,background,,5.080586155596902,hard
190.484,596,0.953674,-22.468,-27.6763,11.9116,-35.8249,-37.8163,1.9913,30.752,7873.5064,-930.9306,-8804.4371,-44032.9201,4393.4154,-44032.9201,14.1168,13.6081,0.964,2.871,30.752,class3_2026_05_14_14_35_39.csv,train,background,,-4.207656144358173,random
163.044,510,0.816293,-49.9,-37.6926,13.6821,-43.9978,-29.8221,-14.1758,29.766,1125.2004,2745.589,1620.3886,40463.1453,43125.395,-46655.174,11.059,12.5152,1.1317,0.0,29.766,class3_2026_05_14_14_40_05.csv,train,background,,6.697706388288983,hard
31.588,98,0.158148,-20.273,-33.6847,14.5064,-29.2358,-38.0911,8.8553,3.7185,-542.914,4240.0905,4783.0046,0.0,45056.431,-46437.3056,12.8328,13.294,1.0359,0.638,29.627,class3_2026_05_14_13_18_01.csv,train,background,,3.8320446773341645,hard
177.083,554,0.886581,-49.9,-37.5513,13.8798,-32.6848,-41.1019,8.4171,30.006,-3464.2066,-289.6529,3174.5537,0.0,47031.3527,-44768.0298,13.7632,12.5442,0.9114,0.0,30.006,class2_2026_04_27_15_48_47.csv,train,background,,4.8291058826532085,hard
176.445,552,0.883387,-20.317,-40.31,13.5743,-36.2277,-40.5759,4.3482,29.583,-5418.6985,-812.9577,4605.7408,45995.3009,45995.3009,-46368.3433,13.7188,13.2078,0.9628,0.957,29.583,class2_2026_04_27_15_54_02.csv,train,background,,2.591991699095865,random
190.165,595,0.952077,-19.71,-40.3631,13.5048,-45.3074,-38.1569,-7.1505,30.19,3052.8652,352.5317,-2700.3336,-0.0,44410.6614,-42601.9804,10.3191,13.1584,1.2751,0.638,30.19,class3_2026_05_14_12_59_21.csv,train,background,,4.256713948469958,hard
80.725,252,0.404156,-22.93,-34.3953,13.9155,-43.8804,-36.2199,-7.6604,29.742,1042.2414,-4442.3912,-5484.6326,-3703.4386,43753.9201,-46026.6489,11.27,13.7531,1.2203,1.277,29.742,class3_2026_04_27_16_18_11.csv,train,background,,4.8116803340622125,hard
170.702,534,0.854634,-25.614,-35.3611,13.1,-35.9386,-38.4543,2.5157,28.453,562.0014,-2316.6801,-2878.6815,0.0,0.0,-43614.4248,14.0356,12.9315,0.9213,0.638,28.453,class3_2026_05_14_13_18_01.csv,train,background,,-6.498862307459148,random
35.736,111,0.178915,-5.784,-8.4597,2.6149,-13.5307,-11.9689,-1.5618,8.672,1296.3304,-1899.6432,-3195.9736,-543.8871,10485.6056,-2647.3354,2.4743,2.7322,1.1042,2.871,8.673,class3_2026_05_22_11_05_05.csv,train,connector,35.74,,positive
134.009,419,0.670927,-27.938,-35.2414,13.2503,-19.617,-37.7868,18.1698,1.051,-5986.2555,13.9041,6000.1596,3625.3918,41001.5721,-44626.9639,11.3761,13.5869,1.1943,0.0,29.369,class2_2026_04_27_15_38_31.csv,train,background,,6.695038408669256,hard
127.628,399,0.63898,-5.91,-8.801,2.8957,-13.933,-13.4468,-0.4862,8.8685,1147.5282,-2616.7712,-3764.2995,594.0439,9680.2508,-2750.7837,2.2597,4.3833,1.9398,2.871,8.936,class1_2026_04_27_14_45_49.csv,train,connector,127.63,,positive
179.636,562,0.899363,-20.494,-37.0527,14.3827,-42.3699,-35.3301,-7.0398,30.482,-58.3084,-3260.1785,-3201.8701,43576.8056,46090.9138,-46090.9138,12.1942,14.5881,1.1963,0.957,30.482,class2_2026_04_27_15_51_19.csv,train,background,,6.665442047323271,hard
14.677,45,0.073482,-49.9,-34.9021,13.5657,-24.6379,-36.2174,11.5795,3.164,-4569.3368,131.0501,4700.387,35178.6881,35178.6881,-35178.6881,11.5852,13.7786,1.1893,0.0,30.142,class3_2026_05_14_14_33_35.csv,train,background,,3.906490983981796,hard
137.519,430,0.6885,-26.346,-31.599,13.0505,-27.4103,-42.0853,14.6751,4.031,-2180.4949,140.759,2321.254,-47214.7367,47214.7367,-47214.7367,12.081,12.613,1.044,0.0,30.123,class2_2026_04_27_15_57_16.csv,train,background,,5.737841214067885,hard
143.262,448,0.717253,-49.9,-38.026,13.5193,-32.9235,-39.5441,6.6206,20.154,-4107.6095,-2068.3136,2039.2959,32329.1567,47753.9201,-46156.7429,13.6501,13.1058,0.9601,0.0,30.467,class3_2026_05_14_14_34_45.csv,train,background,,4.026645528758356,hard
134.328,420,0.672524,-25.332,-32.2821,12.7708,-21.9528,-35.1643,13.2116,0.864,-7166.7203,-7206.9318,-40.2114,30583.0752,45637.9326,-5099.024,12.9409,13.3871,1.0345,0.0,29.117,class2_2026_04_27_15_41_42.csv,train,background,,4.102081206681789,hard
24.249,75,0.121405,-17.471,-30.9162,13.7215,-37.8132,-29.5776,-8.2356,6.7955,-1151.3161,865.6173,2016.9334,800.9404,50829.1552,-50829.1552,13.6087,12.728,0.9353,1.276,32.429,class3_2026_05_14_13_18_01.csv,train,background,,6.029942061980367,hard
136.881,428,0.685306,-49.9,-37.9907,13.3573,-26.6551,-39.3474,12.6923,3.9895,-5556.5444,-345.2827,5211.2617,43302.5094,44501.8145,-38004.7053,12.7643,13.276,1.0401,0.0,28.515,class1_2026_04_27_14_48_45.csv,train,background,,3.7018132578355285,hard
127.628,399,0.63898,-8.604,-11.4286,2.7456,-16.3861,-16.0679,-0.3182,8.481,1185.9809,-2901.2011,-4087.182,597.1787,9721.0031,-2785.2665,2.1836,4.225,1.9349,2.871,8.258,class2_2026_04_27_16_03_18.csv,train,connector,127.63,,positive
132.414,414,0.662942,-17.912,-17.8602,2.0627,-11.0536,-30.6062,19.5526,2.9195,-2593.7949,-4497.3791,-1903.5842,-1785.2665,-1785.2665,-4205.3292,3.5047,13.679,3.903,0.0,6.172,class1_2026_04_27_14_44_55.csv,train,break,132.41,,positive
30.312,94,0.15176,-19.696,-30.5709,13.686,-29.3673,-39.6701,10.3027,7.1335,-1856.816,-4773.459,-2916.6429,-64.2633,43324.453,-46158.3103,12.805,13.054,1.0194,2.234,30.204,class3_2026_05_14_13_17_52.csv,train,background,,4.204843304370405,hard
133.69,418,0.66933,-22.127,-28.4542,11.735,-16.7799,-33.4619,16.6821,1.822,-4723.7814,93.8411,4817.6225,41750.7868,41750.7868,-45034.4875,8.9425,13.2219,1.4785,0.0,30.678,class2_2026_04_27_16_06_07.csv,train,background,,5.81656166193439,hard
160.492,502,0.803517,-49.9,-33.8937,14.3477,-40.7544,-32.9303,-7.8241,29.994,1964.9009,1204.2688,-760.632,-46285.268,46379.315,-46285.268,12.9806,13.6855,1.0543,0.0,29.994,class3_2026_05_14_12_58_49.csv,train,background,,5.79524238563917,hard
179.955,563,0.90096,-49.9,-37.476,13.9191,-34.3523,-36.7784,2.4261,8.2575,1136.7835,2161.9441,1025.1606,227.2727,43862.0721,-40697.4969,13.9486,13.2821,0.9522,0.0,29.738,class3_2026_04_27_16_18_51.csv,train,background,,0.42347850338821086,random
147.729,462,0.739618,-22.492,-31.0709,13.3388,-40.7943,-36.122,-4.6723,30.039,1863.553,-197.9714,-2061.5244,0.0,47083.0752,-45054.8605,12.9204,13.8606,1.0728,0.638,30.039,class3_2026_05_14_13_10_18.csv,train,background,,3.737971231727129,hard
127.628,399,0.63898,-7.724,-10.5767,2.8275,-15.6794,-15.0276,-0.6518,8.5815,1142.0739,-2721.4329,-3863.5068,677.116,9793.1034,-2716.3009,2.2361,4.0017,1.7896,2.871,8.555,class2_2026_04_27_15_25_41.csv,train,connector,127.63,,positive
136.562,427,0.683709,-49.9,-34.9474,13.4629,-23.3692,-36.3834,13.0142,1.5735,-2866.9278,-2597.5115,269.4163,-7634.7962,45178.6865,-7634.7962,9.6686,13.592,1.4058,0.0,29.315,class2_2026_04_27_15_36_45.csv,train,background,,4.897905828523173,hard
189.846,594,0.95048,-49.9,-37.362,14.0523,-32.8146,-40.4748,7.6602,29.758,-363.6062,-905.7904,-542.1842,-43529.7837,46642.6364,-43529.7837,13.6768,13.3447,0.9757,0.0,29.758,class2_2026_04_27_15_35_08.csv,train,background,,4.986424101794817,hard
130.818,409,0.654951,-16.116,-15.9237,2.1403,-12.8339,-27.11,14.2761,4.352,115.0589,-2783.912,-2898.9709,-2633.6434,-2111.2853,-2882.442,3.2185,12.3318,3.8315,0.0,6.15,class2_2026_04_27_15_26_42.csv,train,break,131.14,,positive
150.601,471,0.753997,-21.66,-31.1504,13.3424,-43.4524,-31.6443,-11.8081,30.153,-3141.215,-4523.6625,-1382.4475,-6695.9232,46670.848,-6695.9232,12.068,13.0565,1.0819,3.19,30.153,class1_2026_04_27_14_38_26.csv,train,background,,6.613996424089132,hard
134.328,420,0.672524,-28.056,-34.5403,13.9385,-22.5627,-36.1278,13.5651,1.676,-4998.4777,55.3958,5053.8735,-0.0,46478.0596,-34238.2476,12.5396,13.8451,1.1041,0.0,30.461,class2_2026_04_27_15_35_45.csv,train,background,,7.020413314479552,hard
131.776,412,0.659748,-16.488,-16.5748,2.1845,-10.8678,-29.0206,18.1528,3.4565,-2095.6515,-2892.9091,-797.2576,-3543.8887,-2307.6149,-3921.6285,3.1807,13.0674,4.1084,0.0,6.426,class1_2026_04_27_14_39_11.csv,train,break,132.09,,positive
87.106,272,0.436103,-14.845,-14.5419,0.1454,-14.5639,-14.5349,-0.029,0.2335,44.5536,-7.9858,-52.5394,39.185,101.8809,-205.3292,0.1182,0.0883,0.7468,0.0,0.52,class3_2026_05_14_14_40_43.csv,train,background,,-56.9568725158729,random
138.795,434,0.694889,-23.619,-34.5073,13.8724,-28.1799,-37.1522,8.9723,3.3715,-3944.5934,-1414.3318,2530.2616,-0.0,37559.5643,-1909.0878,11.7155,14.2712,1.2182,0.0,30.283,class2_2026_04_27_15_35_08.csv,train,background,,3.771311029614418,hard
35.736,111,0.178915,-9.346,-11.3738,1.6506,-14.0247,-13.4571,-0.5677,5.0845,627.6757,-1018.6772,-1646.353,-358.9342,6183.3856,-2233.5423,1.2978,1.4787,1.1394,2.552,5.154,class3_2026_05_14_13_12_07.csv,train,connector,35.74,,positive
139.114,435,0.696486,-49.9,-34.5117,13.853,-34.3831,-40.656,6.2729,29.981,2553.3285,-933.3803,-3486.7088,-45990.5972,45084.6426,-45990.5972,13.952,13.1237,0.9406,0.0,29.981,class3_2026_05_14_12_57_24.csv,train,background,,3.9567560533095705,hard
133.371,417,0.667733,-20.423,-26.9562,12.3494,-15.5655,-34.5522,18.9867,2.1925,-4486.1323,-1244.1383,3241.994,523.5094,46202.1975,-46202.1975,9.1847,13.7988,1.5024,0.0,31.483,class2_2026_04_27_15_24_51.csv,train,background,,9.336568784200848,hard
132.733,415,0.664539,-20.296,-29.7338,14.2872,-13.3177,-39.7506,26.4329,2.851,-2762.5554,-224.7606,2537.7948,-45841.6959,-1213.1661,-46401.2571,4.0232,12.8137,3.1849,0.0,31.916,class2_2026_04_27_15_59_21.csv,train,background,,7.826165084783171,hard
165.278,517,0.827478,-49.9,-37.363,14.0596,-29.7218,-36.4946,6.7727,4.1935,841.2379,2076.0435,1234.8056,-2565.8323,47609.721,-45043.8887,12.6406,13.5776,1.0741,0.0,30.375,class2_2026_04_27_15_16_03.csv,train,background,,3.782532213954391,hard
109.441,342,0.547926,-19.718,-37.5659,13.9047,-31.6016,-39.2011,7.5994,6.3285,-889.2109,1525.6588,2414.8697,-9261.7571,47307.2132,-47307.2132,13.0003,13.4774,1.0367,0.957,30.182,class3_2026_05_14_13_47_38.csv,train,background,,3.898790023734773,hard
133.371,417,0.667733,-20.445,-34.0224,14.2184,-16.8873,-40.3803,23.4929,1.438,-3951.8292,3847.7546,7799.5838,-44631.6661,42866.7727,-46167.7147,9.0306,13.4699,1.4916,0.638,29.803,class2_2026_04_27_15_14_19.csv,train,background,,10.6739259151935,hard
162.406,508,0.813099,-49.9,-35.3723,13.1766,-40.8022,-34.6222,-6.18,29.615,-990.6999,-1312.3023,-321.6024,-4691.2226,46418.4984,-41553.8326,12.9594,13.7304,1.0595,0.0,29.615,class2_2026_04_27_15_35_57.csv,train,background,,3.723833443102738,hard
127.628,399,0.63898,-8.138,-11.0568,2.9149,-16.0518,-15.7321,-0.3197,8.5775,1049.6651,-2721.3791,-3771.0442,661.442,9789.9687,-2772.7273,2.2174,4.4993,2.0291,2.871,8.965,class2_2026_04_27_15_39_59.csv,train,connector,127.95,,positive
147.729,462,0.739618,-49.9,-41.1659,12.473,-37.8659,-36.3867,-1.4792,30.271,-1922.1064,905.6757,2827.7821,-3304.0752,39532.9201,-36228.8448,13.5646,13.611,1.0034,0.0,30.271,class2_2026_04_27_15_21_31.csv,train,background,,0.4344104192034218,random
130.818,409,0.654951,-16.672,-16.2104,2.1831,-12.9433,-27.1004,14.1572,4.1275,85.1939,-3878.5381,-3963.732,-2635.2475,-2062.6959,-2957.6787,3.0962,12.2925,3.9702,0.0,6.238,class2_2026_04_27_15_57_16.csv,train,break,131.14,,positive
131.457,411,0.65815,-15.535,-15.5489,2.1331,-10.8027,-28.5653,17.7626,3.621,-1395.7267,-5163.5601,-3767.8334,-2636.3636,-2429.042,-3963.9483,3.147,13.3817,4.2522,0.0,6.031,class1_2026_04_27_14_46_34.csv,train,break,132.09,,positive
163.364,511,0.817896,-49.9,-40.2072,13.7156,-43.9197,-37.6279,-6.2917,29.805,-1199.3644,-1934.3864,-735.022,-0.0,46211.6019,-4421.6317,11.2131,13.78,1.2289,0.0,29.805,class1_2026_04_27_14_39_34.csv,train,background,,4.409458978567296,hard
131.776,412,0.659748,-18.397,-18.1517,2.0557,-12.7506,-32.7407,19.9901,3.371,-2071.8946,-3931.8533,-1859.9586,-2423.1959,-2273.5352,-10728.8417,3.2149,13.7974,4.2917,0.0,6.865,class2_2026_04_27_15_27_06.csv,train,break,131.78,,positive
175.807,550,0.880192,-22.72,-34.4358,13.8624,-36.81,-40.6461,3.8361,29.036,799.242,1853.8723,1054.6303,1076.8025,44304.0768,-45380.8793,13.2196,13.1315,0.9933,1.595,29.036,class2_2026_04_27_15_12_38.csv,train,background,,1.7203006837737924,random
134.328,420,0.672524,-25.774,-37.7061,13.7054,-21.8299,-37.3959,15.566,1.659,-7643.1484,1197.7428,8840.8912,-0.0,37815.0502,-42443.3349,13.0498,14.023,1.0746,0.0,29.721,class2_2026_04_27_15_15_03.csv,train,background,,6.072321144948247,hard
191.442,599,0.95847,-23.649,-34.2536,14.0278,-40.6859,-32.6722,-8.0137,30.033,2214.2447,2858.9993,644.7546,-0.0,274.4808,-41145.7712,13.0666,13.7724,1.054,0.638,30.033,class2_2026_04_27_16_07_58.csv,train,background,,-0.7133205190208791,random
149.963,469,0.750802,-22.971,-37.6467,13.837,-39.443,-34.176,-5.267,30.445,-1037.0795,-1903.6715,-866.592,11556.4248,42048.5006,-42208.4655,13.2302,14.1705,1.0711,1.277,30.445,class1_2026_04_27_14_47_01.csv,train,background,,4.393459642853582,hard
22.016,68,0.110225,-15.626,-15.0194,0.3975,-14.6483,-14.4815,-0.1668,-0.0025,-103.7011,110.7613,214.4624,909.0909,909.0909,112.8527,0.307,0.27,0.8795,0.0,1.269,class2_2026_04_27_15_46_57.csv,train,background,,-55.73710821735418,random
141.029,441,0.706073,-49.9,-37.7807,13.6113,-35.2684,-32.9742,-2.2943,4.7605,2156.987,6577.4124,4420.4254,-43277.4326,43055.0732,-43277.4326,13.2102,13.5694,1.0272,0.0,29.612,class3_2026_05_14_13_18_55.csv,train,background,,-0.09673858238326946,random
124.437,389,0.623004,-14.93,-30.103,15.1601,-26.7687,-29.2781,2.5093,5.8145,-4388.0004,-2054.7772,2333.2232,-1747.6489,55354.2351,-44945.1442,14.5977,15.2435,1.0442,1.276,35.316,class3_2026_05_14_13_18_55.csv,train,background,,9.786690794148905,hard
133.052,416,0.666136,-49.9,-33.7076,14.588,-15.4636,-39.4916,24.028,1.406,-4865.2913,-330.2533,4535.0381,-0.0,1401.2555,-6731.9749,9.1615,13.2093,1.4418,0.0,31.086,class2_2026_04_27_15_23_25.csv,train,background,,6.382840453236521,hard
156.025,488,0.781152,-26.781,-34.55,13.8464,-30.0271,-39.8359,9.8088,8.1655,520.8451,-2679.1529,-3199.998,3913.7931,43465.5188,-44141.0674,12.4975,12.7892,1.0233,0.0,30.228,class2_2026_04_27_16_07_58.csv,train,background,,3.9689372405290193,hard
140.071,438,0.701277,-49.9,-34.4444,13.8528,-25.2169,-36.9958,11.7789,2.374,-3396.4667,-227.7878,3168.6789,-480.6008,44946.71,-41913.7962,11.1369,13.103,1.1765,0.0,29.091,class3_2026_05_14_14_36_30.csv,train,background,,3.9860377014506287,hard
141.348,442,0.707671,-22.854,-28.2326,11.6246,-28.9859,-32.2642,3.2782,2.1735,-1702.6479,642.5649,2345.2128,-4677.1176,42391.8527,-42391.8527,13.0568,12.7179,0.974,0.0,29.414,class3_2026_05_14_13_43_30.csv,train,background,,-2.3738550510872165,random
190.165,595,0.952077,-21.084,-31.2042,13.3725,-30.497,-42.0829,11.5859,19.834,-604.2025,-1437.0731,-832.8706,990.5956,42263.3245,-47238.3899,12.2593,12.6168,1.0292,2.233,30.091,class3_2026_05_14_13_43_30.csv,train,background,,4.791656971935512,hard
191.442,599,0.95847,-20.643,-30.959,13.4442,-31.7012,-40.2509,8.5497,17.2935,-40.1462,-27.0336,13.1126,-44086.2085,45456.116,-46056.4279,12.9433,13.6522,1.0548,1.596,29.384,class3_2026_05_14_13_42_19.csv,train,background,,3.8743565450767727,hard
59.666,186,0.298723,-23.774,-30.7746,13.5773,-31.972,-36.3124,4.3404,4.516,607.6091,-1242.1296,-1849.7387,45893.4185,45893.4185,-45893.4185,14.3139,13.6506,0.9537,0.0,30.1,class3_2026_05_14_13_42_29.csv,train,background,,1.790210931249653,random
166.235,520,0.832269,-24.006,-37.5236,13.8647,-32.0656,-42.3617,10.2961,29.262,365.193,1165.8383,800.6453,-43028.2163,43028.2163,-43028.2163,12.9322,12.2727,0.949,0.957,29.262,class2_2026_04_27_16_05_29.csv,train,background,,4.205337002345837,hard
150.601,471,0.753997,-20.174,-38.6372,13.0013,-43.2892,-32.5893,-10.6999,29.726,-2739.3495,1890.9779,4630.3273,45847.9655,45847.9655,-46592.4796,10.8959,12.4584,1.1434,0.957,29.726,class2_2026_04_27_15_13_52.csv,train,background,,4.738009326165031,hard
182.508,571,0.913742,-49.9,-46.8059,8.7515,-37.9168,-39.2267,1.3099,27.847,-3923.5138,-284.6507,3638.8631,-0.0,43442.8499,-0.0,13.4991,13.4152,0.9938,0.0,27.847,class2_2026_04_27_16_00_17.csv,train,background,,-4.6350163362115335,random
184.422,577,0.923324,-20.498,-31.735,12.9928,-36.3847,-36.2619,-0.1228,17.6555,2052.4166,3013.4929,961.0763,5901.2539,45357.3699,-46084.6442,13.6035,13.6731,1.0051,1.914,29.402,class3_2026_04_27_16_18_40.csv,train,background,,-0.5901318811136964,random
134.328,420,0.672524,-20.445,-31.3102,13.1729,-18.7297,-34.9623,16.2327,1.8625,-3812.7859,2246.0249,6058.8108,-1609.7147,43525.0799,-45504.7053,8.6973,13.4702,1.5488,0.638,29.455,class2_2026_04_27_16_03_03.csv,train,background,,6.065204972327709,hard
127.628,399,0.63898,-7.517,-10.5679,2.9597,-15.5041,-15.6554,0.1513,8.7,1163.1569,-2791.9262,-3955.0831,603.4483,10097.1854,-3065.8307,2.2739,5.3103,2.3353,2.871,9.388,class2_2026_04_27_16_07_58.csv,train,connector,127.63,,positive
130.818,409,0.654951,-19.723,-22.5891,9.7866,-15.0193,-38.7682,23.7489,2.2755,-1054.4944,-3975.1905,-2920.6961,1168.5921,1168.5921,-47377.4821,2.0962,13.9992,6.6784,0.0,32.862,class3_2026_05_14_13_15_32.csv,train,background,,4.799531924633824,hard
135.285,423,0.677316,-22.248,-30.8059,13.5169,-20.3677,-34.6585,14.2908,0.1705,-5111.1926,-2470.8485,2640.3441,0.0,45815.0502,-2655.174,10.9856,13.7481,1.2515,0.0,29.23,class1_2026_04_27_14_39_22.csv,train,background,,5.6228862789376794,hard
129.223,404,0.646966,-12.287,-12.2124,2.1742,-14.2338,-22.418,8.1842,8.2655,2255.8019,-3190.6128,-5446.4147,-3186.5204,-2039.185,-3186.5204,3.5542,10.2437,2.8821,2.871,6.693,class2_2026_04_27_16_05_41.csv,train,background,,-35.976556314946286,random
21.697,67,0.108628,-15.4,-14.8372,0.3032,-14.4714,-14.5086,0.0372,0.0045,-29.4067,168.2597,197.6664,-606.5831,-72.987,-606.5831,0.1627,0.2834,1.7422,0.0,0.937,class2_2026_04_27_15_27_06.csv,train,background,,-56.28982077278345,random
104.974,328,0.525561,-16.308,-16.2101,0.1664,-16.1403,-16.2182,0.0779,0.299,-24.9657,-10.6109,14.3548,-90.9091,290.4763,-431.0345,0.1356,0.178,1.3128,0.0,0.499,class2_2026_04_27_15_59_35.csv,train,background,,-56.827048642520836,random
135.604,424,0.678913,-20.103,-37.4563,13.9518,-25.7378,-36.0117,10.2739,2.0275,-9496.4104,-2328.2077,7168.2027,42861.1147,46703.7633,-46752.2636,15.2436,13.9191,0.9131,0.639,29.797,class1_2026_04_27_14_49_38.csv,train,background,,4.91128296319121,hard
178.041,557,0.891377,-21.38,-34.6386,13.7356,-43.5709,-37.8947,-5.6762,30.273,1502.868,-2733.3106,-4236.1786,-5537.616,47524.1012,-41912.2288,11.8641,13.4552,1.1341,1.595,30.273,class1_2026_04_27_14_47_19.csv,train,background,,4.49007846649926,hard
150.601,471,0.753997,-49.9,-34.5932,13.8421,-40.8238,-34.3611,-6.4627,31.421,-806.9189,-2905.9607,-2099.0418,-44200.6285,44200.6285,-44200.6285,12.87,13.9846,1.0866,0.0,31.421,class3_2026_05_14_13_47_50.csv,train,background,,6.098528204380655,hard
129.223,404,0.646966,-2.941,-24.6628,15.2801,-27.3179,-29.0129,1.6951,19.5885,-2982.4287,-2861.4705,120.9583,24532.9138,73603.4514,-73603.4514,15.0746,15.6229,1.0364,0.957,46.959,class3_2026_05_14_13_11_09.csv,train,background,,24.099654074883432,hard
85.83,268,0.429715,-17.01,-16.7218,0.3094,-16.6398,-16.7273,0.0874,0.5035,-23.0399,-21.7667,1.2732,-238.2461,281.5265,-404.3871,0.2701,0.2646,0.9795,0.0,0.875,class2_2026_04_27_16_03_33.csv,train,background,,-56.272035041248145,random
131.138,410,0.656553,-16.738,-16.7061,2.1787,-12.7067,-30.4141,17.7074,3.7555,-620.2506,-4758.2122,-4137.9616,-2450.6688,-2133.2288,-4496.8636,3.0751,13.8759,4.5124,0.0,6.268,class2_2026_04_27_16_08_56.csv,train,break,132.09,,positive
71.472,223,0.357831,-19.81,-30.4822,13.7863,-15.0877,-39.1084,24.0207,2.259,-2627.5402,916.0658,3543.606,-48160.3725,4792.2751,-48160.3725,4.0401,13.5809,3.3615,0.958,30.923,class3_2026_05_22_11_05_50.csv,train,break,69.56,,positive
152.515,477,0.763579,-23.183,-28.3741,11.8814,-41.5898,-33.6531,-7.9367,30.981,2539.8494,-3536.1185,-6075.9679,598.7461,47960.8166,-10249.919,12.0157,13.2276,1.1009,2.872,30.981,class1_2026_04_27_14_46_27.csv,train,background,,4.7019521448812185,hard
155.387,486,0.777958,-21.859,-27.1186,12.2424,-28.2255,-40.3662,12.1407,5.132,-2303.6376,-6167.2609,-3863.6233,819.7461,47425.3416,-48123.826,13.5447,13.4999,0.9967,0.0,30.754,class3_2026_05_14_13_12_07.csv,train,background,,5.306986319783384,hard
142.624,446,0.714059,-22.587,-46.8652,8.5836,-40.69,-38.9847,-1.7053,27.313,-8040.9895,3938.0718,11979.0612,-0.0,42810.348,-42810.348,13.031,12.4068,0.9521,0.638,27.313,class2_2026_04_27_16_00_46.csv,train,background,,-6.068894541441909,random
164.321,514,0.822687,-49.9,-32.1293,12.9654,-29.9698,-33.9308,3.9611,4.0675,-2799.7371,287.2041,3086.9412,-41758.6254,44260.6061,-41758.6254,12.4239,12.9661,1.0436,0.0,29.877,class2_2026_04_27_15_35_21.csv,train,background,,0.05830324411581461,random
152.196,476,0.761982,-21.753,-30.6612,13.6125,-36.5705,-37.6292,1.0587,29.566,1706.4024,-1857.1165,-3563.5189,0.0,44509.4075,-45974.9232,13.5994,13.7907,1.0141,0.638,29.566,class2_2026_04_27_15_28_02.csv,train,background,,1.2824699509321296,random
153.472,480,0.76837,-21.634,-33.846,14.3797,-40.5275,-37.2134,-3.3141,30.151,2993.1035,-1266.8271,-4259.9306,-2156.7398,47258.6223,-44093.0615,13.3427,14.2238,1.066,1.277,30.151,class1_2026_04_27_14_49_08.csv,train,background,,4.3455846350897245,hard
134.009,419,0.670927,-20.717,-31.2408,13.2653,-42.3404,-34.3609,-7.9796,30.018,2816.0412,-2644.7816,-5460.8228,-38822.8856,42619.1254,-38822.8856,12.211,13.9496,1.1424,1.276,30.018,class3_2026_05_14_12_56_02.csv,train,background,,4.73962640281455,hard
154.749,484,0.774764,-20.926,-33.9043,14.3236,-32.6118,-42.0327,9.4209,30.101,-1101.0798,-1378.2764,-277.1966,0.0,2867.5677,-47180.2539,13.8724,12.6956,0.9152,0.638,30.101,class2_2026_04_27_16_02_06.csv,train,background,,-0.28897096195676375,random
182.189,570,0.912144,-49.9,-37.2553,14.1478,-33.1799,-41.8023,8.6224,29.67,1242.797,678.1635,-564.6334,-42965.5188,46504.7053,-42965.5188,13.5149,11.8042,0.8734,0.0,29.67,class3_2026_05_14_13_39_31.csv,train,background,,4.092135041102342,hard
185.698,581,0.929713,-24.383,-28.1411,11.6682,-33.8422,-32.9159,-0.9263,4.161,834.4276,-1727.7304,-2562.1581,-0.0,4283.6991,-0.0,12.9918,13.6321,1.0493,0.0,28.916,class3_2026_05_22_11_10_02.csv,train,background,,-8.378174914423134,random
151.558,474,0.758788,-49.9,-37.0243,14.4389,-42.2133,-31.1006,-11.1127,30.752,1359.6585,-687.1328,-2046.7913,1550.1536,46650.4749,-48200.6285,12.4369,13.3464,1.0731,0.0,30.752,class1_2026_04_27_14_47_25.csv,train,background,,7.985970917299676,hard
181.87,569,0.910547,-49.9,-31.1631,13.4073,-31.0138,-39.3092,8.2954,6.526,-1644.7162,-2750.4531,-1105.7369,42310.6276,47318.185,-45377.7476,13.4036,13.3427,0.9955,0.0,30.62,class2_2026_04_27_15_49_56.csv,train,background,,4.152098497891403,hard
135.285,423,0.677316,-20.343,-28.0652,11.7368,-20.6746,-37.6546,16.9799,2.101,-5098.4242,406.4625,5504.8867,2493.7288,46327.5893,-46001.6903,11.1131,13.7444,1.2368,0.958,29.792,class1_2026_04_27_14_49_30.csv,train,background,,6.254410648328195,hard
175.807,550,0.880192,-21.53,-30.8419,13.4967,-34.1774,-40.5176,6.3401,30.266,-1105.3255,-2299.53,-1194.2045,-45004.7053,43448.279,-47243.8724,14.0766,13.2874,0.9439,1.595,30.266,class2_2026_04_27_16_05_53.csv,train,background,,3.903785960199336,hard
127.628,399,0.63898,-7.742,-10.6004,2.8483,-15.547,-18.4937,2.9467,8.605,1108.2315,-2762.5554,-3870.787,597.1787,9370.408,-2731.9749,2.1888,11.7217,5.3552,2.871,8.916,class2_2026_04_27_15_59_21.csv,train,break,126.03,,positive
139.114,435,0.696486,-20.752,-37.1982,14.2113,-34.3679,-39.0838,4.7159,29.563,-2153.1719,1643.5507,3796.7226,0.0,46336.9937,-44040.6018,13.9208,13.6615,0.9814,0.638,29.563,class2_2026_04_27_15_39_26.csv,train,background,,3.70001277906202,hard
85.83,268,0.429715,-14.731,-33.4362,15.0287,-30.2265,-28.9635,-1.263,9.4715,-2534.5199,-612.4433,1922.0766,4343.2602,55123.8276,-55123.8276,14.2183,13.4261,0.9443,0.957,35.169,class3_2026_05_14_13_11_09.csv,train,background,,7.562997206255459,hard
127.628,399,0.63898,-11.464,-13.4254,1.1148,-14.556,-29.6192,15.0632,3.3625,306.8081,-9389.7751,-9696.5832,-123.8245,3752.3511,-2670.8464,0.6193,16.3568,26.4122,1.595,3.198,class3_2026_05_14_13_18_12.csv,train,connector,127.63,,positive
141.667,443,0.709268,-20.34,-37.0523,14.3701,-40.4879,-34.2155,-6.2724,29.56,413.2886,-485.9736,-899.2621,-2197.489,46332.2915,-46332.2915,13.3349,14.0468,1.0534,1.276,29.56,class1_2026_04_27_14_37_06.csv,train,background,,4.923504862477096,hard
135.604,424,0.678913,-21.451,-34.363,13.9582,-23.4063,-33.3312,9.9249,2.639,-4633.7659,1289.9485,5923.7144,5018.2666,44590.9122,-44654.9638,10.4541,13.316,1.2738,0.639,29.607,class2_2026_04_27_15_40_35.csv,train,background,,3.7884345217934814,hard
135.604,424,0.678913,-20.504,-22.5674,9.7262,-13.4624,-34.1316,20.6692,1.4525,-2335.7605,-804.9837,1530.7768,1960.4803,1960.4803,-49045.4592,4.0094,14.3088,3.5688,0.0,32.455,class3_2026_05_14_14_40_05.csv,train,break,134.01,,positive
127.628,399,0.63898,-5.928,-8.8228,2.8793,-13.9548,-13.5408,-0.4139,8.8695,1172.5073,-2657.7555,-3830.2629,579.9373,9697.4922,-2778.9969,2.2612,4.4189,1.9542,2.871,8.873,class1_2026_04_27_14_39_34.csv,train,connector,127.63,,positive
135.285,423,0.677316,-21.546,-40.6523,13.0902,-25.8893,-39.1859,13.2966,2.0655,-7036.6492,1968.6229,9005.2721,44672.4169,44672.4169,-44463.1242,13.1845,13.462,1.021,0.958,28.501,class2_2026_04_27_15_31_02.csv,train,background,,3.8333383478009573,hard
136.881,428,0.685306,-20.989,-40.3767,13.47,-26.3087,-40.6956,14.3868,3.562,-6139.9979,1148.9497,7288.9476,-0.0,45315.0502,-45315.0502,12.8671,13.0392,1.0134,0.638,28.911,class1_2026_04_27_14_46_34.csv,train,background,,4.874416754222057,hard
147.729,462,0.739618,-49.9,-41.1438,12.4186,-37.9894,-39.1474,1.158,28.339,863.2331,-815.94,-1679.1731,38206.8997,44418.4969,-38206.8997,13.3839,13.5564,1.0129,0.0,28.339,class2_2026_04_27_15_44_29.csv,train,background,,-1.0529484175071546,random
132.733,415,0.664539,-19.421,-29.2869,14.5855,-13.0215,-31.1931,18.1716,1.7135,-2685.5304,4991.3272,7676.8576,-47722.5752,-739.8135,-47772.7304,3.9241,13.3165,3.3935,0.0,32.009,class2_2026_04_27_16_09_22.csv,train,background,,4.374445477558729,hard
187.294,586,0.937703,-20.069,-31.987,12.7577,-40.8286,-31.6134,-9.2152,17.7405,1696.5572,-618.612,-2315.1692,-2302.5078,46757.0564,-5438.8715,12.8602,13.0131,1.0119,2.552,29.831,class3_2026_05_14_13_42_19.csv,train,background,,3.7305134848458295,hard
165.278,517,0.827478,-22.812,-34.1529,14.1029,-39.1288,-34.3142,-4.8146,29.568,-1111.8603,73.3464,1185.2067,42970.221,46344.8292,-42970.221,13.5839,13.966,1.0281,0.957,29.568,class2_2026_04_27_15_38_20.csv,train,background,,3.933051731425876,hard
70.195,219,0.351437,-20.461,-23.0996,9.5833,-14.7032,-36.4758,21.7726,2.0725,-1819.3119,-2369.4294,-550.1176,-5250.7853,-1567.3981,-46142.6364,2.5881,13.7427,5.3099,0.0,32.157,class3_2026_05_14_13_10_59.csv,train,break,68.6,,positive
110.398,345,0.552717,-49.9,-34.6639,13.7598,-33.3117,-38.8893,5.5777,18.557,-310.674,423.5093,734.1832,0.0,47307.2132,-45087.7759,13.3257,13.8245,1.0374,0.0,30.182,class3_2026_05_14_13_47_38.csv,train,background,,3.8946111116937416,hard
167.511,524,0.838658,-20.746,-34.2742,14.0194,-40.7382,-35.8933,-4.8448,29.806,-2863.5782,-1234.7196,1628.8585,0.0,44496.8683,-46717.8715,12.9732,14.0397,1.0822,0.638,29.806,class2_2026_04_27_16_02_06.csv,train,background,,3.923599556267969,hard
193.037,604,0.966456,-49.9,-36.9968,14.4304,-29.9561,-37.1558,7.1997,3.498,-281.2101,-710.5158,-429.3057,0.0,45992.1677,-0.0,12.4667,14.268,1.1445,0.0,29.384,class3_2026_05_14_13_42_19.csv,train,background,,3.6922826990314066,hard
165.278,517,0.827478,-21.515,-31.0349,13.3789,-39.3762,-38.9712,-0.4051,30.008,716.109,-2490.7266,-3206.8356,-4816.6144,47034.4859,-46239.815,13.2284,13.7267,1.0377,2.233,30.008,class3_2026_05_14_14_40_57.csv,train,background,,1.5136789988951684,random
138.795,434,0.694889,-24.867,-31.9511,12.7719,-32.6216,-35.9812,3.3596,3.9085,1628.1713,693.1142,-935.0572,-0.0,4335.4248,-3645.7649,13.8561,13.9543,1.0071,0.0,29.325,class1_2026_04_27_14_39_05.csv,train,background,,-5.653749860718938,random
154.749,484,0.774764,-23.344,-37.4873,13.9826,-30.7661,-41.8597,11.0936,30.538,-2535.9102,2888.1129,5424.0231,-38258.6254,41623.8276,-41623.8276,13.6146,12.9797,0.9534,0.957,30.538,class3_2026_04_27_16_18_51.csv,train,background,,6.378825667254497,hard
127.628,399,0.63898,-2.975,-6.4032,4.0164,-14.4612,-10.4697,-3.9916,12.3945,1909.0974,-2654.4725,-4563.5699,706.8966,15375.983,-2822.884,3.5995,4.3288,1.2026,3.828,12.896,class3_2026_05_14_13_37_53.csv,train,connector,127.63,,positive
101.145,316,0.506391,-14.919,-33.8346,14.7836,-34.859,-28.634,-6.225,8.23,-3698.5822,823.9164,4522.4986,5565.8323,54829.1567,-54829.1567,15.3388,13.5145,0.8811,0.957,34.981,class3_2026_05_14_13_11_09.csv,train,background,,9.592002629912823,hard
131.138,410,0.656553,-16.467,-16.6352,2.2253,-12.5844,-32.9667,20.3822,3.8595,-639.7777,-2601.4875,-1961.7098,-2452.1538,-2230.4075,-4007.8386,3.1352,13.8045,4.403,0.0,6.889,class2_2026_04_27_16_02_21.csv,train,break,131.78,,positive
139.433,436,0.698083,-49.9,-40.6056,13.2016,-33.2194,-40.6799,7.4605,30.494,-1932.0353,3649.3508,5581.3862,-0.0,47796.2414,-0.0,13.4365,13.0675,0.9725,0.0,30.494,class2_2026_04_27_16_06_20.csv,train,background,,4.867325886492912,hard
189.527,593,0.948883,-49.9,-36.2218,12.7866,-40.2856,-32.4508,-7.8348,21.6745,1327.841,904.5954,-423.2456,2396.5549,42164.5784,-44561.1332,12.3144,13.9446,1.1324,0.0,30.024,class2_2026_04_27_15_42_56.csv,train,background,,3.6766997635556464,hard
171.021,535,0.856231,-49.9,-40.5363,13.243,-35.8222,-42.4874,6.6653,28.409,-4705.5357,-2592.9952,2112.5405,-0.0,43605.0188,-43746.602,12.7999,12.0026,0.9377,0.0,28.409,class2_2026_04_27_16_06_20.csv,train,background,,0.9208960667519992,random
165.916,519,0.830672,-21.922,-38.0554,13.3055,-34.3881,-40.2571,5.8691,29.09,-1648.7723,323.8025,1972.5747,-39330.7257,39330.7257,-45595.616,12.5394,13.6398,1.0878,1.276,29.09,class1_2026_04_27_14_49_51.csv,train,background,,2.0780772980342106,random
129.223,404,0.646966,-12.365,-12.2736,2.1958,-14.3549,-22.8731,8.5182,8.366,2278.5205,-3000.0823,-5278.6028,-3137.931,-1993.7304,-3137.931,3.6059,10.3468,2.8694,2.871,6.787,class2_2026_04_27_15_41_02.csv,train,break,131.46,,positive
124.118,388,0.621407,-49.9,-40.53,13.2862,-32.6525,-39.3213,6.6688,18.9075,2402.2464,2838.353,436.1066,-47537.6223,47537.6223,-47537.6223,13.8032,13.3124,0.9644,0.0,30.329,class3_2026_04_27_16_18_00.csv,train,background,,3.8041620566268493,hard
167.192,523,0.837216,-26.057,-36.0094,12.7181,-39.4267,-36.5727,-2.854,28.529,1039.0842,3766.5874,2727.5032,29062.6991,29062.6991,-40413.2205,13.3236,13.5223,1.0149,1.277,28.529,class2_2026_04_27_15_25_18.csv,train,background,,-1.9728248087598987,random
136.562,427,0.683709,-49.9,-37.7636,13.6289,-28.4328,-39.3469,10.9142,4.49,-4262.309,-5459.6927,-1197.3837,40051.7273,46920.212,-40051.7273,13.4519,13.2656,0.9861,0.0,30.076,class2_2026_04_27_15_34_55.csv,train,background,,4.855385092237991,hard
178.679,559,0.894571,-49.9,-37.8257,13.5463,-34.9072,-39.3437,4.4364,28.694,-733.5409,-2201.7214,-1468.1805,-44974.9263,44974.9263,-44974.9263,13.4987,13.288,0.9844,0.0,28.694,class3_2026_05_14_13_42_19.csv,train,background,,1.6547752903598556,random
171.34,536,0.857828,-21.689,-35.4693,13.2767,-42.6644,-31.9641,-10.7003,29.568,-1626.2956,667.34,2293.6356,28518.8119,39368.3401,-44217.873,11.8752,12.9242,1.0883,0.957,29.568,class2_2026_04_27_16_03_45.csv,train,background,,4.29532285459457,hard
151.877,475,0.760385,-49.9,-34.3656,14.059,-40.7046,-35.4233,-5.2813,30.151,5030.5952,-1543.3477,-6573.9429,-0.0,44249.2179,-246.0799,13.0839,14.5206,1.1098,0.0,30.151,class1_2026_04_27_14_49_08.csv,train,background,,4.896191936387785,hard
178.041,557,0.891377,-23.815,-38.1119,13.2467,-33.1747,-37.3435,4.1688,5.298,-87.784,2478.6449,2566.4289,-0.0,37638.3967,-46332.2915,13.4112,14.0557,1.0481,0.0,29.56,class2_2026_04_27_16_08_56.csv,train,background,,0.18749764649673084,random
144.857,453,0.725239,-49.9,-34.0122,14.2721,-35.5896,-38.9151,3.3255,30.631,3822.3442,-2291.6598,-6114.0039,-45889.8895,48010.9765,-45889.8895,14.3403,13.793,0.9618,0.0,30.631,class2_2026_04_27_15_23_51.csv,train,background,,4.475288933970073,hard
174.531,546,0.873804,-49.9,-47.0687,8.0082,-34.487,-38.8859,4.3989,25.482,-3924.7873,4674.9599,8599.7472,0.0,0.0,-0.0,13.8475,13.8343,0.999,0.0,25.482,class2_2026_04_27_15_13_52.csv,train,background,,-11.782791457178948,random
180.912,566,0.905751,-49.9,-43.1572,10.9922,-31.6433,-39.5424,7.8991,7.074,126.4983,3837.2276,3710.7293,-37053.2947,46612.8574,-37053.2947,12.9977,12.3373,0.9492,0.0,29.739,class1_2026_04_27_14_48_26.csv,train,background,,0.2873702057436729,random
164.959,516,0.825881,-49.9,-37.3926,13.9988,-39.1288,-34.3047,-4.8241,29.568,1057.9737,-2073.4668,-3131.4405,42457.6834,46344.8292,-42970.221,13.5839,13.9738,1.0287,0.0,29.568,class2_2026_04_27_15_38_20.csv,train,background,,3.8619573113289825,hard
132.095,413,0.661345,-49.9,-31.1556,13.5709,-16.2006,-44.1094,27.9088,2.125,-2822.5238,-3885.7831,-1063.2592,11448.2743,11448.2743,-46589.3433,4.0316,10.9463,2.7151,0.0,31.411,class2_2026_04_27_15_45_39.csv,train,break,131.14,,positive
107.526,336,0.538338,-20.272,-21.7681,10.4955,-23.4839,-30.5874,7.1035,5.8735,1850.6696,-148.4469,-1999.1166,-46716.3056,55230.4107,-46716.3056,12.1384,15.6858,1.2922,0.0,35.237,class3_2026_05_14_13_18_55.csv,train,background,,8.648235623349084,hard
142.624,446,0.714059,-49.9,-43.7887,11.454,-33.8058,-38.7979,4.9921,28.964,34.3297,55.5586,21.2289,-45398.1207,45398.1207,-45398.1207,14.42,13.9244,0.9656,0.0,28.964,class3_2026_05_14_13_22_18.csv,train,background,,1.1499651873700396,random
132.414,414,0.662942,-18.865,-19.7023,1.9058,-13.2802,-36.2215,22.9413,2.4145,-2500.1026,-5215.4058,-2715.3032,-3368.3401,-1059.558,-6283.7006,3.3882,13.8147,4.0773,0.0,5.615,class2_2026_04_27_15_32_35.csv,train,break,131.14,,positive
77.853,243,0.389778,-20.781,-34.4458,13.984,-41.2386,-32.8548,-8.3838,29.624,867.7549,-285.4047,-1153.1596,29.7821,45641.069,-45641.069,12.3427,13.7173,1.1114,1.276,29.624,class3_2026_05_14_12_58_43.csv,train,background,,5.3383477549639915,hard
134.009,419,0.670927,-23.83,-24.7009,9.4235,-14.1889,-36.0688,21.8799,1.3115,-2469.1254,-857.6875,1611.4379,1782.1332,1782.1332,-40862.0721,4.2014,12.9402,3.08,0.0,31.437,class1_2026_04_27_14_46_48.csv,train,background,,1.3694013300396668,random
175.807,550,0.880192,-49.9,-40.6612,13.0733,-39.8066,-34.6647,-5.1419,28.377,343.9477,4853.1778,4509.2301,0.0,2391.8511,-0.0,12.748,13.6785,1.073,0.0,28.377,class2_2026_04_27_16_01_24.csv,train,background,,-4.31828965626049,random
193.037,604,0.966456,-21.75,-30.7543,13.6883,-36.6557,-38.9103,2.2546,31.08,3251.4991,885.1031,-2366.396,37014.1097,47910.6614,-37014.1097,13.4208,13.839,1.0312,1.276,31.08,class1_2026_04_27_14_47_01.csv,train,background,,3.957673392668893,hard
137.838,431,0.690097,-19.046,-33.9111,14.4075,-32.6694,-37.0472,4.3778,6.005,986.4773,3011.3002,2024.8229,0.0,46956.1176,-48360.5047,13.8235,14.3954,1.0414,0.638,30.854,class2_2026_04_27_15_38_53.csv,train,background,,4.061404756373283,hard
60.304,188,0.301917,-49.9,-37.3401,14.056,-34.2158,-43.8399,9.6241,29.611,2186.942,-485.1665,-2672.1085,-43598.7492,44697.4969,-43598.7492,14.0685,11.348,0.8066,0.0,29.611,class3_2026_05_14_13_17_52.csv,train,background,,3.804803010275986,hard
127.628,399,0.63898,-9.205,-12.0489,2.7935,-17.208,-19.0201,1.8121,8.797,1194.4606,-3751.8058,-4946.2663,633.2288,9118.5544,-2819.7492,2.287,9.2139,4.0287,2.871,8.808,class2_2026_04_27_15_31_19.csv,train,connector,127.95,,positive
127.628,399,0.63898,-9.066,-12.0173,2.9927,-17.2254,-18.0122,0.7868,8.862,1048.9317,-4774.6039,-5823.5357,586.2069,10214.956,-2777.4295,2.3435,8.6982,3.7116,2.871,9.488,class2_2026_04_27_15_46_14.csv,train,connector,127.63,,positive
132.733,415,0.664539,-49.9,-33.6107,14.6851,-15.6278,-33.4332,17.8054,1.749,-4616.8668,-198.4276,4418.4392,-47.0219,-0.0,-46915.3636,9.0318,13.3196,1.4747,0.0,31.696,class2_2026_04_27_15_39_04.csv,train,background,,3.883352055495988,hard
146.134,457,0.731632,-21.514,-34.5038,13.8117,-34.2998,-40.3889,6.0891,29.614,338.8775,793.0791,454.2016,0.0,46471.3222,-43206.8997,14.0269,13.4632,0.9598,0.638,29.614,class3_2026_05_14_13_43_49.csv,train,background,,3.9571359670478214,hard
134.966,422,0.675719,-19.69,-34.7944,13.8778,-19.6417,-39.2384,19.5968,1.9485,-5643.2176,-1691.1276,3952.09,-14420.0643,47351.0987,-42052.8396,11.2229,13.5405,1.2065,0.0,31.186,class1_2026_04_27_14_37_46.csv,train,background,,10.49371125225396,hard
172.297,539,0.862619,-21.186,-34.8316,13.6206,-44.1901,-33.2541,-10.9361,29.757,1465.6052,2769.3913,1303.786,281.2892,37973.3574,-45924.768,10.7285,13.51,1.2593,0.639,29.757,class2_2026_04_27_15_49_43.csv,train,background,,5.185252104472289,hard
160.811,503,0.805114,-49.9,-37.6964,13.6864,-32.7855,-40.3688,7.5833,29.377,2816.3626,1747.527,-1068.8356,-40053.2931,46045.4561,-40053.2931,13.6956,13.5182,0.987,0.0,29.377,class2_2026_04_27_16_00_33.csv,train,background,,4.3459819314557855,hard
144.219,451,0.722044,-49.9,-40.3458,13.5332,-32.4374,-38.8086,6.3712,17.6095,1308.5391,-749.026,-2057.5651,-42083.0737,46962.3856,-42083.0737,13.9856,13.928,0.9959,0.0,29.962,class2_2026_04_27_15_44_16.csv,train,background,,3.8804028599888536,hard
181.231,567,0.907348,-20.113,-31.2219,13.2307,-30.2842,-42.3954,12.1113,18.302,330.3379,-937.7605,-1268.0984,-76.8056,46688.0893,-46495.1368,12.2849,12.1062,0.9855,1.277,29.787,class2_2026_04_27_16_02_47.csv,train,background,,4.7315659840587125,hard
134.328,420,0.672524,-21.715,-33.9189,14.3186,-18.6237,-36.3529,17.7292,2.736,-3471.0453,812.2439,4283.2892,-48573.6708,48573.6708,-48573.6708,8.4437,13.6344,1.6147,0.0,30.99,class2_2026_04_27_15_26_28.csv,train,background,,10.045700619086608,hard
186.017,582,0.93131,-49.9,-40.7424,12.9831,-42.5619,-32.8927,-9.6692,29.419,1870.6293,3166.0101,1295.3808,0.0,43048.594,-3540.7508,11.8662,13.6259,1.1483,0.0,29.419,class2_2026_04_27_15_39_26.csv,train,background,,4.5311289419726455,hard
133.371,417,0.667733,-20.728,-26.1301,12.7594,-12.7279,-35.8778,23.1498,1.4465,-2658.2358,383.6383,3041.8741,2025.0784,2025.0784,-48880.8793,4.3591,14.2207,3.2623,0.0,32.115,class1_2026_04_27_14_37_46.csv,train,break,131.78,,positive
158.897,497,0.795531,-49.9,-40.5591,13.2956,-33.0755,-42.8367,9.7612,29.963,2985.9496,588.8492,-2397.1004,-37965.4976,46963.953,-37965.4976,13.5459,11.5115,0.8498,0.0,29.963,class2_2026_04_27_15_34_30.csv,train,background,,4.0794339298720175,hard
159.216,498,0.797128,-49.9,-40.7573,12.948,-32.6197,-36.3141,3.6944,3.4495,572.0433,-947.3363,-1519.3797,1899.6865,40647.2318,-42738.2492,13.8437,13.6236,0.9841,0.0,28.962,class3_2026_05_22_11_05_05.csv,train,background,,-0.9140597007459705,random
132.095,413,0.661345,-22.524,-23.6136,9.702,-13.852,-32.2268,18.3748,2.081,-2375.004,-1538.9405,836.0635,-6158.3072,-912.2241,-46702.1975,3.2698,12.7319,3.8938,0.0,32.98,class2_2026_04_27_15_42_56.csv,train,break,131.14,,positive
127.628,399,0.63898,-8.173,-11.0911,2.9228,-16.1486,-15.8621,-0.2865,8.637,1135.3087,-2741.9352,-3877.2439,634.7962,9708.526,-2730.4075,2.2596,4.5681,2.0216,2.871,9.159,class2_2026_04_27_15_16_23.csv,train,connector,127.95,,positive
127.628,399,0.63898,-12.82,-18.9687,11.1371,-33.4542,-25.3484,-8.1058,9.0425,1846.1629,-4404.3698,-6250.5326,448.2759,52384.0692,-2808.7774,14.889,13.4395,0.9026,3.19,37.08,class3_2026_05_14_13_41_43.csv,train,background,,9.224230598244365,hard
175.488,549,0.878595,-49.9,-49.9,0.0,-35.5851,-37.0816,1.4965,-8.4635,-2718.6196,6813.9267,9532.5463,-0.0,0.0,-0.0,13.0708,14.3377,1.0969,0.0,0.0,class2_2026_04_27_15_28_40.csv,train,background,,-43.936981190928115,random
106.569,333,0.533547,-14.996,-14.9544,0.1039,-14.8432,-14.8516,0.0083,0.108,-56.4154,11.0448,67.4602,50.1567,178.6834,-78.3699,0.1185,0.1593,1.3442,0.0,0.347,class1_2026_04_27_14_48_26.csv,train,background,,-57.09668893370426,random
165.597,518,0.829075,-22.406,-35.1896,13.2422,-41.1649,-35.3087,-5.8562,29.165,-300.983,1352.4223,1653.4052,-4780.5627,43094.047,-43094.047,12.3686,13.1438,1.0627,1.276,29.165,class2_2026_04_27_15_16_58.csv,train,background,,2.193196942587045,random
135.285,423,0.677316,-49.9,-37.5643,13.8764,-23.5281,-32.9674,9.4393,1.8095,-7948.4093,500.9441,8449.3534,0.0,47462.3871,0.0,14.3813,13.5771,0.9441,0.0,30.281,class1_2026_04_27_14_38_20.csv,train,background,,4.685444874107537,hard
127.628,399,0.63898,-7.963,-10.8904,2.9082,-15.9495,-15.3426,-0.6069,8.7465,1172.209,-2651.9691,-3824.1781,626.9592,9559.5611,-2684.953,2.2415,4.1417,1.8478,2.871,9.051,class2_2026_04_27_15_26_06.csv,train,connector,127.63,,positive
149.005,466,0.746006,-21.913,-34.2993,14.0362,-39.5392,-32.4437,-7.0956,18.2715,269.643,-1478.8077,-1748.4507,-9329.152,47536.0517,-44235.1144,13.0619,13.983,1.0705,1.277,30.328,class2_2026_04_27_15_44_57.csv,train,background,,5.148136366085643,hard
184.422,577,0.923324,-49.9,-36.9262,14.5161,-34.7651,-38.8443,4.0792,30.224,2559.1725,2593.6078,34.4354,-0.0,46746.0846,-1851.0956,13.6587,13.8952,1.0173,0.0,30.224,class1_2026_04_27_14_49_38.csv,train,background,,4.546281775843923,hard
138.157,432,0.691695,-49.9,-34.2098,14.0706,-37.9771,-32.8528,-5.1242,8.662,2547.8085,-5341.3195,-7889.1281,41789.9702,48148.906,-41789.9702,13.4878,13.6677,1.0133,0.0,30.719,class2_2026_04_27_15_51_44.csv,train,background,,3.747045470712132,hard
144.857,453,0.725239,-49.9,-38.6562,12.7156,-36.0612,-36.4087,0.3474,18.3925,1574.8062,-2821.7855,-4396.5917,34016.999,34016.999,-213.607,13.9015,13.637,0.981,0.0,29.295,class2_2026_04_27_15_21_13.csv,train,background,,-2.371145713899226,random
135.285,423,0.677316,-20.535,-37.7842,13.5911,-23.5252,-36.1614,12.6363,2.082,-5697.0716,2543.4669,8240.5385,2866.768,46026.6489,-45822.0813,12.2457,13.8183,1.1284,0.638,29.365,class2_2026_04_27_15_57_48.csv,train,background,,5.208646537536052,hard
173.893,544,0.87061,-24.381,-33.9471,14.3214,-39.3139,-33.4259,-5.8881,20.457,2921.6739,-4777.6177,-7699.2916,45315.0502,46641.069,-45315.0502,13.3541,13.3515,0.9998,0.957,30.089,class2_2026_04_27_15_49_43.csv,train,background,,4.027601531049409,hard
144.857,453,0.725239,-20.197,-34.7754,13.6422,-41.4231,-37.4229,-4.0001,30.037,1470.1968,-2607.9331,-4078.13,-5068.7698,47079.9389,-41990.5972,12.0654,14.0136,1.1615,1.596,30.037,class2_2026_04_27_15_42_56.csv,train,background,,3.777761765114828,hard
175.807,550,0.880192,-22.777,-34.1937,14.0628,-42.0051,-36.2979,-5.7071,29.597,392.548,-10.6579,-403.2059,1601.884,44788.4028,-46390.2868,12.7427,13.7937,1.0825,1.595,29.597,class2_2026_04_27_15_21_13.csv,train,background,,4.002092804725485,hard
119.013,372,0.595849,-14.954,-14.899,0.0886,-14.8398,-14.8196,-0.0202,0.1765,-4.9914,10.8599,15.8514,72.1003,72.1003,-324.4514,0.1309,0.0806,0.6158,0.0,0.33,class1_2026_04_27_14_45_04.csv,train,background,,-57.19749968076831,random
98.592,308,0.493609,-9.944,-9.8654,2.1092,-11.7484,-15.4232,3.6748,8.0215,2171.8353,-1582.2549,-3754.0902,-3250.9019,-2148.9028,-3250.9019,3.4494,2.1907,0.6351,2.872,6.56,class3_2026_05_14_13_47_19.csv,train,bend,101.78,,positive
102.74,321,0.514376,-49.9,-24.6897,13.7662,-16.4532,-22.4336,5.9803,1.3695,-3727.2049,-423.4769,3303.7279,44302.511,44302.511,-985.8934,8.6542,10.1896,1.1774,0.0,35.214,class3_2026_05_14_13_18_55.csv,train,background,,4.068071100582623,hard
136.243,426,0.682112,-22.035,-31.3732,13.2065,-24.8839,-37.4903,12.6064,2.126,-5218.6972,-1376.9284,3841.7689,-0.0,44037.6191,-47214.7367,11.3833,13.9362,1.2243,0.0,30.123,class2_2026_04_27_15_57_16.csv,train,background,,5.420085406199536,hard
174.531,546,0.873804,-22.917,-43.5064,11.9909,-39.4996,-40.9393,1.4397,30.559,-1328.194,4431.6185,5759.8124,0.0,42293.1066,-42293.1066,13.1599,12.7667,0.9701,0.638,30.559,class2_2026_04_27_15_38_20.csv,train,background,,-0.026522741931316207,random
188.57,590,0.944091,-20.995,-31.1044,13.366,-42.46,-31.8528,-10.6072,29.847,-1609.5441,-4128.1482,-2518.6041,1448.2759,45333.8605,-6090.9075,12.0257,12.8983,1.0726,2.871,29.847,class2_2026_04_27_15_35_32.csv,train,background,,5.411739734896393,hard
132.095,413,0.661345,-20.31,-22.91,9.7498,-13.4573,-30.1637,16.7064,3.2155,-2438.7587,468.9326,2907.6912,-4396.5486,-2241.3793,-46379.315,3.3034,12.314,3.7276,0.0,33.502,class2_2026_04_27_16_05_41.csv,train,break,131.14,,positive
127.628,399,0.63898,-8.166,-11.0452,2.873,-16.0887,-15.698,-0.3907,8.6595,1114.3919,-2562.8502,-3677.2421,587.7743,9772.7273,-2724.1379,2.2317,4.3394,1.9444,2.871,8.798,class2_2026_04_27_15_32_19.csv,train,connector,127.95,,positive
99.869,312,0.500003,-28.417,-32.8649,15.7056,-34.4571,-31.8783,-2.5788,8.5385,-2632.7429,1838.3564,4471.0993,0.0,51691.1608,-33672.4169,15.611,14.6258,0.9369,0.0,35.066,class3_2026_05_14_13_11_09.csv,train,background,,9.150872199169324,hard
175.807,550,0.880192,-21.29,-46.7211,8.9913,-39.0749,-39.1898,0.1149,28.61,-3958.3631,1779.6126,5737.9757,0.0,44843.2618,-44843.2618,13.6222,13.4823,0.9897,0.638,28.61,class2_2026_04_27_15_25_04.csv,train,background,,-4.019430300173778,random
131.776,412,0.659748,-16.735,-16.4996,2.1572,-10.8654,-27.2273,16.3619,3.3865,-2081.1226,-4352.0699,-2270.9474,-2857.3668,-2491.9732,-3368.3386,3.1959,12.2258,3.8255,0.0,6.262,class1_2026_04_27_14_39_28.csv,train,break,132.09,,positive
135.285,423,0.677316,-22.361,-28.0936,11.715,-23.5598,-37.3806,13.8208,2.9065,-3791.4025,-1755.2788,2036.1237,6717.8699,43471.7884,-44885.5831,12.1201,14.0257,1.1572,0.0,30.69,class2_2026_04_27_15_51_31.csv,train,background,,5.412595976538337,hard
119.332,373,0.597446,-14.62,-22.6318,10.1646,-24.3856,-26.7308,2.3452,6.659,-656.2129,-4388.0004,-3731.7875,-1677.116,55271.163,-45374.6113,12.0287,14.5844,1.2125,1.276,35.28,class3_2026_05_14_13_18_55.csv,train,background,,5.183176758244409,hard
136.243,426,0.682112,-49.9,-34.1259,14.1763,-29.8986,-35.7536,5.855,3.737,-4732.1966,134.3119,4866.5085,39758.6238,46584.6411,-47716.3025,14.3482,14.1884,0.9889,0.0,30.443,class2_2026_04_27_15_15_03.csv,train,background,,3.842586165876386,hard
152.515,477,0.763579,-20.332,-37.2187,14.242,-38.9765,-36.2533,-2.7232,30.394,3478.6513,1593.6033,-1885.048,6112.8511,46344.8292,-46344.8292,13.7339,13.826,1.0067,1.276,30.394,class2_2026_04_27_16_02_21.csv,train,background,,3.7138546773643872,hard
145.815,456,0.730035,-21.034,-31.7171,13.0214,-37.5525,-37.7518,0.1993,29.424,1068.2935,-2282.4437,-3350.7372,6728.8386,45737.6874,-44283.7038,13.837,13.6814,0.9887,2.234,29.424,class1_2026_04_27_14_39_28.csv,train,background,,0.326322870510925,random
133.371,417,0.667733,-21.056,-26.2918,12.6948,-12.6225,-37.7987,25.1762,2.8115,-2617.4244,-3232.8451,-615.4206,-1166.1426,-1095.6113,-45210.0345,4.3106,13.6142,3.1583,0.0,32.551,class1_2026_04_27_14_47_01.csv,train,background,,7.2104683830689975,hard
176.445,552,0.883387,-49.9,-40.7398,12.9938,-33.2651,-37.504,4.2389,5.9275,3191.2517,2287.0275,-904.2243,-46945.1458,41264.8934,-46945.1458,13.3536,13.8757,1.0391,0.0,29.951,class2_2026_04_27_15_22_54.csv,train,background,,0.7785660607844831,random
134.647,421,0.674121,-22.208,-43.4254,12.1319,-29.3537,-42.4079,13.0542,30.579,-6569.6836,951.3245,7521.0081,0.0,43404.3918,-43404.3918,14.6885,12.1682,0.8284,0.638,30.579,class3_2026_05_14_13_15_32.csv,train,background,,5.463263901779797,hard
137.2,429,0.686903,-20.064,-26.6422,12.4434,-18.4917,-39.0926,20.6008,1.7555,-3791.2249,-4549.8859,-758.661,0.0,283.7022,-46525.0831,8.0899,13.6082,1.6821,0.0,31.373,class3_2026_05_14_13_43_17.csv,train,background,,3.473353947330488,random
166.873,522,0.835464,-49.9,-37.8636,13.5255,-35.0214,-39.5076,4.4862,22.033,1655.4559,-1289.6726,-2945.1285,-623.8229,45293.1066,-44669.2837,13.5278,12.0374,0.8898,0.0,28.897,class3_2026_05_14_13_21_55.csv,train,background,,0.3719518608479717,random
155.068,485,0.776361,-49.9,-28.6649,11.6656,-30.7216,-34.2422,3.5206,2.3035,635.2743,-1815.6801,-2450.9544,1757.0549,46131.7004,-14518.8072,13.6084,12.7725,0.9386,0.0,29.392,class1_2026_04_27_14_49_30.csv,train,background,,-1.6622107862192848,random
168.788,528,0.845051,-22.491,-31.1178,13.2901,-34.9349,-35.0647,0.1298,5.1095,1184.5263,629.3448,-555.1816,0.0,45793.1066,-42960.8197,13.4531,13.3367,0.9913,0.638,29.216,class2_2026_04_27_16_08_08.csv,train,background,,-1.5811023492580176,random
151.239,473,0.757191,-23.287,-28.687,11.6653,-39.3943,-33.6424,-5.7518,20.8325,5778.0153,371.224,-5406.7913,-48291.5392,12355.7994,-48291.5392,13.3593,13.1318,0.983,1.914,30.81,class2_2026_04_27_16_09_22.csv,train,background,,-2.447112559584991,random
134.966,422,0.675719,-22.196,-34.2437,14.0469,-18.3647,-39.1222,20.7576,2.6795,-4008.8338,-1210.0254,2798.8084,-40945.1442,40945.1442,-44417.8842,8.7027,13.527,1.5544,0.0,30.699,class1_2026_04_27_14_49_22.csv,train,background,,9.885394839667377,hard
160.811,503,0.805114,-49.9,-49.9,0.0,-40.8728,-40.3893,-0.4834,0.0,-2795.7008,3101.858,5897.5587,-0.0,0.0,-0.0,12.8086,13.461,1.0509,0.0,0.0,class1_2026_04_27_14_39_34.csv,train,background,,-45.75445669979341,random
135.604,424,0.678913,-20.896,-30.7821,13.5424,-19.7741,-39.432,19.6579,2.644,-4085.1794,-1213.4879,2871.6915,47115.4159,47115.4159,-45541.905,8.2617,13.2005,1.5978,0.958,30.019,class1_2026_04_27_14_38_31.csv,train,background,,8.890578442606952,hard
152.515,477,0.763579,-23.411,-31.325,13.2929,-39.1838,-37.3018,-1.882,31.421,7282.597,1594.8986,-5687.6984,-46398.1223,49249.2194,-46398.1223,13.5279,14.107,1.0428,1.914,31.421,class3_2026_05_14_13_47_50.csv,train,background,,4.220313017033782,hard
160.173,501,0.80192,-49.9,-39.9118,14.1289,-40.4251,-36.7532,-3.6719,30.517,1687.9357,-61.3254,-1749.2611,-2004.7053,47832.2931,-45827.5878,13.4694,13.2958,0.9871,0.0,30.517,class2_2026_04_27_16_08_20.csv,train,background,,3.9623026942215023,hard
39.884,124,0.199683,-49.9,-29.4091,14.5802,-13.6282,-40.9943,27.3661,3.653,-2259.2338,-2523.1288,-263.8951,-4407.5251,-2334.1686,-43929.4718,2.9528,12.6555,4.2859,0.0,33.269,class3_2026_05_14_13_11_48.csv,train,break,39.57,,positive
130.818,409,0.654951,-15.397,-15.342,2.1283,-12.3156,-25.2861,12.9704,4.344,155.7142,-4669.3463,-4825.0604,-2020.3762,-2020.3762,-3662.4404,3.1991,11.1974,3.5002,0.0,6.339,class2_2026_04_27_15_36_45.csv,train,break,131.14,,positive
150.282,470,0.752399,-20.773,-40.2022,13.7186,-42.3085,-34.088,-8.2205,29.763,1281.633,3158.2028,1876.5698,0.0,44289.9581,-45653.6066,12.2718,14.1836,1.1558,0.638,29.763,class1_2026_04_27_14_47_25.csv,train,background,,5.401179245612709,hard
21.378,66,0.107031,-17.427,-18.1956,2.5009,-15.6249,-16.9676,1.3426,-0.142,-231.0008,1269.9468,1500.9476,-9054.8605,-150.585,-9054.8605,0.6306,2.1541,3.416,0.0,6.608,class2_2026_04_27_16_03_03.csv,train,background,,-46.988192422921735,random
132.414,414,0.662942,-20.082,-27.764,12.3165,-15.5549,-30.7962,15.2413,3.0445,-4665.1973,-321.1552,4344.0421,-16184.9498,46736.6787,-40594.0486,8.9491,12.0846,1.3504,0.0,32.605,class2_2026_04_27_15_48_35.csv,train,background,,7.151638224878408,hard
193.675,606,0.96965,-20.793,-32.063,12.7107,-38.0607,-36.3672,-1.6934,29.107,-769.214,-4157.5602,-3388.3462,5913.7947,45622.2618,-45622.2618,13.2884,13.6026,1.0236,1.276,29.107,class1_2026_04_27_14_49_22.csv,train,background,,0.41584678834176114,random
96.359,301,0.482429,-16.334,-29.5312,14.6094,-32.6751,-33.4455,0.7704,9.5575,1350.6113,-588.7982,-1939.4095,-12891.8495,55211.6019,-44813.4828,15.6413,15.0203,0.9603,0.957,35.225,class3_2026_05_14_13_11_09.csv,train,background,,8.441574831287536,hard
127.628,399,0.63898,-8.653,-11.4623,2.7145,-14.6811,-17.6356,2.9545,6.1945,364.4902,-2795.4069,-3159.8972,590.9091,9479.6238,-2717.8683,1.6725,8.7857,5.2532,2.552,8.237,class2_2026_04_27_15_14_43.csv,train,connector,127.95,,positive
148.686,465,0.744409,-22.403,-37.522,13.8478,-41.1726,-34.0388,-7.1338,28.859,590.1405,3169.5403,2579.3998,44148.906,44148.906,-44217.9966,12.3733,14.2041,1.148,0.957,28.859,class2_2026_04_27_15_23_25.csv,train,background,,4.06631380940698,hard
173.255,542,0.867416,-19.641,-37.7449,13.6394,-40.9884,-36.2535,-4.7349,30.259,496.8786,-1995.9833,-2492.8619,42373.0455,47427.9013,-47427.9013,12.7983,13.695,1.0701,0.957,30.259,class3_2026_05_14_13_47_38.csv,train,background,,4.130789716453124,hard
151.558,474,0.758788,-23.148,-34.2416,14.0283,-42.0033,-31.0929,-10.9104,30.085,732.4255,-1593.9023,-2326.3277,43832.2931,47155.174,-41931.0361,12.7621,13.3419,1.0454,0.957,30.085,class3_2026_05_14_13_22_54.csv,train,background,,6.963533481824005,hard
134.328,420,0.672524,-20.67,-30.7711,13.5488,-16.7707,-34.7148,17.9441,0.5015,-4465.9843,-1753.851,2712.1333,1.5658,45815.0502,-45815.0502,9.0298,13.6953,1.5167,0.0,29.724,class1_2026_04_27_14_39_22.csv,train,background,,7.883185208630924,hard
133.371,417,0.667733,-21.144,-26.9306,12.3098,-16.2558,-33.0601,16.8043,1.826,-4671.418,-6040.2472,-1368.8291,44054.8636,44054.8636,-45819.7524,8.9828,13.4965,1.5025,0.0,30.987,class2_2026_04_27_16_10_58.csv,train,background,,7.18138579539837,hard
130.18,407,0.651757,-14.275,-14.3177,2.1598,-13.2916,-29.3201,16.0284,6.379,1361.515,-6152.9644,-7514.4794,-2329.1536,-2329.1536,-3528.2116,3.4636,13.4107,3.8719,0.0,6.438,class2_2026_04_27_15_21_13.csv,train,break,130.82,,positive
127.628,399,0.63898,-9.117,-12.0093,2.8896,-16.2682,-19.5423,3.2742,7.9645,873.2263,-4479.6417,-5352.868,594.0439,9841.6928,-2708.4639,2.1641,11.3222,5.2319,2.871,8.844,class2_2026_04_27_15_13_52.csv,train,connector,127.95,,positive
189.527,593,0.948883,-49.9,-33.6212,14.5621,-43.7846,-37.5749,-6.2097,29.655,3729.4317,-5588.6552,-9318.0869,45145.7712,45567.4028,-46553.9333,11.4884,13.8569,1.2062,0.0,29.655,class2_2026_04_27_16_03_33.csv,train,background,,4.867397078271834,hard
127.628,399,0.63898,-8.015,-10.93,2.6877,-14.4899,-17.4861,2.9962,6.8395,581.8816,-2774.8111,-3356.6927,611.2853,9299.373,-3318.1818,1.7613,9.0094,5.1152,2.552,8.295,class2_2026_04_27_15_22_37.csv,train,connector,127.63,,positive
136.243,426,0.682112,-49.9,-37.8686,13.5321,-24.7966,-38.0996,13.3029,3.784,-1011.6558,3338.7977,4350.4536,-44575.2382,44659.2888,-44575.2382,11.4598,13.2253,1.1541,0.0,29.898,class2_2026_04_27_15_34_05.csv,train,background,,5.391520018474722,hard
133.052,416,0.666136,-21.795,-30.2569,13.9333,-14.4114,-38.8523,24.4409,0.5465,-2414.2042,2803.4359,5217.64,-47485.8966,-473.3542,-47485.8966,3.9341,13.8733,3.5264,0.0,30.665,class2_2026_04_27_15_34_30.csv,train,background,,6.0653665286921985,hard
135.604,424,0.678913,-49.9,-37.3984,14.0274,-23.8171,-36.0881,12.2709,2.9255,-5385.9645,-1429.0143,3956.9502,4328.5673,42277.4326,-46891.8527,11.9938,13.851,1.1548,0.0,29.917,class2_2026_04_27_16_08_56.csv,train,background,,5.446190171630413,hard
132.414,414,0.662942,-21.912,-23.5941,9.6231,-13.2074,-37.2946,24.0872,3.875,-2738.9174,-3713.8128,-974.8955,1799.373,1799.373,-43868.3401,3.7046,14.1269,3.8133,0.0,33.612,class2_2026_04_27_15_21_31.csv,train,break,131.46,,positive
134.009,419,0.670927,-21.889,-28.9434,11.2617,-18.8953,-38.1823,19.287,0.7145,-3519.8793,-1041.7826,2478.0967,-38473.3574,43849.5329,-38473.3574,8.5912,13.1888,1.5352,0.638,28.011,class2_2026_04_27_15_46_14.csv,train,background,,4.437568555540518,hard
163.364,511,0.817896,-21.667,-32.044,12.8254,-39.3764,-39.6181,0.2416,29.41,2913.2781,-413.9848,-3327.2629,4604.2653,46097.1818,-45836.9937,13.2943,12.9671,0.9754,1.277,29.41,class1_2026_04_27_14_47_43.csv,train,background,,-0.3917838132663285,random
156.025,488,0.781152,-49.9,-34.2174,14.0288,-26.8757,-39.2653,12.3896,1.938,-2187.1392,-4957.4784,-2770.3392,43363.6411,44816.6191,-4399.6897,10.5152,13.3448,1.2691,0.0,28.593,class2_2026_04_27_15_32_53.csv,train,background,,4.1263845896925275,hard
164.64,515,0.824284,-19.85,-37.2031,14.2144,-41.0753,-36.1628,-4.9125,30.05,-1258.0144,-55.1899,1202.8245,-0.0,45817.6732,-47100.3166,12.5598,13.7852,1.0976,0.638,30.05,class2_2026_04_27_15_42_44.csv,train,background,,4.318732214741991,hard
16.911,52,0.084666,-16.511,-16.5167,0.2399,-15.3378,-17.2266,1.8888,0.043,-627.1358,-449.3065,177.8292,855.7978,855.7978,-808.779,0.9463,1.4879,1.5724,0.0,0.793,class2_2026_04_27_16_01_09.csv,train,bend,13.08,,positive
136.881,428,0.685306,-49.9,-33.7781,14.4722,-24.2625,-37.4089,13.1464,2.8885,-1104.6983,-5878.3103,-4773.612,6.268,47059.5658,-175.5486,9.2836,14.0979,1.5186,0.0,30.633,class2_2026_04_27_15_17_19.csv,train,background,,7.778031806941547,hard
136.243,426,0.682112,-23.024,-34.7129,13.5997,-24.2702,-38.7842,14.5141,1.842,-5917.4773,-3211.6135,2705.8638,45319.7524,45319.7524,-45319.7524,11.9611,13.9557,1.1668,0.0,28.914,class1_2026_04_27_14_37_06.csv,train,background,,5.725619571857186,hard
173.255,542,0.867416,-20.502,-40.3812,13.4912,-39.7727,-37.6121,-2.1607,29.886,-2658.3777,-234.4414,2423.9363,46843.2633,46843.2633,-46843.2633,12.8081,13.8623,1.0823,0.957,29.886,class3_2026_05_14_13_21_46.csv,train,background,,2.4370392305481507,random
126.671,396,0.634189,-49.9,-31.7359,13.0389,-40.844,-33.3843,-7.4597,30.888,856.4333,-4658.0804,-5514.5137,36387.5782,36387.5782,1321.3135,12.8395,13.3132,1.0369,0.0,30.888,class3_2026_05_22_11_05_50.csv,train,background,,3.744263857394673,hard
149.963,469,0.750941,-49.9,-37.738,13.6726,-40.3287,-33.5492,-6.7795,29.695,2171.9737,-201.1048,-2373.0785,-3335.4232,46325.8296,-5763.3229,13.5531,13.1632,0.9712,0.0,29.695,class3_2026_05_14_12_54_33.csv,train,background,,3.9868162546446904,hard
168.15,526,0.841857,-49.9,-37.9314,13.3985,-39.3439,-33.4462,-5.8977,17.0995,-518.5849,-401.9928,116.5921,41290.2244,43279.0,-44175.5517,13.2603,13.232,0.9979,0.0,28.184,class1_2026_04_27_14_39_22.csv,train,background,,0.7333448486884756,random
185.06,579,0.926518,-49.9,-37.6531,13.762,-31.7854,-43.6573,11.8719,30.014,-1429.8419,270.5953,1700.4372,-41785.2712,41785.2712,-41785.2712,12.9169,11.686,0.9047,0.0,30.014,class2_2026_04_27_15_26_18.csv,train,background,,4.965406909890506,hard
137.838,431,0.690097,-20.516,-34.8059,13.5906,-19.6359,-41.2196,21.5836,1.934,-3636.4915,-773.2137,2863.2778,-4233.5423,46056.4279,-46056.4279,8.0036,12.3953,1.5487,0.638,29.384,class3_2026_05_14_14_36_02.csv,train,background,,8.393038968796668,hard
134.009,419,0.670927,-49.9,-37.6912,13.7156,-18.7646,-36.2177,17.4532,2.3135,-3870.2907,1121.8221,4992.1128,-42824.4561,42824.4561,-43086.2116,8.5877,13.754,1.6016,0.0,30.378,class2_2026_04_27_15_30_46.csv,train,background,,8.132728036465572,hard
131.138,410,0.656553,-17.211,-17.0677,2.0068,-13.2694,-26.2109,12.9415,4.2545,-638.6875,-5685.1438,-5046.4563,-3137.155,-2192.79,-3137.155,3.1417,10.8576,3.4559,0.0,6.181,class2_2026_04_27_15_20_26.csv,train,break,131.78,,positive
186.656,584,0.934509,-20.498,-31.0352,13.4202,-39.4206,-34.6768,-4.7438,30.917,-685.3337,-2103.3096,-1417.9759,5446.7053,44742.9498,-46084.6442,13.1591,13.6993,1.0411,1.596,30.917,class2_2026_04_27_15_43_31.csv,train,background,,4.243817971632813,hard
160.173,501,0.80192,-22.698,-28.1213,11.7816,-32.8037,-33.7814,0.9777,5.853,-2626.0496,-2927.8701,-301.8205,695.9263,45631.663,-5474.9216,13.713,13.1049,0.9557,0.0,30.31,class3_2026_05_14_13_10_35.csv,train,background,,-1.5173061660544267,random
188.251,589,0.942494,-22.36,-34.188,14.0955,-38.8456,-34.7776,-4.0679,30.578,743.5357,1804.1705,1060.6348,-1985.8934,43166.1458,-45942.0078,13.8998,13.5785,0.9769,1.276,30.578,class1_2026_04_27_14_37_11.csv,train,background,,3.782946716709374,hard
133.69,418,0.66933,-49.9,-34.4007,13.9431,-20.6539,-33.5806,12.9267,1.5505,-7130.8134,-4778.071,2352.7424,38492.1677,38492.1677,-42636.3668,13.4861,13.1838,0.9776,0.0,29.962,class2_2026_04_27_15_39_04.csv,train,background,,4.544005879331744,hard
137.838,431,0.690097,-49.9,-44.8138,9.598,-33.7508,-38.4883,4.7374,5.9755,-5348.662,2133.4365,7482.0985,-8351.0987,40050.1599,-31699.0611,13.0647,12.8888,0.9865,0.0,25.552,class2_2026_04_27_16_04_37.csv,train,background,,-6.781910608132684,random
133.69,418,0.66933,-49.9,-30.6813,13.6338,-19.9943,-34.3604,14.3661,0.895,-5266.8538,-1191.8636,4074.9902,40584.6426,46742.9514,-40584.6426,11.1624,13.9312,1.2481,0.0,29.822,class2_2026_04_27_15_12_38.csv,train,background,,6.639759991334765,hard
159.216,498,0.797128,-21.69,-40.276,13.6241,-32.9015,-39.6546,6.7531,18.8655,-2058.1837,2848.8395,4907.0232,0.0,47594.047,-44216.3025,13.6424,12.8903,0.9449,0.638,30.365,class2_2026_04_27_15_15_03.csv,train,background,,3.7858708583781095,hard
135.604,424,0.678913,-20.886,-37.3828,14.0108,-23.8966,-36.1784,12.2818,1.7,-5347.9467,584.2392,5932.1859,3507.2774,45476.4922,-45942.0078,11.8992,13.7712,1.1573,0.958,29.311,class2_2026_04_27_15_35_32.csv,train,background,,5.1734401461166115,hard
134.647,421,0.674121,-19.596,-31.0824,13.4189,-20.9301,-39.5554,18.6253,3.058,-6070.5154,-1834.505,4236.0104,47189.6599,47498.4342,-47498.4342,10.833,13.08,1.2074,0.957,30.304,class2_2026_04_27_15_32_19.csv,train,background,,8.525278872940644,hard
177.403,555,0.888183,-24.646,-37.7961,13.5734,-42.5282,-36.3936,-6.1346,29.446,-409.0013,314.1971,723.1984,-247.3942,-0.0,-39583.0752,11.9566,13.5601,1.1341,0.639,29.446,class2_2026_04_27_16_05_01.csv,train,background,,-2.806484226864172,random
102.421,320,0.512779,-49.9,-36.4291,15.0686,-15.1691,-37.5404,22.3713,1.8625,-2165.5844,-16.7507,2148.8336,-45854.2351,1603.4483,-45854.2351,3.6888,13.8601,3.7574,0.0,31.278,class3_2026_05_14_13_19_26.csv,train,break,100.19,,positive
184.741,578,0.924921,-19.603,-40.3579,13.5435,-32.8596,-37.5012,4.6416,6.1605,115.1274,-639.3637,-754.4911,-6159.8746,47487.4624,-47487.4624,13.6678,13.9562,1.0211,0.957,30.297,class2_2026_04_27_15_26_06.csv,train,background,,2.6919427860489833,random
136.243,426,0.682112,-20.32,-26.3082,12.6282,-15.0748,-38.7343,23.6595,1.588,-1855.2111,-3792.4942,-1937.2832,-2692.7915,685.0126,-46363.6395,3.4215,14.0522,4.107,0.0,31.373,class3_2026_05_14_13_43_17.csv,train,break,134.65,,positive
146.134,457,0.731632,-49.9,-37.2848,14.1352,-36.0402,-43.6662,7.626,30.155,-561.8784,-926.7385,-364.8601,45873.0455,47069.3055,-45873.0455,13.8952,11.6711,0.8399,0.0,30.155,class3_2026_05_14_13_11_09.csv,train,background,,4.037736383046633,hard
133.69,418,0.66933,-20.876,-30.7454,13.572,-17.1794,-35.9274,18.748,2.1145,-4545.5699,-687.32,3858.2499,-2371.4749,45492.1677,-45492.1677,9.0066,14.0106,1.5556,0.0,30.566,class2_2026_04_27_16_02_06.csv,train,background,,9.41506251009546,hard
134.966,422,0.675719,-49.9,-32.1804,12.6125,-18.6321,-39.1251,20.493,1.2095,-4815.5341,-3278.6129,1536.9212,43230.4107,43230.4107,-43040.0995,8.778,13.5324,1.5416,0.0,28.582,class1_2026_04_27_14_37_06.csv,train,background,,6.8776944198754215,hard
138.476,433,0.693292,-49.9,-31.5783,13.1093,-23.3856,-38.3359,14.9503,4.8605,-2090.1069,585.2331,2675.34,-44556.4295,46695.9279,-44556.4295,9.8021,13.0375,1.3301,0.0,30.509,class3_2026_05_14_13_39_43.csv,train,background,,6.629262144794144,hard
178.679,559,0.894571,-26.37,-31.9184,12.8644,-36.8994,-38.1696,1.2701,29.627,3640.8436,-4615.1375,-8255.9811,-1540.7524,36880.8793,-44896.5533,13.1093,13.216,1.0081,1.595,29.627,class3_2026_05_14_13_10_25.csv,train,background,,-0.7139661581767638,random
126.671,396,0.634189,-23.218,-31.1696,13.3304,-28.1701,-35.9902,7.8201,5.161,-2705.4602,-1210.4943,1494.9659,3223.1817,41909.0249,-48578.373,11.6991,13.9739,1.1944,0.0,30.993,class3_2026_05_14_13_18_31.csv,train,background,,3.9034879958157296,hard
127.628,399,0.63898,-7.937,-10.8406,2.8768,-16.0219,-17.2972,1.2753,8.7715,1185.8962,-2893.5019,-4079.3981,598.7461,9970.2194,-2683.3856,2.279,9.0885,3.988,2.871,8.734,class2_2026_04_27_15_21_31.csv,train,connector,127.63,,positive
151.877,475,0.760385,-49.9,-37.1333,14.2882,-41.2545,-29.9206,-11.3339,9.134,1408.4989,1633.5755,225.0767,-0.0,44362.0721,-3923.1991,12.3126,12.5805,1.0218,0.0,30.347,class2_2026_04_27_15_47_51.csv,train,background,,5.18953289631597,hard
185.379,580,0.928115,-23.727,-30.9393,13.4648,-42.0645,-35.2614,-6.8031,30.387,3409.1786,-793.7938,-4202.9724,41920.0643,45409.0925,-47628.5298,12.6547,13.2977,1.0508,1.596,30.387,class2_2026_04_27_15_34_30.csv,train,background,,4.510835240953876,hard
135.924,425,0.680515,-21.754,-31.2281,13.2412,-24.7732,-42.6242,17.851,5.341,-1454.3887,-863.3542,591.0346,-44553.2026,46294.674,-44553.2026,11.5085,11.8217,1.0272,1.596,29.536,class2_2026_04_27_16_05_17.csv,train,background,,6.178403214877859,hard
127.628,399,0.63898,-5.91,-8.801,2.8957,-13.933,-13.4468,-0.4862,8.8685,1147.5282,-2616.7712,-3764.2995,594.0439,9680.2508,-2750.7837,2.2597,4.3833,1.9398,2.871,8.936,class1_2026_04_27_14_45_19.csv,train,connector,127.63,,positive
131.138,410,0.656553,-17.323,-17.4428,2.4876,-13.2072,-30.9557,17.7486,4.343,-603.5309,-2489.8815,-1886.3506,-3620.666,-1963.9498,-3926.3307,3.1465,13.492,4.2879,0.0,7.737,class2_2026_04_27_15_44_16.csv,train,break,131.46,,positive
138.476,433,0.693292,-26.317,-44.0497,11.0211,-43.3791,-39.831,-3.5481,29.07,-228.5806,-1781.428,-1552.8475,45564.2665,45564.2665,-45564.2665,10.8775,12.8055,1.1772,0.957,29.07,class3_2026_05_14_12_55_08.csv,train,background,,-0.7470110959198539,random
134.647,421,0.674121,-49.9,-31.2941,13.2753,-20.6252,-34.4712,13.8459,0.8025,-3015.5979,-736.4699,2279.1279,-46819.7539,46614.4232,-46819.7539,10.8366,13.8822,1.281,0.0,29.871,class2_2026_04_27_15_25_30.csv,train,background,,6.078137454625064,hard
134.647,421,0.674121,-49.9,-40.2512,13.6581,-22.2889,-39.454,17.1651,2.505,-4050.2821,1517.7994,5568.0815,-45415.3652,45415.3652,-45415.3652,12.7317,13.1794,1.0352,0.0,30.181,class2_2026_04_27_15_59_08.csv,train,background,,7.639109525513384,hard
192.08,601,0.961665,-49.9,-37.1431,14.2861,-30.3391,-41.8784,11.5394,19.664,-810.4327,-623.2081,187.2246,-0.0,47659.8709,-44772.732,12.3164,12.9382,1.0505,0.0,30.381,class3_2026_05_14_13_22_54.csv,train,background,,6.786989631569034,hard
145.177,454,0.726841,-20.676,-37.3697,14.0241,-38.2156,-34.7776,-3.438,18.0395,1617.4656,1970.569,353.1035,989.2177,44081.5094,-45805.6442,13.1533,13.5823,1.0326,1.596,29.224,class2_2026_04_27_15_49_56.csv,train,background,,1.4629824350322,random
132.733,415,0.664539,-23.558,-29.6086,15.278,-27.3264,-35.0624,7.736,13.505,-903.0134,2738.0422,3641.0556,0.0,63020.3793,-45087.7759,17.2772,15.0257,0.8697,0.0,40.207,class3_2026_05_14_13_11_09.csv,train,background,,18.394239381121714,hard
135.924,425,0.680515,-19.99,-31.0866,13.5532,-15.6102,-37.8051,22.1949,1.2615,-2532.8594,-1263.3548,1269.5046,-7242.717,11808.9948,-46880.8809,4.4968,13.6872,3.0438,0.0,31.153,class3_2026_05_14_13_22_54.csv,train,background,,6.585683614774759,hard
194.632,609,0.974441,-21.265,-40.7067,13.0191,-40.9233,-39.1033,-1.82,28.635,-1556.4195,1122.7074,2679.1269,0.0,44882.4498,-44882.4498,12.7667,13.9702,1.0943,0.638,28.635,class2_2026_04_27_15_34_30.csv,train,background,,0.46821584835874325,random
186.017,582,0.93131,-49.9,-38.1178,13.3097,-40.6517,-36.7813,-3.8703,29.19,3955.4973,994.5366,-2960.9607,-45823.9557,5416.9295,-45823.9557,13.111,12.0023,0.9154,0.0,29.19,class2_2026_04_27_15_45_25.csv,train,background,,-4.978739520651245,random
171.021,535,0.856231,-19.869,-36.8682,14.577,-37.36,-40.5068,3.1468,30.031,1313.302,-2022.5658,-3335.8678,1708.4639,47070.5376,-47070.5376,14.0526,13.2963,0.9462,1.276,30.031,class2_2026_04_27_15_24_02.csv,train,background,,3.4687496481256077,random
153.791,481,0.769968,-49.9,-37.0572,14.3962,-34.9234,-39.2321,4.3086,30.25,1594.0898,2503.8179,909.7281,-47172.4562,47413.7962,-47172.4562,13.5622,13.4423,0.9912,0.0,30.25,class1_2026_04_27_14_45_40.csv,train,background,,4.290600281814345,hard
191.761,600,0.960067,-22.401,-34.2109,14.0695,-37.9571,-39.5847,1.6276,30.113,2155.4127,-923.049,-3078.4616,2398.116,44871.0562,-43101.8856,13.3967,13.033,0.9729,1.276,30.113,class2_2026_04_27_16_00_17.csv,train,background,,1.8627137038777417,random
133.69,418,0.66933,-25.559,-30.5582,13.8384,-13.4799,-34.7579,21.2781,3.2,-2641.757,944.2433,3586.0003,-47905.9592,-227.2727,-47905.9592,4.402,13.5676,3.0821,0.0,32.187,class1_2026_04_27_14_47_57.csv,train,background,,5.721924839564904,hard
135.604,424,0.678913,-22.688,-34.1621,14.1051,-28.3352,-35.6277,7.2925,3.22,-6570.7889,-4110.9139,2459.875,42442.6592,44211.6003,-47576.8056,14.1601,14.3042,1.0102,0.0,30.354,class2_2026_04_27_15_21_13.csv,train,background,,4.1453839948019935,hard
132.095,413,0.661345,-22.326,-32.9388,15.2296,-13.9791,-42.0445,28.0654,3.023,-2598.0066,1047.6933,3645.6999,-46658.3103,-2932.6019,-46658.3103,3.461,12.6754,3.6623,0.0,32.881,class3_2026_04_27_16_17_30.csv,train,break,130.82,,positive
41.16,128,0.206071,-16.455,-16.5084,0.194,-16.5047,-16.4486,-0.0561,0.177,21.9139,0.9883,-20.9256,200.6285,371.4734,-261.7555,0.2797,0.1868,0.6677,0.0,0.6,class2_2026_04_27_16_00_02.csv,train,background,,-56.71104836255679,random
141.667,443,0.709268,-21.188,-34.6036,13.7431,-32.1412,-41.2742,9.133,19.6425,273.1934,-3553.3946,-3826.5879,4227.2696,45003.1379,-46899.6881,12.6925,12.2958,0.9687,1.276,29.922,class2_2026_04_27_15_15_26.csv,train,background,,3.8128173826498637,hard
124.756,390,0.624601,-49.9,-33.5729,14.6134,-32.1189,-37.1998,5.0808,3.701,1827.1134,-2080.2304,-3907.3437,-46656.7445,47540.7555,-46656.7445,14.2098,14.2148,1.0004,0.0,30.331,class3_2026_05_14_12_56_02.csv,train,background,,3.8582129754703893,hard
111.674,349,0.559105,-49.9,-43.4343,12.1013,-39.0554,-35.8331,-3.2223,29.847,769.5576,4242.2836,3472.7261,0.0,44426.3354,0.0,13.6147,14.1017,1.0358,0.0,29.847,class3_2026_05_14_12_59_21.csv,train,background,,1.6881050457838975,random
132.414,414,0.662942,-18.987,-29.2098,14.666,-14.9764,-35.9848,21.0083,3.5055,-5012.3122,-1995.5527,3016.7594,-0.0,-0.0,-45573.6724,9.0582,13.9929,1.5448,0.0,33.134,class2_2026_04_27_15_59_08.csv,train,background,,7.483068429847534,hard
188.889,591,0.945689,-49.9,-40.2038,13.7177,-33.9636,-33.6289,-0.3347,4.723,-663.1552,182.2034,845.3586,2217.8699,2217.8699,-46369.9091,14.2994,13.1656,0.9207,0.0,29.584,class3_2026_05_14_13_41_43.csv,train,background,,-7.080922686713919,random
58.709,183,0.293932,-49.9,-37.032,14.428,-46.6197,-36.4933,-10.1263,30.4,3986.0566,-3462.3278,-7448.3844,-59.5611,44689.3321,-47589.3448,9.2828,13.4872,1.4529,0.0,30.4,class3_2026_05_14_12_58_49.csv,train,background,,6.988265048338954,hard
135.924,425,0.680515,-49.9,-33.7257,14.4848,-19.5937,-39.7448,20.1511,2.261,-3529.8256,-751.58,2778.2457,0.0,1688.0878,-46026.6489,7.8611,12.7835,1.6262,0.0,30.279,class1_2026_04_27_14_38_15.csv,train,background,,3.3677729836137393,random
99.231,310,0.496808,-17.239,-17.2098,0.3337,-17.125,-17.3221,0.1971,0.5355,-55.7108,44.4239,100.1347,-764.8887,985.8918,-764.8887,0.3395,0.3543,1.0435,0.0,1.227,class2_2026_04_27_16_05_53.csv,train,background,,-55.69277769902217,random
127.628,399,0.63898,-8.42,-11.2926,2.8395,-16.3529,-15.6494,-0.7036,8.739,1098.1556,-2554.8968,-3653.0524,605.0157,9521.9436,-2764.8903,2.2272,3.9055,1.7535,2.871,8.763,class2_2026_04_27_15_42_44.csv,train,connector,127.63,,positive
181.231,567,0.907348,-49.9,-34.522,13.8209,-39.2527,-36.1707,-3.0821,29.794,3531.1294,475.1237,-3056.0057,-45667.7147,44543.8887,-45667.7147,13.3654,13.8216,1.0341,0.0,29.794,class3_2026_04_27_16_18_40.csv,train,background,,2.703166588829162,random
176.126,551,0.88179,-29.723,-32.5389,12.4949,-32.8598,-37.4336,4.5738,3.1615,3285.6555,3974.403,688.7476,-42713.1693,43379.3119,-42713.1693,13.6366,13.9496,1.023,0.0,28.74,class3_2026_05_22_11_05_50.csv,train,background,,-0.39955794869105277,random
109.122,341,0.546328,-20.944,-27.5341,11.9998,-23.5269,-34.1023,10.5754,1.5975,-2954.9242,-1448.1344,1506.7898,1393.4169,44503.1379,-46888.7163,9.4495,14.2464,1.5076,0.0,30.099,class3_2026_05_14_12_56_02.csv,train,background,,3.7400681660371333,hard
148.686,465,0.744409,-20.523,-40.3469,13.5279,-39.2887,-34.6135,-4.6752,22.918,-2518.1404,-1581.9564,936.184,-0.0,46045.4561,-46045.4561,13.3374,12.863,0.9644,0.638,29.634,class2_2026_04_27_15_57_48.csv,train,background,,2.0324803374242135,random
134.647,421,0.674121,-22.089,-27.6683,11.9253,-17.679,-35.8477,18.1687,1.012,-3828.058,-1079.3693,2748.6888,775.8636,42905.9608,-47145.7727,8.8635,14.0906,1.5897,0.0,30.079,class1_2026_04_27_14_39_17.csv,train,background,,7.005499670951722,hard
164.321,514,0.822687,-49.9,-37.7051,13.6419,-34.9907,-39.3918,4.4011,28.449,-632.6867,254.0254,886.7121,-42401.2571,42401.2571,-43297.8103,13.438,13.2429,0.9855,0.0,28.449,class2_2026_04_27_15_35_08.csv,train,background,,1.0693800292657052,random
160.173,501,0.80192,-49.9,-38.2561,13.1749,-35.3597,-36.5958,1.2361,13.961,4640.0041,5429.6629,789.6588,6398.116,6811.9138,-48134.7978,13.1297,13.8784,1.057,0.0,30.71,class2_2026_04_27_15_53_29.csv,train,background,,-4.149343532464752,random
139.752,437,0.69968,-21.457,-40.117,13.8402,-32.4589,-42.0493,9.5904,29.876,-5936.6225,30.4631,5967.0855,46827.5893,46827.5893,-46608.1995,13.9228,12.6863,0.9112,0.958,29.876,class2_2026_04_27_15_19_23.csv,train,background,,5.3410739879159985,hard
136.562,427,0.683709,-49.9,-37.1088,14.3114,-25.8249,-34.5834,8.7586,2.402,-6028.803,433.3416,6462.1446,44887.152,44887.152,-44887.152,13.1912,13.7299,1.0408,0.0,29.979,class1_2026_04_27_14_48_38.csv,train,background,,4.224940077770569,hard
156.982,491,0.785944,-21.186,-33.9224,14.32,-26.9152,-42.6081,15.6929,7.4035,631.0569,-812.2884,-1443.3453,2921.6301,45006.2712,-46125.395,12.423,11.8269,0.952,1.276,30.703,class3_2026_05_14_13_12_07.csv,train,background,,7.015365143667562,hard
127.628,399,0.63898,-9.003,-11.8481,2.7953,-17.1494,-18.0321,0.8827,8.7075,1310.3765,-2688.4938,-3998.8703,605.0157,9235.1097,-2661.442,2.3803,8.7911,3.6932,2.871,8.7,class2_2026_04_27_15_30_46.csv,train,connector,127.63,,positive
131.138,410,0.656553,-49.9,-33.7606,14.4793,-18.6571,-37.8872,19.2301,2.759,-4036.116,-470.8817,3565.2344,-0.0,-0.0,-1826.0172,7.95,13.505,1.6987,0.0,31.354,class3_2026_05_14_13_15_01.csv,train,background,,4.331519211268345,hard
192.08,601,0.961665,-21.438,-31.5161,13.156,-36.4714,-35.0471,-1.4244,10.5535,3164.4588,321.8576,-2842.6012,2128.5298,44611.2884,-44611.2884,13.5506,13.525,0.9981,1.276,30.579,class1_2026_04_27_14_48_51.csv,train,background,,0.5738511363238281,random
134.647,421,0.674121,-22.084,-43.5366,11.9112,-24.2544,-38.7582,14.5037,1.4185,-7505.0388,4803.9638,12309.0026,0.0,43598.7492,-43598.7492,14.0343,13.98,0.9961,0.0,29.455,class2_2026_04_27_15_14_19.csv,train,background,,4.636550508484943,hard
134.009,419,0.670927,-49.9,-30.9946,13.4024,-17.8676,-30.1802,12.3126,1.887,-4785.4609,-177.568,4607.893,41884.0172,41884.0172,-46111.2868,8.8492,12.3534,1.396,0.0,30.207,class2_2026_04_27_15_53_18.csv,train,background,,3.817358525425886,hard
150.601,471,0.753997,-18.503,-37.1342,14.318,-38.9331,-36.7796,-2.1535,31.397,-6086.801,-464.0677,5622.7333,42340.1301,49211.6019,-49211.6019,13.7555,13.2953,0.9665,0.957,31.397,class2_2026_04_27_15_19_40.csv,train,background,,4.43321480511403,hard
155.387,486,0.777958,-49.9,-40.8804,12.8303,-29.2908,-41.8597,12.5689,18.0065,-2907.7757,2130.9528,5038.7285,0.0,41623.8276,-47352.6693,12.8803,12.9797,1.0077,0.0,30.211,class3_2026_04_27_16_18_51.csv,train,background,,5.062532498032922,hard
94.445,295,0.472847,-16.839,-16.6093,0.0968,-16.5423,-16.5847,0.0423,0.0765,-65.8293,-18.0466,47.7826,150.7048,280.5658,-366.7696,0.2674,0.1575,0.5892,0.0,0.344,class2_2026_04_27_16_00_02.csv,train,background,,-57.07771415858394,random
164.321,514,0.822687,-19.321,-40.1131,13.8537,-42.3324,-34.3377,-7.9947,30.579,1928.6842,4699.3958,2770.7116,0.0,47929.4718,-47929.4718,12.2192,13.9413,1.1409,0.638,30.579,class1_2026_04_27_14_37_00.csv,train,background,,6.509287345198204,hard
146.453,458,0.733229,-20.388,-34.4794,13.8744,-42.4544,-36.3252,-6.1292,29.674,1602.4119,1067.6319,-534.78,43487.4624,46510.9749,-43554.8621,12.0502,13.6219,1.1304,1.276,29.674,class2_2026_04_27_15_22_37.csv,train,background,,4.229644432694813,hard
153.153,479,0.766773,-20.446,-35.3384,13.2214,-33.3994,-40.4483,7.0489,29.454,-233.137,53.9883,287.1253,10626.9608,46166.1489,-46166.1489,13.299,13.3887,1.0068,1.276,29.454,class2_2026_04_27_15_44_43.csv,train,background,,3.6951744698029296,hard
131.457,411,0.658272,-17.112,-17.4326,2.4401,-12.3873,-30.489,18.1017,3.777,-1402.2595,-3095.6095,-1693.35,-3592.4765,-2337.371,-6144.2006,3.0805,13.7574,4.466,0.0,7.329,class2_2026_04_27_15_25_18.csv,train,break,132.09,,positive
136.243,426,0.682112,-25.504,-34.4572,13.898,-40.7362,-37.2832,-3.453,30.564,5279.6235,-2033.3753,-7312.9988,2976.4906,43344.8307,-47905.9592,12.9822,14.1653,1.0911,1.596,30.564,class3_2026_05_14_12_57_24.csv,train,background,,3.8438440740993074,hard
181.231,567,0.907348,-20.202,-30.2657,13.9105,-38.9547,-35.3396,-3.6151,30.951,3629.8346,-3561.2101,-7191.0447,-2435.7382,47777.4342,-45411.8695,13.7847,14.5722,1.0571,1.596,30.951,class2_2026_04_27_15_51_19.csv,train,background,,5.293387445292411,hard
96.997,303,0.485624,-4.331,-7.2164,3.1191,-13.6125,-11.3058,-2.3067,10.4365,1663.2999,-2313.0676,-3976.3675,-529.7806,13181.8182,-2647.3354,3.0956,3.4938,1.1286,3.191,10.398,class3_2026_05_22_11_09_21.csv,train,connector,97.0,,positive
78.491,245,0.392972,-17.147,-33.483,14.9819,-31.5092,-31.8096,0.3004,10.049,811.434,3182.5822,2371.1481,-11268.0251,51336.9953,-51336.9953,15.0466,14.7169,0.9781,0.957,35.312,class3_2026_05_14_13_11_09.csv,train,background,,7.812211472242826,hard
194.951,610,0.976038,-49.9,-40.2656,13.6259,-30.9563,-42.7995,11.8433,29.253,2510.2956,4426.0111,1915.7155,-45079.9404,45079.9404,-45079.9404,13.4263,11.8078,0.8795,0.0,29.253,class2_2026_04_27_15_42_56.csv,train,background,,4.6533158016109315,hard
190.165,595,0.952077,-19.043,-40.4294,13.4362,-31.4713,-42.0612,10.5899,30.857,-5431.2002,876.2805,6307.4806,43915.3636,48365.2085,-48365.2085,13.0616,12.6604,0.9693,0.957,30.857,class3_2026_05_14_13_47_50.csv,train,background,,6.682811430816158,hard
145.496,455,0.728438,-21.182,-37.2717,14.1404,-39.7119,-33.1079,-6.604,20.123,1018.6035,1727.6594,709.0559,0.0,43929.4718,-45012.5439,12.9249,13.493,1.044,0.638,30.072,class2_2026_04_27_16_00_33.csv,train,background,,3.941687193301787,hard
41.479,129,0.207668,-20.321,-26.2312,8.8867,-16.4052,-41.8439,25.4388,2.989,-2595.6423,-3999.5298,-1403.8875,-15313.4796,4954.547,-46362.0737,4.4904,11.4914,2.5591,0.957,29.579,class3_2026_05_14_13_15_21.csv,train,break,37.65,,positive
131.457,411,0.65815,-16.125,-16.2693,2.2317,-11.3841,-27.08,15.6959,3.68,-1367.1139,-5222.3175,-3855.2037,-4014.1082,-1944.4136,-4211.5987,3.0553,12.3519,4.0428,0.0,6.379,class3_2026_04_27_16_18_51.csv,train,break,131.78,,positive
93.487,292,0.46805,-20.826,-32.9028,12.5978,-31.8283,-25.3799,-6.4484,1.77,415.3932,2209.1493,1793.7561,-8669.279,45570.5361,-42825.4938,13.1249,8.992,0.6851,0.957,29.2,class3_2026_05_14_13_09_36.csv,train,background,,-3.0542992125041377,random
182.508,571,0.913742,-26.427,-32.5326,12.3339,-40.9605,-35.3196,-5.6409,27.524,-712.1935,-2006.2315,-1294.038,-0.0,-0.0,-2777.4326,12.6504,13.1373,1.0385,0.638,27.524,class2_2026_04_27_15_20_40.csv,train,background,,-6.312974378139882,random
132.733,415,0.664539,-18.416,-26.473,12.6309,-14.6797,-32.6546,17.9748,3.146,-5075.1286,-3592.0822,1483.0464,42338.5611,42338.5611,-43775.8636,9.2667,13.7726,1.4863,0.638,32.64,class2_2026_04_27_15_23_37.csv,train,background,,9.635420728299033,hard
146.772,459,0.734826,-49.9,-40.2837,13.6007,-32.6252,-40.6274,8.0022,29.281,3806.191,2810.4583,-995.7327,-45894.989,44797.8088,-45894.989,13.8109,13.1233,0.9502,0.0,29.281,class2_2026_04_27_16_02_34.csv,train,background,,3.871180386496374,hard
21.697,67,0.108628,-18.492,-18.5827,2.7773,-15.5651,-17.0873,1.5222,-0.3355,-663.4966,1137.3507,1800.8473,-4217.8683,-335.215,-11103.4467,1.0126,2.3482,2.319,0.0,9.113,class2_2026_04_27_16_02_34.csv,train,bend,17.87,,positive
193.037,604,0.966456,-49.9,-40.6363,13.1052,-40.5608,-36.3527,-4.2081,28.565,-875.032,-2840.8207,-1965.7888,0.0,43379.3119,-3427.8997,13.2118,13.6319,1.0318,0.0,28.565,class2_2026_04_27_15_19_23.csv,train,background,,1.1389471515608032,random
148.686,465,0.744409,-22.982,-37.7702,13.6657,-40.4868,-31.4296,-9.0572,18.29,1231.0661,-1618.673,-2849.7391,8761.7555,42191.2257,-45428.3517,13.3891,13.1377,0.9812,1.276,29.964,class2_2026_04_27_15_50_35.csv,train,background,,4.000653663379694,hard
109.122,341,0.546328,-19.173,-34.1183,14.1521,-28.8273,-36.6862,7.8589,5.8775,879.6998,346.8458,-532.854,0.0,45596.6662,-48161.4451,11.4131,13.3626,1.1708,0.638,30.727,class3_2026_05_14_14_39_37.csv,train,background,,4.360368585627306,hard
76.577,239,0.383389,-26.132,-33.9804,14.6457,-31.1778,-31.9276,0.7498,9.7805,-2328.7177,2186.4001,4515.1177,0.0,55202.1975,-43061.1317,15.1646,14.6557,0.9664,0.0,35.219,class3_2026_05_14_13_11_09.csv,train,background,,8.151543581443113,hard
185.379,580,0.928115,-24.656,-37.9191,13.418,-35.2637,-36.8358,1.5722,6.234,-1707.2126,1432.9347,3140.1473,0.0,41937.3088,-1632.6573,13.1709,13.1347,0.9973,0.0,28.523,class1_2026_04_27_14_48_32.csv,train,background,,-2.055111111814677,random
127.628,399,0.63898,-8.546,-11.3699,2.7395,-16.2494,-17.7612,1.5118,8.399,1124.2184,-3020.2602,-4144.4785,586.2069,9238.2445,-2702.1944,2.156,8.9264,4.1403,2.871,8.469,class2_2026_04_27_16_05_53.csv,train,connector,127.31,,positive
127.628,399,0.63898,-11.575,-13.5396,1.2847,-14.6821,-24.9641,10.2821,3.434,256.7207,-5629.7866,-5886.5074,-523.511,5219.4357,-5655.174,0.745,13.6638,18.3414,1.276,3.619,class3_2026_05_14_13_15_32.csv,train,connector,127.63,,positive
156.025,488,0.781152,-19.959,-34.3609,14.0375,-36.1002,-38.9358,2.8356,30.452,-2456.7894,1775.3155,4232.1049,-3271.1599,46929.4702,-47730.4107,13.9132,13.7761,0.9901,1.276,30.452,class2_2026_04_27_16_06_20.csv,train,background,,3.7034529373016856,hard
138.157,432,0.691695,-25.348,-38.8558,12.8133,-35.1524,-42.63,7.4776,29.743,2177.7146,1709.0386,-468.676,-46619.1254,38482.7618,-46619.1254,13.4835,11.8392,0.878,0.957,29.743,class3_2026_05_14_14_40_43.csv,train,background,,1.4485979940669287,random
153.472,480,0.76837,-21.23,-34.058,14.1848,-32.8503,-40.9215,8.0712,29.561,3467.2131,269.2712,-3197.9419,-44376.1803,44376.1803,-45007.6316,13.6842,12.7668,0.933,1.276,29.561,class2_2026_04_27_15_54_27.csv,train,background,,4.278554272669907,hard
148.686,465,0.744409,-49.9,-49.9,0.0,-38.9973,-32.686,-6.3113,-12.288,-4683.7979,6796.6358,11480.4337,-0.0,0.0,-0.0,13.7239,13.7692,1.0033,0.0,0.0,class2_2026_04_27_15_38_20.csv,train,background,,-41.80655176128856,random
136.881,428,0.685306,-20.53,-37.0408,14.393,-26.3292,-34.2756,7.9464,2.3425,-7192.5732,-397.8014,6794.7718,46724.1411,46724.1411,-46034.4843,12.8361,14.0087,1.0914,0.957,29.81,class1_2026_04_27_14_36_54.csv,train,background,,4.227963643020919,hard
188.57,590,0.944091,-49.9,-33.9977,14.2329,-32.7868,-38.8983,6.1115,17.364,1387.5344,-682.9755,-2070.5099,-45479.6254,45479.6254,-46642.6364,13.7052,13.8097,1.0076,0.0,29.758,class2_2026_04_27_15_35_08.csv,train,background,,3.790934961620506,hard
14.996,46,0.075079,-23.641,-35.3083,13.0937,-23.3439,-40.6663,17.3224,0.4915,-2393.2764,2635.2253,5028.5017,-43658.3103,41158.3088,-43658.3103,9.7375,13.1029,1.3456,0.0,27.854,class3_2026_05_14_14_40_57.csv,train,background,,4.309946155510609,hard
137.2,429,0.686903,-49.9,-37.4769,14.0336,-29.6617,-39.7127,10.0509,7.1435,342.9579,-479.3673,-822.3252,-44818.185,44818.185,-44818.185,12.7127,12.8808,1.0132,0.0,30.415,class2_2026_04_27_15_51_56.csv,train,background,,4.612291606831532,hard
125.713,393,0.629393,-17.194,-15.9668,1.8878,-16.7136,-12.8845,-3.8291,5.6075,-1.5205,125.6012,127.1216,-14.1082,269.5925,-14.1082,0.2399,3.2132,13.3956,0.0,6.292,class2_2026_04_27_15_18_47.csv,train,break,126.35,,positive
151.558,474,0.758788,-49.9,-37.032,14.4432,-33.2019,-37.3667,4.1648,6.9445,1848.9792,4907.4062,3058.427,-46115.989,48857.3699,-46115.989,13.4266,14.0662,1.0476,0.0,31.171,class2_2026_04_27_15_19_23.csv,train,background,,4.3221399177548765,hard
149.963,469,0.750802,-24.475,-40.7114,13.0256,-43.8029,-35.9095,-7.8934,29.072,-4886.8848,-109.3594,4777.5254,44200.6285,44200.6285,-44200.6285,11.4345,14.066,1.2301,0.957,29.072,class3_2026_05_14_13_47_50.csv,train,background,,3.888010229186814,hard
172.936,541,0.865819,-19.496,-30.296,13.8893,-40.4514,-32.8204,-7.631,30.404,2455.5908,453.1752,-2002.4156,-0.0,44316.6191,-5021.9451,13.378,13.7099,1.0248,0.638,30.404,class3_2026_05_14_13_39_43.csv,train,background,,5.47685753351786,hard
134.009,419,0.670927,-21.52,-31.1843,13.2826,-19.8596,-36.12,16.2604,1.277,-5814.48,-2372.2588,3442.2212,0.0,46197.4937,-4568.9639,11.2719,13.8481,1.2285,0.0,29.536,class2_2026_04_27_16_05_17.csv,train,background,,6.905174079538226,hard
156.025,488,0.781152,-49.9,-37.5939,13.8361,-26.6413,-44.0052,17.3638,7.821,-3162.2567,-334.1601,2828.0966,0.0,46478.0596,-43887.1505,10.7344,11.0412,1.0286,0.0,29.653,class1_2026_04_27_14_37_00.csv,train,background,,6.030486635361653,hard
171.021,535,0.856231,-21.25,-31.1008,13.3943,-37.8157,-35.4676,-2.3481,31.219,-911.1147,-3961.8204,-3050.7056,-39067.4013,44144.2038,-48719.4287,13.5505,14.4634,1.0674,1.276,31.219,class2_2026_04_27_15_26_18.csv,train,background,,3.9229998171600444,hard
127.628,399,0.639099,-7.712,-10.6123,2.8717,-15.6938,-16.766,1.0722,8.725,1165.3495,-2491.9061,-3657.2556,579.9373,9673.9812,-2710.0313,2.2486,8.9959,4.0006,2.871,8.856,class2_2026_04_27_15_34_41.csv,train,connector,127.63,,positive
135.924,425,0.680515,-20.013,-27.373,12.0577,-19.8204,-38.3102,18.4898,1.604,-3334.315,-5039.5563,-1705.2413,50.5659,46907.482,-46844.8307,7.8832,13.2777,1.6843,0.639,30.004,class1_2026_04_27_14_39_34.csv,train,background,,7.093269522615717,hard
179.636,562,0.899363,-49.9,-40.072,13.9033,-36.0246,-43.6158,7.5912,29.972,2148.5889,-628.3622,-2776.9511,0.0,46978.0611,-0.0,13.9431,11.7822,0.845,0.0,29.972,class2_2026_04_27_15_40_35.csv,train,background,,3.7381645599866973,hard
131.138,410,0.656553,-17.573,-17.9428,2.4115,-13.9414,-35.8547,21.9132,4.0755,-583.0774,-7345.0783,-6762.0009,-3592.6536,-1942.0063,-8456.1129,3.1248,14.1173,4.5178,0.0,7.699,class2_2026_04_27_16_05_01.csv,train,break,131.46,,positive
151.558,474,0.758788,-20.275,-34.3056,14.0468,-40.6121,-35.9714,-4.6406,29.793,1154.7075,-3279.9211,-4434.6286,-9402.8229,46697.4953,-43852.6661,13.1537,13.9818,1.063,1.914,29.793,class2_2026_04_27_15_49_13.csv,train,background,,4.089995778694613,hard
74.662,233,0.373802,-49.9,-33.8434,14.4232,-30.7625,-34.5844,3.8219,4.964,2314.1526,3344.6406,1030.488,47023.5141,47023.5141,-47023.5141,13.6009,13.7888,1.0138,0.0,31.441,class3_2026_05_14_13_42_29.csv,train,background,,3.7601020620057923,hard
176.126,551,0.88179,-22.979,-37.6061,13.7846,-32.6751,-40.8393,8.1642,30.345,-760.9444,3531.1294,4292.0737,-923.1959,42294.674,-42195.9279,13.7775,12.8404,0.932,1.276,30.345,class3_2026_04_27_16_18_40.csv,train,background,,4.559667276142152,hard
183.146,573,0.916936,-49.9,-31.9748,12.8461,-40.6505,-33.2988,-7.3517,29.794,1257.3818,-2479.0106,-3736.3924,45357.3699,45357.3699,-7184.953,13.116,13.3374,1.0169,0.0,29.794,class3_2026_04_27_16_18_40.csv,train,background,,3.727352487179233,hard
184.741,578,0.924921,-20.336,-40.1222,13.8369,-39.4778,-34.1173,-5.3606,30.257,-4573.6035,-922.3187,3651.2848,47424.768,47424.768,-46338.5611,13.1025,14.142,1.0793,0.957,30.257,class2_2026_04_27_15_24_13.csv,train,background,,4.981186995933627,hard
103.698,324,0.519173,-21.02,-33.9113,14.3209,-41.0576,-34.324,-6.7336,30.339,4845.0294,6289.7895,1444.7601,-45781.9144,45340.0923,-45781.9144,12.648,14.0199,1.1085,0.958,30.339,class3_2026_05_14_13_10_18.csv,train,background,,5.7248101297929,hard
141.029,441,0.706073,-49.9,-36.7732,14.688,-34.0917,-39.7635,5.6718,30.381,2867.2709,1476.7404,-1390.5305,-47619.127,45761.7586,-47619.127,14.1699,12.8716,0.9084,0.0,30.381,class2_2026_04_27_15_23_37.csv,train,background,,4.597052545998588,hard
161.449,505,0.808308,-49.9,-43.7136,11.5834,-35.8642,-36.5194,0.6552,9.0535,-3095.9293,2189.0379,5284.9672,-0.0,45205.3323,-42064.2665,12.804,13.4389,1.0496,0.0,28.841,class1_2026_04_27_14_49_30.csv,train,background,,-2.7581210758958576,random
133.69,418,0.66933,-22.993,-27.9068,11.8332,-19.5423,-33.4456,13.9032,1.506,-4868.7445,-2269.1514,2599.5931,-2352.663,42755.489,-40402.826,11.3222,13.2267,1.1682,0.0,30.157,class2_2026_04_27_15_13_52.csv,train,background,,4.165243018360772,hard
138.476,433,0.693292,-49.9,-38.2842,13.0906,-28.1733,-42.2568,14.0834,5.805,-2228.2209,1094.5154,3322.7363,-41636.3668,45315.0502,-41636.3668,11.7901,12.3489,1.0474,0.0,28.911,class1_2026_04_27_14_38_31.csv,train,background,,3.972691363933168,hard
138.476,433,0.693292,-20.478,-33.7533,14.4665,-24.6179,-39.5027,14.8848,3.606,-3456.2326,2646.3432,6102.5758,-44479.6285,47921.6332,-46115.989,11.6428,13.1657,1.1308,0.638,30.574,class3_2026_05_14_13_22_54.csv,train,background,,7.934050102991073,hard
187.294,586,0.937703,-49.9,-34.7939,13.5963,-40.5826,-33.3835,-7.1991,29.651,2988.0697,-1146.6216,-4134.6913,0.0,46290.9043,-6148.8997,13.2127,13.2251,1.0009,0.0,29.651,class2_2026_04_27_15_40_35.csv,train,background,,4.138054007934717,hard
137.2,429,0.686903,-22.754,-40.8377,12.8451,-33.5896,-40.1295,6.5399,29.037,-5775.7452,391.1824,6166.9277,0.0,42548.5925,-42548.5925,14.6616,12.4349,0.8481,0.638,29.037,class2_2026_04_27_15_25_54.csv,train,background,,1.3959567737261844,random
150.92,472,0.755594,-19.981,-34.6803,13.8194,-42.1781,-34.5639,-7.6141,30.058,-1252.6954,130.6359,1383.3313,47112.8574,47112.8574,-46894.9859,12.4575,13.8225,1.1096,0.957,30.058,class2_2026_04_27_15_14_43.csv,train,background,,5.558327259556679,hard
140.071,438,0.701277,-49.9,-40.7184,13.0235,-41.9843,-34.5584,-7.4259,29.167,1257.9344,-2133.3745,-3391.3088,-1583.694,45716.3041,-5020.3746,12.7734,13.81,1.0812,0.0,29.167,class3_2026_04_27_16_17_30.csv,train,background,,3.740869582841058,hard
161.13,504,0.806711,-26.166,-41.0748,12.5337,-35.8446,-36.4468,0.6023,17.45,-805.2141,3227.4993,4032.7134,44532.9169,44532.9169,-44532.9169,14.0796,13.5738,0.9641,0.957,28.412,class3_2026_05_14_13_42_29.csv,train,background,,-1.8536291500362156,random
127.947,400,0.640577,-23.495,-37.4797,13.9002,-31.9807,-42.3404,10.3598,28.729,2179.9097,-1341.2017,-3521.1114,156.7398,44873.0439,-45029.7837,14.3067,12.211,0.8535,1.595,28.729,class3_2026_05_14_12_56_02.csv,train,background,,3.93927477775944,hard
134.009,419,0.670927,-49.9,-35.2876,13.0805,-38.8226,-41.263,2.4404,27.68,121.6426,-4559.2999,-4680.9426,0.0,2753.9185,-3874.6082,13.91,12.2423,0.8801,0.0,27.68,class3_2026_05_14_14_39_37.csv,train,background,,-7.533162222892946,random
134.966,422,0.675719,-20.649,-27.8458,11.8175,-18.1147,-34.3285,16.2138,1.5645,-4234.429,-358.2318,3876.1972,973.3542,45847.9655,-44465.1912,8.606,13.9478,1.6207,0.0,30.155,class1_2026_04_27_14_44_55.csv,train,background,,6.35244364720012,hard
68.919,215,0.345049,-49.9,-36.9914,14.4502,-29.8497,-39.2013,9.3516,5.0275,773.7052,1539.069,765.3638,-47031.3527,42680.2539,-47031.3527,12.4865,13.4685,1.0786,0.0,30.006,class3_2026_05_14_13_15_21.csv,train,background,,4.28893611131196,hard
131.138,410,0.656553,-16.584,-16.7102,2.2608,-12.6148,-28.8806,16.2658,4.1915,-631.0028,-5249.1887,-4618.1859,-3151.9948,-2217.8683,-3175.5502,3.1414,13.1569,4.1882,0.0,6.612,class2_2026_04_27_15_25_41.csv,train,break,131.78,,positive
155.706,487,0.779555,-49.9,-37.2214,14.2091,-29.6577,-39.6144,9.9568,7.9285,751.2522,780.7774,29.5252,-47830.7226,47830.7226,-47830.7226,12.7721,12.9998,1.0178,0.0,30.516,class2_2026_04_27_16_07_48.csv,train,background,,5.376253930245235,hard
160.173,501,0.80192,-49.9,-44.063,10.9229,-36.5036,-33.1502,-3.3533,1.547,-3106.2885,4502.0165,7608.305,-0.0,40395.4109,-42007.8386,13.479,13.4079,0.9947,0.0,26.801,class2_2026_04_27_15_21_31.csv,train,background,,-5.044758507677125,random
105.293,329,0.527158,-21.232,-31.1052,13.3228,-26.5539,-36.4422,9.8883,3.126,-3256.7069,-2184.7052,1072.0016,905.9545,43028.2163,-44934.1724,13.0352,13.7254,1.0529,0.638,30.2,class3_2026_05_14_14_40_43.csv,train,background,,3.9862529428053595,hard
150.601,471,0.753997,-49.9,-34.4804,13.8276,-37.4522,-28.3394,-9.1128,2.2135,4500.2925,1660.5015,-2839.7909,-45586.21,44969.4146,-45586.21,13.9475,11.6252,0.8335,0.0,29.084,class3_2026_05_14_14_40_05.csv,train,background,,1.3560604831984702,random
157.301,492,0.787541,-27.745,-34.3927,14.0479,-32.3815,-39.0132,6.6317,17.723,409.5706,-1520.3888,-1929.9594,0.0,45771.163,-34725.7069,14.0185,13.6578,0.9743,0.638,30.434,class2_2026_04_27_15_32_04.csv,train,background,,4.4616520539823945,hard
182.189,570,0.912144,-49.9,-28.9134,11.2761,-34.7989,-33.4378,-1.3612,4.4845,5896.0633,-3255.5776,-9151.6409,2407.5219,46007.8386,-40586.2085,13.6084,13.2027,0.9702,0.0,29.353,class2_2026_04_27_16_10_35.csv,train,background,,-2.5714414740375027,random
11.486,35,0.057506,-25.969,-23.9876,9.5259,-14.1963,-35.9809,21.7846,1.5895,-2050.1453,-2967.8216,-917.6762,-3426.1896,714.732,-37623.8287,3.7009,14.0406,3.7939,0.0,31.961,class3_2026_05_14_14_33_35.csv,train,break,10.53,,positive
132.414,414,0.662942,-18.963,-22.694,9.7413,-13.2519,-34.2501,20.9982,3.1975,-2569.8076,-5059.0292,-2489.2216,-2026.6442,376.1755,-48490.6003,3.4819,14.0393,4.0321,0.0,33.393,class2_2026_04_27_16_10_58.csv,train,break,131.78,,positive
134.328,420,0.672524,-49.9,-34.9381,13.714,-16.6079,-39.3488,22.7408,1.0375,-2009.7397,2503.1894,4512.9291,-14393.4185,-23.5094,-29794.6724,3.6839,13.405,3.6388,0.0,30.074,class2_2026_04_27_15_18_47.csv,train,background,,4.067309113054912,hard
135.285,423,0.677316,-22.938,-33.7316,14.4928,-20.0961,-38.1927,18.0967,1.853,-5372.867,-2204.1351,3168.732,0.0,45125.3934,-46327.5893,10.9925,13.2351,1.204,0.0,30.901,class1_2026_04_27_14_46_41.csv,train,background,,9.394050479396434,hard
137.519,430,0.6885,-49.9,-31.0819,13.5554,-26.2276,-35.851,9.6234,2.8885,-1261.3663,-4566.3287,-3304.9624,948.2759,47059.5658,-6855.7994,10.6935,14.1771,1.3258,0.0,30.633,class2_2026_04_27_15_17_19.csv,train,background,,5.384237814757256,hard
163.364,511,0.817896,-49.9,-37.0324,14.4001,-35.9036,-40.3601,4.4566,30.401,-1806.2028,-1858.1414,-51.9386,-0.0,45557.9969,-47650.4718,14.0266,13.5358,0.965,0.0,30.401,class2_2026_04_27_16_00_33.csv,train,background,,4.337957310322846,hard
138.476,433,0.693292,-49.9,-33.9992,14.256,-33.7278,-34.5075,0.7797,5.457,-2580.7174,-3558.357,-977.6396,3352.6646,41489.0313,-3774.2931,13.013,13.8742,1.0662,0.0,29.856,class2_2026_04_27_15_49_13.csv,train,background,,-0.013927413334113403,random
182.827,572,0.915339,-22.449,-31.1912,13.2764,-34.5582,-35.0512,0.493,5.171,499.718,-1946.7873,-2446.5053,0.0,39965.9452,-46725.7069,13.7801,13.338,0.9679,0.638,29.811,class2_2026_04_27_15_32_04.csv,train,background,,-1.6714923120289642,random
132.733,415,0.664539,-19.305,-29.6904,14.3178,-13.6849,-34.3626,20.6777,1.232,-2602.0631,888.5876,3490.6507,-46929.4702,34.4859,-47954.5486,3.826,13.9227,3.639,0.0,31.399,class2_2026_04_27_15_51_31.csv,train,background,,5.225248481165082,hard
135.285,423,0.677316,-21.779,-32.1916,12.7143,-23.1274,-34.6267,11.4992,3.1555,-3941.0327,4422.3082,8363.341,-38836.9937,44076.8072,-44145.785,10.2658,13.7633,1.3407,0.0,30.04,class2_2026_04_27_15_49_13.csv,train,background,,4.330416644714958,hard
176.764,553,0.884984,-49.9,-40.36,13.5191,-42.3944,-34.7169,-7.6775,30.008,2747.0287,5750.7366,3003.7079,-0.0,47034.4859,-0.0,12.1765,13.92,1.1432,0.0,30.008,class2_2026_04_27_15_35_21.csv,train,background,,5.3753049618865605,hard
156.025,488,0.781152,-49.9,-37.5928,13.7794,-35.8902,-36.5163,0.6261,18.34,519.4639,-2091.5371,-2611.001,-3155.174,41277.431,-42921.6317,14.0984,13.4972,0.9574,0.0,29.397,class1_2026_04_27_14_45_04.csv,train,background,,-0.402590150554031,random
161.768,506,0.809905,-49.9,-40.753,13.0017,-39.3889,-34.4797,-4.9092,30.194,4538.4145,562.0487,-3976.3659,-38634.8009,47326.0235,-43072.1034,13.226,13.8512,1.0473,0.0,30.194,class2_2026_04_27_15_13_52.csv,train,background,,3.76758578456694,hard
131.457,411,0.65815,-18.483,-18.2284,2.0438,-13.6452,-32.408,18.7628,3.6775,-1326.1938,-5020.299,-3694.1052,-3725.7069,-2053.2915,-3725.7069,3.0769,12.6754,4.1195,0.0,6.198,class2_2026_04_27_15_45_59.csv,train,break,131.14,,positive
154.43,483,0.773167,-19.854,-35.0181,13.4437,-33.8402,-40.5849,6.7447,30.046,-1424.2213,1371.6559,2795.8772,3086.2069,46927.0236,-47094.047,12.879,13.2042,1.0252,1.277,30.046,class2_2026_04_27_15_29_31.csv,train,background,,4.257465535248199,hard
127.628,399,0.63898,-5.891,-8.792,2.8943,-13.9353,-13.4059,-0.5294,8.899,1139.337,-2697.8915,-3837.2286,594.0439,9699.0596,-2802.5078,2.2612,4.2857,1.8954,2.871,8.927,class1_2026_04_27_14_46_34.csv,train,connector,127.63,,positive
78.491,245,0.392972,-49.9,-40.3389,13.5268,-40.5577,-34.4868,-6.0709,29.448,-2028.128,1396.2282,3424.3563,0.0,45072.105,0.0,13.2444,13.8449,1.0453,0.0,29.448,class3_2026_05_14_13_15_21.csv,train,background,,3.692170645210724,hard
182.827,572,0.915339,-49.9,-47.452,6.924,-36.6248,-37.5316,0.9067,22.032,-3139.2478,1096.605,4235.8528,0.0,0.0,-0.0,13.3411,13.8522,1.0383,0.0,22.032,class1_2026_04_27_14_49_30.csv,train,background,,-17.782020572463885,random
134.647,421,0.674121,-49.9,-31.8884,12.8728,-16.3158,-39.1726,22.8567,1.655,-3019.2576,298.7162,3317.9738,7526.6458,7526.6458,-44985.8981,4.9717,13.4805,2.7114,0.0,30.185,class1_2026_04_27_14_48_45.csv,train,background,,4.718508541503375,hard
151.877,475,0.760385,-20.853,-30.9028,13.5178,-43.7844,-34.6783,-9.1061,30.574,1895.802,-3357.8401,-5253.6421,38642.6364,44250.7884,-47921.6332,11.4512,13.6822,1.1948,1.914,30.574,class3_2026_05_14_14_34_45.csv,train,background,,6.0449506049096335,hard
164.002,513,0.82109,-23.958,-43.9014,11.2332,-37.5747,-40.5048,2.9302,28.045,-3100.363,641.3315,3741.6946,43957.6834,43957.6834,-43957.6834,13.8052,13.292,0.9628,0.957,28.045,class2_2026_04_27_15_14_43.csv,train,background,,-1.7066105423737352,random
190.165,595,0.952077,-22.689,-37.669,13.7581,-32.0558,-43.979,11.9232,29.519,-1296.1905,-281.1468,1015.0437,-37506.2712,42650.4749,-42650.4749,12.7508,11.2176,0.8798,0.957,29.519,class2_2026_04_27_15_18_27.csv,train,background,,4.209511710402127,hard
156.025,488,0.781152,-23.249,-34.2323,14.0446,-35.1594,-39.0194,3.86,29.972,-967.6938,-1901.8917,-934.1979,-1424.7665,46978.0611,-45832.2915,13.3841,13.7065,1.0241,1.914,29.972,class1_2026_04_27_14_36_54.csv,train,background,,3.682278522187468,hard
193.037,604,0.966456,-21.113,-34.7741,13.6088,-35.1579,-35.1637,0.0057,4.9915,1566.8619,925.3495,-641.5124,0.0,40785.2696,-46178.6865,13.23,13.4331,1.0154,0.638,29.462,class2_2026_04_27_16_10_35.csv,train,background,,-1.7868807235702742,random
123.48,386,0.618213,-22.866,-24.6454,9.0106,-32.7356,-18.4198,-14.3158,2.4595,3300.3106,7915.4595,4615.1489,-44684.9545,44487.152,-44684.9545,13.7633,16.3527,1.1881,0.0,30.323,class3_2026_05_14_13_09_36.csv,train,background,,5.3034650246686486,hard
135.285,423,0.677316,-23.271,-27.0701,12.2742,-14.7186,-32.8648,18.1463,1.672,-2148.3683,-1271.8258,876.5426,-3921.6285,1117.5533,-41529.3396,3.7848,13.642,3.6044,0.0,31.446,class3_2026_05_14_13_43_01.csv,train,break,133.69,,positive
155.706,487,0.779555,-19.615,-37.3241,14.1245,-31.1947,-38.9066,7.7118,8.012,-2771.4956,-812.7211,1958.7746,6021.942,47468.6552,-47468.6552,13.3808,13.8645,1.0362,0.957,30.285,class2_2026_04_27_16_01_09.csv,train,background,,4.693706947426962,hard
139.433,436,0.698083,-49.9,-38.3127,13.1321,-42.1297,-40.3499,-1.7797,29.44,114.7635,-1992.0163,-2106.7798,-0.0,45564.2665,-11088.3121,11.3034,12.1999,1.0793,0.0,29.44,class3_2026_05_14_12_55_08.csv,train,background,,-0.1015904514480801,random
135.285,423,0.677316,-23.935,-35.3669,13.1562,-25.5313,-37.8516,12.3203,3.61,-6881.2276,-1029.7024,5851.5252,38810.348,40697.4969,-40518.6215,13.5056,13.5219,1.0012,0.0,29.638,class2_2026_04_27_15_38_31.csv,train,background,,4.058315153387972,hard
139.114,435,0.696486,-49.9,-33.4207,14.7504,-31.47,-35.3313,3.8613,3.9725,-2644.7816,-1620.5314,1024.2502,0.0,47023.5141,-47263.7059,13.1071,14.6045,1.1142,0.0,30.605,class3_2026_05_14_12_56_02.csv,train,background,,3.904428582106852,hard
121.565,380,0.608625,-19.203,-34.6179,13.8174,-33.5363,-41.8494,8.3131,30.697,5251.318,896.1574,-4355.1606,-10804.0752,48114.4248,-47964.3489,13.1554,11.4204,0.8681,1.277,30.697,class3_2026_05_14_13_00_27.csv,train,background,,4.592723899844156,hard
150.282,470,0.752399,-49.9,-34.2827,13.9879,-39.9699,-30.6934,-9.2765,9.7495,-4475.7752,-4791.4999,-315.7247,42070.5361,43605.0956,-1614.4185,12.6707,13.6157,1.0746,0.0,29.748,class1_2026_04_27_14_37_34.csv,train,background,,4.213914799187841,hard
133.371,417,0.667733,-49.9,-30.7827,13.5649,-14.9622,-36.4846,21.5224,1.489,-2839.0562,-1575.0458,1264.0103,4644.1991,4644.1991,-2365.2053,4.5881,13.5944,2.9629,0.0,30.619,class2_2026_04_27_15_48_07.csv,train,break,131.46,,positive
75.3,235,0.376996,-49.9,-31.7746,12.899,-31.8202,-35.2195,3.3993,3.7515,-1335.6992,-2794.7457,-1459.0465,40515.6755,45382.4498,-37981.1959,12.897,13.2045,1.0238,0.0,29.174,class3_2026_05_14_12_57_24.csv,train,background,,-0.5813277020569934,random
103.059,322,0.515974,-49.9,-34.4976,13.8614,-17.6246,-37.8943,20.2697,1.3925,-4750.4647,-818.6637,3931.8011,0.0,8380.8793,-271.6399,8.9216,13.4903,1.5121,0.0,29.909,class3_2026_05_14_14_34_08.csv,train,background,,4.082303860358533,hard
109.441,342,0.547926,-49.9,-36.3502,15.3435,-25.2351,-33.6428,8.4077,8.372,1403.9076,3762.2157,2358.3081,-51680.2555,41372.5896,-51680.2555,11.5761,14.8599,1.2837,0.0,35.123,class3_2026_05_14_13_11_09.csv,train,background,,10.53415433591874,hard
134.647,421,0.674121,-20.625,-36.9622,14.466,-22.3862,-37.3789,14.9927,1.2655,-7684.4787,1479.6867,9164.1653,45399.6912,45885.5831,-45885.5831,12.7803,14.0084,1.0961,0.957,29.444,class2_2026_04_27_15_48_47.csv,train,background,,7.2281373402077325,hard
136.562,427,0.683709,-49.9,-41.0876,12.6764,-26.8137,-34.9913,8.1776,3.832,-2612.5172,3250.1757,5862.693,-42652.0408,48238.4568,-42652.0408,12.5277,13.4391,1.0728,0.0,30.921,class2_2026_04_27_15_36_21.csv,train,background,,3.829574259405356,hard
110.079,344,0.55112,-49.9,-35.4489,16.318,-29.0004,-32.0915,3.0911,8.5625,-1899.0864,2049.1946,3948.2809,0.0,10105.0172,0.0,13.3352,14.5357,1.09,0.0,35.189,class3_2026_05_14_13_11_09.csv,train,background,,4.09740485817521,hard
120.927,378,0.605431,-18.089,-18.2343,0.5779,-16.8512,-18.1712,1.32,0.3375,-515.6701,47.009,562.6791,-1199.058,1100.3135,-1615.362,1.2394,0.7366,0.5943,0.0,1.888,class2_2026_04_27_15_16_03.csv,train,bend,117.1,,positive
143.581,449,0.71885,-29.274,-38.026,13.5193,-34.4569,-40.69,6.2331,30.467,-4363.9414,-2307.8054,2056.136,46156.7429,46156.7429,-46156.7429,13.9181,13.0594,0.9383,0.957,30.467,class3_2026_05_14_14_34_45.csv,train,background,,4.250853773558621,hard
47.541,148,0.238018,-22.718,-37.115,14.3363,-36.5428,-38.8032,2.2603,30.832,-6021.5578,731.0999,6752.6577,48326.0204,48326.0204,-48401.648,13.4622,13.9396,1.0355,0.957,30.832,class3_2026_05_14_12_58_43.csv,train,background,,4.372943900707276,hard
142.624,446,0.714059,-20.645,-34.174,14.1018,-35.4315,-43.5248,8.0933,30.372,224.2877,-3961.0923,-4185.38,47605.0188,47605.0188,-47605.0188,14.5009,11.9401,0.8234,0.957,30.372,class2_2026_04_27_15_38_53.csv,train,background,,4.76607114599524,hard
127.628,399,0.63898,-3.434,-6.886,3.9727,-15.0943,-10.8826,-4.2117,12.307,1995.9219,-2635.5456,-4631.4675,663.0094,15106.4658,-2717.8683,3.6697,4.1986,1.1441,3.828,12.75,class3_2026_05_14_13_43_01.csv,train,connector,127.63,,positive
131.457,411,0.65815,-17.908,-20.8567,10.4174,-13.0295,-30.7134,17.6839,3.4795,-1330.4332,-1998.3503,-667.9171,-3112.8527,-1348.5265,-50144.2022,3.096,13.6651,4.4137,0.0,35.585,class2_2026_04_27_15_25_30.csv,train,break,131.46,,positive
187.932,588,0.940897,-24.37,-34.2021,14.0907,-34.8923,-40.2936,5.4013,30.064,3512.4191,176.1656,-3336.2535,2830.721,43526.6505,-46357.3715,13.5049,13.5914,1.0064,1.595,30.064,class3_2026_05_14_12_56_35.csv,train,background,,3.986041320914081,hard
138.476,433,0.693292,-20.244,-36.8817,14.5572,-36.9834,-36.4766,-0.5068,29.676,-658.1401,-2265.4384,-1607.2983,0.0,45117.558,-46514.1082,14.4563,13.5158,0.9349,0.638,29.676,class1_2026_04_27_14_46_27.csv,train,background,,1.7158219801946906,random
35.736,111,0.178915,-6.809,-9.3093,2.3386,-13.5924,-12.39,-1.2024,7.509,1082.5219,-1633.5493,-2716.0712,-315.047,8593.291,-2645.768,2.0493,2.3638,1.1534,2.552,7.568,class3_2026_05_14_13_42_19.csv,train,connector,35.42,,positive
172.617,540,0.864221,-49.9,-34.8377,13.5385,-33.0637,-41.9191,8.8553,29.08,-1203.8355,-479.0473,724.7882,6425.3589,45579.9404,-43351.0987,13.5027,12.8817,0.954,0.0,29.08,class2_2026_04_27_15_25_04.csv,train,background,,3.9419582885268363,hard
131.457,411,0.65815,-18.149,-18.5576,3.2278,-12.8791,-29.3731,16.494,4.108,-1385.3587,-723.9926,661.3661,-4230.406,-2314.5017,-9388.7147,3.1309,12.7824,4.0827,0.0,10.008,class2_2026_04_27_15_29_16.csv,train,break,131.78,,positive
131.138,410,0.656553,-10.063,-10.139,2.1985,-7.4796,-16.8399,9.3603,7.126,-99.5327,-2025.4844,-1925.9517,-2876.0969,-2336.9906,-2916.9279,4.9742,3.0902,0.6212,5.106,6.688,class3_2026_05_14_14_36_30.csv,train,break,133.69,,positive
131.457,411,0.65815,-15.693,-15.7729,2.2674,-10.8528,-29.056,18.2032,3.7855,-1409.4503,-4705.745,-3296.2947,-3326.0172,-2545.4363,-4188.0878,3.119,13.1171,4.2056,0.0,6.483,class1_2026_04_27_14_37_06.csv,train,break,132.09,,positive
133.371,417,0.667733,-20.247,-34.3334,14.1188,-19.2276,-37.9237,18.6962,1.676,-5433.8189,-1110.3274,4323.4914,-1471.7884,46478.0596,-46478.0596,11.3889,13.5057,1.1859,0.957,30.461,class2_2026_04_27_15_35_45.csv,train,background,,9.396582904177201,hard
143.9,450,0.720447,-28.541,-33.177,12.0247,-32.5677,-37.8443,5.2766,5.207,1832.7051,-94.1457,-1926.8509,-34094.0455,43722.5752,-34094.0455,12.4198,13.5721,1.0928,0.0,27.895,class2_2026_04_27_15_16_03.csv,train,background,,-1.3565707918542258,random
186.975,585,0.936106,-49.9,-40.2764,13.6223,-34.6979,-38.8355,4.1376,29.62,271.6883,3066.607,2794.9187,-43006.2727,46105.8603,-43006.2727,13.6226,13.9125,1.0213,0.0,29.62,class2_2026_04_27_15_48_07.csv,train,background,,3.1902857714573973,random
135.924,425,0.680515,-49.9,-34.0478,14.1822,-24.6107,-36.0486,11.4379,1.183,-2988.95,-2624.7544,364.1957,44648.1358,45916.931,-44578.373,11.5848,13.9395,1.2032,0.0,29.295,class2_2026_04_27_15_54_02.csv,train,background,,5.052497172412205,hard
149.644,468,0.749205,-49.9,-35.1562,13.2688,-36.0153,-31.7296,-4.2857,4.3145,-4285.3371,-3066.0487,1219.2884,38111.2777,46639.5031,51.7257,13.9418,12.9195,0.9267,0.0,29.756,class2_2026_04_27_16_08_08.csv,train,background,,0.6555723397220998,random
158.897,497,0.795531,-21.54,-32.7717,12.5183,-40.616,-36.5722,-4.0438,28.997,-659.0238,-3239.4972,-2580.4734,45243.1516,45243.1516,-44451.4122,13.1493,13.5585,1.0311,0.958,28.997,class2_2026_04_27_15_34_05.csv,train,background,,1.2202603282346611,random
134.647,421,0.674121,-20.481,-34.3234,13.9488,-20.8791,-33.2992,12.4201,1.5085,-5701.0114,-2205.7587,3495.2527,2583.069,46111.2868,-46111.2868,10.9495,13.3467,1.2189,0.638,29.419,class2_2026_04_27_15_53_18.csv,train,background,,5.000735259810874,hard
170.702,534,0.854634,-49.9,-37.6389,13.8207,-37.5458,-37.5062,-0.0396,29.77,-246.8109,-4625.9853,-4379.1745,0.0,0.0,-8827.5862,13.8662,13.9285,1.0045,0.0,29.77,class1_2026_04_27_14_49_51.csv,train,background,,-4.970720273747179,random
135.924,425,0.680515,-20.66,-37.2667,14.2271,-24.5813,-41.1143,16.533,4.397,-4535.6472,-1423.5441,3112.1031,-37804.2024,47189.6599,-45830.7241,11.6444,12.4928,1.0729,0.639,30.304,class2_2026_04_27_15_32_19.csv,train,background,,7.670622883505391,hard
131.776,412,0.659748,-16.616,-16.4577,2.1409,-10.8717,-28.2844,17.4127,3.047,-2078.6429,-5599.3825,-3520.7395,-2398.1176,-2126.0485,-4039.1881,3.1793,13.4539,4.2318,0.0,6.266,class1_2026_04_27_14_38_15.csv,train,break,132.09,,positive
156.025,488,0.781152,-19.689,-43.5926,11.8316,-30.8895,-43.5381,12.6486,30.211,-6819.8659,1596.2111,8416.077,0.0,47352.6693,-47352.6693,13.5365,11.9139,0.8801,0.638,30.211,class3_2026_04_27_16_18_51.csv,train,background,,4.991678047236754,hard
122.523,383,0.613422,-20.205,-33.5166,14.6654,-40.2904,-32.2501,-8.0403,30.289,2806.7792,-54.4321,-2861.2113,-1793.1019,47252.5021,-46543.8903,13.609,14.1031,1.0363,1.277,30.289,class3_2026_05_14_12_56_02.csv,train,background,,6.932210732330079,hard
136.562,427,0.683709,-23.596,-34.2593,14.0251,-23.7709,-33.3589,9.5881,2.548,-2397.2112,4871.9357,7269.1469,-46056.4279,45835.3806,-46056.4279,9.5842,13.2764,1.3852,0.0,29.922,class2_2026_04_27_15_20_40.csv,train,background,,4.102486709919874,hard
150.92,472,0.755594,-20.369,-34.0839,14.1747,-40.7457,-31.4704,-9.2753,17.0795,-1601.8535,-3210.9006,-1609.047,-789.9687,46440.442,-45650.4734,12.9706,13.0886,1.0091,1.595,29.629,class2_2026_04_27_16_00_17.csv,train,background,,4.673527704729318,hard
127.628,399,0.63898,-7.755,-10.6472,2.8602,-15.8581,-15.5492,-0.3089,8.9645,1143.6938,-2973.7237,-4117.4175,589.3417,9689.6552,-2744.5141,2.2883,4.5995,2.01,2.871,8.789,class2_2026_04_27_15_53_18.csv,train,connector,127.95,,positive
127.628,399,0.63898,-8.338,-11.2787,2.9791,-16.3416,-18.1874,1.8458,8.6665,1196.3499,-3357.346,-4553.6959,631.6614,9857.3557,-2813.4796,2.2657,9.2233,4.0708,2.871,9.244,class2_2026_04_27_15_49_13.csv,train,connector,127.95,,positive
150.92,472,0.755594,-22.787,-37.4051,13.9794,-40.4842,-33.9994,-6.4848,29.303,-360.5704,3388.369,3748.9395,1957.6818,43971.7884,-45929.4702,13.3207,14.2414,1.0691,1.595,29.303,class2_2026_04_27_15_36_21.csv,train,background,,4.300514917565256,hard
131.457,411,0.65815,-17.784,-17.8664,2.4445,-12.7153,-24.7743,12.0589,4.3745,-1420.7132,-1102.4015,318.3118,-3902.8197,-2932.6019,-3902.8197,3.0973,9.0366,2.9176,0.0,7.141,class2_2026_04_27_15_38_41.csv,train,break,131.46,,positive
127.628,399,0.63898,-8.098,-10.9891,2.8864,-16.0508,-15.8309,-0.2199,8.7295,1137.7924,-2764.0077,-3901.8001,584.6395,9595.6113,-2733.5423,2.2472,4.7204,2.1006,2.871,8.944,class2_2026_04_27_15_35_21.csv,train,connector,127.95,,positive
151.558,474,0.758788,-49.9,-31.8982,12.9782,-40.8552,-31.0196,-9.8356,18.425,1315.3085,-3924.1128,-5239.4213,44155.1755,46343.2633,-782.1301,12.8641,13.4393,1.0447,0.0,29.742,class2_2026_04_27_15_27_06.csv,train,background,,4.485253833391486,hard
127.628,399,0.63898,-8.922,-11.8029,2.9024,-16.9142,-18.1407,1.2265,8.6505,1062.8499,-2691.1717,-3754.0217,559.5611,9880.8777,-2675.5486,2.2795,8.925,3.9153,2.871,8.881,class2_2026_04_27_15_51_19.csv,train,connector,127.63,,positive
131.138,410,0.656553,-16.727,-16.8298,2.1265,-13.0159,-22.3469,9.3311,3.914,-545.9865,-648.3724,-102.386,-2322.0742,-2322.0742,-3362.0705,3.1605,6.7927,2.1493,0.0,6.137,class2_2026_04_27_15_19_23.csv,train,break,131.46,,positive
136.881,428,0.685306,-18.765,-26.9381,12.4282,-17.8054,-29.8008,11.9954,2.779,-3611.0539,936.5726,4547.6265,-7481.1897,48800.9451,-48800.9451,8.3371,12.5092,1.5004,0.638,31.828,class3_2026_05_14_13_43_30.csv,train,background,,5.559175527027454,hard
164.321,514,0.822687,-49.9,-37.2581,14.161,-43.5753,-33.0464,-10.5289,30.155,119.1318,-1840.5508,-1959.6826,0.0,47338.8588,0.0,11.852,13.5034,1.1393,0.0,30.155,class3_2026_05_14_12_56_35.csv,train,background,,7.116425083415977,hard
21.378,66,0.107031,-17.572,-21.6131,10.297,-16.3548,-18.8258,2.4711,0.353,46.0008,3172.7289,3126.7281,-10666.1411,910.6567,-50670.848,0.2438,7.7942,31.9709,0.0,33.91,class2_2026_04_27_15_57_38.csv,train,bend,20.42,,positive
134.009,419,0.670927,-20.606,-31.5964,13.1448,-19.4338,-34.8667,15.4328,1.785,-5634.5722,1849.8171,7484.3894,0.0,42873.0423,-33673.9843,11.4413,13.5769,1.1867,0.638,30.132,class2_2026_04_27_15_53_40.csv,train,background,,6.274370933411181,hard
131.776,412,0.659748,-18.934,-19.3256,2.5231,-13.377,-34.9627,21.5857,3.685,-2088.6645,-1274.14,814.5246,-5266.4592,-1080.8158,-45929.4702,3.2314,13.4362,4.158,0.0,7.694,class2_2026_04_27_15_37_07.csv,train,break,131.14,,positive
139.752,437,0.69968,-20.128,-28.4224,11.5151,-31.6778,-34.7238,3.046,3.6495,-2837.7315,-6732.8608,-3895.1292,-736.6755,43749.2179,-43172.4154,12.9729,13.6021,1.0485,0.638,29.772,class3_2026_05_14_13_47_50.csv,train,background,,-1.1873153791481894,random
158.897,497,0.795531,-49.9,-38.183,13.3169,-46.6342,-34.0953,-12.5389,29.46,1948.5895,725.4486,-1223.1409,32105.0277,45467.0878,-41589.3464,9.2381,12.7938,1.3849,0.0,29.46,class2_2026_04_27_15_12_38.csv,train,background,,5.867133654705257,hard
146.772,459,0.734826,-22.104,-35.4057,13.0091,-34.7261,-37.9334,3.2073,15.6595,1366.9068,5524.4129,4157.5062,-1437.3041,43567.4013,-43567.4013,13.6689,13.4121,0.9812,1.276,27.86,class3_2026_04_27_16_17_30.csv,train,background,,-1.1001441435691695,random
179.636,562,0.899363,-49.9,-37.2592,14.1362,-31.5539,-43.509,11.9551,29.081,2066.5196,-1299.7018,-3366.2214,-45581.5078,43572.1034,-45581.5078,12.9983,11.9604,0.9201,0.0,29.081,class2_2026_04_27_16_07_33.csv,train,background,,4.862888044434919,hard
143.581,449,0.71885,-49.9,-37.4494,13.9908,-36.4413,-39.1283,2.6871,31.466,-167.4009,-2481.5051,-2314.1042,-7150.4702,49319.7524,-43583.0752,13.5322,13.5225,0.9993,0.0,31.466,class2_2026_04_27_15_53_29.csv,train,background,,4.7176924656847845,hard
191.123,598,0.956873,-49.9,-31.2624,13.2779,-38.0165,-39.4018,1.3853,29.623,3885.1322,-4722.9896,-8608.1219,-46213.5057,45996.8668,-46213.5057,13.4813,13.3156,0.9877,0.0,29.623,class3_2026_05_14_13_43_17.csv,train,background,,1.030928242262244,random
138.157,432,0.691695,-24.003,-37.7664,13.5918,-36.5274,-39.4874,2.96,28.667,-1797.4615,64.7724,1862.2338,44587.779,44587.779,-44587.779,13.4727,13.1712,0.9776,0.957,28.667,class2_2026_04_27_15_38_31.csv,train,background,,0.7809947886959944,random
160.811,503,0.805114,-49.9,-41.0996,12.4648,-34.2207,-45.5194,11.2987,27.524,-2299.1189,-467.728,1831.3909,-0.0,43141.0705,-38791.5408,14.0568,9.8053,0.6976,0.0,27.524,class1_2026_04_27_14_48_26.csv,train,background,,-0.2668292148729292,random
189.208,592,0.947286,-49.9,-40.4387,13.3889,-37.0191,-37.3682,0.3491,29.495,2016.6708,3186.9544,1170.2837,0.0,43115.9906,-46230.4091,13.1162,14.0333,1.0699,0.0,29.495,class3_2026_05_14_13_18_12.csv,train,background,,0.7001575261918552,random
60.623,189,0.303514,-23.075,-37.3129,14.1283,-38.8925,-35.9539,-2.9386,30.626,3266.4252,2674.2453,-592.18,0.0,46518.8103,-7009.4044,13.8397,14.0106,1.0123,0.638,30.626,class3_2026_05_14_13_11_57.csv,train,background,,4.145393787725418,hard
167.83,525,0.840255,-49.9,-40.493,13.3122,-40.6989,-34.6829,-6.0159,28.884,788.9505,2924.288,2135.3375,42197.9247,45272.7288,-45031.3511,13.0279,13.6914,1.0509,0.0,28.884,class2_2026_04_27_15_14_43.csv,train,background,,2.8283083271308573,random
134.009,419,0.670927,-49.9,-31.3449,13.2146,-16.7448,-38.3146,21.5697,2.6945,-2224.1138,2273.5823,4497.6961,-7702.1928,2194.3558,-38509.4091,4.0621,13.1385,3.2344,0.0,30.617,class2_2026_04_27_16_10_35.csv,train,background,,3.781323475123492,hard
181.231,567,0.907348,-49.9,-37.6053,13.8232,-39.3706,-34.5781,-4.7924,30.607,2369.9634,401.628,-1968.3354,5637.931,43203.7649,-43742.3789,13.2404,13.8065,1.0428,0.0,30.607,class1_2026_04_27_14_47_07.csv,train,background,,4.155987345488801,hard
141.029,441,0.706073,-21.183,-43.3698,12.221,-45.2755,-37.2662,-8.0093,30.055,-328.8707,1599.7171,1928.5878,0.0,45010.9734,-45010.9734,10.4094,14.1571,1.36,0.638,30.055,class2_2026_04_27_15_39_15.csv,train,background,,4.478399954866285,hard
182.189,570,0.912144,-21.306,-37.5279,13.9367,-43.65,-36.5081,-7.1419,30.565,1357.6745,4659.0094,3301.3349,0.0,44888.323,-44818.185,11.7365,13.5921,1.1581,0.638,30.565,class2_2026_04_27_15_57_38.csv,train,background,,5.411667255762731,hard
165.278,517,0.827478,-20.061,-34.1003,14.1854,-32.864,-39.1819,6.3179,18.6235,-208.7899,-215.7651,-6.9751,-40658.3119,48025.0815,-46769.594,13.6413,13.4776,0.988,1.595,30.64,class2_2026_04_27_15_22_37.csv,train,background,,4.826444895185469,hard
132.414,414,0.662942,-21.723,-29.6702,14.3726,-13.6641,-39.5424,25.8784,2.5565,-2622.2657,3970.5344,6592.8001,-46141.069,-1485.8934,-46141.069,3.5484,13.1412,3.7034,0.0,32.705,class2_2026_04_27_15_51_44.csv,train,break,131.78,,positive
173.255,542,0.867416,-20.118,-40.4883,13.3327,-42.5098,-38.7654,-3.7444,29.782,-964.4805,292.0516,1256.532,0.0,46680.2539,-46680.2539,11.9887,13.9748,1.1657,0.638,29.782,class2_2026_04_27_15_21_13.csv,train,background,,3.062812417422597,random
122.204,382,0.611825,-49.9,-37.6979,13.7023,-42.2892,-34.9306,-7.3586,30.602,1370.9136,-4901.6575,-6272.5711,0.0,42666.1458,-595.6097,12.3189,13.4595,1.0926,0.0,30.602,class3_2026_05_14_14_34_08.csv,train,background,,4.9428178625585355,hard
131.138,410,0.656553,-14.67,-14.677,2.1261,-10.8166,-27.7472,16.9307,3.766,-594.1055,-4804.9489,-4210.8434,-2187.5298,-2187.5298,-3385.5799,3.1623,13.8432,4.3776,0.0,6.497,class1_2026_04_27_14_46_41.csv,train,break,132.09,,positive
182.827,572,0.915339,-49.9,-34.0861,14.2207,-31.6989,-37.5239,5.825,5.529,-3189.4252,-1474.0575,1715.3677,45736.6818,45736.6818,-45736.6818,13.0588,13.8783,1.0628,0.0,30.727,class1_2026_04_27_14_47_36.csv,train,background,,3.8570608829178687,hard
174.531,546,0.873804,-49.9,-34.4158,13.9008,-34.5221,-36.8038,2.2817,7.056,2459.496,-975.901,-3435.397,-42603.4514,46363.6395,-42603.4514,13.7925,13.2219,0.9586,0.0,29.58,class3_2026_05_22_11_10_02.csv,train,background,,0.410199486382775,random
134.328,420,0.672524,-20.484,-30.5476,13.7725,-15.2726,-37.6938,22.4213,1.16,-2665.1112,1319.096,3984.2072,-1891.848,7114.4232,-46269.5972,4.5963,13.72,2.985,0.0,30.727,class1_2026_04_27_14_47_07.csv,train,background,,5.838801017207718,hard
170.702,534,0.854634,-23.875,-31.508,13.0729,-36.0987,-40.6763,4.5777,30.482,2834.837,-5757.2078,-8592.0448,1111.2853,42103.4514,-47777.4342,13.8642,13.0767,0.9432,1.595,30.482,class2_2026_04_27_15_13_52.csv,train,background,,2.5431651843166505,random
127.628,399,0.63898,-2.167,-5.6227,3.9936,-13.6754,-9.6936,-3.9819,12.344,1910.6445,-2648.4954,-4559.1399,697.4922,15260.5585,-2771.1599,3.5989,4.3308,1.2034,3.828,12.847,class3_2026_05_14_13_39_43.csv,train,connector,127.63,,positive
130.818,409,0.654951,-16.38,-16.3102,2.1017,-13.2521,-28.6903,15.4383,4.394,126.811,-5520.8804,-5647.6914,-2503.2683,-1934.1693,-8485.8918,3.1883,13.2713,4.1624,0.0,6.141,class2_2026_04_27_15_26_28.csv,train,break,131.14,,positive
164.959,516,0.825881,-49.9,-38.1292,13.2302,-38.3025,-36.6299,-1.6726,28.325,2496.1844,312.807,-2183.3774,-36172.4154,44396.5533,-36172.4154,13.0242,13.346,1.0247,0.0,28.325,class2_2026_04_27_15_25_41.csv,train,background,,-0.3555212350472069,random
157.301,492,0.787541,-21.939,-31.4532,13.1383,-29.5267,-39.2703,9.7436,6.1015,638.2094,-1145.7553,-1783.9646,2963.9483,47070.5376,-45554.8621,11.2152,13.3512,1.1905,1.276,30.031,class2_2026_04_27_15_38_41.csv,train,background,,4.0493584289292315,hard
181.87,569,0.910547,-21.698,-33.9967,14.2652,-40.408,-37.4641,-2.9439,30.526,5030.2206,6486.1774,1455.9568,-41110.7103,45148.9075,-44203.7649,13.4446,13.9784,1.0397,1.596,30.526,class1_2026_04_27_14_37_06.csv,train,background,,3.9370332501649226,hard
131.776,412,0.659748,-16.621,-16.6036,2.265,-10.8958,-32.1852,21.2894,3.3005,-2085.3639,-2862.2235,-776.8596,-2641.0643,-2302.0506,-4340.1238,3.1967,14.2423,4.4553,0.0,6.188,class1_2026_04_27_14_38_20.csv,train,break,132.09,,positive
127.628,399,0.639099,-7.521,-10.3604,2.7633,-15.6232,-15.0683,-0.5549,8.879,1252.3416,-2837.4922,-4089.8338,633.2288,9304.0752,-2766.4577,2.2925,4.2935,1.8728,2.871,8.523,class2_2026_04_27_15_25_18.csv,train,connector,127.95,,positive
177.083,554,0.886581,-20.149,-30.5501,13.6875,-42.1856,-37.1748,-5.0108,29.751,-1199.3405,-4680.0869,-3480.7464,291.4479,45302.511,-45197.4969,12.4919,14.255,1.1411,0.639,29.751,class2_2026_04_27_15_23_25.csv,train,background,,3.987246331435546,hard
149.963,469,0.750802,-22.49,-40.5692,13.2119,-42.1613,-30.8916,-11.2697,29.577,-3478.5655,1875.7821,5354.3476,42304.0784,43029.6194,-42962.3856,12.4891,13.4955,1.0806,0.957,29.577,class1_2026_04_27_14_49_44.csv,train,background,,5.542480168566468,hard
184.741,578,0.924921,-24.184,-41.2167,12.2992,-34.7742,-34.9515,0.1773,2.9895,-2683.8882,5950.2813,8634.1695,0.0,1445.1426,-40307.2132,13.5749,13.4434,0.9903,0.0,27.64,class1_2026_04_27_14_49_08.csv,train,background,,-10.071933069442288,random
178.041,557,0.891377,-24.126,-28.116,11.8188,-42.2633,-33.3088,-8.9545,30.332,2829.2838,-343.7958,-3173.0796,2446.7085,44548.9272,-46141.069,12.3336,13.3702,1.084,2.553,30.332,class1_2026_04_27_14_46_41.csv,train,background,,4.153131815268351,hard
172.297,539,0.862619,-49.9,-43.7448,11.5216,-41.6633,-39.8418,-1.8215,28.501,-373.8197,-300.7949,73.0248,0.0,0.0,-0.0,11.8197,12.7188,1.0761,0.0,28.501,class2_2026_04_27_15_34_05.csv,train,background,,-8.229251019208844,random
160.173,501,0.80192,-49.9,-34.6346,13.7145,-34.5014,-40.5839,6.0824,29.221,691.5427,1048.2735,356.7308,-44996.8699,45872.618,-44996.8699,13.8452,13.216,0.9546,0.0,29.221,class3_2026_05_14_13_18_55.csv,train,background,,3.1870284222506386,random
149.644,468,0.749205,-20.148,-34.1162,14.1728,-39.5833,-29.5058,-10.0774,4.5155,754.8897,4354.4006,3599.511,1996.2839,46693.0819,-46633.2304,12.9728,12.6909,0.9783,1.277,29.752,class2_2026_04_27_15_22_54.csv,train,background,,4.044227735957596,hard
127.628,399,0.63898,-8.321,-10.8396,2.2008,-14.2585,-16.1383,1.8798,6.4865,714.0953,-2836.867,-3550.9623,614.4201,8098.7461,-2730.4075,1.502,4.7672,3.174,2.552,6.532,class2_2026_04_27_15_22_05.csv,train,connector,127.63,,positive
164.321,514,0.822687,-18.131,-36.7739,14.7131,-37.9261,-37.6678,-0.2583,31.769,-3661.2506,2722.5614,6383.812,43793.1082,49794.6724,-49794.6724,13.4785,13.6983,1.0163,0.957,31.769,class2_2026_04_27_15_49_00.csv,train,background,,4.614714475364191,hard
144.219,451,0.722044,-49.9,-40.1339,13.8277,-38.7998,-40.6938,1.8939,30.917,2307.4257,-559.6751,-2867.1008,-44235.1144,48459.2508,-44235.1144,13.939,13.0789,0.9383,0.0,30.917,class2_2026_04_27_15_57_16.csv,train,background,,3.145398491226797,random
171.021,535,0.856231,-49.9,-40.6484,13.1196,-32.9039,-40.4885,7.5846,29.328,-2043.3014,3967.0263,6010.3276,-45968.6536,45968.6536,-45968.6536,13.5964,13.3363,0.9809,0.0,29.328,class3_2026_05_14_13_43_49.csv,train,background,,3.6797571473462387,hard
70.833,221,0.354631,-14.607,-14.666,0.1156,-14.638,-14.6018,-0.0362,0.171,-13.7384,44.2103,57.9487,186.5204,186.5204,-207.3575,0.1149,0.1071,0.9327,0.0,0.416,class2_2026_04_27_15_20_26.csv,train,background,,-57.04957772251551,random
133.052,416,0.666136,-23.125,-30.9388,13.4599,-14.5735,-36.5856,22.0121,2.005,-2783.0736,936.0483,3719.1219,-45929.4702,575.2367,-45929.4702,4.3998,13.3839,3.042,0.0,30.966,class2_2026_04_27_15_37_07.csv,train,background,,4.458867097972229,hard
140.71,440,0.704476,-49.9,-37.3098,14.1002,-34.3838,-45.0992,10.7154,29.324,1021.566,-339.8039,-1361.3698,-44630.0956,45962.3856,-44630.0956,13.9128,10.736,0.7717,0.0,29.324,class2_2026_04_27_15_51_31.csv,train,background,,3.7378551276599357,hard
135.924,425,0.680515,-21.362,-30.7049,13.5981,-24.3021,-37.2494,12.9473,2.58,-4365.26,-74.7327,4290.5273,-1934.5062,47974.9248,-44474.9248,11.8021,14.1642,1.2001,0.0,30.608,class2_2026_04_27_16_10_45.csv,train,background,,7.129133186041678,hard
149.005,466,0.746006,-49.9,-40.9401,12.7011,-43.7425,-31.2197,-12.5228,29.012,-2620.8347,1102.3951,3723.2298,0.0,40463.953,-40456.1144,11.5371,13.2658,1.1498,0.0,29.012,class1_2026_04_27_14_46_41.csv,train,background,,4.633285993532748,hard
182.189,570,0.912144,-49.9,-39.9823,14.0451,-40.9423,-35.5286,-5.4138,31.489,1412.8697,-796.1873,-2209.057,0.0,45952.9796,-44595.6144,12.7003,14.416,1.1351,0.0,31.489,class3_2026_05_14_13_41_43.csv,train,background,,6.430527240013389,hard
134.009,419,0.670927,-23.582,-30.4776,13.8049,-14.2236,-37.4934,23.2698,1.6965,-2506.4522,3476.4986,5982.9508,-45435.7382,-1978.058,-45435.7382,4.2414,13.9033,3.278,0.0,31.436,class1_2026_04_27_14_43_57.csv,train,background,,6.416112236238427,hard
133.052,416,0.666136,-22.845,-28.1058,11.747,-15.8582,-34.4217,18.5636,1.197,-4986.232,-2382.0647,2604.1674,41780.569,41780.569,-41780.569,9.1806,13.8795,1.5118,0.0,30.86,class2_2026_04_27_15_22_37.csv,train,background,,7.455963186611046,hard
153.791,481,0.769968,-49.9,-36.5837,14.8956,-35.5999,-38.6186,3.0187,31.134,3593.3849,228.5043,-3364.8806,-45947.9708,45876.1771,-45947.9708,14.353,14.1484,0.9857,0.0,31.134,class1_2026_04_27_14_49_22.csv,train,background,,5.328541902816034,hard
191.761,600,0.960067,-22.095,-37.1398,14.2742,-39.1213,-33.0648,-6.0564,17.6285,-160.5582,1654.1381,1814.6963,-1456.1113,46721.9089,-45192.7947,13.5339,13.4971,0.9973,1.276,29.762,class3_2026_05_14_12_53_50.csv,train,background,,3.7204867347598145,hard
127.628,399,0.63898,-2.824,-6.1406,3.8354,-13.9201,-10.4177,-3.5024,12.3125,1863.0992,-2660.3001,-4523.3993,366.7712,14805.1352,-2984.326,3.5176,4.3839,1.2463,3.509,12.408,class3_2026_05_22_11_05_05.csv,train,connector,127.63,,positive
172.617,540,0.864221,-49.9,-37.1023,14.3172,-34.9698,-40.6435,5.6737,29.894,774.6943,-2065.9149,-2840.6092,45550.7985,45550.7985,-3391.848,13.6028,13.1065,0.9635,0.0,29.894,class1_2026_04_27_14_48_51.csv,train,background,,3.9934457642373746,hard
103.059,322,0.515974,-49.9,-37.5976,13.9102,-16.3276,-38.2983,21.9707,1.7805,-2636.8789,5167.8392,7804.7181,-46992.1646,11631.6599,-46992.1646,4.6974,13.0891,2.7864,0.0,30.369,class3_2026_05_14_14_33_56.csv,train,break,100.83,,positive
135.604,424,0.678913,-20.803,-19.7879,0.9899,-14.1135,-27.7244,13.6109,1.2885,-2374.527,-2635.2347,-260.7076,692.9322,692.9322,-177.1176,4.0432,12.0036,2.9688,0.0,3.129,class3_2026_05_14_14_34_45.csv,train,break,134.01,,positive
131.138,410,0.656553,-14.705,-14.7246,2.2038,-10.7581,-26.9182,16.1601,3.882,-600.5049,-2303.7025,-1703.1976,-2772.2124,-2115.9875,-3084.6395,3.1147,12.5735,4.0368,0.0,6.639,class1_2026_04_27_14_49_30.csv,train,break,131.46,,positive
42.436,132,0.212459,-21.561,-33.713,14.5005,-21.4571,-40.9508,19.4937,3.1135,-4788.3292,-1924.5186,2863.8106,-802.5094,44418.4969,-47126.9624,10.6989,12.7736,1.1939,0.0,30.579,class3_2026_05_14_13_11_39.csv,train,background,,9.372387128120199,hard
127.628,399,0.63898,-5.873,-8.7701,2.8841,-13.9058,-15.1294,1.2236,8.8875,1139.8956,-2693.4945,-3833.3901,611.2853,9663.0094,-2708.4639,2.2582,9.3685,4.1487,2.871,8.897,class1_2026_04_27_14_48_32.csv,train,connector,127.63,,positive
131.457,411,0.65815,-18.229,-24.2381,13.794,-12.9907,-36.8023,23.8116,3.7445,-1404.6876,-3227.0437,-1822.3561,-2973.3527,-2119.6262,-49641.069,3.1166,14.663,4.7048,0.0,35.611,class2_2026_04_27_15_59_08.csv,train,break,131.14,,positive
132.095,413,0.661345,-23.686,-24.3278,9.7684,-13.4326,-28.3511,14.9185,2.9115,-2478.7991,-931.7458,1547.0533,-14927.9013,-1863.0271,-41087.7759,3.3279,11.704,3.5169,0.0,33.242,class2_2026_04_27_15_35_08.csv,train,break,131.46,,positive
186.337,583,0.932912,-49.9,-41.3356,12.2594,-36.5599,-35.1411,-1.4188,7.9615,-457.3587,860.1171,1317.4757,-0.0,0.0,-0.0,13.4324,13.3496,0.9938,0.0,28.317,class2_2026_04_27_15_28_02.csv,train,background,,-8.818982463316045,random
137.2,429,0.686903,-49.9,-40.6421,13.1014,-23.1077,-45.4532,22.3456,3.715,-3164.572,881.1101,4045.6821,-42575.2382,42575.2382,-42575.2382,9.9223,9.9492,1.0027,0.0,28.946,class3_2026_05_14_13_39_31.csv,train,background,,5.47955098998729,hard
172.617,540,0.864221,-22.324,-43.5921,11.8071,-33.4094,-36.1987,2.7893,4.9115,-3642.5732,1807.948,5450.5212,45561.6623,45561.6623,-45760.1912,13.2645,13.7672,1.0379,0.958,29.195,class2_2026_04_27_15_29_16.csv,train,background,,-1.1381979872410795,random
127.628,399,0.63898,-7.874,-10.756,2.8692,-15.9784,-15.5001,-0.4784,8.87,1181.3514,-2578.6549,-3760.0063,658.3072,9518.8088,-2750.7837,2.2909,4.6036,2.0095,2.871,8.877,class2_2026_04_27_15_24_25.csv,train,connector,127.95,,positive
144.538,452,0.723642,-49.9,-34.0214,14.2205,-33.5379,-38.8421,5.3042,20.902,3476.5213,-4518.7606,-7995.282,43236.6787,45156.7429,-47371.4765,13.2986,13.8818,1.0439,0.0,30.223,class3_2026_05_22_11_06_12.csv,train,background,,4.066048697359508,hard
155.068,485,0.776361,-19.72,-30.1812,13.9864,-29.9022,-38.8083,8.9062,5.132,-3372.7221,-6443.6876,-3070.9655,43951.4154,47425.3416,-48123.826,14.2383,13.9212,0.9777,0.638,30.754,class3_2026_05_14_13_12_07.csv,train,background,,5.46209060634485,hard
134.966,422,0.675719,-20.649,-27.8458,11.8175,-18.1147,-34.3285,16.2138,1.5645,-4234.429,-358.2318,3876.1972,973.3542,45847.9655,-44465.1912,8.606,13.9478,1.6207,0.0,30.155,class1_2026_04_27_14_45_04.csv,train,background,,6.35244364720012,hard
132.095,413,0.661345,-19.692,-23.3539,9.6406,-13.998,-33.4263,19.4283,2.6595,-2674.8529,-1694.3569,980.4961,4230.406,4230.406,-47347.9671,3.6369,13.2599,3.6459,0.0,33.018,class2_2026_04_27_15_41_59.csv,train,break,131.46,,positive
127.628,399,0.63898,-7.897,-10.7837,2.8864,-15.9843,-17.1064,1.1221,8.729,1242.331,-2812.3787,-4054.7097,694.3574,9634.7962,-2816.6144,2.2954,8.9786,3.9115,2.871,8.889,class2_2026_04_27_15_36_21.csv,train,connector,127.63,,positive
133.052,416,0.666136,-19.688,-24.113,9.3747,-14.2834,-35.3709,21.0874,1.2975,-2417.867,-4908.1841,-2490.3171,-3183.3856,10.9718,-47354.2351,3.9207,13.1846,3.3628,0.0,30.96,class2_2026_04_27_15_50_53.csv,train,break,131.14,,positive
156.025,488,0.781152,-49.9,-33.759,14.4869,-31.5295,-35.8033,4.2738,4.9015,-443.8346,-1150.0989,-706.2643,-42473.3574,47156.7445,-42481.1928,13.2738,14.1424,1.0654,0.0,30.786,class2_2026_04_27_16_02_47.csv,train,background,,3.7457575630707973,hard
163.364,511,0.817896,-20.162,-37.7012,13.6916,-45.1821,-34.7603,-10.4217,29.738,-649.2549,-2758.0564,-2108.8015,43149.5982,46392.9104,-46611.2868,10.5505,13.5799,1.2871,0.958,29.738,class2_2026_04_27_15_15_26.csv,train,background,,6.210067927577562,hard
82.958,259,0.415336,-21.154,-33.7988,14.4136,-25.9636,-31.9296,5.9659,1.961,-2690.1028,2559.66,5249.7628,-44291.5392,44291.5392,-45056.431,10.7655,14.3559,1.3335,0.0,30.501,class3_2026_05_14_14_35_39.csv,train,background,,3.8462875806625254,hard
125.075,391,0.626198,-20.393,-31.2188,13.3256,-31.3859,-41.151,9.7651,23.728,903.0898,-1619.8559,-2522.9457,9993.7304,37547.0251,-46249.2194,13.1527,12.8372,0.976,1.595,30.331,class3_2026_05_14_13_47_38.csv,train,background,,3.867279057998612,hard
144.219,451,0.722044,-49.9,-37.2853,14.1218,-29.7595,-43.7878,14.0283,29.518,-3821.2644,-2544.2999,1276.9644,-0.0,43738.2461,-45851.1019,12.8506,11.4926,0.8943,0.0,29.518,class3_2026_05_14_13_12_07.csv,train,background,,5.92512727191396,hard
74.024,231,0.370607,-14.916,-14.7458,0.1914,-14.6902,-14.7148,0.0247,0.126,-1.8616,-0.7699,1.0916,-847.9624,434.1693,-847.9624,0.121,0.1546,1.2776,0.0,0.623,class1_2026_04_27_14_49_44.csv,train,background,,-56.72971522216646,random
185.379,580,0.928115,-26.209,-31.7872,12.8988,-42.3077,-34.8449,-7.4627,29.985,3880.5433,-1979.0871,-5859.6304,-3384.0094,42888.7163,-43412.2342,12.282,13.5317,1.1018,1.596,29.985,class3_2026_05_14_13_21_55.csv,train,background,,3.8365851228541197,hard
156.025,488,0.781152,-49.9,-34.216,14.0583,-27.7875,-36.1507,8.3632,3.646,-1915.5711,-1406.2809,509.2903,-45609.7194,47117.5564,-45609.7194,11.9196,13.7965,1.1575,0.0,30.061,class1_2026_04_27_14_47_19.csv,train,background,,4.358071749995139,hard
156.025,488,0.781152,-20.151,-37.185,14.2541,-34.6831,-43.8668,9.1837,30.034,-2253.1451,-1802.8358,450.3093,0.0,47075.2398,-44808.7806,13.7543,11.3329,0.824,0.638,30.034,class2_2026_04_27_15_44_43.csv,train,background,,4.486228774410504,hard
156.982,491,0.785944,-49.9,-37.3022,14.133,-26.8648,-43.7807,16.9158,4.37,1315.5941,-1327.3431,-2642.9372,-46377.7445,46377.7445,-46377.7445,10.3979,11.4657,1.1027,0.0,29.589,class2_2026_04_27_15_16_41.csv,train,background,,6.112795754821549,hard
133.69,418,0.66933,-49.9,-31.8616,12.873,-16.7338,-42.3667,25.6328,1.9195,-2277.9615,-2056.5319,221.4296,-6935.7351,2744.5125,-36824.4545,4.0651,12.2133,3.0044,0.0,30.007,class2_2026_04_27_16_05_29.csv,train,background,,4.168029343237982,hard
184.422,577,0.923324,-49.9,-35.9439,12.6481,-38.095,-33.4332,-4.6618,6.006,2511.0328,-1116.9571,-3627.9899,-42047.0266,34109.721,-42047.0266,13.2855,13.2403,0.9966,0.0,27.799,class3_2026_05_14_13_09_48.csv,train,background,,-2.837187009587464,random
133.052,416,0.666136,-49.9,-30.2468,13.9798,-13.6936,-36.0005,22.3069,2.537,-2607.6662,-303.0405,2304.6257,-3457.6834,-951.4107,-43429.4718,4.1363,13.931,3.3679,0.0,31.796,class2_2026_04_27_15_26_18.csv,train,break,132.41,,positive
190.484,596,0.953674,-19.837,-37.2953,14.1233,-41.3903,-36.2584,-5.1319,30.063,2589.584,1926.507,-663.077,0.0,42782.1348,-46053.2947,12.1565,13.6791,1.1252,0.638,30.063,class3_2026_05_14_13_19_51.csv,train,background,,3.8499385550783933,hard
153.791,481,0.769968,-49.9,-40.0787,13.8945,-30.9827,-45.6782,14.6955,30.051,133.031,1948.5895,1815.5584,-46745.4583,44771.163,-46745.4583,13.4212,9.5537,0.7118,0.0,30.051,class2_2026_04_27_15_12_38.csv,train,background,,5.0661135144043765,hard
137.519,430,0.6885,-49.9,-37.5631,13.8036,-33.7997,-34.2952,0.4954,1.701,-3236.1905,1049.9349,4286.1254,-1865.2053,44672.4169,-42807.2116,14.433,13.9727,0.9681,0.0,28.566,class2_2026_04_27_15_48_47.csv,train,background,,-1.4276842295373666,random
127.628,399,0.63898,-5.951,-8.8256,2.8296,-13.9457,-13.5103,-0.4354,8.84,1164.5154,-2683.6688,-3848.1842,562.6959,9617.5549,-2799.373,2.2522,4.3155,1.9161,2.871,8.7,class1_2026_04_27_14_37_11.csv,train,connector,127.95,,positive
155.387,486,0.777958,-21.307,-34.0328,14.1994,-28.4642,-40.7436,12.2794,4.627,-1447.0618,-1268.6664,178.3954,-44362.0721,44816.6191,-44816.6191,11.6522,12.9616,1.1124,0.957,29.561,class2_2026_04_27_15_32_53.csv,train,background,,4.951818269507522,hard
174.85,547,0.875401,-49.9,-34.4533,13.824,-35.808,-35.9651,0.1571,16.455,5259.0502,4428.0,-831.0502,-43449.8448,43741.3824,-43689.6599,14.124,13.973,0.9893,0.0,28.756,class2_2026_04_27_15_39_46.csv,train,background,,-0.5600103660383664,random
132.414,414,0.662942,-21.735,-26.2022,12.7602,-13.6332,-31.0193,17.3861,2.1015,-2669.9953,-2753.2212,-83.2259,-1921.6301,-1921.6301,-44210.0345,3.6118,13.4332,3.7192,0.0,32.804,class2_2026_04_27_15_43_11.csv,train,break,131.46,,positive
143.581,449,0.71885,-22.993,-40.4124,13.4325,-39.1268,-40.5018,1.375,29.261,2048.291,1231.0661,-817.2249,0.0,45799.3762,-45863.6395,13.5788,13.3668,0.9844,0.638,29.261,class2_2026_04_27_15_50_35.csv,train,background,,0.8048079523837227,random
125.394,392,0.627796,-21.225,-26.2016,14.0401,-26.7308,-34.453,7.7222,6.1825,945.0716,984.9826,39.9111,-24349.5266,54811.9154,-44945.1442,14.5844,16.045,1.1001,0.0,35.316,class3_2026_05_14_13_18_55.csv,train,background,,12.110579061359097,hard
131.457,411,0.65815,-15.351,-15.4874,2.1037,-10.7601,-26.0073,15.2472,3.819,-1385.7057,-3986.2327,-2600.527,-3326.0188,-2084.8993,-3460.815,3.1124,11.0131,3.5384,0.0,6.028,class1_2026_04_27_14_49_15.csv,train,break,131.78,,positive
125.713,393,0.629393,-49.9,-25.8769,14.3577,-28.1527,-10.3269,-17.8258,14.5135,2417.3683,4127.6986,1710.3304,-37355.8041,-4263.3245,-37355.8041,11.719,10.8259,0.9238,0.0,44.399,class3_2026_05_14_13_09_36.csv,train,background,,14.717547879280229,hard
172.297,539,0.862619,-49.9,-37.0196,14.4391,-37.9268,-35.8141,-2.1128,30.7,-3270.9082,-3441.3459,-170.4377,42055.9613,47531.3495,-6172.4122,13.4954,14.1127,1.0457,0.0,30.7,class2_2026_04_27_15_39_46.csv,train,background,,4.289233756243847,hard
126.032,394,0.63099,-16.678,-14.7554,2.7212,-15.1557,-13.0794,-2.0763,6.014,-373.8714,-619.858,-245.9866,-50.1567,-50.1567,-50.1567,0.5909,3.3926,5.7413,0.0,7.979,class2_2026_04_27_15_15_03.csv,train,bend,125.07,,positive
162.406,508,0.813099,-49.9,-37.3361,14.1535,-39.4901,-34.4979,-4.9922,30.245,-691.3738,-276.8204,414.5534,37352.6677,45514.1097,-37114.8354,13.1099,13.8521,1.0566,0.0,30.245,class2_2026_04_27_16_05_41.csv,train,background,,4.519354801287672,hard
73.067,228,0.365816,-23.152,-25.1108,8.921,-18.8448,-26.5079,7.6631,0.6475,-1468.0441,-14.0236,1454.0205,4119.1223,4119.1223,-41924.768,3.0828,10.6294,3.4479,0.0,30.185,class3_2026_05_14_12_55_25.csv,train,break,69.88,,positive
133.371,417,0.667733,-49.9,-37.5222,13.9009,-22.8349,-39.1706,16.3357,2.6815,-6172.4638,774.1531,6946.617,8703.7649,39225.7069,-47929.4718,12.5531,13.551,1.0795,0.0,30.579,class3_2026_05_14_13_15_32.csv,train,background,,7.259603115455724,hard
192.08,601,0.961665,-25.494,-31.8258,12.857,-41.9812,-32.7719,-9.2093,29.137,-552.6801,-799.2551,-246.575,-6072.0987,44665.9329,-39597.1834,12.7741,13.709,1.0732,1.595,29.137,class2_2026_04_27_15_35_57.csv,train,background,,4.222659139268911,hard
139.114,435,0.696486,-49.9,-40.655,13.0874,-31.4174,-41.8073,10.3898,29.071,988.8909,2307.4257,1318.5348,-43103.4514,43103.4514,-43103.4514,13.143,13.0611,0.9938,0.0,29.071,class2_2026_04_27_15_57_16.csv,train,background,,4.139842105315408,hard
150.601,471,0.753997,-49.9,-35.2166,13.1702,-36.5382,-30.0993,-6.4388,2.2495,3792.6783,326.5145,-3466.1638,-42854.2351,38429.741,-42934.174,13.4106,12.3605,0.9217,0.0,27.761,class1_2026_04_27_14_39_22.csv,train,background,,-1.9886087919486874,random
133.371,417,0.667733,-25.792,-35.0043,13.5368,-17.0062,-39.5599,22.5537,2.1005,-5132.3091,4054.4867,9186.7959,12398.1191,37786.837,-46736.6787,9.3884,13.0329,1.3882,0.0,29.818,class2_2026_04_27_15_42_28.csv,train,background,,8.636995839316587,hard
137.2,429,0.686903,-19.967,-38.3216,13.4599,-41.2862,-35.8577,-5.4285,29.933,1363.9287,3674.6497,2310.7209,19838.5533,44827.5909,-46916.9326,12.4236,14.0641,1.132,1.595,29.933,class3_2026_05_14_13_17_44.csv,train,background,,3.9614779106962263,hard
183.465,574,0.918533,-22.702,-43.854,11.311,-33.2996,-39.0174,5.7178,15.731,-4759.3006,2536.1177,7295.4183,0.0,42630.0972,-42630.0972,13.3422,13.7147,1.0279,0.638,27.216,class2_2026_04_27_16_02_47.csv,train,background,,-1.6726036778288649,random
70.514,220,0.353034,-22.988,-23.8101,9.395,-15.0282,-36.8643,21.8362,1.826,-2222.1194,204.4823,2426.6016,-46142.6364,-1567.3981,-46876.1787,2.9042,13.4516,4.6318,0.0,31.643,class3_2026_05_14_13_10_59.csv,train,connector,66.37,,positive
149.005,466,0.746006,-21.231,-31.5324,13.1363,-40.8789,-34.4007,-6.4782,29.804,2765.9555,-571.4833,-3337.4388,-681.8166,44935.7382,-44718.3545,12.8747,13.8858,1.0785,1.277,29.804,class3_2026_05_14_13_18_31.csv,train,background,,3.9539843486500175,hard
128.904,403,0.645369,-17.149,-17.3003,2.2512,-15.3725,-34.0534,18.6809,3.602,76.6491,-5534.7078,-5611.3569,-2551.7257,-380.8777,-7095.6113,0.5761,14.292,24.8102,0.0,7.412,class3_2026_05_14_13_15_01.csv,train,break,128.59,,positive
151.239,473,0.757191,-49.9,-34.1032,14.2084,-40.4141,-36.0936,-4.3206,30.635,-2471.249,-2645.0513,-173.8023,44620.6944,47844.8307,-48017.2461,13.4348,13.8893,1.0338,0.0,30.635,class2_2026_04_27_15_41_42.csv,train,background,,4.979283498899396,hard
149.005,466,0.746006,-49.9,-37.5857,13.8248,-41.561,-34.8527,-6.7083,29.483,-832.9807,-676.7474,156.2333,2561.1301,43650.4718,-45995.098,11.9142,13.7711,1.1559,0.0,29.483,class2_2026_04_27_15_38_31.csv,train,background,,4.013991937327607,hard
131.138,410,0.656553,-17.01,-17.0158,2.1287,-13.0173,-30.0493,17.0319,3.8485,-619.6259,-5327.7659,-4708.14,-2295.8404,-2054.8589,-3456.1129,3.1138,14.0895,4.5249,0.0,6.155,class2_2026_04_27_15_49_56.csv,train,break,131.14,,positive
143.262,448,0.717253,-23.295,-34.2479,14.0673,-39.182,-36.2142,-2.9678,31.125,-1751.1615,2758.2801,4509.4416,3443.5737,45341.6959,-48785.2696,13.4676,13.8366,1.0274,1.276,31.125,class2_2026_04_27_15_31_02.csv,train,background,,4.2921697359271045,hard
158.577,496,0.793929,-19.058,-31.5458,13.1248,-38.0317,-43.7507,5.719,30.842,2625.8937,-777.3888,-3403.2825,-37154.5111,44824.4545,-40775.8652,13.3397,11.5308,0.8644,1.915,30.842,class2_2026_04_27_16_04_37.csv,train,background,,2.5445974059662646,random
158.897,497,0.795531,-23.482,-34.2344,14.0571,-34.7648,-41.0031,6.2383,29.945,-47.1561,597.351,644.5071,3154.3565,46935.7398,-44641.0674,13.6449,12.6299,0.9256,1.277,29.945,class2_2026_04_27_15_35_32.csv,train,background,,3.8965809108604086,hard
131.457,411,0.65815,-17.836,-17.8426,2.3278,-13.0968,-32.5226,19.4258,3.2525,-1420.4764,-4603.9124,-3183.436,-645.7696,-645.7696,-7072.1003,3.1997,13.9637,4.364,0.0,8.022,class2_2026_04_27_15_39_59.csv,train,break,131.14,,positive
120.289,376,0.602237,-22.3,-28.9016,15.0577,-33.2083,-31.2963,-1.912,8.1865,-189.5793,2700.825,2890.4043,46899.6881,46899.6881,-46899.6881,15.1667,15.0016,0.9891,0.0,35.283,class3_2026_05_14_13_11_09.csv,train,background,,8.141748697335464,hard
171.659,537,0.859425,-49.9,-37.0537,14.371,-33.2808,-38.9827,5.7019,20.999,1933.5236,-1755.3505,-3688.8742,3244.5125,45271.163,-46929.1277,13.5312,13.7086,1.0131,0.0,29.894,class1_2026_04_27_14_48_51.csv,train,background,,3.9475371237693677,hard
124.118,388,0.621407,-19.569,-36.8564,14.5931,-35.4577,-37.1182,1.6604,30.331,38.5499,71.2356,32.6857,2536.0502,47540.7555,-47540.7555,14.4627,14.308,0.9893,1.276,30.331,class3_2026_05_14_12_56_02.csv,train,background,,3.991946136293603,hard
134.009,419,0.670927,-26.708,-31.1902,13.3611,-17.4997,-38.1954,20.6957,1.0935,-4464.9592,-3816.0966,648.8627,43592.4812,43592.4812,-44840.1285,8.7086,13.2064,1.5165,0.0,29.996,class2_2026_04_27_15_18_09.csv,train,background,,8.645884108525367,hard
127.628,399,0.63898,-5.946,-8.8079,2.8383,-13.907,-13.4521,-0.4549,8.811,1151.1184,-2681.2034,-3832.3218,545.4545,9509.4044,-2739.8119,2.2478,4.2613,1.8958,2.871,8.779,class1_2026_04_27_14_38_09.csv,train,connector,127.95,,positive
179.317,561,0.897766,-20.483,-30.5172,13.7376,-43.5036,-33.4289,-10.0747,30.26,2042.2859,-2802.3516,-4844.6375,-4163.0094,46108.1536,-46108.1536,11.9828,13.484,1.1253,1.276,30.26,class2_2026_04_27_15_35_21.csv,train,background,,6.47212454041012,hard
189.208,592,0.947286,-24.259,-28.9922,11.3395,-37.8579,-40.9596,3.1016,30.627,5707.511,-4554.4217,-10261.9327,-43714.7367,40501.5721,-45101.884,13.5496,12.709,0.938,1.914,30.627,class2_2026_04_27_15_59_08.csv,train,background,,0.042173984044759916,random
131.457,411,0.65815,-18.611,-24.9136,13.4218,-13.9559,-29.9524,15.9964,3.392,-1368.9468,391.4573,1760.4041,-2659.8762,-1979.1364,-49042.3229,3.0735,12.5162,4.0723,0.0,34.551,class2_2026_04_27_15_13_52.csv,train,break,131.14,,positive
127.628,399,0.63898,-7.602,-10.5058,2.9135,-15.6444,-16.7071,1.0627,8.7635,1142.9607,-2615.5406,-3758.5012,611.2853,9735.1097,-2744.5141,2.2745,9.0251,3.9679,2.871,8.989,class2_2026_04_27_15_32_53.csv,train,connector,127.95,,positive
164.321,514,0.822687,-20.18,-33.9843,14.2431,-42.914,-34.9074,-8.0066,29.72,2133.5258,796.4638,-1337.062,-1238.2429,46583.0752,-43995.3025,11.5223,13.4402,1.1665,1.595,29.72,class1_2026_04_27_14_49_44.csv,train,background,,5.3450771348642485,hard
182.508,571,0.913742,-20.949,-37.7168,13.7481,-32.5614,-39.4817,6.9203,19.057,135.5805,582.7922,447.2118,-5996.8652,45377.7476,-45377.7476,13.879,13.1212,0.9454,1.276,30.62,class2_2026_04_27_15_49_56.csv,train,background,,4.105999376062799,hard
127.628,399,0.63898,-8.286,-11.2013,2.9327,-16.4529,-15.8835,-0.5694,8.881,1229.6036,-2725.2725,-3954.8761,572.1003,9673.5738,-2753.9185,2.3403,4.3772,1.8703,2.871,9.128,class2_2026_04_27_15_50_35.csv,train,connector,127.95,,positive
137.519,430,0.6885,-49.9,-34.2081,14.0745,-27.5982,-36.7955,9.1973,4.127,-2218.4818,-629.3799,1589.1019,-43681.8213,43681.8213,-43681.8213,12.0435,13.3092,1.1051,0.0,29.814,class2_2026_04_27_15_20_55.csv,train,background,,3.6793292637199446,hard
119.013,372,0.595849,-22.083,-34.0274,14.2117,-32.8853,-40.3719,7.4866,30.161,-644.5712,485.3759,1129.9471,0.0,44609.7226,-47274.2978,13.6811,13.4946,0.9864,0.638,30.161,class3_2026_05_14_13_10_35.csv,train,background,,5.273655813441018,hard
178.041,557,0.891377,-23.707,-35.1154,13.4117,-31.7447,-40.8576,9.1129,20.2825,-2426.7325,442.2332,2868.9657,-0.0,44591.9902,-46829.1552,13.12,12.8648,0.9806,0.638,29.877,class1_2026_04_27_14_36_42.csv,train,background,,3.97669104720477,hard
136.243,426,0.682112,-24.386,-31.2531,13.409,-16.2468,-37.5718,21.325,0.4145,-2274.3867,362.0545,2636.4412,-46880.8809,11808.9948,-46880.8809,4.2541,13.9472,3.2785,0.0,30.226,class3_2026_05_14_13_22_54.csv,train,background,,5.3508530136896635,hard
38.607,120,0.193289,-16.77,-16.2168,0.2401,-16.0899,-16.1619,0.0721,0.2475,-38.5671,5.6849,44.252,-388.7132,1.5658,-388.7132,0.1696,0.1647,0.9711,0.0,0.879,class2_2026_04_27_16_06_07.csv,train,background,,-56.473616794360666,random
136.881,428,0.685306,-25.456,-31.7906,12.9062,-25.2861,-37.7414,12.4553,1.9935,-4181.6437,-2520.3188,1661.325,-0.0,43115.2338,-0.0,11.1974,13.6534,1.2193,0.0,29.315,class2_2026_04_27_15_36_45.csv,train,background,,3.9728612246168216,hard
127.628,399,0.63898,-7.779,-10.6499,2.8417,-15.6442,-15.6875,0.0433,8.61,1093.5744,-2822.144,-3915.7183,605.0157,9758.6207,-2742.9467,2.2054,4.8696,2.208,2.871,8.669,class2_2026_04_27_15_17_19.csv,train,connector,127.63,,positive
156.344,489,0.782749,-49.9,-38.0748,13.3816,-31.2537,-39.0521,7.7983,8.012,1298.4489,3904.8953,2606.4464,-45103.4498,47468.6552,-45103.4498,13.334,13.6898,1.0267,0.0,30.285,class2_2026_04_27_16_01_09.csv,train,background,,3.995616193782668,hard
132.414,414,0.662942,-19.615,-23.1014,9.6122,-13.7829,-32.5423,18.7594,2.737,-2843.2648,-4115.4556,-1272.1909,2949.8433,2949.8433,-47468.6552,3.8704,13.9019,3.5919,0.0,32.874,class2_2026_04_27_15_46_41.csv,train,break,131.14,,positive
145.815,456,0.730035,-23.069,-34.9329,13.3982,-40.908,-36.0401,-4.8679,27.955,-224.1072,1303.7417,1527.8489,418.4969,42356.1517,-42708.4671,12.7578,13.8976,1.0893,1.276,27.955,class2_2026_04_27_15_36_45.csv,train,background,,1.1762322090260575,random
84.234,263,0.421725,-16.423,-16.2759,0.2087,-16.3041,-16.2859,-0.0182,0.278,59.8605,83.7571,23.8967,-266.4577,675.5486,-701.8851,0.2251,0.2385,1.0594,0.0,0.602,class2_2026_04_27_16_03_03.csv,train,background,,-56.62205563796367,random
159.854,500,0.800322,-20.702,-37.8402,13.5396,-40.8794,-31.6296,-9.2498,18.373,-4586.2518,2310.9892,6897.241,43010.9749,45764.8934,-45764.8934,12.8023,13.0391,1.0185,0.957,29.198,class2_2026_04_27_15_36_45.csv,train,background,,3.7042143546200332,hard
156.663,490,0.784346,-49.9,-30.389,13.8009,-28.4661,-37.4528,8.9867,3.676,355.6971,-2828.5483,-3184.2454,738.2445,46493.7335,-46835.4279,11.589,13.9477,1.2035,0.0,29.881,class3_2026_05_22_11_05_05.csv,train,background,,4.339556669499075,hard
134.009,419,0.670927,-20.407,-31.1464,13.3589,-19.4693,-37.6379,18.1686,1.7265,-5432.0872,-4872.4468,559.6404,-12.5423,46227.2759,-40973.3558,11.3554,13.774,1.213,1.276,30.347,class2_2026_04_27_15_34_05.csv,train,background,,8.629176124864035,hard
132.733,415,0.664539,-20.531,-27.6678,12.2382,-13.665,-36.706,23.041,3.368,-2680.0504,252.1578,2932.2082,-44183.3887,-1843.2618,-46032.9185,3.9191,13.2819,3.389,0.0,32.423,class2_2026_04_27_15_38_31.csv,train,break,131.78,,positive
127.628,399,0.63898,-8.434,-11.332,2.8836,-16.3683,-17.5612,1.1929,8.5635,1073.6152,-2741.0639,-3814.6791,609.7179,9417.5592,-2774.2947,2.256,8.8602,3.9273,2.871,9.008,class2_2026_04_27_16_05_41.csv,train,connector,127.63,,positive
146.134,457,0.731632,-49.9,-38.5722,12.9085,-34.8054,-36.6831,1.8777,8.249,3875.5377,3540.1511,-335.3867,-40595.6144,46999.703,-40595.6144,13.54,13.3703,0.9875,0.0,30.103,class3_2026_05_14_13_10_59.csv,train,background,,0.20710984846243805,random
154.111,482,0.77157,-25.963,-34.0627,14.2746,-39.5175,-36.1469,-3.3706,30.318,3013.8363,1069.8981,-1943.9382,-234.4926,47520.3777,-44735.1144,13.3288,13.827,1.0374,0.639,30.318,class2_2026_04_27_15_34_55.csv,train,background,,4.148623495710535,hard
111.036,347,0.555911,-49.9,-30.9854,13.4242,-19.2471,-37.1398,17.8927,2.1665,-630.0654,3009.1794,3639.2448,-2285.268,263.3213,-41761.7571,1.3532,13.1169,9.6934,0.0,30.467,class3_2026_05_14_12_56_35.csv,train,break,106.57,,positive
134.328,420,0.672524,-21.274,-34.4804,13.8353,-20.3521,-40.2656,19.9135,0.5305,-5959.6987,-959.0009,5000.6979,45735.1113,45735.1113,-45735.1113,11.2159,13.6256,1.2149,0.0,29.179,class2_2026_04_27_15_21_31.csv,train,background,,8.504094433597063,hard
173.255,542,0.867416,-49.9,-40.6118,13.1481,-40.7709,-32.9117,-7.8592,29.267,518.0727,867.1622,349.0896,42731.9796,45658.1277,-42731.9796,12.9851,13.5937,1.0469,0.0,29.267,class1_2026_04_27_14_37_11.csv,train,background,,3.956791936795531,hard
131.776,412,0.659748,-18.693,-18.3216,2.2297,-12.6811,-35.5744,22.8934,3.3425,-2126.834,-6944.1422,-4817.3083,-2377.7429,-2326.267,-6631.6599,3.2393,14.3648,4.4345,0.0,7.81,class2_2026_04_27_15_53_29.csv,train,break,131.46,,positive
132.414,414,0.662942,-20.097,-26.5636,12.5548,-15.323,-38.8532,23.5302,2.6535,-4985.5814,-3699.2772,1286.3042,42866.7727,42866.7727,-46167.7147,8.9814,13.8562,1.5428,0.0,32.155,class2_2026_04_27_15_14_19.csv,train,background,,11.975157365426307,hard
132.095,413,0.661345,-19.614,-22.0289,10.0692,-12.6128,-35.8486,23.2358,3.384,-2437.6543,-2996.8061,-559.1519,-429.4671,-429.4671,-47470.2226,3.3187,14.1112,4.252,0.0,34.465,class2_2026_04_27_15_32_53.csv,train,break,131.78,,positive
150.282,470,0.752399,-19.865,-30.3874,13.8632,-37.3756,-31.2537,-6.1218,6.679,-4594.2289,-4459.2659,134.963,-2512.5408,47233.6804,-40768.0298,14.0703,13.334,0.9477,1.595,31.149,class2_2026_04_27_16_01_09.csv,train,background,,3.925281418475718,hard
150.601,471,0.753997,-19.968,-36.874,14.5866,-39.2067,-35.7337,-3.4731,30.889,-2819.4032,571.581,3390.9842,-0.0,43331.0308,-46915.3636,13.4753,14.2162,1.055,0.638,30.889,class1_2026_04_27_14_38_15.csv,train,background,,4.765561702040043,hard
132.733,415,0.664539,-49.9,-26.9638,12.4176,-13.0878,-32.5743,19.4866,2.1715,-2750.0399,-624.3648,2125.6751,390.2837,390.2837,-39937.3072,4.0104,13.8651,3.4572,0.0,32.246,class2_2026_04_27_15_54_27.csv,train,background,,3.980933895474875,hard
136.881,428,0.685306,-21.668,-31.2438,13.263,-24.7108,-34.1261,9.4153,2.7665,-4352.0699,-1632.1868,2719.8831,5724.1348,39967.0893,-45691.2241,11.528,14.1441,1.2269,0.0,30.65,class1_2026_04_27_14_39_28.csv,train,background,,4.0348322470498585,hard
193.356,605,0.968053,-49.9,-41.2044,12.333,-36.1183,-37.7174,1.5991,27.25,1538.6487,-364.1769,-1902.8256,0.0,42661.4467,-42711.6019,13.842,13.6505,0.9862,0.0,27.25,class2_2026_04_27_15_44_43.csv,train,background,,-2.1522919584636355,random
191.761,600,0.960067,-49.9,-34.9829,13.4373,-36.3014,-34.2143,-2.0871,5.9775,1054.4255,353.0442,-701.3812,0.0,42697.7701,-1898.1207,13.6476,13.0208,0.9541,0.0,29.027,class2_2026_04_27_15_50_35.csv,train,background,,-1.326742629246717,random
121.565,380,0.608625,-49.9,-27.6682,11.9214,-24.7242,-26.2693,1.5452,1.256,1812.5111,2132.7664,320.2552,-46415.3621,987.4592,-46415.3621,9.1585,13.3529,1.458,0.0,29.739,class3_2026_05_14_14_35_39.csv,train,background,,-8.003079536840284,random
127.628,399,0.63898,-8.524,-11.419,2.8855,-16.4868,-17.4035,0.9167,8.6745,1138.7617,-2565.2169,-3703.9786,637.931,9534.8768,-2725.7053,2.251,8.7265,3.8767,2.871,9.036,class2_2026_04_27_15_34_30.csv,train,connector,127.63,,positive
136.881,428,0.685433,-49.9,-40.3194,13.5679,-26.7966,-39.3856,12.5889,3.6545,-4196.3345,4148.926,8345.2605,-0.0,42336.7589,-47294.674,12.4504,13.216,1.0615,0.0,30.174,class2_2026_04_27_15_25_18.csv,train,background,,4.982603639886938,hard
89.978,281,0.450482,-49.9,-29.6674,14.5973,-29.2004,-34.632,5.4316,10.093,1616.9169,-1582.5031,-3199.4199,-42583.2582,42783.7022,-42583.2582,13.2608,15.4694,1.1666,0.0,35.277,class3_2026_05_14_13_11_09.csv,train,background,,9.459660600908965,hard
181.55,568,0.908945,-49.9,-35.7502,12.7904,-34.6904,-36.2031,1.5127,6.153,1071.9709,-3349.7651,-4421.736,0.0,2520.3746,-11855.7978,13.6825,13.8076,1.0091,0.0,29.122,class1_2026_04_27_14_45_33.csv,train,background,,-6.971580530655025,random
83.596,261,0.41853,-49.9,-34.1804,14.0679,-34.9425,-33.4308,-1.5117,4.8025,-1135.5546,-4317.5235,-3181.969,45257.058,45257.058,-42750.7868,13.4762,13.2423,0.9826,0.0,29.004,class3_2026_05_14_13_17_52.csv,train,background,,-0.6579655383309244,random
143.581,449,0.71885,-23.575,-33.9478,14.3109,-35.8144,-42.3053,6.4908,30.092,1897.6249,-4230.0627,-6127.6875,0.0,46760.1928,-41261.7571,14.1307,12.3142,0.8714,0.638,30.092,class2_2026_04_27_15_42_28.csv,train,background,,4.069945136700557,hard
186.656,584,0.934509,-49.9,-37.8022,13.6048,-40.9597,-31.5323,-9.4274,18.7495,-1255.1507,4173.157,5428.3077,0.0,41774.2994,-47250.7868,12.7071,13.1347,1.0337,0.0,30.146,class2_2026_04_27_15_20_26.csv,train,background,,4.273162975685611,hard
178.041,557,0.891377,-49.9,-35.0844,13.3166,-31.1579,-35.6697,4.5118,5.4855,3636.9573,744.3243,-2892.633,-2548.5925,6918.1342,-43029.7821,11.9035,12.8792,1.082,0.0,29.079,class2_2026_04_27_15_37_57.csv,train,background,,-5.350174963697738,random
149.644,468,0.749205,-19.363,-37.247,14.2064,-43.9689,-37.5793,-6.3897,30.537,1211.1486,-155.631,-1366.7796,41143.3538,47639.3942,-47863.6379,11.1109,13.8564,1.2471,0.958,30.537,class2_2026_04_27_16_01_24.csv,train,background,,5.842103949305059,hard
127.628,399,0.63898,-7.522,-10.4121,2.8839,-15.4601,-18.2669,2.8068,8.702,1150.6219,-2750.0399,-3900.6618,586.2069,9479.6238,-2735.1097,2.238,11.7846,5.2657,2.871,8.98,class2_2026_04_27_15_54_27.csv,train,connector,127.63,,positive
146.134,457,0.731632,-49.9,-36.8218,14.6285,-35.814,-32.4912,-3.3228,3.6325,1518.8464,3004.8574,1486.011,347.9624,46973.3574,-47321.3197,14.1031,13.9319,0.9879,0.0,30.191,class1_2026_04_27_14_47_43.csv,train,background,,2.5443773054509036,random
134.966,422,0.675719,-49.9,-34.5484,13.839,-23.1058,-34.5932,11.4874,4.1035,-5401.8437,-1508.9355,3892.9082,1598.7476,44358.9357,-45787.6082,12.4267,12.7543,1.0264,0.0,30.638,class2_2026_04_27_15_28_40.csv,train,background,,4.998588319339222,hard
193.037,604,0.966456,-49.9,-33.8478,14.4101,-34.8461,-39.2687,4.4226,30.77,434.7696,-916.9949,-1351.7645,-495.2978,43197.4953,-47733.547,13.5617,13.4434,0.9913,0.0,30.77,class2_2026_04_27_15_49_43.csv,train,background,,4.285423513244325,hard
73.067,228,0.365816,-21.156,-33.6724,14.5205,-34.2351,-39.319,5.0839,30.153,350.7428,4667.8635,4317.1206,-44954.5486,47261.7586,-45053.2947,14.0958,13.3785,0.9491,1.595,30.153,class3_2026_05_14_13_11_57.csv,train,background,,4.597850596845698,hard
185.379,580,0.928115,-49.9,-33.7903,14.4631,-31.3291,-37.5809,6.2519,5.758,1490.1004,-2506.3837,-3996.4841,-40479.6285,47487.4624,-40479.6285,13.2287,13.8832,1.0495,0.0,30.306,class2_2026_04_27_15_26_06.csv,train,background,,4.1329214102636955,hard
131.776,412,0.659748,-19.241,-19.79,2.9342,-13.283,-29.5933,16.3103,3.644,-2150.8017,-3385.8463,-1235.0445,-6543.8856,-2747.6505,-6543.8856,3.2719,12.6383,3.8626,0.0,8.524,class2_2026_04_27_15_43_31.csv,train,break,131.46,,positive
66.366,207,0.332267,-2.627,-5.7977,3.5672,-13.1806,-9.7513,-3.4293,11.174,1894.8568,-2397.616,-4292.4727,-106.5831,14832.2884,-2813.4796,3.4742,3.659,1.0532,3.51,11.859,class3_2026_05_22_11_06_12.csv,train,connector,66.37,,positive
127.628,399,0.63898,-10.856,-13.7921,2.9249,-19.139,-22.9659,3.8269,8.369,1356.8911,-4529.116,-5886.0071,695.9248,9675.2857,-2827.5862,2.5272,12.7288,5.0368,2.871,9.242,class2_2026_04_27_15_45_39.csv,train,connector,127.63,,positive
74.024,231,0.370607,-19.84,-27.0738,12.2619,-19.1259,-27.4433,8.3174,2.6255,-782.1768,2844.55,3626.7268,-44178.685,3360.5,-44178.685,2.3616,12.0547,5.1044,0.0,31.893,class3_2026_05_14_14_35_39.csv,train,break,69.56,,positive
147.41,461,0.73802,-49.9,-41.273,12.293,-39.4861,-33.3904,-6.0957,20.399,2925.1594,1930.0041,-995.1552,-0.0,46332.2915,-38045.4561,13.108,13.4013,1.0224,0.0,29.56,class2_2026_04_27_15_32_19.csv,train,background,,2.0257994682636107,random
138.476,433,0.69342,-23.56,-31.1591,13.2899,-29.5434,-40.6621,11.1187,6.0145,1258.8337,-4269.5492,-5528.3829,122.2555,41285.2712,-44716.3041,12.792,13.0991,1.024,0.0,30.203,class1_2026_04_27_14_47_50.csv,train,background,,3.9714354177130144,hard
132.733,415,0.664539,-27.765,-37.8532,13.6604,-44.1038,-37.3567,-6.7472,30.434,-19.429,341.5102,360.9392,0.0,40326.0204,0.0,10.8578,14.0917,1.2979,0.638,30.434,class3_2026_05_14_13_21_55.csv,train,background,,4.661845955619907,hard
146.772,459,0.734826,-49.9,-37.5186,13.8833,-37.9007,-34.6346,-3.2661,19.1545,2250.3681,83.2206,-2167.1475,-45474.9263,45474.9263,-46747.6505,13.5121,13.6828,1.0126,0.0,29.825,class3_2026_05_14_13_00_09.csv,train,background,,2.181381492505384,random
119.013,372,0.595849,-14.617,-32.9271,15.34,-34.7857,-31.0606,-3.7251,8.1865,-4314.0128,-3472.0765,841.9364,6134.7994,55302.511,-51277.4342,15.3409,15.1822,0.9897,0.957,35.283,class3_2026_05_14_13_11_09.csv,train,background,,10.593386447086283,hard
138.476,433,0.693292,-22.026,-40.9326,12.8329,-31.7951,-42.1037,10.3086,30.494,-5418.2425,-1135.9922,4282.2502,47796.2414,47796.2414,-47796.2414,12.9339,12.6077,0.9748,0.957,30.494,class2_2026_04_27_16_06_20.csv,train,background,,5.57897301653434,hard
133.052,416,0.666136,-49.9,-30.4763,13.8925,-13.6339,-31.6107,17.9768,1.499,-2491.9731,796.8771,3288.8503,-7948.2774,-1231.9734,-7948.2774,4.0119,13.0536,3.2537,0.0,31.808,class2_2026_04_27_15_54_38.csv,train,break,131.78,,positive
135.285,423,0.677316,-25.019,-28.2476,11.6853,-17.6966,-42.3925,24.6959,1.8985,-4507.8091,-6041.0309,-1533.2218,40095.6144,40095.6144,-40174.3395,8.6809,12.1203,1.3962,0.0,29.697,class3_2026_05_14_13_39_31.csv,train,background,,7.629937870096007,hard
139.433,436,0.698083,-49.9,-40.8722,12.7887,-31.1026,-40.6503,9.5477,15.8295,4.7629,2245.4681,2240.7051,-41089.3464,45294.6724,-41089.3464,13.33,13.0951,0.9824,0.0,28.898,class2_2026_04_27_15_44_43.csv,train,background,,2.79181818911304,random
145.815,456,0.730035,-21.374,-29.6403,11.0645,-41.3973,-42.6016,1.2043,28.526,2666.3147,-3442.1147,-6108.4294,-0.0,40420.0658,-1680.2476,12.1079,11.785,0.9733,0.638,28.526,class3_2026_05_14_13_39_31.csv,train,background,,-4.0156504370793,random
152.515,477,0.763579,-26.045,-26.7119,12.5977,-38.3534,-30.1652,-8.1882,6.176,7166.7745,-183.4143,-7350.1887,46738.2492,46738.2492,-48822.8887,14.5392,13.9953,0.9626,0.0,32.341,class3_2026_05_14_13_12_07.csv,train,background,,5.519412132930315,hard
127.628,399,0.63898,-5.961,-8.8327,2.8377,-13.9648,-13.6041,-0.3607,8.803,1165.0313,-2741.2345,-3906.2658,547.0219,9543.8871,-2818.1818,2.2639,4.4131,1.9493,2.871,8.771,class1_2026_04_27_14_37_06.csv,train,connector,127.63,,positive
144.538,452,0.723642,-20.303,-37.1796,14.2585,-38.9066,-35.1191,-3.7875,30.498,-3849.0036,-4873.9568,-1024.9532,43634.7978,46390.2868,-46190.1676,13.8048,13.3369,0.9661,0.958,30.498,class2_2026_04_27_15_14_19.csv,train,background,,3.936646516634534,hard
106.25,332,0.53195,-26.46,-21.6296,2.2488,-16.3086,-33.2302,16.9216,1.5365,-1952.6104,-6983.3346,-5030.7242,-1695.9263,2915.3574,-1695.9263,3.4832,13.4508,3.8616,0.0,7.687,class3_2026_05_14_13_22_06.csv,train,break,103.38,,positive
132.733,415,0.664539,-49.9,-27.0652,12.2993,-14.0322,-34.2648,20.2326,3.065,-2799.4883,-1235.7134,1563.7749,-1050.1536,-1050.1536,-42813.4843,4.0788,14.0078,3.4343,0.0,32.083,class2_2026_04_27_16_05_17.csv,train,background,,4.378301949243398,hard
175.807,550,0.880192,-49.9,-38.1594,13.2419,-32.5206,-42.1074,9.5869,28.553,2435.1098,-1392.8336,-3827.9435,-1233.5439,44753.9216,-43520.3777,12.4675,12.6062,1.0111,0.0,28.553,class2_2026_04_27_15_57_38.csv,train,background,,3.1876254806840136,random
180.912,566,0.905751,-49.9,-44.3451,10.5374,-41.4245,-34.9159,-6.5086,28.694,2311.8972,-2560.8907,-4872.7879,11589.3433,33385.5831,-45045.3096,12.0773,13.4431,1.1131,0.0,28.694,class2_2026_04_27_15_22_05.csv,train,background,,-1.2001075101469567,random
160.173,501,0.80192,-49.9,-43.3724,12.2127,-38.882,-37.6333,-1.2487,29.671,-2507.4637,6093.9984,8601.462,-0.0,0.0,-0.0,13.8501,13.7798,0.9949,0.0,29.671,class2_2026_04_27_16_10_45.csv,train,background,,-5.877734139516376,random
165.597,518,0.829075,-21.737,-34.1851,14.0784,-39.4238,-35.0291,-4.3947,29.732,3557.2639,2285.1717,-1272.0922,1090.9075,44169.2837,-46601.8856,13.1979,13.3888,1.0145,1.276,29.732,class1_2026_04_27_14_49_15.csv,train,background,,3.0641018999050944,random
131.457,411,0.65815,-15.473,-15.562,2.162,-10.8082,-27.7933,16.9851,3.7795,-1388.011,-5101.32,-3713.309,-3131.663,-2426.2158,-3884.0125,3.1449,12.688,4.0345,0.0,6.192,class1_2026_04_27_14_47_13.csv,train,break,132.09,,positive
114.546,358,0.573484,-14.841,-14.8156,0.1265,-14.7913,-14.7923,0.0011,0.128,-11.606,4.1141,15.7201,-112.8527,-36.0502,-233.5423,0.0862,0.1326,1.5376,0.0,0.416,class1_2026_04_27_14_48_32.csv,train,background,,-57.06001718152854,random
137.2,429,0.686903,-22.498,-37.6128,13.7454,-28.892,-42.0587,13.1667,15.499,-327.679,1386.8678,1714.5468,0.0,41871.4749,-43623.826,13.1057,12.6575,0.9658,0.638,28.637,class2_2026_04_27_15_51_31.csv,train,background,,4.209216995891123,hard
189.846,594,0.95048,-21.47,-34.8868,13.6316,-40.2856,-34.0302,-6.2553,30.024,-292.2328,2510.2956,2802.5284,0.0,42164.5784,-44561.1332,12.3144,14.2187,1.1546,0.638,30.024,class2_2026_04_27_15_42_56.csv,train,background,,4.3564451061796605,hard
130.818,409,0.654951,-49.9,-32.5719,15.5842,-14.7739,-40.454,25.6801,2.574,-1014.2486,1684.6285,2698.8771,-48941.6767,-315.047,-48941.6767,1.8792,13.3695,7.1144,0.0,32.983,class3_2026_05_14_13_18_12.csv,train,background,,9.813999575358535,hard
127.628,399,0.63898,-5.906,-8.7956,2.8995,-13.9366,-13.4111,-0.5255,8.8495,1167.3486,-2674.865,-3842.2137,590.9091,9583.0721,-2797.8056,2.2647,4.2828,1.8911,2.871,8.99,class1_2026_04_27_14_43_57.csv,train,connector,127.63,,positive
138.157,432,0.691695,-49.9,-37.4283,13.9671,-32.2976,-40.6743,8.3767,29.614,-4515.1894,-3259.8554,1255.334,1186.5204,45230.4122,-4010.9718,14.1583,13.0772,0.9236,0.0,29.614,class1_2026_04_27_14_47_07.csv,train,background,,4.698351280745483,hard
127.628,399,0.63898,-7.804,-10.7647,3.0392,-15.8902,-15.5069,-0.3833,8.75,1123.064,-2769.0486,-3892.1126,625.3918,10185.8204,-2703.7618,2.2888,4.7616,2.0804,2.871,9.492,class2_2026_04_27_15_27_06.csv,train,connector,127.63,,positive
78.81,246,0.394569,-21.348,-30.7506,13.5915,-40.7157,-33.0508,-7.6648,29.8,3842.2232,1205.0783,-2637.1449,0.0,45641.069,-44752.3542,13.0793,13.6099,1.0406,0.638,29.8,class3_2026_05_14_12_58_43.csv,train,background,,4.754910867384346,hard
134.966,422,0.675719,-22.22,-37.0673,14.355,-21.1131,-36.0689,14.9558,1.548,-4381.4854,2810.6943,7192.1797,-446.7085,46202.1975,-45827.0939,10.5825,13.8601,1.3097,0.0,29.477,class2_2026_04_27_16_02_47.csv,train,background,,7.086891368996032,hard
156.344,489,0.782749,-23.045,-28.2254,11.6209,-35.6931,-39.4757,3.7827,29.586,1826.7839,-3979.2589,-5806.0427,-3520.3777,43495.3009,-42092.4796,14.215,13.174,0.9268,1.276,29.586,class3_2026_05_14_13_16_20.csv,train,background,,0.3877054229231143,random
151.877,475,0.760385,-21.276,-33.5806,14.609,-36.0009,-40.5276,4.5267,30.272,5040.6667,623.4558,-4417.2109,-47448.279,44865.2085,-47448.279,13.9621,13.2751,0.9508,0.957,30.272,class2_2026_04_27_15_43_31.csv,train,background,,4.086323358190928,hard
154.43,483,0.773167,-24.524,-31.9969,12.7672,-31.6102,-39.3738,7.7636,5.679,5499.1991,2690.8992,-2808.2998,-45048.5925,7554.6643,-45048.5925,13.0149,13.2651,1.0192,0.0,29.277,class2_2026_04_27_15_51_56.csv,train,background,,-3.5628529483102094,random
12.125,37,0.060705,-21.151,-24.1152,9.3207,-16.4784,-33.1954,16.7171,2.385,-4425.1261,-4686.1077,-260.9815,45681.8229,45681.8229,-6884.0125,8.8031,13.4072,1.523,0.0,31.7,class3_2026_05_14_14_40_57.csv,train,background,,5.618495527524419,hard
134.009,419,0.670927,-24.35,-27.8522,11.8437,-16.2083,-36.0464,19.8381,1.4575,-2201.5295,988.8909,3190.4205,139.5,139.5,-44655.1755,3.9333,13.9076,3.5359,0.0,30.219,class2_2026_04_27_15_57_16.csv,train,background,,1.7692565401828406,random
138.476,433,0.693292,-22.017,-37.3321,14.0596,-28.3917,-41.3137,12.9219,4.898,111.475,165.3431,53.8682,-42794.674,45642.6348,-43703.7649,11.5744,12.1827,1.0526,1.595,29.12,class2_2026_04_27_15_49_29.csv,train,background,,4.205073385067981,hard
133.371,417,0.667733,-24.81,-27.9447,11.8158,-16.3598,-38.7539,22.3941,1.227,-4924.5144,-3096.5409,1827.9734,42747.6505,42747.6505,-44868.3417,9.1353,13.9774,1.53,0.0,30.295,class2_2026_04_27_15_21_31.csv,train,background,,9.094807707039912,hard
131.457,411,0.65815,-18.896,-18.2331,2.4438,-13.1926,-29.9191,16.7266,4.0025,-1342.3846,1046.1869,2388.5714,-5120.6897,-1660.2166,-45178.6865,3.0904,12.6262,4.0856,0.0,7.287,class2_2026_04_27_15_41_42.csv,train,break,131.46,,positive
150.601,471,0.753997,-19.375,-36.8274,14.6331,-41.9126,-31.4994,-10.4132,30.525,664.848,-1347.4642,-2012.3122,-39.1881,47844.8307,-47844.8307,12.8892,13.1224,1.0181,1.276,30.525,class2_2026_04_27_15_26_06.csv,train,background,,7.542357092085838,hard
127.628,399,0.63898,-7.397,-10.2774,2.8564,-15.4517,-14.8954,-0.5563,8.8185,1195.1657,-2722.9356,-3918.1013,681.8182,9746.0815,-2727.2727,2.2653,4.2475,1.875,2.871,8.714,class2_2026_04_27_15_21_50.csv,train,connector,127.95,,positive
54.242,169,0.271567,-14.607,-14.5653,0.1487,-14.6032,-14.5544,-0.0487,0.253,-6.4487,-33.4545,-27.0058,258.6207,258.6207,94.0439,0.1023,0.1278,1.2492,0.0,0.496,class1_2026_04_27_14_49_30.csv,train,background,,-56.909324295046076,random
150.92,472,0.755734,-20.689,-32.3948,13.087,-42.7262,-30.3863,-12.3399,22.041,1843.9963,470.2558,-1373.7406,8957.6803,45778.9984,-45785.2712,11.6146,12.5261,1.0785,1.595,29.8,class1_2026_04_27_14_47_50.csv,train,background,,5.225618822407874,hard
134.966,422,0.675719,-49.9,-37.7427,13.7358,-22.9582,-35.0593,12.1011,3.339,-6069.1584,2223.1429,8292.3012,-0.0,47652.0423,-0.0,12.5097,13.3467,1.0669,0.0,30.402,class2_2026_04_27_15_24_02.csv,train,background,,5.925107448575072,hard
152.196,476,0.761982,-27.198,-34.5988,13.8533,-43.87,-34.9115,-8.9585,30.424,4236.2532,-103.9704,-4340.2235,0.0,47686.5235,-40561.1332,11.3718,13.5042,1.1875,0.638,30.424,class1_2026_04_27_14_46_34.csv,train,background,,6.4160271279046865,hard
96.997,303,0.485624,-1.234,-4.6594,4.0361,-13.0209,-8.8871,-4.1338,12.5515,2046.3799,-2662.0501,-4708.4299,316.6144,16288.4013,-3518.8088,3.8271,4.3002,1.1236,3.51,13.192,class3_2026_05_14_13_22_06.csv,train,connector,97.0,,positive
127.628,399,0.63898,-19.983,-31.3858,16.6997,-28.5502,-35.3938,6.8436,9.4615,3168.7974,3007.3416,-161.4559,-56268.0282,56192.6421,-56268.0282,15.8112,14.648,0.9264,0.0,36.014,class3_2026_05_14_13_18_55.csv,train,background,,13.63252866577819,hard
127.628,399,0.63898,-3.96,-7.2768,3.7644,-14.9514,-11.5567,-3.3947,12.073,1848.7814,-2662.7778,-4511.5592,481.1912,14558.7657,-2677.116,3.4708,4.3683,1.2586,3.509,12.202,class3_2026_05_22_11_09_21.csv,train,connector,127.63,,positive
133.052,416,0.666136,-49.9,-27.414,12.066,-16.1034,-32.7096,16.6062,1.0705,-4823.5756,-2980.0253,1843.5503,42797.8103,42797.8103,-44783.7038,9.0246,13.7784,1.5268,0.0,30.853,class2_2026_04_27_15_18_27.csv,train,background,,6.78461218836042,hard
134.966,422,0.675719,-49.9,-34.1259,14.1289,-21.2637,-34.6368,13.3732,0.479,-5058.1416,-4239.9683,818.1734,42437.3056,42719.4389,-45942.0078,10.539,13.7052,1.3004,0.0,29.312,class2_2026_04_27_15_35_32.csv,train,background,,5.281519191389366,hard
109.441,342,0.547926,-23.93,-38.0188,13.3381,-24.2654,-40.9519,16.6865,3.24,-4216.4951,1444.9542,5661.4493,46360.5031,46360.5031,-46360.5031,9.3656,12.7477,1.3611,0.0,29.578,class3_2026_05_14_13_22_06.csv,train,background,,6.39518203984259,hard
135.604,424,0.678913,-21.564,-23.707,9.4788,-14.1878,-32.4634,18.2756,0.829,-2124.0759,-2981.4754,-857.3995,-4003.7054,673.9812,-44485.4581,3.7705,13.9701,3.7051,0.0,31.256,class3_2026_05_14_13_22_18.csv,train,break,134.33,,positive
150.282,470,0.752399,-21.609,-34.6941,13.7242,-45.3124,-38.082,-7.2304,30.315,1468.2138,-3669.6748,-5137.8886,47515.6787,47515.6787,-44343.2649,10.27,13.3197,1.297,0.957,30.315,class2_2026_04_27_15_38_53.csv,train,background,,5.1697254391035115,hard
119.013,372,0.595849,-14.954,-14.899,0.0886,-14.8398,-14.8196,-0.0202,0.1765,-4.9914,10.8599,15.8514,72.1003,72.1003,-324.4514,0.1309,0.0806,0.6158,0.0,0.33,class1_2026_04_27_14_45_10.csv,train,background,,-57.19749968076831,random
134.966,422,0.675719,-49.9,-37.6529,13.7529,-29.8319,-40.5279,10.696,17.5745,-4221.766,284.2568,4506.0228,-38144.2053,44507.8401,-46205.9203,14.3988,13.3053,0.9241,0.0,29.442,class3_2026_05_14_13_16_20.csv,train,background,,4.814904657251441,hard
136.243,426,0.682112,-20.115,-30.5446,13.6925,-25.2064,-37.0712,11.8648,1.8865,-2064.1905,-2013.3987,50.7918,-45130.0972,44448.279,-46684.9561,11.297,14.3611,1.2712,0.638,29.785,class2_2026_04_27_15_29_16.csv,train,background,,5.536458005491455,hard
147.41,461,0.73802,-49.9,-37.3807,14.0415,-34.2259,-40.3494,6.1234,29.507,-112.4672,2013.1274,2125.5946,4973.3542,45946.7116,-44691.2273,14.0884,13.5112,0.959,0.0,29.507,class2_2026_04_27_15_39_04.csv,train,background,,4.017852557966343,hard
157.62,493,0.789138,-21.385,-33.9202,14.3275,-32.5949,-39.267,6.6721,18.0745,-2173.9379,-1571.7965,602.1414,-4971.7884,47788.406,-42963.6856,13.8677,13.3603,0.9634,1.595,30.489,class1_2026_04_27_14_38_20.csv,train,background,,4.80208497119322,hard
177.083,554,0.886581,-49.9,-28.522,11.6069,-31.3942,-32.1863,0.7922,4.3185,-1766.6097,-1162.3324,604.2773,40611.349,40611.349,-41275.8652,13.1912,12.5715,0.953,0.0,30.387,class1_2026_04_27_14_43_57.csv,train,background,,-2.9433708139227575,random
150.282,470,0.752399,-20.63,-31.6944,13.1374,-42.8918,-33.3306,-9.5612,30.063,146.784,580.9401,434.1561,-443.5752,46925.5567,-46677.1176,11.524,13.3557,1.1589,1.915,30.063,class2_2026_04_27_15_39_59.csv,train,background,,5.550326401605412,hard
149.963,469,0.750802,-49.9,-40.2022,13.7186,-40.6741,-34.1249,-6.5491,29.763,2171.5852,927.7071,-1243.8781,1155.1708,44289.9581,-45653.6066,13.0841,14.148,1.0813,0.0,29.763,class1_2026_04_27_14_47_25.csv,train,background,,4.546880304712251,hard
146.453,458,0.733229,-49.9,-36.7668,14.6912,-29.7653,-39.0848,9.3195,4.4445,892.5791,305.4896,-587.0895,44688.0909,46507.8386,-46206.8997,12.5357,13.5766,1.083,0.0,30.536,class2_2026_04_27_16_05_01.csv,train,background,,5.548899779557931,hard
181.55,568,0.908945,-25.639,-28.8044,11.4108,-37.2438,-34.75,-2.4938,17.538,297.0423,-4552.8467,-4849.889,40150.111,44554.8605,195.9248,14.1834,13.6057,0.9593,2.234,30.019,class2_2026_04_27_15_29_16.csv,train,background,,-0.2816135147224121,random
131.457,411,0.65815,-20.02,-20.1758,2.8698,-14.6798,-31.7698,17.09,3.656,-1371.8969,-5126.5184,-3754.6215,-6741.3762,-2128.2616,-6741.3762,3.2502,12.9435,3.9824,0.0,8.491,class2_2026_04_27_15_33_39.csv,train,break,131.14,,positive
190.165,595,0.952077,-20.497,-33.8866,14.3475,-42.2061,-33.313,-8.8931,30.165,3759.3875,1452.7239,-2306.6635,-0.0,43137.9342,-0.0,12.4332,13.4363,1.0807,0.638,30.165,class3_2026_05_14_13_18_31.csv,train,background,,5.821313753322643,hard
133.052,416,0.666136,-20.807,-30.6141,13.772,-14.5583,-43.6268,29.0685,2.881,-2973.3076,458.3611,3431.6687,-48275.8652,6731.9749,-48305.6473,4.797,11.7735,2.4543,0.0,31.273,class2_2026_04_27_15_58_37.csv,train,background,,7.990959272095166,hard
122.204,382,0.611825,-49.9,-40.6109,13.2872,-33.4579,-41.6782,8.2203,30.697,3692.3313,2044.7214,-1647.6099,-35890.6248,48114.4248,-35890.6248,13.2681,11.6639,0.8791,0.0,30.697,class3_2026_05_14_13_00_27.csv,train,background,,4.337940404841894,hard
178.998,560,0.896168,-49.9,-34.2702,14.0391,-33.2448,-39.5105,6.2657,20.055,2034.0898,769.1764,-1264.9134,-48518.8119,42120.6928,-48518.8119,13.4534,13.0854,0.9726,0.0,30.955,class2_2026_04_27_15_48_35.csv,train,background,,3.9038224823458365,hard
194.313,608,0.972844,-49.9,-37.8263,13.513,-36.7933,-32.0772,-4.7162,4.725,-2874.4179,-363.0034,2511.4144,-0.0,43697.4953,-3448.5789,13.4048,13.234,0.9873,0.0,28.274,class2_2026_04_27_15_46_14.csv,train,background,,-0.428886756734695,random
171.978,538,0.861022,-20.006,-37.0537,14.371,-34.9481,-40.6435,5.6954,29.894,-739.8664,-983.5076,-243.6412,0.0,45271.163,-46929.1277,13.627,13.1065,0.9618,0.638,29.894,class1_2026_04_27_14_48_51.csv,train,background,,4.007599214173071,hard
127.628,399,0.63898,-8.671,-11.5361,2.828,-16.6933,-17.9444,1.2511,8.789,1084.991,-2676.3898,-3761.3808,631.6614,9648.9028,-2722.5705,2.299,8.9383,3.8879,2.871,8.656,class2_2026_04_27_15_41_16.csv,train,connector,127.63,,positive
136.243,426,0.682112,-49.9,-40.2367,13.6689,-23.1862,-38.025,14.8388,2.1505,-1484.1902,1792.6285,3276.8187,-44360.5047,45901.2571,-44360.5047,9.7371,13.356,1.3717,0.0,29.383,class2_2026_04_27_15_16_58.csv,train,background,,5.95779049764024,hard
133.052,416,0.666136,-20.788,-31.2217,13.3976,-16.5058,-33.6484,17.1426,3.1115,-4873.0696,3297.5691,8170.6387,35568.9671,35568.9671,-43302.5094,8.9866,13.0638,1.4537,0.0,31.303,class2_2026_04_27_15_51_19.csv,train,background,,7.024009961401354,hard
136.562,427,0.683709,-22.085,-33.889,14.3315,-25.0868,-40.3711,15.2843,2.859,-1961.2364,2733.3748,4694.6112,-44474.9248,44810.9521,-44474.9248,11.3405,13.4963,1.1901,0.0,29.757,class2_2026_04_27_16_10_45.csv,train,background,,7.065975662393987,hard
86.468,270,0.432909,-49.9,-30.8549,13.9139,-27.8842,-30.7732,2.889,8.854,1721.473,1298.1856,-423.2874,-51056.4295,55123.8276,-51056.4295,13.9935,13.9217,0.9949,0.0,35.169,class3_2026_05_14_13_11_09.csv,train,background,,7.869555646700652,hard
16.592,51,0.083069,-20.485,-35.3862,13.0667,-24.6118,-38.1209,13.5092,3.537,-4096.8851,-1912.8086,2184.0765,-963.953,45924.72,-46105.0172,9.2891,13.2453,1.4259,0.638,29.415,class3_2026_05_14_13_18_01.csv,train,background,,4.853546345944143,hard
178.36,558,0.892974,-49.9,-33.705,14.4893,-42.2796,-35.6556,-6.624,29.875,4522.803,-2192.6603,-6715.4633,716.3009,46109.721,-45512.5408,12.3094,14.2836,1.1604,0.0,29.875,class2_2026_04_27_15_13_52.csv,train,background,,5.679169803731135,hard
132.095,413,0.661345,-18.909,-23.0091,9.6897,-13.7596,-39.3152,25.5556,3.142,-2550.9553,-1619.0679,931.8874,-4572.1003,-1098.7461,-48575.2382,3.4758,13.3113,3.8297,0.0,32.97,class2_2026_04_27_15_29_31.csv,train,break,131.14,,positive
162.087,507,0.811502,-49.9,-37.6026,13.7943,-38.4232,-29.4777,-8.9454,4.4465,-1896.6021,1241.4295,3138.0316,-0.0,38855.8009,-0.0,12.9577,12.6826,0.9788,0.0,28.878,class2_2026_04_27_15_44_57.csv,train,background,,1.2635745210384242,random
158.258,495,0.792332,-22.418,-31.1412,13.2877,-40.4906,-33.0531,-7.4375,29.339,958.3901,1604.8927,646.5026,-0.0,45126.9639,-3236.674,13.3151,13.4665,1.0114,0.638,29.339,class3_2026_05_14_14_40_43.csv,train,background,,3.7465610278960684,hard
105.293,329,0.527158,-19.726,-37.6238,13.8248,-41.0003,-34.7271,-6.2732,30.174,-1098.0551,-1491.4867,-393.4316,0.0,42040.7571,-46351.1019,12.6502,13.6295,1.0774,0.638,30.174,class3_2026_05_14_12_55_08.csv,train,background,,4.139034329140353,hard
134.647,421,0.674121,-21.956,-30.8734,13.5097,-17.8551,-37.821,19.9659,1.709,-2228.2477,2536.0289,4764.2766,1474.9216,5677.116,-47409.094,4.809,13.6159,2.8314,0.0,30.247,class2_2026_04_27_16_07_58.csv,train,background,,3.718872234194987,hard
189.208,592,0.947286,-22.337,-34.1004,14.1508,-39.4101,-31.715,-7.6951,9.3695,780.0038,-564.762,-1344.7658,-3398.1207,47592.4812,-43719.4389,13.2185,13.0537,0.9875,1.914,30.364,class3_2026_05_14_13_18_55.csv,train,background,,4.182806163514196,hard
185.698,581,0.929713,-49.9,-40.1521,13.7921,-33.086,-40.5234,7.4374,30.224,-4622.289,-12.3443,4609.9447,-1851.0956,47373.0423,-45308.6739,13.5523,13.2904,0.9807,0.0,30.224,class1_2026_04_27_14_49_38.csv,train,background,,5.189522185049845,hard
135.604,424,0.679039,-49.9,-37.3518,14.0375,-21.9947,-40.6855,18.6908,1.5365,-4100.8939,-2345.6063,1755.2876,-223.4766,45241.384,-45300.9451,10.2416,13.0565,1.2748,0.0,28.902,class2_2026_04_27_15_25_18.csv,train,background,,7.307647703576002,hard
132.733,415,0.664539,-19.1,-27.064,12.392,-14.1144,-42.0105,27.8961,2.948,-3234.7866,-3375.9131,-141.1265,6285.2665,6731.9749,-48275.8652,4.7254,12.7572,2.6997,0.638,31.951,class2_2026_04_27_15_58_37.csv,train,background,,7.807690740473987,hard
100.507,314,0.503197,-49.9,-34.3441,13.9337,-38.9734,-36.2217,-2.7517,29.028,1812.4256,-2296.1503,-4108.5759,-2868.3386,41442.011,-44830.7241,13.723,13.7454,1.0016,0.0,29.028,class3_2026_04_27_16_18_11.csv,train,background,,1.3663143171456469,random
190.165,595,0.952077,-49.9,-44.0848,10.9209,-34.2289,-35.9297,1.7008,4.871,286.8819,924.4035,637.5215,6330.7194,37851.1019,-44250.9634,14.0805,14.0714,0.9994,0.0,28.188,class2_2026_04_27_16_06_07.csv,train,background,,-4.132766781582868,random
154.111,482,0.77157,-49.9,-34.9478,13.5858,-31.6632,-40.695,9.0318,19.4745,-440.9247,-2536.467,-2095.5423,0.0,46166.1489,-40852.6677,13.0438,13.084,1.0031,0.0,30.034,class2_2026_04_27_15_44_43.csv,train,background,,4.578439068488917,hard
152.515,477,0.763579,-49.9,-31.219,13.2805,-28.6569,-36.2193,7.5623,4.144,3225.4593,-1497.9368,-4723.3961,-43496.8683,39976.4922,-47139.5,11.3969,13.7691,1.2081,0.0,30.075,class2_2026_04_27_15_39_15.csv,train,background,,2.367834633733874,random
174.531,546,0.873804,-49.9,-37.6489,13.7001,-38.7701,-33.2281,-5.542,16.0535,1916.9253,572.4684,-1344.4568,0.0,42579.942,-43083.0752,13.9905,13.3746,0.956,0.0,28.278,class2_2026_04_27_15_14_19.csv,train,background,,0.8415421548395687,random
145.496,455,0.728438,-49.9,-37.5994,13.7769,-32.4342,-39.5717,7.1376,8.9335,-989.5386,-928.4215,61.1171,-2893.4185,45512.5433,-44862.0721,12.6538,13.0081,1.028,0.0,29.011,class2_2026_04_27_16_10_06.csv,train,background,,1.9939659628939275,random
127.628,399,0.63898,-8.137,-11.0904,2.9532,-16.2111,-18.7384,2.5273,8.6915,1151.2545,-4594.072,-5745.3265,633.2288,9826.0188,-2791.5361,2.2775,11.6126,5.0989,2.871,9.125,class2_2026_04_27_15_25_30.csv,train,connector,127.63,,positive
127.628,399,0.63898,-5.883,-8.7873,2.9235,-13.9167,-13.1943,-0.7224,8.8425,1149.9025,-2574.5317,-3724.4342,634.7962,9628.5266,-2735.1097,2.2603,4.0608,1.7966,2.871,9.065,class1_2026_04_27_14_48_13.csv,train,connector,127.63,,positive
132.733,415,0.664539,-19.307,-22.5688,9.9364,-11.458,-32.6984,21.2404,3.6125,-2715.61,-3015.8195,-300.2096,-2122.2571,-2122.2571,-47951.4154,3.9564,13.7739,3.4814,0.0,34.323,class1_2026_04_27_14_39_17.csv,train,break,131.78,,positive
152.834,478,0.765176,-22.86,-26.1109,8.7757,-39.4347,-35.0114,-4.4233,30.875,3608.647,-1908.4191,-5517.0662,-1463.9498,42990.5987,-36038.6367,13.1582,13.445,1.0218,2.234,30.875,class3_2026_05_14_13_39_43.csv,train,background,,-0.10502625074529383,random
133.371,417,0.667733,-20.079,-29.4209,14.5135,-12.6671,-38.701,26.0339,2.8785,-2679.431,-658.1401,2021.2909,-47572.1034,-401.2539,-47572.1034,4.3838,14.0483,3.2046,0.0,32.755,class1_2026_04_27_14_46_27.csv,train,background,,9.548640047291691,hard
131.776,412,0.659748,-18.23,-18.3767,2.1424,-12.8372,-33.2188,20.3816,3.158,-2079.9621,-5914.675,-3834.7129,-2746.0831,-2012.5408,-4992.1646,3.1614,13.6022,4.3027,0.0,6.251,class2_2026_04_27_16_06_59.csv,train,break,131.78,,positive
148.367,464,0.742812,-49.9,-47.0404,8.088,-39.43,-33.0914,-6.3386,14.5515,671.0207,4313.3012,3642.2805,0.0,0.0,-0.0,13.1581,13.5336,1.0285,0.0,25.736,class2_2026_04_27_15_43_11.csv,train,background,,-11.508722648476306,random
188.57,590,0.944091,-20.501,-37.1168,14.2978,-45.5138,-37.2274,-8.2864,29.399,1864.7239,-1183.1747,-3047.8986,45567.4028,45567.4028,-46079.942,9.8342,14.1901,1.4429,0.957,29.399,class2_2026_04_27_16_03_33.csv,train,background,,5.715232843719875,hard
146.453,458,0.733229,-49.9,-40.6076,13.1645,-40.6062,-36.5266,-4.0796,29.702,1038.4967,3657.2257,2618.729,3545.453,43009.4091,-46554.8621,13.2065,13.5249,1.0241,0.0,29.702,class2_2026_04_27_16_03_45.csv,train,background,,2.1098888536909195,random
178.041,557,0.891377,-49.9,-40.4669,13.3472,-34.5257,-41.1092,6.5834,29.33,1504.3129,6251.9434,4747.6305,-45971.79,45770.3301,-45971.79,13.8166,12.5764,0.9102,0.0,29.33,class2_2026_04_27_15_47_51.csv,train,background,,2.681627484207997,random
132.095,413,0.661345,-49.9,-43.6012,11.7869,-24.6341,-42.5734,17.9393,5.0635,-4873.5901,3849.4197,8723.0098,-45299.3746,45299.3746,-45299.3746,13.6986,11.8834,0.8675,0.0,28.901,class3_2026_05_14_13_10_59.csv,train,background,,4.374147216366764,hard
141.348,442,0.707671,-24.631,-37.0573,14.4291,-40.7128,-34.5192,-6.1936,30.512,-1571.8428,-468.8484,1102.9944,-1730.4091,47824.4545,-39606.5846,13.0963,13.8158,1.0549,1.276,30.512,class3_2026_05_14_13_15_32.csv,train,background,,5.8878959287319015,hard
150.282,470,0.752399,-20.199,-37.4247,13.9983,-40.6938,-32.7618,-7.9319,29.701,-6125.3919,1265.839,7391.231,44418.4969,46553.2962,-46553.2962,13.0789,13.7502,1.0513,0.957,29.701,class2_2026_04_27_15_57_16.csv,train,background,,5.360143783461964,hard
122.842,384,0.615019,-18.123,-17.9889,0.3506,-16.1824,-15.4097,-0.7727,-0.8395,-911.2355,1608.3335,2519.569,-777.4295,307.2116,-777.4295,1.3431,3.5809,2.6662,0.0,1.087,class2_2026_04_27_15_15_26.csv,train,bend,120.93,,positive
131.776,412,0.659748,-18.233,-18.3713,2.1521,-12.6828,-34.3067,21.6239,3.4105,-2103.5071,-8456.1836,-6352.6765,-3092.4749,-2133.2288,-4217.8683,3.1531,14.0555,4.4577,0.0,6.365,class2_2026_04_27_16_01_55.csv,train,break,131.46,,positive
16.273,50,0.081472,-25.946,-41.0494,12.5838,-29.2979,-41.9971,12.6992,17.2635,-4648.3363,-2662.4859,1985.8505,45984.8975,45984.8975,-46147.3386,12.9039,12.752,0.9882,0.958,29.442,class3_2026_05_14_14_40_57.csv,train,background,,4.581056788241263,hard
131.457,411,0.65815,-18.421,-21.5928,10.2471,-13.4075,-38.5801,25.1726,3.556,-1454.6102,-6339.0731,-4884.4629,-1321.3135,-1321.3135,-49340.1285,3.2054,14.2114,4.4336,0.0,35.151,class2_2026_04_27_15_14_19.csv,train,break,131.14,,positive
127.947,400,0.640577,-19.452,-19.8828,1.3793,-29.5644,-30.9399,1.3755,3.8285,1070.8484,-1561.834,-2632.6824,639.4969,5469.601,-7225.7069,12.8919,13.5008,1.0472,2.553,4.61,class3_2026_05_14_12_55_25.csv,train,background,,-38.88201570709421,random
135.285,423,0.677316,-22.205,-40.7341,12.9728,-21.9879,-36.2688,14.2808,0.5245,-7843.2748,-1680.2046,6163.0701,44639.5016,44639.5016,-44430.3631,12.9196,13.7205,1.062,0.0,28.48,class1_2026_04_27_14_43_57.csv,train,background,,4.323837963426614,hard
136.243,426,0.682112,-49.9,-37.5926,13.7911,-29.7771,-42.3811,12.6041,17.201,877.6494,2314.6456,1436.9962,-0.0,46424.768,-40846.3981,12.5442,12.1396,0.9678,0.0,29.619,class3_2026_05_14_14_33_35.csv,train,background,,5.182075595138096,hard
146.772,459,0.734826,-21.389,-36.7668,14.6912,-31.2232,-39.0414,7.8183,4.7235,-2552.0742,998.8791,3550.9533,46206.8997,46507.8386,-46206.8997,13.2465,13.6342,1.0293,0.957,30.536,class2_2026_04_27_16_05_01.csv,train,background,,4.877718152765179,hard
126.032,394,0.63099,-20.405,-36.9508,14.4848,-35.1921,-38.956,3.7639,29.826,-1087.3602,-3565.9212,-2478.561,978.058,46230.4091,-46530.1983,14.7195,13.7344,0.9331,1.277,29.826,class3_2026_05_14_12_56_02.csv,train,background,,3.7580518453566656,hard
161.768,506,0.809905,-20.547,-43.3918,12.1758,-35.9084,-39.2778,3.3694,29.353,-4359.812,3011.383,7371.195,45800.942,46007.8386,-46007.8386,14.0495,13.3972,0.9536,0.957,29.353,class1_2026_04_27_14_38_20.csv,train,background,,0.9380458606065079,random
135.285,423,0.677316,-20.281,-34.5888,13.749,-29.9234,-40.8948,10.9714,4.547,2399.4978,1502.2715,-897.2262,-2479.6207,46424.768,-46235.3415,12.4484,12.7504,1.0243,0.957,29.619,class3_2026_05_14_14_33_35.csv,train,background,,4.041061985808918,hard
181.231,567,0.907348,-21.095,-34.271,14.0027,-41.9775,-34.4431,-7.5344,29.422,3638.2967,2070.0076,-1568.2891,-5089.3401,45148.9075,-44203.7649,12.7915,13.9061,1.0871,1.596,29.422,class1_2026_04_27_14_37_06.csv,train,background,,4.82850838473663,hard
135.604,424,0.678913,-21.482,-30.9281,13.4516,-22.6452,-36.479,13.8338,2.1315,-3113.9906,-1195.5192,1918.4714,-971.274,44728.8417,-44970.2226,10.0909,13.5162,1.3395,0.0,29.819,class2_2026_04_27_15_46_27.csv,train,background,,5.669183938488705,hard
152.515,477,0.763579,-27.052,-35.4861,13.264,-43.392,-36.7819,-6.6101,30.822,4995.3103,1947.965,-3047.3453,-0.0,48310.3495,-43454.547,12.1874,13.2945,1.0908,0.638,30.822,class2_2026_04_27_15_48_47.csv,train,background,,5.093495193095084,hard
173.255,542,0.867416,-49.9,-37.2738,14.1445,-34.867,-40.6447,5.7777,29.894,-238.2854,-2872.755,-2634.4695,-894.9828,45550.7985,-41192.7947,13.7015,13.1048,0.9564,0.0,29.894,class1_2026_04_27_14_48_51.csv,train,background,,3.906264904176102,hard
186.656,584,0.934509,-49.9,-34.0803,14.2009,-37.5433,-35.0942,-2.4491,16.32,5183.3181,-1986.7115,-7170.0296,1100.3135,44922.3406,-45984.3292,13.0794,13.3829,1.0232,0.0,30.056,class2_2026_04_27_15_16_23.csv,train,background,,1.7210395445023678,random
136.562,427,0.683709,-19.485,-37.8113,13.6428,-29.2957,-39.3315,10.0358,5.9375,-3361.1662,314.2402,3675.4065,44818.185,44818.185,-47672.4154,13.0145,13.3112,1.0228,0.957,30.415,class2_2026_04_27_15_51_56.csv,train,background,,4.589110743180741,hard
133.371,417,0.667733,-49.9,-37.8309,13.5821,-19.0302,-35.3047,16.2746,0.519,-5964.3349,3370.8991,9335.234,0.0,45183.3887,0.0,11.5135,13.1927,1.1458,0.0,28.827,class2_2026_04_27_15_15_26.csv,train,background,,5.729569567490513,hard
145.177,454,0.726841,-21.383,-31.0899,13.4058,-42.8038,-37.1414,-5.6623,30.173,1444.0553,-1802.3447,-3246.4,-694.9215,47293.1082,-44697.4969,11.5472,14.3032,1.2387,1.277,30.173,class1_2026_04_27_14_49_51.csv,train,background,,4.825815631800201,hard
22.016,68,0.110225,-15.412,-15.2422,0.3992,-14.6279,-14.5706,-0.0574,-0.1645,-178.1875,230.3643,408.5517,330.721,330.721,95.6113,0.3805,0.4243,1.1151,0.0,1.187,class3_2026_05_22_11_10_02.csv,train,background,,-55.80236440667477,random
135.285,423,0.677316,-22.353,-37.9959,13.3446,-21.9137,-42.3432,20.4294,2.6995,-5016.2743,2122.4553,7138.7296,0.0,45122.2602,-43244.6874,10.3274,12.2165,1.1829,0.638,28.788,class2_2026_04_27_16_03_33.csv,train,background,,6.839560032411141,hard
182.189,570,0.912144,-29.371,-32.4863,12.703,-38.0916,-39.4747,1.3831,30.248,3120.7401,-1221.6631,-4342.4032,39224.1411,39224.1411,-39224.1411,13.3043,13.1666,0.9897,0.957,30.248,class3_2026_05_22_11_09_21.csv,train,background,,0.11754232122115224,random
13.082,40,0.065496,-19.299,-30.6668,13.6825,-19.4026,-39.2372,19.8346,2.126,-3582.2607,-4360.6445,-778.3837,7385.5799,39858.9389,-47963.953,8.2458,13.4504,1.6312,0.957,30.601,class3_2026_05_14_14_33_35.csv,train,background,,8.79543615641534,hard
23.292,72,0.116613,-16.523,-15.9014,0.424,-14.8577,-16.3515,1.4938,0.4325,-407.3141,-167.6839,239.6302,1365.2038,1365.2038,-592.4765,0.6121,0.4786,0.7819,0.0,1.239,class2_2026_04_27_16_05_41.csv,train,bend,19.78,,positive
94.445,295,0.472847,-49.9,-35.965,15.7164,-33.0922,-33.2636,0.1714,10.3485,-948.4458,-1909.7555,-961.3097,41874.209,55167.7147,-48457.685,15.294,15.2005,0.9939,0.0,35.197,class3_2026_05_14_13_11_09.csv,train,background,,9.200584368664543,hard
185.698,581,0.929713,-22.089,-40.8363,12.8323,-38.1109,-35.6817,-2.4292,28.049,159.7995,1139.458,979.6585,-0.0,43590.9107,-43659.128,13.2973,14.2688,1.0731,0.638,28.049,class2_2026_04_27_15_34_55.csv,train,background,,0.11495307179683345,random
150.601,471,0.753997,-27.266,-37.9612,13.4597,-42.2503,-32.4797,-9.7706,29.567,-4082.7963,-2046.1509,2036.6454,46343.2633,46343.2633,-46343.2633,12.3496,13.9834,1.1323,0.957,29.567,class2_2026_04_27_15_27_06.csv,train,background,,5.878450197502993,hard
165.916,519,0.830672,-22.402,-35.4606,12.9842,-30.1716,-36.2828,6.1112,2.5325,-575.0491,6079.6733,6654.7225,-38630.0972,38630.0972,-42015.6771,12.3719,13.6741,1.1052,0.638,27.838,class2_2026_04_27_16_01_09.csv,train,background,,-1.03902335789821,random
141.986,444,0.710865,-49.9,-40.3123,13.5686,-33.0641,-42.8368,9.7727,29.582,2230.3545,6434.9327,4204.5782,-45716.3041,45716.3041,-45716.3041,13.6028,11.4676,0.843,0.0,29.582,class2_2026_04_27_15_24_25.csv,train,background,,3.7092766261561962,hard
133.69,418,0.66933,-49.9,-27.4348,12.2776,-13.7503,-34.1141,20.3638,1.7795,-3080.1692,-4833.4772,-1753.308,10836.989,10836.989,-46695.9279,5.0821,14.157,2.7856,0.0,31.938,class1_2026_04_27_14_49_30.csv,train,background,,5.707585822316702,hard
142.305,445,0.712462,-19.803,-36.8087,14.66,-39.4213,-34.3139,-5.1073,30.973,-889.4685,-112.4672,777.0014,48547.0251,48547.0251,-47173.9859,13.2608,14.0027,1.0559,0.957,30.973,class2_2026_04_27_15_39_04.csv,train,background,,6.258285011082284,hard
133.69,418,0.66933,-21.418,-24.5233,9.2294,-15.1294,-30.5627,15.4333,2.58,-4967.1284,-2358.0693,2609.0591,42568.9702,42568.9702,-5426.3323,9.3685,12.1459,1.2965,0.0,32.313,class1_2026_04_27_14_48_32.csv,train,background,,3.9653044897450345,hard
134.966,422,0.675719,-49.9,-43.5331,11.9272,-22.9958,-41.0402,18.0444,3.488,-6853.718,-2944.6471,3909.0709,-0.0,46952.9812,-267.8879,12.5009,12.6103,1.0087,0.0,29.956,class2_2026_04_27_15_52_49.csv,train,background,,6.276934306715696,hard
143.262,448,0.717253,-21.403,-30.7069,10.9226,-32.2612,-41.0283,8.7671,20.8125,-62.8444,-4614.1519,-4551.3075,26227.2759,26227.2759,-45735.1113,12.7145,12.8412,1.01,0.638,29.179,class3_2026_05_22_11_05_05.csv,train,background,,-1.376059866755935,random
126.351,395,0.632587,-49.9,-37.7998,13.5916,-27.0864,-44.1038,17.0174,5.917,2504.0107,1772.2209,-731.7898,-40875.7838,47115.9906,-40875.7838,10.3794,10.8578,1.0461,0.0,30.06,class3_2026_05_14_13_21_55.csv,train,background,,5.849177686471009,hard
152.834,478,0.765318,-22.909,-37.9374,13.513,-42.4636,-31.9819,-10.4817,30.814,2116.2251,470.5416,-1645.6835,0.0,35496.8683,0.0,12.0444,12.7803,1.0611,0.638,30.814,class2_2026_04_27_15_34_41.csv,train,background,,4.947896688358257,hard
176.445,552,0.883387,-21.277,-35.0482,13.4246,-34.98,-42.8972,7.9172,29.492,582.2647,334.2472,-248.0175,0.0,46225.7069,-44222.8773,13.4722,11.6776,0.8668,0.638,29.492,class2_2026_04_27_15_45_39.csv,train,background,,2.845074026023619,random
150.92,472,0.755594,-20.31,-34.0572,14.2128,-42.1209,-31.6383,-10.4826,30.735,-1317.7178,-1179.2469,138.4709,48173.9828,48173.9828,-46379.315,12.5817,13.0127,1.0343,0.957,30.735,class1_2026_04_27_14_47_57.csv,train,background,,7.4032646403974915,hard
132.095,413,0.661345,-20.743,-25.9593,12.9103,-13.5817,-34.1623,20.5806,2.624,-2441.0915,-163.8615,2277.23,-835.4216,-835.4216,-47523.5141,3.3362,14.1403,4.2385,0.0,33.326,class2_2026_04_27_15_18_27.csv,train,break,131.46,,positive
167.192,523,0.837061,-20.679,-29.098,11.3051,-36.0787,-31.1248,-4.9539,6.045,-173.6058,-3274.4845,-3100.8787,4250.7837,42592.4796,-11920.2796,13.8757,11.8427,0.8535,1.276,29.886,class3_2026_05_14_13_33_21.csv,train,background,,-1.8393879802174875,random
134.647,421,0.674246,-24.101,-31.9681,12.8005,-18.8296,-39.2024,20.3728,1.3055,-3021.9664,719.0242,3740.9907,-46208.4655,42343.2633,-46208.4655,8.3786,13.4748,1.6083,0.0,29.481,class2_2026_04_27_15_34_41.csv,train,background,,7.63531923045636,hard
134.647,421,0.674121,-21.386,-34.002,14.2787,-17.3871,-36.3113,18.9243,1.249,-4155.9566,3436.6625,7592.6191,-46561.1317,44692.7931,-46561.1317,8.7269,13.6457,1.5636,0.0,30.43,class1_2026_04_27_14_39_05.csv,train,background,,9.450071857293885,hard
134.647,421,0.674121,-23.76,-34.9733,13.365,-36.1199,-39.8561,3.7362,28.113,1694.1794,2758.6669,1064.4875,-41539.1865,40971.79,-41539.1865,13.8443,12.7321,0.9197,0.957,28.113,class3_2026_05_14_13_00_27.csv,train,background,,-0.45597024479991877,random
156.025,488,0.781152,-49.9,-34.6289,13.8147,-32.9814,-34.4496,1.4682,3.567,130.6359,29.8686,-100.7672,0.0,1529.7806,-35261.7586,13.6047,13.9166,1.0229,0.0,30.115,class2_2026_04_27_15_14_43.csv,train,background,,-5.472686040450769,random
127.628,399,0.63898,-11.411,-13.2041,1.2139,-14.7079,-23.2189,8.511,3.6165,361.1743,-2574.3852,-2935.5595,130.094,4401.2539,-3398.1191,0.7625,12.4073,16.2712,1.595,3.46,class3_2026_05_14_12_56_13.csv,train,connector,127.63,,positive
131.138,410,0.656553,-17.275,-17.2003,2.342,-12.9654,-28.1696,15.2042,4.233,-612.2179,-3337.422,-2725.2041,-3569.0061,-2224.1379,-3569.0061,3.0964,11.9008,3.8434,0.0,7.026,class2_2026_04_27_15_35_21.csv,train,break,131.46,,positive
134.647,421,0.674121,-21.151,-31.3643,13.2032,-17.687,-38.7811,21.0941,1.4355,-5051.1065,1144.7748,6195.8813,0.0,2948.2774,-2086.1844,9.0434,13.949,1.5424,0.0,29.979,class1_2026_04_27_14_48_38.csv,train,background,,3.6710767596589475,hard
102.102,319,0.511182,-21.188,-23.9744,9.4789,-13.2804,-28.8219,15.5414,2.7195,-2630.7658,1610.3938,4241.1597,-2873.0408,-702.1944,-45003.1379,3.9038,11.4144,2.9239,0.0,32.727,class3_2026_05_14_14_39_37.csv,train,break,101.78,,positive
164.002,513,0.82109,-49.9,-43.3906,12.1847,-40.6422,-39.2084,-1.4338,30.147,-2477.0836,-2038.387,438.6966,-0.0,44364.8408,-47252.3542,13.1061,13.4255,1.0244,0.0,30.147,class3_2026_05_22_11_06_12.csv,train,background,,0.5762811043666132,random
181.55,568,0.908945,-20.23,-34.2821,13.9979,-33.1821,-41.8734,8.6913,29.67,2562.5875,-1230.759,-3793.3464,-1849.1441,46504.7053,-46555.3627,13.5084,11.6832,0.8649,1.277,29.67,class3_2026_05_14_13_39_31.csv,train,background,,3.902193943519925,hard
135.924,425,0.680515,-49.9,-37.0081,14.4231,-24.1364,-37.6907,13.5543,1.997,-4033.6655,3321.7483,7355.4138,0.0,0.0,-46517.2445,11.7209,13.6745,1.1667,0.0,29.678,class2_2026_04_27_16_02_47.csv,train,background,,0.029594858217665332,random
127.628,399,0.63898,-5.963,-8.8497,2.8644,-13.9622,-13.5929,-0.3693,8.8215,1154.6743,-2636.5193,-3791.1936,572.1003,9721.0031,-2710.0313,2.2515,4.4613,1.9814,2.871,8.8,class1_2026_04_27_14_36_54.csv,train,connector,127.63,,positive
134.009,419,0.670927,-49.9,-34.342,13.996,-19.4596,-33.1035,13.6439,1.667,-6118.2483,52.138,6170.3863,39500.0047,39500.0047,-39500.0047,11.351,12.4523,1.097,0.0,30.818,class2_2026_04_27_15_28_40.csv,train,background,,5.249120321610154,hard
194.951,610,0.976038,-21.569,-29.6801,11.098,-33.6505,-36.4524,2.8019,6.459,4988.798,-90.6581,-5079.4561,-43354.2351,10318.1818,-44475.4521,13.0985,12.8367,0.98,0.957,29.168,class2_2026_04_27_15_49_29.csv,train,background,,-7.365186857862946,random
126.351,395,0.632587,-49.9,-37.3498,14.1144,-42.2584,-37.4447,-4.8137,29.909,1733.4295,-5320.7453,-7054.1748,-541.2951,46170.848,-45916.931,12.3617,13.9807,1.131,0.0,29.909,class3_2026_05_14_13_00_09.csv,train,background,,4.269583289185193,hard
138.795,434,0.694889,-19.896,-19.9856,1.4563,-16.4772,-32.9077,16.4305,1.018,-1434.36,-3162.2287,-1727.8686,6597.1787,6597.1787,-2856.5901,2.6164,13.8755,5.3033,0.0,4.734,class3_2026_05_14_13_12_07.csv,train,break,136.56,,positive
145.177,454,0.726841,-22.282,-33.8844,14.3484,-33.5163,-38.7089,5.1926,20.902,320.0737,-3070.1648,-3390.2386,4140.9453,43355.8251,-47371.4765,13.3164,14.0501,1.0551,1.277,30.223,class3_2026_05_22_11_06_12.csv,train,background,,4.006127494439225,hard
135.604,424,0.678913,-49.9,-34.5882,13.746,-23.899,-37.5461,13.6471,1.554,-1004.0502,4418.6567,5422.7069,-45812.9668,44448.279,-45812.9668,9.8902,13.8475,1.4001,0.0,29.183,class2_2026_04_27_15_31_19.csv,train,background,,5.429556118653439,hard
191.123,598,0.956873,-21.268,-31.5056,13.4375,-39.7868,-35.8687,-3.9182,30.862,-1318.2825,-2269.2001,-950.9175,1968.7924,46416.9326,-44877.7461,12.9622,14.1052,1.0882,1.596,30.862,class2_2026_04_27_15_28_40.csv,train,background,,4.383004357114736,hard
135.285,423,0.677316,-49.9,-34.3979,13.9309,-21.6288,-37.8782,16.2494,2.436,-4479.259,2625.9565,7105.2156,0.0,46761.7586,-44612.8558,10.3973,13.4661,1.2951,0.0,29.834,class2_2026_04_27_15_26_06.csv,train,background,,7.514732950586896,hard
156.344,489,0.782749,-22.516,-37.5928,13.7794,-37.4806,-38.0376,0.557,29.397,1166.7853,246.0663,-920.7189,-0.0,4799.3746,-42921.6317,13.9738,13.3761,0.9572,0.638,29.397,class1_2026_04_27_14_44_55.csv,train,background,,-4.926645667032576,random
178.998,560,0.896168,-24.001,-34.1076,14.166,-34.2187,-40.8307,6.6119,29.797,4743.5752,-54.9782,-4798.5534,-43526.6505,43526.6505,-46703.7633,14.0882,12.942,0.9186,1.276,29.797,class2_2026_04_27_15_57_16.csv,train,background,,3.81267452042876,hard
55.199,172,0.276358,-49.9,-37.6433,13.7807,-32.2299,-43.8537,11.6238,30.044,4287.8525,3034.4667,-1253.3858,-44655.1755,43402.8245,-44655.1755,12.6741,11.343,0.895,0.0,30.044,class3_2026_05_14_12_57_24.csv,train,background,,4.816901486171068,hard
130.499,408,0.653354,-15.598,-15.6374,2.1751,-13.2993,-28.0347,14.7354,4.9735,715.4254,-4372.173,-5087.5984,-2785.2649,-2346.395,-3751.486,3.1687,12.0986,3.8181,0.0,6.244,class2_2026_04_27_16_04_37.csv,train,break,130.82,,positive
191.442,599,0.95847,-49.9,-35.3558,13.1353,-39.3366,-33.6178,-5.7188,17.1905,-232.3834,-793.9907,-561.6073,33894.9875,33894.9875,-33894.9875,13.286,13.1426,0.9892,0.0,28.003,class3_2026_04_27_16_18_00.csv,train,background,,-1.1187313361385713,random
27.121,84,0.135784,-14.142,-14.3206,0.1048,-14.4942,-14.3705,-0.1237,0.24,77.6735,-4.3588,-82.0324,170.8464,326.0188,-412.2257,0.2464,0.1149,0.4661,0.957,0.333,class1_2026_04_27_14_47_13.csv,train,background,,-57.06133137612565,random
138.795,434,0.694889,-21.278,-31.0117,13.3714,-22.4909,-33.6748,11.1839,1.765,-2400.4707,-320.4948,2079.9759,-42957.6834,46347.9655,-44862.0721,9.995,13.1803,1.3187,0.0,29.57,class3_2026_05_14_13_43_30.csv,train,background,,3.9799165629278748,hard
143.581,449,0.71885,-49.9,-40.6477,13.0952,-36.1126,-42.0861,5.9735,29.008,2646.3432,-1506.5704,-4152.9137,-45467.0878,3286.8339,-45467.0878,13.948,12.6223,0.905,0.0,29.008,class3_2026_05_14_13_22_54.csv,train,background,,-4.054336527129933,random
134.328,420,0.672524,-23.898,-31.3152,13.292,-19.2723,-34.6003,15.3279,1.015,-5323.4523,629.576,5953.0283,45413.7947,46202.1975,-45413.7947,11.3373,13.7527,1.213,0.0,29.941,class2_2026_04_27_15_24_51.csv,train,background,,6.730364715453034,hard
151.239,473,0.757191,-25.33,-40.6853,13.0922,-43.6551,-33.6919,-9.9631,29.41,-3352.6616,1520.4216,4873.0832,46097.1818,46097.1818,-46097.1818,11.7333,13.1517,1.1209,0.957,29.41,class2_2026_04_27_15_54_02.csv,train,background,,4.769202797091593,hard
134.647,421,0.674121,-21.401,-28.1264,11.7544,-19.9157,-35.7621,15.8464,1.07,-3256.9887,-3698.0557,-441.067,-40854.2367,46615.9906,-40854.2367,8.246,14.1841,1.7201,0.0,29.741,class2_2026_04_27_15_41_16.csv,train,background,,6.016704829718849,hard
169.426,530,0.848245,-49.9,-37.4378,13.9647,-40.8488,-32.2932,-8.5556,19.571,-3175.8391,-698.9595,2476.8796,780.5627,45747.6536,-4844.8276,12.8498,12.6497,0.9844,0.0,29.685,class2_2026_04_27_15_18_47.csv,train,background,,3.890565228548324,hard
151.558,474,0.758788,-21.479,-33.7927,14.412,-40.8303,-33.4937,-7.3367,29.925,2182.7931,523.1116,-1659.6815,0.0,1909.0925,-44547.0251,12.8718,13.1933,1.025,0.638,29.925,class2_2026_04_27_15_51_44.csv,train,background,,-1.1232221786241543,random
150.282,470,0.752399,-18.594,-30.6334,13.6692,-34.0517,-38.8094,4.7578,23.466,-2009.692,-852.7967,1156.8953,452.9765,42962.2848,-49068.9687,13.0185,13.95,1.0716,1.915,31.306,class2_2026_04_27_15_45_59.csv,train,background,,4.2870510539877085,hard
109.122,341,0.546328,-14.753,-28.9276,15.1545,-22.0488,-30.2139,8.1651,5.688,-686.582,553.2159,1239.7979,-1103.4483,45872.363,-55089.3448,10.3421,15.9395,1.5412,1.276,35.19,class3_2026_05_14_13_18_55.csv,train,background,,11.718070548181114,hard
133.371,417,0.667733,-49.9,-31.5224,13.2128,-16.4572,-36.706,20.2488,2.7875,-4807.5017,-1818.3775,2989.1242,41001.5721,41001.5721,-44626.9639,9.0314,13.2819,1.4706,0.0,31.247,class2_2026_04_27_15_38_31.csv,train,background,,9.285108591125221,hard
127.628,399,0.639099,-5.902,-8.7916,2.8891,-13.8731,-13.2861,-0.5871,8.792,1133.0185,-2618.8359,-3751.8544,644.2006,9595.6113,-2727.2727,2.2345,4.1363,1.8511,2.871,8.934,class1_2026_04_27_14_47_50.csv,train,connector,127.63,,positive
134.647,421,0.674121,-49.9,-37.6908,13.6841,-27.0953,-40.7727,13.6774,4.1885,-5270.1401,-1704.7013,3565.4388,0.0,44315.0486,0.0,14.4341,12.9377,0.8963,0.0,29.325,class3_2026_05_14_13_42_29.csv,train,background,,4.892591905343504,hard
172.617,540,0.864221,-49.9,-40.2799,13.6188,-32.4963,-45.4119,12.9157,30.366,-222.2561,875.4912,1097.7473,-47372.6264,44117.558,-47372.6264,12.594,10.0512,0.7981,0.0,30.366,class2_2026_04_27_15_52_49.csv,train,background,,4.624492233313596,hard
134.647,421,0.674121,-21.292,-32.8031,12.385,-19.1602,-41.3299,22.1697,2.588,-3884.6863,84.9308,3969.6172,-43592.4812,43592.4812,-44840.1285,8.4707,12.2278,1.4435,0.0,29.996,class2_2026_04_27_15_18_09.csv,train,background,,7.847101753998516,hard
127.628,399,0.63898,-2.402,-5.9168,4.134,-13.9183,-9.9413,-3.9771,12.32,1956.6143,-2640.235,-4596.8494,619.1223,16205.5207,-2808.7774,3.6197,4.3056,1.1895,3.828,13.423,class3_2026_05_14_13_23_04.csv,train,connector,127.31,,positive
130.818,409,0.654951,-16.477,-16.4046,2.0516,-13.4007,-26.0251,12.6244,4.485,111.4469,-6668.9771,-6780.424,-2429.3368,-2020.3762,-3531.348,3.2291,10.957,3.3932,0.0,5.924,class2_2026_04_27_15_32_04.csv,train,break,131.14,,positive
127.628,399,0.63898,-7.937,-10.8189,2.8679,-16.0111,-15.5996,-0.4116,8.8565,1237.9804,-2878.4442,-4116.4246,614.4201,9493.7304,-2873.0408,2.2909,4.5007,1.9646,2.871,8.897,class2_2026_04_27_15_48_47.csv,train,connector,127.95,,positive
140.071,438,0.701277,-23.116,-37.0348,14.414,-35.9596,-40.4376,4.478,30.475,-840.2963,390.0806,1230.3768,47805.0564,47805.0564,-47766.4624,14.0103,13.4542,0.9603,0.958,30.475,class2_2026_04_27_16_03_45.csv,train,background,,4.67733980032492,hard
156.025,488,0.781152,-49.9,-44.1867,10.6913,-42.2844,-33.5136,-8.7708,26.214,968.7321,5492.5487,4523.8166,1579.9357,39507.8401,-41087.7759,12.3014,13.1599,1.0698,0.0,26.214,class2_2026_04_27_15_50_53.csv,train,background,,-1.820242891932328,random
129.223,404,0.646966,-9.783,-9.7554,2.1917,-11.8861,-17.2371,5.351,8.514,2301.1938,-2738.3466,-5039.5404,-3222.5705,-2043.8871,-3222.5705,3.6426,3.8577,1.059,2.871,6.861,class1_2026_04_27_14_36_42.csv,train,background,,-42.72799965366047,random
127.628,399,0.63898,-7.916,-10.8157,2.9082,-15.7663,-15.4001,-0.3662,8.53,1096.0938,-2722.4151,-3818.5089,619.1223,9556.1861,-2913.7931,2.2016,4.2479,1.9294,2.871,9.051,class2_2026_04_27_16_06_59.csv,train,connector,127.31,,positive
135.924,425,0.680515,-21.456,-41.3617,12.3745,-26.1647,-39.0452,12.8805,2.446,-8144.8502,-438.8059,7706.0444,-278.6442,44374.2026,-44583.0768,13.1424,13.6451,1.0382,0.639,29.392,class2_2026_04_27_15_18_47.csv,train,background,,4.03138482575705,hard
132.733,415,0.664539,-49.9,-37.381,14.0613,-20.1066,-37.7803,17.6737,1.731,-5629.7866,199.2511,5829.0377,39225.7069,44048.5909,-47929.4718,10.9742,13.6622,1.2449,0.0,30.579,class3_2026_05_14_13_15_32.csv,train,background,,8.755884628683019,hard
169.745,531,0.849843,-22.351,-35.1771,13.2142,-37.7826,-42.6016,4.819,28.388,1486.5183,-4492.2146,-5978.7328,2810.3464,43180.2539,-43180.2539,13.6099,11.8027,0.8672,1.276,28.388,class2_2026_04_27_15_33_11.csv,train,background,,-0.26545426188890753,random
145.496,455,0.728438,-19.745,-37.2848,14.1352,-34.7553,-43.6662,8.9108,30.155,1700.4862,-1249.7235,-2950.2096,-43128.5282,47069.3055,-47264.8918,13.578,11.6711,0.8596,0.958,30.155,class3_2026_05_14_13_11_09.csv,train,background,,4.670681110803434,hard
127.628,399,0.63898,-8.231,-11.0338,2.745,-15.9843,-15.54,-0.4443,8.459,1102.9224,-2800.3077,-3903.2301,603.4483,9427.8997,-2782.1317,2.1822,4.0694,1.8648,2.871,8.387,class2_2026_04_27_16_02_34.csv,train,connector,127.95,,positive
138.795,434,0.694889,-49.9,-34.1134,14.1598,-24.9688,-33.5379,8.5691,2.2065,-2546.4475,2079.7235,4626.171,1438.873,46609.721,-46725.7069,11.2917,13.2986,1.1777,0.0,29.811,class3_2026_05_22_11_06_12.csv,train,background,,3.709414697549457,hard
131.138,410,0.656553,-14.71,-14.6879,2.1281,-10.8258,-28.2905,17.4647,3.975,-586.119,-5255.2674,-4669.1484,-2368.1117,-2130.094,-3393.4169,3.1683,13.6268,4.301,0.0,6.35,class1_2026_04_27_14_47_01.csv,train,break,132.09,,positive
136.243,426,0.682112,-18.609,-29.7111,14.2972,-14.9147,-36.0013,21.0866,1.6715,-2163.7939,3111.1443,5274.9381,-150.4671,2966.758,-49045.4592,3.7737,14.0779,3.7306,0.638,31.691,class3_2026_05_14_14_40_05.csv,train,background,,6.256498498685779,hard
135.285,423,0.677316,-20.633,-28.7906,11.392,-20.4825,-39.3785,18.896,2.1525,-4136.5953,-3610.3682,526.2271,44459.2508,44459.2508,-45666.9639,8.0782,13.2791,1.6438,0.958,29.267,class2_2026_04_27_16_06_20.csv,train,background,,5.77451150576587,hard
139.433,436,0.698083,-49.9,-40.117,13.8402,-30.8765,-40.4692,9.5927,16.756,-5662.9628,-3298.3231,2364.6397,44581.5063,46595.6129,-46608.1995,13.4615,13.3634,0.9927,0.0,29.876,class2_2026_04_27_15_19_23.csv,train,background,,5.033247032292224,hard
140.71,440,0.704476,-49.9,-44.5327,10.0983,-36.6368,-39.3693,2.7324,26.425,1301.1721,1704.5903,403.4182,-41418.4984,41224.4505,-41418.4984,13.4033,13.2836,0.9911,0.0,26.425,class2_2026_04_27_15_35_21.csv,train,background,,-4.707167445782968,random
74.981,234,0.375399,-16.433,-16.8588,0.26,-16.9831,-17.0475,0.0644,0.52,69.9164,-9.338,-79.2544,-313.4812,968.652,-1561.1285,0.2618,0.2592,0.9902,0.957,0.996,class2_2026_04_27_16_03_18.csv,train,background,,-56.11732935328084,random
166.873,522,0.835464,-49.9,-43.422,12.1193,-35.6388,-31.2014,-4.4374,4.065,-2864.3366,352.9517,3217.2883,0.0,45780.569,-0.0,12.9043,13.2944,1.0302,0.0,29.208,class3_2026_05_14_13_16_46.csv,train,background,,-0.5020770561340879,random
134.328,420,0.672524,-49.9,-34.9402,13.4584,-19.0307,-43.7217,24.691,1.3835,-4551.4455,-2636.8875,1914.5581,-0.0,2064.2633,-6783.7006,8.5314,11.6201,1.362,0.0,28.873,class2_2026_04_27_15_39_15.csv,train,background,,2.468447761471227,random
133.371,417,0.667733,-20.446,-22.6449,9.7177,-12.5948,-36.0203,23.4254,2.44,-2587.2856,-3209.7484,-622.4629,-1228.8417,-1228.8417,-48434.1708,4.2733,13.9836,3.2723,0.0,33.056,class1_2026_04_27_14_46_41.csv,train,background,,4.771629202557022,hard
183.146,573,0.916936,-49.9,-37.667,13.775,-43.7574,-38.9089,-4.8485,29.754,1916.1978,-1096.8923,-3013.0901,-37021.9451,46246.0846,-37021.9451,11.545,13.8071,1.1959,0.0,29.754,class3_2026_05_22_11_06_12.csv,train,background,,3.7231621822037746,hard
164.64,515,0.824284,-49.9,-39.4232,11.8213,-35.6318,-31.6382,-3.9936,3.23,5504.7915,4478.7018,-1026.0898,-42716.3056,42716.3056,-42716.3056,12.8298,11.5255,0.8983,0.0,27.253,class3_2026_05_14_12_56_25.csv,train,background,,-4.794401148876532,random
184.103,576,0.921727,-24.372,-44.0259,10.9977,-39.6321,-37.5008,-2.1313,27.339,153.275,4970.1519,4816.8769,0.0,40012.5423,-40012.5423,12.9615,13.9528,1.0765,0.638,27.339,class2_2026_04_27_15_43_31.csv,train,background,,-2.9692265455648315,random
135.285,423,0.677316,-49.9,-33.0411,12.1533,-21.8876,-40.0772,18.1897,2.2165,-4868.4466,-739.8414,4128.6052,33109.7226,43592.4812,-33181.2867,10.4751,12.4388,1.1875,0.0,28.608,class2_2026_04_27_15_18_09.csv,train,background,,4.5709285104002575,hard
114.227,357,0.571887,-14.857,-29.0779,15.0298,-28.536,-24.2768,-4.2592,6.65,553.2159,-656.2129,-1209.4288,-1092.4765,55115.9906,-54926.3354,15.3731,12.0282,0.7824,1.276,35.164,class3_2026_05_14_13_18_55.csv,train,background,,7.635016990628046,hard
189.846,594,0.95048,-49.9,-37.674,13.7455,-43.7243,-37.9995,-5.7248,30.19,3977.8333,46.4327,-3931.4006,2909.0925,44410.6614,-42601.9804,11.5997,13.3596,1.1517,0.0,30.19,class3_2026_05_14_12_59_21.csv,train,background,,3.91984902507732,hard
134.009,419,0.670927,-22.929,-31.135,13.2861,-17.8775,-35.9349,18.0574,0.5725,-3983.9577,1401.1872,5385.1449,-45492.1677,45492.1677,-45492.1677,8.7762,14.0037,1.5956,0.0,29.024,class2_2026_04_27_16_02_06.csv,train,background,,7.307009690202268,hard
133.371,417,0.667733,-49.9,-30.7934,13.5999,-14.4762,-34.8211,20.3449,1.3195,-2467.6292,-3261.9746,-794.3454,-3250.7821,-1119.1207,-3749.2163,4.139,13.5809,3.2812,0.0,30.753,class2_2026_04_27_15_57_48.csv,train,break,131.78,,positive
159.216,498,0.797128,-49.9,-40.9737,12.6746,-40.7773,-33.0317,-7.7456,29.552,2205.6553,921.6501,-1284.0051,0.0,46319.7524,-0.0,12.9339,13.5115,1.0447,0.0,29.552,class2_2026_04_27_15_38_53.csv,train,background,,3.8305005852416305,hard
180.912,566,0.905751,-49.9,-37.2349,14.2179,-41.9266,-37.4019,-4.5247,30.577,6400.4292,1824.159,-4576.2702,-42957.6834,42957.6834,-42957.6834,12.8937,14.0102,1.0866,0.0,30.577,class1_2026_04_27_14_46_48.csv,train,background,,4.449522137340393,hard
127.628,399,0.63898,-8.789,-11.7212,2.9549,-16.7034,-17.953,1.2496,8.5625,1079.7864,-2614.903,-3694.6894,617.5549,9755.384,-2877.7429,2.2222,8.8303,3.9737,2.871,9.185,class2_2026_04_27_15_41_59.csv,train,connector,127.63,,positive
71.472,223,0.357831,-24.623,-31.3837,13.1741,-15.8598,-39.2527,23.3929,2.432,-2727.6192,131.2472,2858.8663,-47656.1272,6478.0549,-47656.1272,4.2024,13.3931,3.187,0.0,30.389,class3_2026_05_14_13_10_18.csv,train,break,69.56,,positive
110.398,345,0.552717,-20.681,-34.537,13.8666,-31.4524,-42.7748,11.3224,29.944,799.0481,-3574.4771,-4373.5252,-2090.9075,46934.174,-45797.8088,13.1912,11.5275,0.8739,1.914,29.944,class3_2026_05_14_13_10_18.csv,train,background,,5.292108344677992,hard
135.285,423,0.677316,-21.174,-28.6434,11.4986,-19.0435,-37.8287,18.7852,2.283,-3662.9191,-5019.2256,-1356.3065,3937.3056,42006.2727,-44808.3959,8.2799,13.5424,1.6356,0.0,30.124,class3_2026_04_27_16_18_40.csv,train,background,,6.4944914279679535,hard
191.123,598,0.956873,-49.9,-34.8194,13.4979,-28.8415,-37.7261,8.8846,1.9505,-413.0542,-351.2161,61.8382,-439.7197,1401.2555,-41719.4373,11.3704,13.6422,1.1998,0.0,28.246,class3_2026_05_14_14_39_37.csv,train,background,,-4.170512954082959,random
185.698,581,0.929713,-22.705,-34.8136,13.6137,-37.9886,-34.9126,-3.076,18.323,1352.3578,4641.6176,3289.2598,-0.0,46405.9608,-44344.8307,13.3874,13.4778,1.0068,0.638,29.607,class3_2026_05_14_13_18_01.csv,train,background,,1.569088851472081,random
179.955,563,0.90096,-20.96,-37.3983,14.0098,-42.3736,-28.4152,-13.9583,4.072,-1852.2229,-122.3558,1729.8671,46141.069,46141.069,-45360.5063,12.1414,11.5635,0.9524,0.957,29.438,class1_2026_04_27_14_48_45.csv,train,background,,4.449821797785171,hard
162.087,507,0.811502,-49.9,-31.0056,13.4015,-36.0618,-37.9194,1.8576,29.632,3328.2648,-3493.3545,-6821.6193,-4235.1082,5620.6865,-4235.1082,13.8989,13.4216,0.9657,0.0,29.632,class2_2026_04_27_15_38_53.csv,train,background,,-4.196995867732495,random
49.775,155,0.249203,-49.9,-40.2494,13.666,-41.1562,-36.0379,-5.1183,30.496,2297.5705,4245.714,1948.1435,0.0,45199.0627,0.0,12.4189,13.9071,1.1198,0.0,30.496,class3_2026_05_14_13_15_21.csv,train,background,,4.448382358301908,hard
157.301,492,0.787541,-21.109,-37.4316,13.9535,-40.6076,-33.0735,-7.5341,29.08,-2013.9921,728.3517,2742.3439,3474.9232,45126.9639,-45126.9639,13.1475,13.4515,1.0231,1.276,29.08,class3_2026_05_14_14_40_43.csv,train,background,,4.051218407949121,hard
99.231,310,0.496808,-9.773,-9.8424,2.0688,-10.399,-14.6056,4.2066,8.1875,2132.4033,-1148.6395,-3281.0427,-2288.4013,-2288.4013,-2843.2602,4.2899,1.6669,0.3886,4.148,6.296,class3_2026_05_22_11_09_21.csv,train,bend,102.74,,positive
137.2,429,0.686903,-49.9,-41.2336,12.3133,-29.6677,-39.5353,9.8676,5.01,-4585.9504,2440.9553,7026.9058,0.0,7388.7147,-42326.0219,12.856,13.0811,1.0175,0.0,27.854,class2_2026_04_27_15_18_09.csv,train,background,,-4.436229458393859,random
163.364,511,0.817896,-20.016,-36.9856,14.4494,-43.4224,-36.0099,-7.4125,29.884,1870.6116,-4011.5742,-5882.1858,-292.7508,43699.0627,-46692.7915,12.1235,13.919,1.1481,0.639,29.884,class2_2026_04_27_15_41_16.csv,train,background,,5.390576741671095,hard
165.278,517,0.827478,-20.127,-37.6484,13.8028,-42.3107,-35.1757,-7.1349,29.9,1913.8044,75.4022,-1838.4022,5142.6332,46666.1458,-46666.1458,12.28,13.3248,1.0851,1.276,29.9,class2_2026_04_27_16_07_58.csv,train,background,,4.657194338916325,hard
127.628,399,0.63898,-7.713,-10.6239,2.9066,-15.5203,-15.2801,-0.2402,8.458,1150.1051,-2551.4163,-3701.5214,628.5266,9554.6668,-2835.4232,2.1842,4.4281,2.0273,2.871,9.051,class2_2026_04_27_16_06_20.csv,train,connector,127.63,,positive
139.114,435,0.696486,-23.133,-33.8547,14.3871,-30.5943,-36.2293,5.635,4.9915,2431.5231,6991.2746,4559.7515,-48289.9718,45365.2053,-48289.9718,13.6778,13.7314,1.0039,0.0,30.809,class2_2026_04_27_15_29_16.csv,train,background,,3.75666289345599,hard
190.484,596,0.953674,-49.9,-31.1186,13.3855,-30.3832,-40.7436,10.3603,9.613,4651.689,-6705.6003,-11357.2892,43449.8448,43449.8448,-46274.2962,12.4279,13.0124,1.047,0.0,29.711,class2_2026_04_27_16_05_41.csv,train,background,,3.68138421035942,hard
137.838,431,0.690097,-21.77,-34.8949,13.4908,-30.8016,-33.7531,2.9514,4.0175,-1041.9816,743.5167,1785.4984,-1769.5925,44090.9122,-40045.4577,13.5703,13.0735,0.9634,0.638,29.913,class2_2026_04_27_15_43_11.csv,train,background,,0.07710054276560696,random
188.251,589,0.942494,-20.324,-34.3771,13.92,-33.474,-40.6077,7.1337,29.576,2762.9015,1216.9809,-1545.9206,-40015.6755,43526.6505,-46357.3715,13.1912,13.1856,0.9996,1.595,29.576,class3_2026_05_14_12_56_35.csv,train,background,,3.8660893587450293,hard
133.371,417,0.667733,-24.375,-33.6134,14.6527,-15.9603,-36.5433,20.5829,2.7595,-4733.3046,-95.5875,4637.7171,0.0,1137.931,-45152.0408,9.0763,13.4332,1.48,0.0,31.766,class2_2026_04_27_15_25_04.csv,train,background,,5.615709569016306,hard
191.761,600,0.960067,-49.9,-30.2066,10.7893,-35.8323,-30.3516,-5.4807,4.115,2543.5565,1160.2415,-1383.315,-10075.2351,35675.5517,-40459.2508,14.1498,12.377,0.8747,0.0,29.062,class3_2026_05_14_13_41_43.csv,train,background,,-3.3878464503438033,random
151.239,473,0.757191,-20.416,-30.7427,13.7047,-42.6821,-32.9772,-9.7049,30.627,1452.161,-4134.0611,-5586.222,846.3934,46449.848,-46213.1693,11.731,13.6366,1.1624,1.276,30.627,class3_2026_05_14_13_42_54.csv,train,background,,6.809573320099177,hard
134.966,422,0.675719,-19.104,-40.2883,13.6285,-34.5722,-39.3018,4.7296,30.796,-2441.0151,-857.5508,1583.4643,3794.674,48269.5956,-48269.5956,13.7542,13.3371,0.9697,1.276,30.796,class3_2026_05_14_13_11_39.csv,train,background,,4.4614875029338235,hard
185.379,580,0.928115,-49.9,-34.6831,13.636,-32.0206,-42.2772,10.2567,29.33,3779.6937,-3692.6269,-7472.3206,-40584.6426,42134.7994,-43133.7512,12.684,12.3123,0.9707,0.0,29.33,class2_2026_04_27_15_25_54.csv,train,background,,3.9814204061803533,hard
133.69,418,0.66933,-22.982,-27.7307,11.8721,-17.6356,-36.1232,18.4876,1.1525,-4306.992,-2171.6925,2135.2995,470.221,42191.2257,-45509.4075,8.7857,13.8329,1.5745,0.0,29.791,class2_2026_04_27_15_14_43.csv,train,background,,6.538063462476466,hard
135.924,425,0.680515,-22.762,-37.3843,14.0107,-25.5601,-39.2108,13.6507,2.3505,-6656.1356,3075.8579,9731.9935,44534.561,46589.3433,-44730.4107,13.1502,13.4667,1.0241,0.0,29.724,class2_2026_04_27_15_49_56.csv,train,background,,6.166239667237935,hard
181.55,568,0.908945,-49.9,-37.6041,13.7532,-37.4449,-37.9092,0.4642,28.597,1154.0276,1045.5511,-108.4765,-42387.5503,44822.8887,-43553.2931,13.9491,13.4602,0.9649,0.0,28.597,class3_2026_05_14_13_16_46.csv,train,background,,-0.1064512191545542,random
156.344,489,0.782749,-49.9,-37.3423,14.0962,-36.0058,-39.6612,3.6554,30.873,1122.6103,1612.5967,489.9865,-45484.3276,4352.6661,-45484.3276,13.9538,12.9025,0.9247,0.0,30.873,class1_2026_04_27_14_37_46.csv,train,background,,-2.153287332356136,random
134.009,419,0.670927,-19.95,-31.6771,13.0639,-20.2103,-39.5273,19.317,3.7925,-5483.9703,-1161.2433,4322.727,9813.4781,35300.9436,-46943.5752,11.4827,13.0999,1.1408,0.957,29.95,class2_2026_04_27_15_45_25.csv,train,background,,6.6113511815634975,hard
184.103,576,0.921727,-49.9,-31.0429,13.4074,-37.6123,-35.6501,-1.9622,31.489,-2874.5034,-3202.6268,-328.1234,44547.0251,49355.8041,-40189.6567,13.8061,14.281,1.0344,0.0,31.489,class3_2026_05_14_13_41_43.csv,train,background,,4.584276565820403,hard
127.628,399,0.63898,-5.867,-8.7792,2.9289,-13.8852,-13.5374,-0.3477,8.817,1128.6245,-2725.7661,-3854.3906,609.7179,9623.3484,-2719.4357,2.2556,4.5332,2.0098,2.871,9.115,class1_2026_04_27_14_48_26.csv,train,connector,127.63,,positive
168.788,528,0.845051,-49.9,-38.0182,13.3366,-30.6586,-35.9101,5.2516,5.234,-611.6734,-1283.5037,-671.8303,-4073.6661,41958.9794,-37819.7524,12.07,12.8497,1.0646,0.0,29.122,class1_2026_04_27_14_37_34.csv,train,background,,-0.06034401453784155,random
39.884,124,0.199683,-49.9,-30.0213,14.2947,-13.7159,-36.2857,22.5698,2.737,-2283.0383,-490.7731,1792.2652,-10498.4326,-1900.2462,-43385.5846,2.9776,13.7337,4.6123,0.0,32.937,class3_2026_04_27_16_18_00.csv,train,break,37.33,,positive
135.924,425,0.680515,-49.9,-40.547,13.2605,-21.3089,-34.7053,13.3964,1.6895,-2783.912,7630.3889,10414.3009,-40527.1045,40717.8699,-40527.1045,7.4861,13.6865,1.8282,0.0,29.952,class2_2026_04_27_15_26_42.csv,train,background,,4.982301374122577,hard
74.981,234,0.375399,-49.9,-32.9726,15.3461,-28.0484,-33.2223,5.1739,8.692,2534.0788,-2152.8251,-4686.9039,-46984.3292,45661.4451,-55264.1443,13.8018,15.2852,1.1075,0.0,35.219,class3_2026_05_14_13_11_09.csv,train,background,,10.023757394327077,hard
135.924,425,0.680515,-49.9,-34.421,13.8839,-24.4231,-37.7301,13.307,2.55,-3151.8251,2472.2334,5624.0585,-44048.1481,46026.6489,-45855.8041,11.7288,13.6857,1.1668,0.0,29.365,class2_2026_04_27_15_57_48.csv,train,background,,5.686965267603313,hard
133.69,418,0.66933,-20.041,-27.3809,12.1537,-17.4849,-34.5066,17.0217,1.536,-4306.2828,-3492.7911,813.4917,-50.1599,46800.9436,-46800.9436,8.823,13.8344,1.568,0.638,30.415,class2_2026_04_27_15_46_41.csv,train,background,,7.292028810511518,hard
131.457,411,0.65815,-19.182,-25.4683,13.1579,-14.5803,-34.5282,19.9479,4.151,-1392.4714,-2499.6065,-1107.1352,-3619.1223,-2003.7039,-48147.3401,3.2952,13.8979,4.2177,0.0,34.208,class2_2026_04_27_15_35_45.csv,train,break,131.14,,positive
127.628,399,0.63898,-1.94,-5.4732,4.1861,-13.5808,-9.4683,-4.1126,12.3545,1935.5101,-2635.1088,-4570.6189,673.9812,16374.3887,-2746.0815,3.6563,4.3374,1.1863,3.828,13.57,class3_2026_05_14_13_42_19.csv,train,connector,127.63,,positive
160.492,502,0.803517,-19.397,-33.9673,14.2827,-43.8538,-37.4569,-6.3969,30.503,2225.4061,-3272.2915,-5497.6976,-2711.6019,47810.3495,-47810.3495,11.3536,13.921,1.2261,1.276,30.503,class2_2026_04_27_16_10_58.csv,train,background,,5.952336173258043,hard
135.604,424,0.678913,-49.9,-36.9529,14.4834,-20.9978,-33.3374,12.3396,2.0475,-4895.0946,1245.4841,6140.5787,0.0,47065.8339,-45838.5596,10.7473,13.2529,1.2331,0.0,30.028,class1_2026_04_27_14_47_36.csv,train,background,,6.039048847265215,hard
132.095,413,0.661345,-22.995,-20.7442,4.0354,-13.3498,-33.3156,19.9658,2.795,-2397.4496,-4220.8695,-1823.42,-5529.7806,-1730.4075,-11630.094,3.2578,13.3887,4.1097,0.0,13.946,class2_2026_04_27_15_39_26.csv,train,break,131.78,,positive
131.457,411,0.65815,-18.03,-18.297,2.0454,-13.6628,-32.3987,18.7358,3.754,-1364.4425,-1720.1324,-355.6899,-4833.8558,-1953.3665,-46274.2962,3.1077,14.0257,4.5132,0.0,5.486,class2_2026_04_27_15_13_34.csv,train,break,131.46,,positive
155.706,487,0.779555,-23.123,-31.8378,12.8384,-39.3877,-34.0967,-5.2911,18.1145,4839.3842,1615.6268,-3223.7574,-2158.3041,41970.2241,-44028.2179,13.2302,12.7363,0.9627,1.276,29.467,class2_2026_04_27_15_41_02.csv,train,background,,0.6363319126408404,random
163.044,510,0.816293,-49.9,-37.0324,14.4001,-35.9036,-41.8726,5.969,30.401,378.7016,-240.3829,-619.0845,-45629.2926,45557.9969,-47650.4718,14.0266,12.9851,0.9257,0.0,30.401,class2_2026_04_27_16_00_33.csv,train,background,,4.605042167823105,hard
149.963,469,0.750802,-49.9,-40.18,13.7612,-42.4865,-34.0966,-8.3899,30.698,-2477.6339,1607.8903,4085.5242,3144.2006,44761.0947,-48115.9906,12.0056,14.1884,1.1818,0.0,30.698,class2_2026_04_27_15_46_57.csv,train,background,,6.519461549445957,hard
136.562,427,0.683709,-49.9,-34.8831,13.5911,-22.7682,-37.1792,14.4111,3.5265,-5140.3945,-2371.7496,2768.6449,34404.3903,34404.3903,-9782.1301,10.0133,12.8981,1.2881,0.0,29.879,class1_2026_04_27_14_37_11.csv,train,background,,4.228188161867956,hard
140.71,440,0.704476,-21.36,-37.1254,14.2953,-41.8691,-34.5172,-7.3519,30.15,575.3888,2986.4555,2411.0666,-0.0,47257.0564,-44733.5439,12.9577,13.8216,1.0667,0.638,30.15,class3_2026_05_14_13_10_25.csv,train,background,,5.917537301261043,hard
183.465,574,0.918533,-49.9,-43.9256,11.1922,-33.2049,-38.6868,5.4819,11.3505,-1094.1554,1940.8262,3034.9816,-3858.9342,44068.9687,-40210.0345,13.4934,12.9142,0.9571,0.0,28.116,class3_2026_05_14_13_39_31.csv,train,background,,-1.8279276933826543,random
110.717,346,0.554314,-49.9,-31.8333,12.9804,-18.7319,-35.7085,16.9766,0.9625,-1518.0782,1526.15,3044.2283,8485.8918,8485.8918,-42967.0878,2.7381,14.2801,5.2153,0.0,30.532,class3_2026_05_14_12_56_25.csv,train,break,107.53,,positive
133.052,416,0.666136,-22.888,-26.8916,12.3786,-15.1215,-34.1552,19.0337,1.99,-4555.4967,-4019.562,535.9347,-5572.1019,42338.5611,-43775.8636,9.2447,14.0945,1.5246,0.0,31.484,class2_2026_04_27_15_23_37.csv,train,background,,9.0855545029458,hard
142.305,445,0.712462,-49.9,-37.9817,13.3871,-35.8124,-39.3284,3.516,29.243,-2617.0151,-1890.6285,726.3866,0.0,44092.4812,-38493.7335,14.0985,13.2988,0.9433,0.0,29.243,class1_2026_04_27_14_49_08.csv,train,background,,1.5073540152383014,random
132.414,414,0.662942,-19.643,-23.4773,9.6095,-13.4836,-36.4511,22.9675,2.947,-2795.0355,-1070.9033,1724.1321,-1410.6567,-706.8981,-47915.3636,3.7673,13.6191,3.6151,0.0,33.113,class2_2026_04_27_15_16_23.csv,train,background,,4.157106650078382,hard
136.881,428,0.685306,-49.9,-33.966,14.2749,-26.4165,-39.0658,12.6493,3.1535,-4241.9328,-3188.067,1053.8658,-791.5345,46768.0282,-45976.4937,12.9768,13.6145,1.0491,0.0,29.838,class1_2026_04_27_14_37_46.csv,train,background,,6.194607333141081,hard
78.491,245,0.392972,-49.9,-33.6,14.5831,-39.2698,-32.7776,-6.4922,18.8845,5398.8198,-802.9813,-6201.8011,-1680.2524,45641.069,-44752.3542,13.4182,13.7915,1.0278,0.0,29.8,class3_2026_05_14_12_58_43.csv,train,background,,4.402195692517156,hard
130.499,408,0.653354,-49.9,-33.0741,15.1635,-29.2781,-36.7458,7.4677,8.136,984.9826,-365.8847,-1350.8673,-0.0,50615.9906,-0.0,15.2435,13.2558,0.8696,0.0,32.948,class3_2026_05_14_13_18_55.csv,train,background,,7.7940859787000285,hard
40.203,125,0.20128,-49.9,-33.1381,15.0275,-14.0407,-37.5787,23.538,2.5665,-2691.5524,191.8712,2883.4237,-2510.9702,-2396.3552,-44021.9483,3.5029,13.7884,3.9362,0.0,31.965,class3_2026_04_27_16_18_11.csv,train,break,37.33,,positive
126.671,396,0.634189,-5.547,-27.7552,17.2344,-31.662,-27.3264,-4.3356,19.1045,1848.5933,97.1831,-1751.4102,36005.9034,69421.7567,-72738.2476,14.8001,17.2772,1.1674,0.958,46.407,class3_2026_05_14_13_11_09.csv,train,background,,27.25474984713101,hard
89.658,280,0.44888,-14.859,-14.7993,0.1001,-14.7307,-14.7152,-0.0155,0.153,-54.4086,36.7333,91.1419,55.1897,55.1897,-275.8621,0.1038,0.1097,1.0564,0.0,0.347,class1_2026_04_27_14_49_44.csv,train,background,,-57.15355217307154,random
173.574,543,0.869013,-49.9,-46.7626,8.874,-35.9998,-34.563,-1.4368,3.991,-3581.9198,5603.5568,9185.4766,-0.0,0.0,-0.0,13.9613,13.7709,0.9864,0.0,28.237,class2_2026_04_27_16_02_34.csv,train,background,,-11.464736873289961,random
155.387,486,0.777958,-49.9,-34.9753,13.4258,-36.1594,-36.3253,0.1659,18.906,1374.9908,-3451.7594,-4826.7503,41473.3558,47272.7304,-43242.9483,13.8645,13.6328,0.9833,0.0,30.16,class3_2026_05_14_12_56_25.csv,train,background,,0.7950101319770286,random
131.138,410,0.656553,-14.673,-14.7606,2.136,-10.8973,-25.2268,14.3295,3.7455,-606.4881,-5542.5003,-4936.0123,-1882.6138,-1882.6138,-3937.3025,3.1636,11.3104,3.5752,0.0,6.202,class1_2026_04_27_14_36_42.csv,train,break,132.09,,positive
41.798,130,0.209265,-21.116,-24.6713,9.0707,-16.4305,-33.2108,16.7803,1.5875,-2022.2095,-3611.4127,-1589.2033,-5653.605,4467.0846,-45115.9922,3.7336,13.4089,3.5914,0.0,30.736,class3_2026_05_14_13_42_29.csv,train,break,38.61,,positive
127.628,399,0.63898,-5.933,-8.8389,2.8839,-13.9504,-13.5619,-0.3885,8.8865,1131.1651,-2791.609,-3922.7741,583.0721,9547.0219,-2739.8119,2.2568,4.4008,1.95,2.871,8.963,class1_2026_04_27_14_37_52.csv,train,connector,127.63,,positive
154.111,482,0.77157,-24.449,-31.4283,13.2012,-34.0909,-37.6569,3.5661,18.696,5584.2959,2520.5263,-3063.7696,-39927.7603,3040.7492,-39927.7603,14.2002,13.7693,0.9697,2.872,30.773,class2_2026_04_27_15_26_06.csv,train,background,,-3.233501113447,random
130.818,409,0.654951,-14.066,-13.8671,2.1258,-10.8483,-29.2447,18.3964,4.231,139.9379,-4345.0516,-4484.9895,-2537.4866,-2036.0502,-3299.373,3.2001,14.7555,4.611,0.0,6.221,class1_2026_04_27_14_47_43.csv,train,break,131.78,,positive
133.69,418,0.66933,-23.271,-31.682,12.9615,-17.953,-34.0099,16.0569,3.4395,-4177.8439,-1430.099,2747.745,336.9906,42884.0141,-43221.0047,8.8303,12.8369,1.4537,0.0,30.907,class2_2026_04_27_15_41_59.csv,train,background,,6.625214149460475,hard
133.69,418,0.66933,-22.811,-30.3327,13.9126,-13.4823,-37.7498,24.2675,2.297,-2691.3626,4366.335,7057.6976,-44653.6097,-2796.2382,-44653.6097,4.4356,13.7186,3.0929,0.0,31.969,class1_2026_04_27_14_47_43.csv,train,background,,7.482468836110086,hard
135.924,425,0.680515,-49.9,-31.685,13.2457,-21.9422,-40.4056,18.4633,2.077,-3744.6821,-3270.6772,474.0049,-42052.8396,47351.0987,-42052.8396,10.7,13.4594,1.2579,0.0,30.21,class1_2026_04_27_14_37_46.csv,train,background,,8.46478230445701,hard
137.838,431,0.690097,-49.9,-34.2384,14.06,-27.2214,-36.725,9.5036,3.414,-4381.7757,-3977.9419,403.8338,4266.4577,48485.8966,-45221.0063,12.3129,13.506,1.0969,0.0,30.934,class1_2026_04_27_14_37_52.csv,train,background,,5.657226387607065,hard
135.285,423,0.677316,-21.629,-31.2133,13.2519,-23.8838,-39.4838,15.6,1.886,-3915.9473,-2554.6437,1361.3036,-1808.7774,46294.674,-44553.2026,12.0199,13.1512,1.0941,0.0,29.536,class2_2026_04_27_16_05_17.csv,train,background,,6.004343775090404,hard
127.628,399,0.63898,-8.128,-11.0392,2.9627,-16.2198,-15.3847,-0.8351,8.814,1152.7761,-2601.778,-3754.5541,653.605,9815.047,-2789.9687,2.2912,4.0444,1.7652,2.871,9.14,class2_2026_04_27_15_19_23.csv,train,connector,127.63,,positive
178.36,558,0.892974,-22.816,-33.9291,14.3119,-34.3246,-40.7218,6.3973,30.134,867.1622,-333.6045,-1200.7667,0.0,47017.9707,0.0,13.9737,13.0427,0.9334,0.638,30.134,class1_2026_04_27_14_37_11.csv,train,background,,4.734930418280845,hard
106.25,332,0.53195,-49.9,-36.6757,14.7899,-32.8739,-37.9165,5.0426,9.018,2190.9046,3131.0423,940.1377,-45399.6912,47645.7696,-45399.6912,13.6979,13.5469,0.989,0.0,30.398,class3_2026_05_14_13_10_35.csv,train,background,,3.8268468325424205,hard
160.811,503,0.805114,-49.9,-37.817,13.522,-36.1562,-39.5111,3.3549,28.71,1657.3423,-2804.7405,-4462.0829,-45000.0016,45000.0016,-45000.0016,13.7682,13.0753,0.9497,0.0,28.71,class1_2026_04_27_14_38_26.csv,train,background,,0.9375449619479226,random
155.068,485,0.776361,-22.588,-31.0832,13.3496,-31.7388,-40.3573,8.6185,19.2825,231.5506,-2620.6083,-2852.1589,4308.7774,42808.7821,-46330.7241,13.0257,13.5078,1.037,1.276,29.604,class2_2026_04_27_15_48_35.csv,train,background,,3.672361824560684,hard
133.371,417,0.667857,-22.968,-24.372,9.1957,-15.9184,-34.5721,18.6536,2.1125,-4766.8501,-4244.5683,522.2818,42343.2633,42343.2633,-46208.4655,9.0898,13.7917,1.5173,0.0,31.582,class2_2026_04_27_15_34_41.csv,train,background,,6.211486685520741,hard
135.604,424,0.678913,-21.113,-31.0571,13.3678,-19.6218,-40.4958,20.874,1.241,-2914.9972,1516.2064,4431.2036,-45816.6738,39785.2696,-45816.6738,8.2767,13.3093,1.608,1.277,29.365,class1_2026_04_27_14_46_34.csv,train,background,,7.7177669928476815,hard
134.966,422,0.675719,-49.9,-36.548,15.2258,-26.4041,-34.0446,7.6404,8.7685,-470.8131,1770.8695,2241.6826,-50694.3621,50694.3621,-50694.3621,15.8365,14.2594,0.9004,0.0,35.418,class3_2026_05_14_13_11_09.csv,train,background,,11.148629377246044,hard
135.285,423,0.677316,-23.393,-34.8674,13.5421,-25.4881,-35.1956,9.7076,3.739,-5580.0207,-138.1699,5441.8508,-3996.8683,47636.3683,-43667.0607,13.3913,13.2498,0.9894,0.0,30.392,class2_2026_04_27_16_05_53.csv,train,background,,4.523126944565377,hard
151.558,474,0.758788,-49.9,-37.0781,14.3553,-37.6709,-29.6728,-7.9981,4.628,3191.3847,1472.2865,-1719.0982,0.0,44556.4295,-0.0,13.6826,12.7358,0.9308,0.0,30.696,class3_2026_05_14_13_43_30.csv,train,background,,3.789103355230294,hard
190.803,597,0.955271,-49.9,-38.0976,13.2209,-34.5082,-34.9333,0.4252,3.003,-1133.5804,-2216.972,-1083.3916,2847.4501,39880.8824,-42992.1646,13.8081,13.4575,0.9746,0.0,28.091,class3_2026_05_14_12_56_25.csv,train,background,,-3.398965519321979,random
145.815,456,0.730035,-19.441,-34.2297,14.0812,-40.7604,-36.0037,-4.7567,30.459,-760.0258,-1048.4744,-288.4486,-0.0,39464.7072,-4003.1364,12.9485,13.934,1.0761,0.638,30.459,class3_2026_05_14_13_21_46.csv,train,background,,3.782192632398825,hard
133.052,416,0.666136,-19.701,-30.5467,13.7906,-15.2786,-34.2521,18.9735,1.436,-5025.3887,-1410.8146,3614.5741,-0.0,390.2837,-39937.3072,9.2837,14.032,1.5115,0.0,31.19,class2_2026_04_27_15_54_27.csv,train,background,,3.931525985629313,hard
134.328,420,0.672524,-49.9,-37.4066,13.9809,-22.2086,-36.4224,14.2138,2.37,-7101.8522,1648.5209,8750.3731,-0.0,43120.6928,-43034.7352,12.8365,13.5172,1.053,0.0,29.662,class2_2026_04_27_15_29_31.csv,train,background,,5.921287443053034,hard
127.628,399,0.63898,-7.985,-10.9376,2.9854,-16.1442,-15.2293,-0.9149,8.927,1194.7305,-2505.533,-3700.2635,669.279,9926.5182,-2810.3448,2.306,4.0183,1.7426,2.871,9.327,class2_2026_04_27_15_24_13.csv,train,connector,127.63,,positive
127.628,399,0.63898,-7.936,-10.8086,2.8392,-15.9568,-15.5886,-0.3682,8.82,1194.8447,-2850.5926,-4045.4373,606.5831,9584.6395,-2793.1034,2.2571,4.4847,1.9869,2.871,8.733,class2_2026_04_27_15_31_49.csv,train,connector,127.63,,positive
135.285,423,0.677316,-49.9,-34.9157,13.4579,-20.2239,-40.5505,20.3266,1.29,-3176.6042,-1560.4766,1616.1276,5362.0674,43529.7837,-42945.1909,7.9763,13.2363,1.6595,0.0,28.978,class2_2026_04_27_15_25_41.csv,train,background,,7.624487166339651,hard
190.803,597,0.955271,-49.9,-34.0881,14.1867,-36.2706,-41.7644,5.4938,30.018,3682.3043,-1449.279,-5131.5833,0.0,47050.1599,-45269.5956,13.6945,13.1258,0.9585,0.0,30.018,class2_2026_04_27_15_58_37.csv,train,background,,4.151709022521012,hard
169.745,531,0.849843,-49.9,-37.0717,14.3651,-36.6813,-37.6507,0.9694,30.509,2141.7939,12.5133,-2129.2806,-0.0,47819.7508,-3313.4812,13.4067,13.7378,1.0247,0.0,30.509,class2_2026_04_27_15_54_38.csv,train,background,,3.1921479191795754,random
136.243,426,0.682112,-49.9,-39.205,12.5103,-23.654,-36.3587,12.7047,2.6265,-4211.0353,1575.0845,5786.1198,-46877.7445,43437.3072,-46877.7445,10.1281,13.607,1.3435,0.0,29.908,class2_2026_04_27_15_33_24.csv,train,background,,4.3796734613960115,hard
133.371,417,0.667733,-20.509,-29.4629,14.4719,-12.7698,-36.0739,23.3041,2.1595,-2693.5713,4083.1404,6776.7117,-48057.9969,236.6755,-48057.9969,4.4148,13.8883,3.1459,0.0,32.555,class1_2026_04_27_14_38_20.csv,train,background,,7.775606370100017,hard
134.009,419,0.670927,-49.9,-27.7229,11.9293,-17.78,-34.932,17.152,0.792,-4493.4326,-3647.0842,846.3484,45836.9937,45836.9937,-6655.1724,8.6797,13.4799,1.553,0.0,29.739,class2_2026_04_27_15_46_57.csv,train,background,,6.058001953178116,hard
190.803,597,0.955271,-49.9,-43.3583,12.2566,-31.2902,-42.0465,10.7563,30.857,-2202.3214,540.2352,2742.5566,-43984.0888,48365.2085,-43984.0888,13.205,12.6839,0.9605,0.0,30.857,class3_2026_05_14_13_47_50.csv,train,background,,5.8498371621323075,hard
167.511,524,0.838658,-49.9,-41.1911,12.3883,-38.1312,-36.4122,-1.7191,29.209,-519.4216,650.0299,1169.4515,0.0,0.0,-45782.1348,13.1888,13.6019,1.0313,0.0,29.209,class2_2026_04_27_15_35_08.csv,train,background,,-6.1211128281062654,random
171.34,536,0.857828,-49.9,-40.5106,13.3397,-35.9178,-43.8769,7.9591,30.977,-2493.4752,1309.1495,3802.6247,0.0,48553.2947,-43867.9214,14.058,11.284,0.8027,0.0,30.977,class1_2026_04_27_14_46_41.csv,train,background,,4.261426504467551,hard
134.328,420,0.672524,-49.9,-40.715,13.0203,-20.3247,-35.865,15.5403,0.5705,-4483.0768,1315.9492,5799.026,-46623.8292,46623.8292,-46623.8292,11.1322,14.1025,1.2668,0.0,29.746,class2_2026_04_27_15_44_29.csv,train,background,,6.771707148500025,hard
142.305,445,0.712462,-49.9,-31.2944,13.18,-34.4746,-36.0667,1.5921,4.514,2860.0455,-3313.8877,-6173.9332,3269.5893,3269.5893,-733.5423,13.8227,13.8977,1.0054,0.0,29.078,class1_2026_04_27_14_45_10.csv,train,background,,-6.589173805401812,random
130.818,409,0.654951,-16.441,-16.2636,2.1697,-13.2323,-27.0635,13.8312,4.512,161.0718,-1236.0613,-1397.1332,-2691.6553,-1858.9342,-3949.8433,3.253,12.3195,3.7871,0.0,6.38,class2_2026_04_27_15_51_31.csv,train,break,131.14,,positive
188.889,591,0.945689,-21.227,-31.6374,12.9391,-30.8648,-40.8078,9.9429,4.8935,-1702.965,-3164.6696,-1461.7046,310.3448,44942.011,-44942.011,11.8754,12.8795,1.0846,1.276,28.673,class2_2026_04_27_16_10_06.csv,train,background,,1.9397309330843326,random
150.92,472,0.755594,-22.507,-37.5819,13.776,-44.0309,-35.9667,-8.0642,28.344,-2891.3819,-720.9597,2170.4223,-504.7022,44426.3354,-43921.6332,11.0556,13.9518,1.262,1.276,28.344,class2_2026_04_27_16_08_56.csv,train,background,,3.7749245843475245,hard
130.18,407,0.651757,-14.265,-14.4136,2.2906,-13.2466,-31.09,17.8434,6.2845,1340.8495,-9455.4936,-10796.3431,-2918.4953,-2418.4953,-3902.8197,3.433,15.1419,4.4107,0.0,7.103,class2_2026_04_27_15_22_54.csv,train,break,131.14,,positive
121.884,381,0.610222,-14.91,-28.8082,15.1457,-24.2312,-28.8321,4.6008,5.8765,1312.6193,682.026,-630.5933,-961.1897,54874.6113,-54923.2515,12.0561,15.6095,1.2947,1.277,35.01,class3_2026_05_14_13_18_55.csv,train,background,,10.77567220611184,hard
127.628,399,0.63898,-8.356,-11.1856,2.7935,-16.1216,-16.7794,0.6578,8.44,1158.0458,-2985.1692,-4143.215,531.348,9258.6207,-2728.8401,2.1936,5.7235,2.6092,2.871,8.694,class2_2026_04_27_16_04_37.csv,train,connector,127.63,,positive
179.317,561,0.897766,-24.889,-32.1824,12.5679,-34.8036,-36.2041,1.4006,4.759,1816.4825,-1517.2356,-3333.7181,-0.0,-0.0,-503.1348,13.5357,13.7567,1.0163,0.0,28.608,class2_2026_04_27_15_42_56.csv,train,background,,-8.170372020070829,random
127.628,399,0.63898,-5.87,-8.7558,2.8523,-13.8649,-13.7503,-0.1146,8.839,1162.8296,-2655.999,-3818.8286,611.2853,9749.2163,-2733.5423,2.2371,5.0821,2.2717,2.871,8.72,class1_2026_04_27_14_49_30.csv,train,connector,127.63,,positive
36.693,114,0.183707,-49.9,-40.6983,13.1644,-41.3061,-35.5209,-5.7852,30.164,-3126.3427,-1483.9726,1642.3701,0.0,46893.4201,0.0,12.3702,13.2323,1.0697,0.0,30.164,class3_2026_05_14_13_17_52.csv,train,background,,3.7004648435474596,hard
185.698,581,0.929713,-19.947,-34.1347,14.1391,-44.1163,-33.0647,-11.0516,29.953,-1629.2802,-1749.0584,-119.7781,915.3605,46948.2774,-46755.7222,10.9055,13.515,1.2393,1.277,29.953,class2_2026_04_27_15_48_47.csv,train,background,,7.110781081035703,hard
134.647,421,0.674121,-28.707,-35.0982,13.4074,-18.9806,-32.8474,13.8669,0.0995,-3404.54,5826.7883,9231.3283,-45034.4875,41750.7868,-45034.4875,8.3608,13.6601,1.6338,0.0,28.881,class2_2026_04_27_16_06_07.csv,train,background,,4.352018825398597,hard
133.371,417,0.667733,-21.574,-27.2213,12.2221,-14.9531,-36.3534,21.4003,2.245,-2618.7631,267.7177,2886.4808,-2774.2962,2932.6034,-44398.1238,4.4169,13.6787,3.0969,0.0,31.514,class2_2026_04_27_15_32_19.csv,train,background,,4.287560656579711,hard
127.628,399,0.63898,-5.935,-8.8132,2.8478,-13.9417,-13.4345,-0.5072,8.84,1162.8814,-2702.7063,-3865.5877,594.0439,9600.3135,-2802.5078,2.2557,4.2238,1.8725,2.871,8.776,class1_2026_04_27_14_38_26.csv,train,connector,127.31,,positive
155.387,486,0.777958,-49.9,-40.8303,12.8892,-39.6502,-34.9272,-4.7231,30.179,-2283.9456,1864.4182,4148.3639,8241.3777,39061.1317,-47302.5094,12.8801,13.446,1.0439,0.0,30.179,class3_2026_05_14_13_15_01.csv,train,background,,2.061571919395401,random
132.733,415,0.664539,-24.796,-27.8007,12.1332,-15.4214,-37.9326,22.5112,2.111,-4979.9731,-4157.8067,822.1664,0.0,0.0,0.0,9.0863,13.5352,1.4896,0.0,31.854,class2_2026_04_27_15_45_25.csv,train,background,,4.535994337781725,hard
172.617,540,0.864221,-49.9,-40.7662,12.9292,-36.4437,-40.6516,4.2079,28.207,9.589,-2089.6698,-2099.2589,667.8947,43818.185,-44211.6003,13.5856,13.1064,0.9647,0.0,28.207,class3_2026_05_14_13_12_07.csv,train,background,,0.24828818908065278,random
131.138,410,0.656553,-16.974,-16.9333,2.0576,-13.1173,-28.9758,15.8585,3.452,-620.7954,-6566.115,-5945.3195,-1649.5828,-1649.5828,-4277.4263,3.0738,13.0863,4.2573,0.0,6.147,class2_2026_04_27_16_03_33.csv,train,break,131.78,,positive
137.519,430,0.6885,-49.9,-33.9609,14.2687,-21.5547,-39.2451,17.6904,1.829,-4954.8115,-3601.6441,1353.1675,44274.2978,44274.2978,-44274.2978,10.257,13.4057,1.307,0.0,30.101,class3_2026_05_14_13_37_53.csv,train,background,,8.299635125417483,hard
17.23,53,0.086263,-49.9,-37.668,13.7535,-31.5483,-43.6328,12.0845,29.442,-4686.1077,-4143.1897,542.918,0.0,45984.8975,-2639.4984,13.0725,11.7318,0.8974,0.0,29.442,class3_2026_05_14_14_40_57.csv,train,background,,5.122363075678897,hard
91.573,286,0.458468,-14.891,-14.7136,0.1023,-14.6808,-13.6777,-1.0032,0.0735,14.5508,19.4329,4.8821,-181.8182,65.8307,-181.8182,0.0953,2.3415,24.5583,0.0,0.303,class3_2026_05_14_13_18_55.csv,train,background,,-54.77276722771118,random
131.457,411,0.65815,-15.675,-15.6068,2.2563,-10.7591,-28.6443,17.8852,3.797,-1385.4944,-5233.4196,-3847.9252,-3057.9937,-2594.8584,-3194.3558,3.1345,13.3258,4.2514,0.0,6.494,class1_2026_04_27_14_48_26.csv,train,break,132.09,,positive
59.347,185,0.297126,-23.496,-37.036,14.4236,-44.9329,-38.1796,-6.7533,30.4,5042.6186,-393.5258,-5436.1445,-47589.3448,41385.5831,-47589.3448,11.1118,13.1563,1.184,0.957,30.4,class3_2026_05_14_12_58_49.csv,train,background,,4.57280187996468,hard
131.138,410,0.656553,-16.705,-16.5747,2.0829,-12.7461,-32.2714,19.5254,3.575,-580.0475,-5436.0848,-4856.0372,-2200.9964,-2200.9964,-3481.1928,3.109,14.2106,4.5709,0.0,6.194,class2_2026_04_27_15_24_25.csv,train,break,131.78,,positive
145.815,456,0.730035,-49.9,-42.2736,11.0249,-38.3856,-38.485,0.0994,27.018,-2877.0063,4343.6524,7220.6586,-4612.8542,42414.2378,-27500.0031,12.9554,13.0773,1.0094,0.0,27.018,class2_2026_04_27_15_39_59.csv,train,background,,-4.691478342907282,random
182.827,572,0.915339,-49.9,-39.0424,12.4062,-41.1187,-33.916,-7.2027,28.43,-51.8614,-1086.407,-1034.5457,-30680.2539,43867.9214,-30680.2539,12.5586,12.9755,1.0332,0.0,28.43,class2_2026_04_27_15_54_02.csv,train,background,,1.4243077855176505,random
139.114,435,0.696486,-21.873,-37.1338,14.2838,-31.5532,-40.7326,9.1794,17.917,-1407.5482,260.6078,1668.156,47239.815,47239.815,-47239.815,13.052,13.0229,0.9978,0.957,30.139,class2_2026_04_27_15_36_45.csv,train,background,,5.297120378804198,hard
127.628,399,0.63898,-1.771,-5.2242,4.0695,-13.3464,-9.2458,-4.1006,12.4915,1934.4822,-2649.088,-4583.5702,700.627,15751.1823,-2678.6834,3.6428,4.3138,1.1842,3.828,13.142,class3_2026_05_14_13_43_49.csv,train,connector,127.95,,positive
170.702,534,0.854634,-49.9,-29.0224,11.227,-30.7788,-37.7454,6.9666,4.03,3812.6484,-2497.5092,-6310.1576,-39452.9812,1462.384,-39452.9812,11.955,13.6159,1.1389,0.0,28.895,class2_2026_04_27_15_35_32.csv,train,background,,-6.189999793163233,random
72.11,225,0.361025,-49.9,-34.5036,13.9125,-17.7658,-37.5226,19.7568,2.1015,-4480.3305,-869.6862,3610.6443,0.0,4792.2751,-43178.6881,8.6923,13.8912,1.5981,0.0,30.682,class3_2026_05_22_11_05_50.csv,train,background,,4.480442766530847,hard
182.508,571,0.913742,-20.226,-37.1818,14.2352,-40.3036,-34.6016,-5.702,29.674,721.8209,4958.8889,4237.068,-0.0,46510.9749,-46510.9749,12.1931,13.7245,1.1256,0.638,29.674,class1_2026_04_27_14_48_13.csv,train,background,,4.394332033792876,hard
142.305,445,0.712462,-49.9,-37.365,14.0224,-32.9891,-40.5608,7.5717,29.416,2455.8177,654.9548,-1800.8629,-46106.5878,43565.8339,-46106.5878,13.5704,13.2366,0.9754,0.0,29.416,class2_2026_04_27_15_35_08.csv,train,background,,4.053532016805741,hard
14.677,45,0.073482,-27.81,-28.8099,11.5607,-19.2421,-32.0924,12.8503,1.442,-902.3541,1355.7624,2258.1165,2042.3213,2504.7022,-34623.8292,2.0952,12.7369,6.0791,0.0,29.946,class3_2026_05_14_13_18_01.csv,train,break,10.53,,positive
128.904,403,0.645369,-23.161,-34.4328,13.8452,-36.2782,-37.8493,1.5711,28.809,658.5747,-792.5217,-1451.0965,0.0,44338.5611,-1252.3511,13.7037,13.5942,0.992,0.638,28.809,class3_2026_05_14_13_10_18.csv,train,background,,0.771278284825273,random
17.549,54,0.087861,-23.005,-32.0572,12.6805,-26.6864,-39.5067,12.8203,4.197,-3792.7832,-3808.1275,-15.3443,0.0,45924.72,-42155.1771,10.6547,13.1013,1.2296,0.0,29.415,class3_2026_05_14_13_18_01.csv,train,background,,4.126418827528817,hard
20.74,64,0.103837,-49.9,-37.6162,13.7746,-29.8849,-45.0564,15.1715,30.1,-1030.6605,1979.5788,3010.2393,-43580.1332,47178.6881,-43580.1332,12.5046,10.8331,0.8663,0.0,30.1,class3_2026_05_14_14_33_25.csv,train,background,,6.70225128885569,hard
135.924,425,0.680515,-49.9,-28.1348,11.7315,-22.0248,-33.0707,11.0459,2.384,385.524,-716.1602,-1101.6842,-620.1359,3437.3056,-38871.4765,7.5331,13.4992,1.792,0.0,30.255,class2_2026_04_27_15_35_08.csv,train,background,,-2.448831728856767,random
127.628,399,0.63898,-7.918,-10.758,2.7917,-15.689,-17.1794,1.4904,8.5565,1132.9997,-2826.8632,-3959.8629,586.2069,9333.8558,-2697.4922,2.181,9.0066,4.1296,2.871,8.653,class2_2026_04_27_16_02_06.csv,train,connector,127.31,,positive
135.604,424,0.678913,-49.9,-37.91,13.4666,-21.4264,-39.3919,17.9654,1.49,-5898.8579,-2973.6199,2925.238,41801.6708,41801.6708,-44694.3605,10.852,13.2158,1.2178,0.0,28.701,class1_2026_04_27_14_48_45.csv,train,background,,5.963786594130743,hard
134.647,421,0.674121,-49.9,-31.1688,13.4063,-21.3848,-41.1263,19.7416,4.631,-3416.9067,-43.4352,3373.4715,496.8683,35300.9436,-45611.29,10.9013,12.4979,1.1465,0.0,29.95,class2_2026_04_27_15_45_25.csv,train,background,,6.624743497790919,hard
90.935,284,0.455274,-14.623,-33.0062,15.2791,-30.6764,-32.8781,2.2016,10.093,-612.4433,-1967.6907,-1355.2474,5678.685,55293.1066,-51043.8903,13.9864,15.4602,1.1054,0.957,35.277,class3_2026_05_14_13_11_09.csv,train,background,,10.15452491702819,hard
127.628,399,0.63898,-7.855,-10.7439,2.8518,-15.9375,-16.7737,0.8362,8.8595,1227.4113,-2688.7517,-3916.163,636.3636,9684.953,-2874.6082,2.2781,8.8787,3.8973,2.871,8.733,class2_2026_04_27_15_47_51.csv,train,connector,127.63,,positive
127.628,399,0.63898,-8.038,-10.9912,3.0048,-16.2332,-18.3257,2.0925,8.8995,1154.2714,-3633.4488,-4787.7202,625.3918,10042.5011,-2695.9248,2.3468,9.9339,4.233,2.871,9.371,class2_2026_04_27_15_21_13.csv,train,connector,127.63,,positive
127.628,399,0.63898,-8.422,-11.2569,2.7744,-16.5451,-18.2459,1.7008,8.779,1264.151,-3584.8634,-4849.0145,611.2853,9561.1285,-2697.4922,2.3294,9.3273,4.0042,2.871,8.46,class2_2026_04_27_15_35_08.csv,train,connector,127.95,,positive
173.574,543,0.869013,-49.9,-34.328,13.975,-33.6089,-37.8574,4.2484,8.061,3589.7388,-344.2838,-3934.0226,-41887.1489,41887.1489,-46037.6207,13.1174,13.5578,1.0336,0.0,30.343,class2_2026_04_27_15_43_31.csv,train,background,,1.8775326719646441,random
164.321,514,0.822687,-19.97,-31.7372,12.9849,-34.6554,-36.0861,1.4307,5.756,-3323.2149,-654.362,2668.8529,7695.9232,46912.2304,-46912.2304,13.7255,13.8347,1.008,0.957,29.93,class1_2026_04_27_14_47_01.csv,train,background,,0.11326264482737397,random
146.453,458,0.733229,-19.996,-37.1501,14.2852,-31.9591,-42.0493,10.0902,30.223,-4219.3747,3029.5349,7248.9096,42326.0219,46871.4765,-46871.4765,12.947,12.6723,0.9788,0.957,30.223,class3_2026_05_22_11_06_12.csv,train,background,,6.2796100044837,hard
175.488,549,0.878595,-49.9,-37.304,14.1356,-32.0888,-38.1521,6.0632,8.476,-785.3083,-436.9581,348.3502,7330.721,42559.5643,-48210.0345,12.7283,13.2936,1.0444,0.0,30.758,class2_2026_04_27_15_43_31.csv,train,background,,3.1770161923112097,random
147.091,460,0.736423,-49.9,-43.6927,11.6299,-34.4809,-43.6582,9.1772,29.267,-1126.0644,1260.2312,2386.2956,-41691.2241,45873.0455,-41691.2241,13.834,11.7024,0.8459,0.0,29.267,class3_2026_05_14_13_11_09.csv,train,background,,1.7908125179212557,random
152.515,477,0.763579,-49.9,-37.7931,13.6366,-38.6488,-40.8431,2.1943,29.349,6754.1085,3359.5253,-3394.5832,-0.0,-0.0,-36321.3213,14.1182,12.9253,0.9155,0.0,29.349,class2_2026_04_27_16_06_20.csv,train,background,,-5.34507178449351,random
135.285,423,0.677316,-20.642,-34.2397,14.0716,-23.5318,-38.4654,14.9337,3.433,-5249.6826,-722.9947,4526.6879,2697.4922,45858.9373,-46194.785,12.167,12.9159,1.0615,0.958,29.611,class2_2026_04_27_15_48_07.csv,train,background,,6.232376950598315,hard
86.149,269,0.431312,-23.227,-40.5614,13.2194,-39.792,-33.1498,-6.6422,17.9275,-808.7501,1145.6273,1954.3774,45589.3464,45589.3464,-45589.3464,12.7259,13.4168,1.0543,0.957,29.086,class3_2026_05_14_14_40_57.csv,train,background,,2.335460144926724,random
156.982,491,0.785944,-20.759,-40.4187,13.4294,-33.0802,-42.5563,9.4762,29.559,-1566.2574,332.864,1899.1214,41742.9498,45675.5502,-45675.5502,13.5693,12.0418,0.8874,0.957,29.559,class2_2026_04_27_15_48_35.csv,train,background,,3.9226036827974804,hard
158.577,496,0.793929,-23.218,-34.4041,13.8897,-42.3986,-31.889,-10.5096,29.96,345.3919,-2381.8378,-2727.2298,3523.5989,43409.094,-41918.8799,12.1115,12.8467,1.0607,1.277,29.96,class2_2026_04_27_15_50_53.csv,train,background,,5.5768329745404115,hard
131.776,412,0.659748,-18.689,-18.6078,2.1275,-12.9817,-32.5621,19.5803,3.3345,-2095.3973,-3701.0855,-1605.6882,-4244.5141,-1843.3651,-4244.5141,3.2343,13.9004,4.2978,0.0,6.458,class2_2026_04_27_15_46_57.csv,train,break,131.46,,positive
164.64,515,0.824284,-49.9,-38.7868,12.5865,-34.7016,-35.8222,1.1206,5.628,-636.1137,-655.7444,-19.6308,-0.0,-0.0,-460.8166,13.6693,12.7999,0.9364,0.0,26.997,class2_2026_04_27_16_06_20.csv,train,background,,-10.564521788277784,random
127.628,399,0.63898,-5.884,-8.7549,2.839,-13.8804,-13.6513,-0.2291,8.858,1197.5726,-2611.4154,-3808.9881,608.1505,9498.4326,-2700.627,2.2494,4.7167,2.0968,2.871,8.771,class1_2026_04_27_14_49_22.csv,train,connector,127.63,,positive
130.18,407,0.651757,-23.527,-24.7692,15.2778,-25.8468,-31.2741,5.4273,19.5885,-50.0906,-1830.9808,-1780.8903,42645.7727,73603.4514,-42432.9068,16.4775,15.3947,0.9343,0.0,46.959,class3_2026_05_14_13_11_09.csv,train,background,,25.73839562945672,hard
136.243,426,0.682112,-23.185,-40.925,12.7153,-38.1321,-38.9559,0.8238,28.633,-1501.4982,3214.7678,4716.2659,5025.0784,41689.4855,-44879.3135,13.2522,13.7371,1.0366,1.277,28.633,class3_2026_05_14_13_21_46.csv,train,background,,-0.9153198153667471,random
155.068,485,0.776361,-23.245,-25.4277,8.7522,-31.3046,-38.8981,7.5935,4.386,90.8306,-5061.766,-5152.5966,-3670.8448,1906.5021,-41778.9984,13.1785,13.8183,1.0486,0.0,30.199,class1_2026_04_27_14_38_31.csv,train,background,,-6.36982818925395,random
192.08,601,0.961665,-19.5,-33.8817,14.3672,-34.3923,-39.3371,4.9448,30.645,-4562.9048,-6277.4626,-1714.5578,-1796.2382,47648.906,-42739.815,13.9217,13.3367,0.958,1.595,30.645,class2_2026_04_27_16_06_07.csv,train,background,,4.915566545399215,hard
151.239,473,0.757191,-17.559,-26.9274,12.4819,-40.4068,-27.1167,-13.2901,7.231,1962.698,643.3239,-1319.3742,2257.0549,48576.8041,-47078.373,13.5029,12.2984,0.9108,1.276,32.341,class3_2026_05_14_13_12_07.csv,train,background,,6.7953531990590115,hard
130.18,407,0.651757,-24.069,-31.5101,13.0879,-36.1116,-39.766,3.6544,30.232,2133.075,-3652.8926,-5785.9677,979.6238,40487.4639,-47205.4987,13.828,12.864,0.9303,1.596,30.232,class3_2026_05_14_13_17_52.csv,train,background,,1.440185930395693,random
135.285,423,0.677316,-23.804,-31.5186,13.0751,-17.2371,-39.6944,22.4573,2.8545,-2002.2361,-2129.5749,-127.3388,-46948.2774,6420.0643,-46948.2774,3.8577,12.808,3.3201,0.0,29.953,class1_2026_04_27_14_36_42.csv,train,background,,3.8066616736720573,hard
135.285,423,0.677316,-20.535,-34.2694,14.0202,-19.0751,-38.8965,19.8214,1.0955,-3594.9161,825.1393,4420.0554,-78.3715,39785.2696,-45816.6738,8.5197,13.8036,1.6202,0.957,29.365,class1_2026_04_27_14_46_34.csv,train,background,,8.135973311043111,hard
40.203,125,0.20128,-22.443,-24.6272,9.2887,-14.333,-33.7031,19.3701,2.7405,-2717.5777,-197.9084,2519.6693,985.8934,985.8934,-43036.0517,3.6134,13.0332,3.6069,0.0,32.154,class3_2026_05_14_12_58_43.csv,train,break,38.61,,positive
177.083,554,0.886581,-49.9,-37.801,13.5795,-40.4885,-34.1025,-6.386,30.224,1661.7122,-1912.6075,-3574.3197,-6221.1695,47373.0423,-41420.0643,13.3363,12.764,0.9571,0.0,30.224,class3_2026_05_14_13_43_49.csv,train,background,,4.046088215046552,hard
192.718,603,0.964859,-21.65,-40.9107,12.8133,-42.2048,-32.9832,-9.2216,29.538,-337.2505,2274.3487,2611.5993,-0.0,44279.0,-44279.0,12.5029,13.5711,1.0854,0.638,29.538,class3_2026_05_14_13_15_01.csv,train,background,,4.419356667916443,hard
164.321,514,0.822687,-49.9,-37.2031,14.2144,-39.6018,-36.1063,-3.4956,30.05,208.3372,-255.8103,-464.1474,4184.953,45817.6732,-47100.3166,12.9865,13.8497,1.0665,0.0,30.05,class2_2026_04_27_15_42_44.csv,train,background,,3.6766929946342373,hard
129.861,406,0.65016,-15.351,-15.1626,2.2333,-15.1301,-26.1162,10.9862,6.82,1932.116,-4609.3386,-6541.4546,-2114.4201,-2114.4201,-3650.4702,3.5924,11.0203,3.0677,0.0,6.559,class2_2026_04_27_15_33_39.csv,train,background,,-34.08449744392913,random
134.966,422,0.675719,-21.344,-28.2946,11.6293,-21.1062,-36.2214,15.1153,0.524,-4476.9773,64.6236,4541.6009,40843.2649,40843.2649,-44957.4537,10.5866,13.7389,1.2978,0.0,29.233,class2_2026_04_27_16_10_58.csv,train,background,,3.853510310771899,hard
175.488,549,0.878595,-49.9,-33.9072,14.3611,-36.3751,-39.2545,2.8794,31.58,4787.3534,-2330.2604,-7117.6139,-41231.9781,41231.9781,-41231.9781,13.6299,13.458,0.9874,0.0,31.58,class3_2026_05_14_14_34_45.csv,train,background,,4.029889976206591,hard
134.966,422,0.675719,-49.9,-30.3741,13.837,-17.0186,-35.8246,18.806,1.619,-1952.0085,-1314.373,637.6355,1554.8605,8824.4498,-46374.9734,3.9184,14.0917,3.5963,0.0,30.573,class3_2026_04_27_16_18_51.csv,train,background,,4.558277205478901,hard
29.354,91,0.146963,-16.054,-16.1836,0.2495,-16.0364,-16.4397,0.4033,0.6025,-95.5108,-104.869,-9.3582,-615.9875,434.1661,-780.5643,0.2483,0.2947,1.1869,0.0,0.987,class2_2026_04_27_16_02_47.csv,train,background,,-56.005739550831024,random
134.966,422,0.675719,-20.649,-27.8458,11.8175,-18.1147,-34.3285,16.2138,1.5645,-4234.429,-358.2318,3876.1972,973.3542,45847.9655,-44465.1912,8.606,13.9478,1.6207,0.0,30.155,class1_2026_04_27_14_45_10.csv,train,background,,6.35244364720012,hard
127.628,399,0.63898,-2.089,-5.5277,3.9718,-13.3191,-9.587,-3.7321,12.2455,1855.6378,-2631.9299,-4487.5677,598.7461,15290.7604,-2780.5643,3.5045,4.2575,1.2149,3.509,12.83,class3_2026_05_14_13_22_18.csv,train,connector,127.31,,positive
135.285,423,0.677316,-21.835,-34.6386,13.7713,-20.3558,-36.6279,16.2721,1.52,-5259.7968,2814.6306,8074.4273,-8222.5705,43989.0329,-46724.1411,10.9965,13.3593,1.2149,0.0,29.81,class1_2026_04_27_14_47_01.csv,train,background,,6.835365510971744,hard
172.297,539,0.862619,-20.24,-37.3977,14.0262,-36.4535,-39.2542,2.8007,29.66,1063.0267,-3.6721,-1066.6987,-516.2524,46489.0313,-46552.1348,13.4919,13.3765,0.9914,1.277,29.66,class2_2026_04_27_15_23_51.csv,train,background,,2.4802468774684847,random
141.667,443,0.709268,-19.835,-46.5594,9.4485,-38.7134,-39.2512,0.5378,30.065,-2444.9827,4051.8624,6496.8452,0.0,47123.8292,-47123.8292,14.0317,13.3635,0.9524,0.638,30.065,class2_2026_04_27_15_19_23.csv,train,background,,-1.7834738814876478,random
127.628,399,0.63898,-7.88,-10.7959,2.9141,-15.9326,-20.0895,4.1569,8.6765,1071.9637,-2586.7922,-3658.7559,592.4765,9757.0533,-2724.1379,2.2837,13.7305,6.0124,2.871,8.984,class2_2026_04_27_15_23_25.csv,train,connector,127.31,,positive
174.85,547,0.875401,-49.9,-40.7327,12.9841,-34.6763,-38.0441,3.3678,17.043,-3651.124,4560.1505,8211.2746,-42971.7915,45539.1865,-42971.7915,13.6883,13.277,0.97,0.0,29.054,class3_2026_05_14_13_22_54.csv,train,background,,0.3194012205968423,random
157.939,494,0.790735,-49.9,-37.1772,14.2598,-28.0982,-40.6951,12.5969,4.591,890.7544,1773.199,882.4446,-46835.4279,45791.5408,-46835.4279,11.7908,13.044,1.1063,0.0,29.881,class3_2026_05_22_11_05_05.csv,train,background,,5.659430494267538,hard
132.414,414,0.662942,-21.181,-40.1766,13.7542,-24.635,-38.3435,13.7085,3.681,-7813.2913,3067.0665,10880.3578,-0.0,46840.127,-45310.3464,13.7141,13.0203,0.9494,0.638,29.884,class3_2026_05_14_13_15_01.csv,train,background,,5.875405040593736,hard
151.877,475,0.760385,-49.9,-37.7972,13.5874,-40.4306,-32.8105,-7.6201,29.877,-585.6311,1092.4469,1678.078,-2858.9326,46829.1552,-43970.2226,13.4379,13.7493,1.0232,0.0,29.877,class2_2026_04_27_15_32_04.csv,train,background,,5.0938251956348,hard
177.083,554,0.886581,-49.9,-40.6013,13.1871,-42.3583,-37.5667,-4.7916,29.978,-2994.7364,-845.2838,2149.4526,-6808.4588,46987.4624,-43742.9483,12.1931,13.8045,1.1322,0.0,29.978,class3_2026_05_14_13_16_46.csv,train,background,,3.553631460472903,random
173.255,542,0.867416,-25.085,-34.2679,14.0454,-40.8904,-31.3741,-9.5163,17.388,-1552.4493,-1989.8226,-437.3733,-451.4107,46662.253,-38894.989,12.7955,13.1256,1.0258,1.276,29.724,class2_2026_04_27_15_46_41.csv,train,background,,4.861573232707732,hard
159.535,499,0.798725,-24.56,-32.9917,12.5704,-32.3266,-35.9122,3.5857,3.8865,-3093.663,-3067.9921,25.671,18680.2508,45442.0078,-44241.3824,12.8403,13.9988,1.0902,0.0,28.992,class3_2026_05_22_11_09_21.csv,train,background,,-0.21260221866176066,random
134.647,421,0.674121,-19.485,-27.754,11.9582,-20.8945,-34.7657,13.8712,2.393,-4800.0682,-1190.9365,3609.1317,38324.4561,46800.9436,-44920.466,10.7365,13.5795,1.2648,0.638,30.415,class2_2026_04_27_15_46_41.csv,train,background,,5.4201484519754635,hard
162.406,508,0.813099,-49.9,-32.1257,12.7248,-38.0376,-33.2165,-4.8211,7.4605,671.8571,-1428.7694,-2100.6264,40230.4107,42051.7288,-44641.0674,13.3761,13.3712,0.9996,0.0,29.902,class1_2026_04_27_14_45_04.csv,train,background,,0.5799030986636475,random
140.391,439,0.702879,-49.9,-34.6297,13.8221,-37.3738,-35.8784,-1.4954,29.921,1368.1741,-1679.4804,-3047.6545,34444.1042,34444.1042,-46898.1223,14.0244,14.1298,1.0075,0.0,29.921,class2_2026_04_27_15_39_26.csv,train,background,,0.900688867818745,random
86.787,271,0.434506,-49.9,-28.0402,12.2378,-29.8371,-29.4031,-0.434,9.596,500.0451,-51.2639,-551.309,37322.8887,55123.8276,-755.4875,14.4687,13.1649,0.9099,0.0,35.169,class3_2026_05_14_13_11_09.csv,train,background,,4.723083698371068,hard
15.634,48,0.078273,-16.174,-16.0023,0.2521,-15.0803,-15.9323,0.852,0.118,-492.2962,34.7038,527.0,390.2837,470.2194,-567.3717,0.7843,0.2996,0.382,0.0,0.784,class2_2026_04_27_16_00_17.csv,train,bend,10.85,,positive
150.601,471,0.753997,-49.9,-31.1223,13.3,-31.1787,-41.8964,10.7177,28.962,4376.6785,-3799.7932,-8176.4717,-42250.7868,45232.0215,-42250.7868,13.2734,12.9201,0.9734,0.0,28.962,class2_2026_04_27_15_12_38.csv,train,background,,4.537423128488277,hard
134.966,422,0.675719,-49.9,-34.0977,14.1762,-21.4138,-33.2064,11.7926,2.859,-4646.2212,495.7232,5141.9444,-0.0,48573.6708,-2310.494,10.5542,13.4118,1.2708,0.0,30.99,class2_2026_04_27_15_26_28.csv,train,background,,6.823069707079345,hard
142.624,446,0.714059,-49.9,-44.5312,10.2073,-34.9181,-42.3089,7.3909,28.016,-1745.7928,-1256.7006,489.0922,-0.0,31822.8871,-1137.931,13.5747,12.2486,0.9023,0.0,28.016,class3_2026_04_27_16_18_00.csv,train,background,,-2.958006392310245,random
191.123,598,0.956873,-49.9,-29.6399,10.9965,-39.3298,-38.1057,-1.2241,28.365,6289.4877,-5189.8408,-11479.3285,-43573.893,39664.5799,-43573.893,13.2795,13.267,0.9991,0.0,28.365,class1_2026_04_27_14_39_22.csv,train,background,,-3.0396824657558583,random
135.285,423,0.677316,-20.926,-34.7006,13.7565,-20.2677,-36.4782,16.2105,1.381,-4910.5231,-561.6176,4348.9055,1866.7712,45192.7947,-47055.5665,11.0003,13.7252,1.2477,0.0,30.024,class1_2026_04_27_14_47_19.csv,train,background,,7.469400707371977,hard
137.2,429,0.686903,-49.9,-30.9659,13.4186,-19.8322,-32.0051,12.1729,0.6935,-2740.1296,-18.5912,2721.5384,-44344.8307,45504.7053,-46609.721,7.8199,12.9212,1.6524,0.0,29.737,class3_2026_05_22_11_06_12.csv,train,background,,4.2461608871188545,hard
188.251,589,0.942494,-23.666,-34.9447,13.3943,-37.6832,-37.9602,0.277,28.03,2485.9958,-1506.9862,-3992.982,43871.4765,43871.4765,-41119.1254,13.6908,13.3979,0.9786,0.957,28.03,class2_2026_04_27_15_21_31.csv,train,background,,-1.2351720664946801,random
153.791,481,0.769968,-49.9,-37.0572,14.3962,-34.9234,-39.2321,4.3086,30.25,1594.0898,2503.8179,909.7281,-47172.4562,47413.7962,-47172.4562,13.5622,13.4423,0.9912,0.0,30.25,class1_2026_04_27_14_45_49.csv,train,background,,4.290600281814345,hard
156.344,489,0.782749,-21.024,-40.2349,13.682,-34.8671,-42.4759,7.6089,30.338,-2673.6654,1879.9725,4553.6379,-0.0,45260.1912,-45260.1912,13.7627,12.0492,0.8755,0.638,30.338,class2_2026_04_27_15_38_31.csv,train,background,,3.926730331843398,hard
127.628,399,0.63898,-7.704,-10.5683,2.8292,-15.7622,-14.9526,-0.8096,8.8065,1168.5156,-2622.6832,-3791.1988,642.6332,9721.0031,-2771.1599,2.2748,3.975,1.7474,2.871,8.616,class2_2026_04_27_15_23_51.csv,train,connector,127.95,,positive
123.161,385,0.616616,-16.729,-16.9921,0.3505,-16.2808,-14.0819,-2.1989,0.1655,-347.0027,2034.1652,2381.1679,152.0376,1475.9824,-413.7931,0.9355,3.6421,3.8933,0.0,1.185,class2_2026_04_27_15_16_23.csv,train,background,,-51.83433380518892,random
182.508,571,0.913742,-21.865,-46.785,8.8106,-36.1477,-39.0699,2.9222,28.035,-5582.1971,4869.2821,10451.4792,-0.0,43942.0094,-43942.0094,13.8077,13.605,0.9853,0.638,28.035,class2_2026_04_27_16_00_33.csv,train,background,,-3.371998691534806,random
127.628,399,0.63898,-8.274,-11.2248,2.9788,-16.3874,-15.8509,-0.5365,8.784,1179.4981,-2581.0009,-3760.499,605.0157,9983.2958,-2838.558,2.3047,4.46,1.9352,2.871,9.307,class2_2026_04_27_15_38_20.csv,train,connector,127.63,,positive
127.628,399,0.63898,-5.894,-8.8039,2.9196,-13.8963,-13.4768,-0.4195,8.7755,1146.3469,-2691.9776,-3838.3245,663.0094,9586.2069,-2752.3511,2.242,4.3987,1.962,2.871,9.064,class1_2026_04_27_14_49_51.csv,train,connector,127.63,,positive
165.916,519,0.830672,-25.455,-32.2339,12.6787,-45.5796,-33.1014,-12.4782,28.755,277.1637,-5378.7437,-5655.9074,523.5094,43899.6897,-33666.1473,9.6848,13.5003,1.394,2.233,28.755,class2_2026_04_27_15_34_55.csv,train,background,,5.022821704482326,hard
145.177,454,0.726841,-22.432,-31.7696,12.9551,-25.8186,-40.7004,14.8818,4.014,-41.1553,-2402.8494,-2361.6941,1388.652,43132.5649,-43053.2962,8.722,13.0318,1.4941,0.0,29.559,class2_2026_04_27_15_35_45.csv,train,background,,5.029857736284162,hard
127.628,399,0.63898,-21.388,-40.2153,13.699,-27.3557,-48.4356,21.0799,29.682,-4027.1015,-295.2506,3731.8509,0.0,44689.6583,-44689.6583,12.1604,6.0378,0.4965,0.638,29.682,class3_2026_05_14_12_56_35.csv,train,background,,4.625869075881888,hard
131.138,410,0.656553,-16.776,-17.0624,2.1138,-13.1693,-32.1382,18.9689,3.834,-627.3951,-5843.3947,-5215.9995,-2720.186,-1877.1729,-7114.4232,3.061,14.2329,4.6498,0.0,6.293,class2_2026_04_27_16_00_46.csv,train,break,131.14,,positive
127.628,399,0.63898,-8.085,-10.9596,2.8782,-15.8068,-15.4828,-0.324,8.457,1091.8713,-2680.8148,-3772.6861,645.768,9487.008,-2705.3292,2.1609,4.0917,1.8935,2.871,8.969,class2_2026_04_27_15_57_16.csv,train,connector,127.63,,positive
140.71,440,0.704476,-49.9,-40.0796,13.8945,-34.0058,-40.5529,6.5471,30.065,-1465.3223,1273.8195,2739.1417,-0.0,46827.5893,-47123.8292,14.2276,13.2405,0.9306,0.0,30.065,class2_2026_04_27_15_19_23.csv,train,background,,4.554059706291622,hard
188.57,590,0.944091,-22.124,-34.4802,13.8157,-40.7458,-33.1167,-7.6291,29.069,-3418.7858,1471.3502,4890.1359,0.0,45562.7006,-42879.315,13.0227,13.4202,1.0305,0.638,29.069,class2_2026_04_27_15_12_38.csv,train,background,,4.011712185172375,hard
147.091,460,0.736423,-49.9,-40.1422,13.8076,-34.5488,-39.0886,4.5398,30.428,4647.9695,4801.7416,153.7721,-44979.6285,44979.6285,-44979.6285,13.7888,13.6214,0.9879,0.0,30.428,class1_2026_04_27_14_38_15.csv,train,background,,3.9292375272946924,hard
134.647,421,0.674121,-18.747,-19.6002,3.021,-12.3123,-32.6493,20.337,2.8005,-2470.7012,-4467.7219,-1997.0207,-794.6708,-794.6708,-13736.6771,4.1698,13.8883,3.3307,0.0,11.065,class3_2026_05_14_13_22_54.csv,train,break,134.01,,positive
149.963,469,0.750802,-27.894,-34.4778,13.9792,-40.783,-31.5295,-9.2535,21.7625,-3804.8587,-1382.8156,2422.043,-2884.0125,46818.8069,-44155.1755,12.9923,13.2738,1.0217,1.596,30.564,class2_2026_04_27_16_02_47.csv,train,background,,5.899254121415992,hard
169.426,530,0.848245,-49.9,-36.993,14.4458,-36.6813,-38.9952,2.3139,30.509,4314.8996,1908.3154,-2406.5842,-47819.7508,47819.7508,-47819.7508,13.4067,13.6864,1.0209,0.0,30.509,class2_2026_04_27_15_54_38.csv,train,background,,3.873880108938149,hard
174.212,545,0.872207,-21.063,-37.9358,13.5031,-37.7338,-35.4187,-2.3152,19.7995,-537.2137,2990.1999,3527.4136,35382.4483,45199.0627,-45199.0627,13.6775,13.1583,0.962,0.957,29.735,class2_2026_04_27_15_50_53.csv,train,background,,0.8763532106312186,random
140.071,438,0.701277,-22.286,-38.0271,13.4776,-29.7229,-40.7644,11.0416,8.547,1391.5086,2642.432,1250.9234,-47404.2952,43282.1364,-47404.2952,12.705,12.9798,1.0216,0.958,30.369,class3_2026_05_14_13_33_21.csv,train,background,,4.5797717092516566,hard
143.9,450,0.720447,-23.793,-34.3833,13.9234,-40.2713,-35.2659,-5.0054,30.221,-428.9214,-2407.0434,-1978.1219,-5664.5737,47368.3401,-43719.4467,13.628,13.2604,0.973,1.276,30.221,class2_2026_04_27_16_07_33.csv,train,background,,4.065847975293837,hard
158.897,497,0.795531,-31.542,-39.0836,12.3383,-36.4144,-36.1698,-0.2447,15.804,4781.6955,4280.6816,-501.0139,-41580.576,41595.6144,-41580.576,13.5126,13.7942,1.0208,0.0,27.982,class2_2026_04_27_15_28_40.csv,train,background,,-2.9133431001248544,random
132.095,413,0.661345,-19.04,-23.08,9.7662,-13.1552,-34.4904,21.3352,3.902,-2558.1457,-1285.7755,1272.3702,-3244.5141,-1377.7461,-48369.9075,3.4028,13.8081,4.0578,0.0,34.019,class2_2026_04_27_15_22_37.csv,train,break,131.78,,positive
137.838,431,0.690097,-21.374,-31.3847,13.1417,-32.7098,-40.7808,8.071,29.554,3689.4945,105.2908,-3584.2037,-4774.2931,46322.8856,-44711.6003,13.8302,12.9016,0.9329,1.595,29.554,class2_2026_04_27_15_16_41.csv,train,background,,3.8342482761139056,hard
136.562,427,0.683709,-19.772,-29.9089,14.1483,-15.4828,-36.4041,20.9212,1.5265,-1889.9344,3319.9737,5209.9082,-49045.4592,2966.758,-49045.4592,3.508,13.7066,3.9073,0.0,31.291,class3_2026_05_14_14_40_05.csv,train,background,,5.353247877868346,hard
182.827,572,0.915339,-49.9,-35.3232,13.1809,-38.3396,-36.3476,-1.9921,29.204,646.255,-3979.9976,-4626.2526,-1559.5627,37073.6708,-1559.5627,13.0785,13.6681,1.0451,0.0,29.204,class2_2026_04_27_15_49_43.csv,train,background,,-0.10900740601442344,random
136.562,427,0.683709,-49.9,-34.8407,13.5142,-26.6857,-37.5516,10.8659,3.266,-3471.5415,-804.4045,2667.137,-40470.2226,40240.4822,-40470.2226,12.5883,13.8338,1.0989,0.0,29.917,class2_2026_04_27_16_08_56.csv,train,background,,4.069072084008546,hard
134.647,421,0.674121,-22.413,-31.0293,13.3652,-20.7946,-37.5924,16.7978,1.932,-5065.1847,447.3048,5512.4896,1642.6332,44175.5517,-44257.0564,10.9761,13.8101,1.2582,0.0,30.076,class2_2026_04_27_15_34_55.csv,train,background,,7.464189774316072,hard
61.58,192,0.308305,-24.792,-40.818,12.8743,-37.6051,-40.7703,3.1653,28.61,1898.6318,-1489.8378,-3388.4696,924.7618,43918.5,-44633.1686,13.8053,12.995,0.9413,1.277,28.61,class3_2026_05_14_12_58_43.csv,train,background,,0.009708234301374241,random
39.884,124,0.199683,-49.9,-32.8338,15.3357,-14.0053,-34.8497,20.8444,2.0615,-2288.5485,1015.6125,3304.161,-5036.0486,-1364.1411,-42421.6348,2.981,13.5837,4.5568,0.0,32.398,class3_2026_05_14_12_58_49.csv,train,break,38.61,,positive
134.328,420,0.672524,-49.9,-41.6214,11.8322,-26.0022,-43.7216,17.7194,17.9625,-6495.6766,1930.6196,8426.2962,11092.4765,37442.011,-45216.3041,13.4325,11.5911,0.8629,0.0,28.848,class2_2026_04_27_15_45_39.csv,train,background,,3.746965746523821,hard
178.998,560,0.896168,-21.382,-31.7942,12.882,-33.6028,-35.2528,1.65,5.115,466.1463,-1034.9518,-1501.0981,-2139.4984,44699.0627,-44699.0627,13.1295,13.2094,1.0061,1.276,28.518,class2_2026_04_27_15_16_58.csv,train,background,,-2.068193337648275,random
120.289,376,0.602237,-21.909,-34.0463,14.2064,-38.7099,-35.1086,-3.6014,30.173,1443.5994,1271.0114,-172.588,-44208.4671,44208.4671,-47293.1082,14.0492,14.7987,1.0533,1.276,30.173,class3_2026_05_14_12_56_02.csv,train,background,,4.443053035675696,hard
127.628,399,0.63898,-9.566,-12.2866,2.5508,-14.9124,-19.9943,5.0818,5.416,171.9915,-4674.7127,-4846.7042,606.5831,8959.2476,-2852.6646,1.5688,11.1624,7.1154,1.914,7.745,class2_2026_04_27_15_12_38.csv,train,connector,127.95,,positive
135.924,425,0.680515,-27.03,-32.0997,12.7378,-26.7311,-39.0926,12.3615,4.7125,-3964.006,-532.1953,3431.8107,-224.04,40916.931,-47672.4154,12.6673,13.623,1.0754,0.0,30.415,class2_2026_04_27_15_51_56.csv,train,background,,4.660341797274383,hard
179.636,562,0.899529,-49.9,-37.4451,14.026,-31.6054,-41.6427,10.0373,20.0005,-1632.5259,-1108.4667,524.0592,-42617.5596,47915.3636,-42617.5596,13.0717,11.7451,0.8985,0.0,30.57,class2_2026_04_27_15_34_41.csv,train,background,,5.038877529119577,hard
164.002,513,0.82109,-49.9,-37.3451,14.1124,-39.4492,-32.3161,-7.1331,9.5845,-987.7886,-4792.1775,-3804.3889,-2446.7069,48236.8152,-6904.3903,13.2497,12.6078,0.9516,0.0,30.727,class2_2026_04_27_15_45_39.csv,train,background,,3.93042611211036,hard
171.978,538,0.861022,-21.572,-37.7674,13.593,-43.6599,-35.8372,-7.8227,28.868,2733.2403,-1907.9243,-4641.1645,-346.3934,44401.2555,-44217.136,11.6966,14.1118,1.2065,1.277,28.868,class3_2026_05_14_13_00_09.csv,train,background,,4.167873480684132,hard
185.06,579,0.926518,-49.9,-34.9503,13.4997,-34.7496,-36.3291,1.5795,5.5,1412.9794,930.431,-482.5484,-44073.6708,9261.7571,-45806.6842,13.6493,13.6046,0.9967,0.0,29.402,class3_2026_04_27_16_18_40.csv,train,background,,-5.3901883080013615,random
134.647,421,0.674121,-23.324,-28.7061,11.4436,-19.3149,-34.9218,15.6068,1.8625,-3134.127,4327.7071,7461.834,-663.0094,43525.0799,-45504.7053,8.4346,13.5062,1.6013,0.0,29.455,class2_2026_04_27_16_03_03.csv,train,background,,4.416884348454849,hard
131.138,410,0.656553,-16.328,-16.6237,2.1368,-12.8809,-35.8907,23.0098,4.1795,-573.4067,-3157.9238,-2584.5171,-2255.9616,-2028.3317,-48255.4875,3.2689,14.2487,4.3589,0.0,6.299,class2_2026_04_27_15_23_25.csv,train,break,131.46,,positive
141.348,442,0.707671,-49.9,-25.4008,8.7327,-30.1402,-36.1255,5.9853,3.4225,2243.0399,-4338.3509,-6581.3908,-1800.942,1868.3417,-5155.1708,12.3064,13.8189,1.1229,0.0,29.545,class3_2026_05_14_13_47_50.csv,train,background,,-7.853861383443033,random
150.282,470,0.752399,-22.636,-34.7148,13.7386,-38.0881,-26.6063,-11.4818,5.8335,-5594.0599,953.6715,6547.7313,-8733.5439,47067.2777,-42733.5455,13.2846,10.5852,0.7968,0.0,30.887,class3_2026_05_14_14_36_02.csv,train,background,,3.7585985595323055,hard
116.141,363,0.58147,-16.726,-16.7703,0.2409,-16.6346,-16.6822,0.0476,0.279,-53.7948,53.6482,107.443,-628.5251,630.0956,-628.5251,0.2763,0.2944,1.0652,0.0,0.849,class2_2026_04_27_16_00_02.csv,train,background,,-56.31019225842216,random
137.838,431,0.690097,-26.725,-32.485,12.4773,-34.935,-39.6167,4.6817,28.764,723.8882,-468.7673,-1192.6555,0.0,35855.8025,-43905.9592,13.5061,13.053,0.9665,0.638,28.764,class2_2026_04_27_16_00_33.csv,train,background,,-0.48454596016373075,random
189.846,594,0.95048,-24.626,-31.3706,13.1614,-32.9945,-42.2019,9.2074,30.181,4300.6994,1714.0525,-2586.6468,-47305.6458,43083.0752,-47305.6458,13.5363,12.4415,0.9191,1.914,30.181,class1_2026_04_27_14_49_44.csv,train,background,,4.180443801442097,hard
182.827,572,0.915339,-34.478,-42.155,11.4131,-35.4322,-31.3877,-4.0445,2.343,-5712.7607,3396.1872,9108.9479,0.0,41215.0886,-24172.4154,13.0062,13.1168,1.0085,0.0,27.864,class3_2026_05_14_13_47_50.csv,train,background,,-3.4126267162027744,random
127.628,399,0.63898,-8.115,-11.0562,2.9601,-16.2546,-18.8552,2.6006,8.9395,1209.1309,-2608.0597,-3817.1906,608.1505,9935.3202,-2724.1379,2.3183,11.6298,5.0165,2.871,9.287,class2_2026_04_27_15_34_05.csv,train,connector,127.95,,positive
118.375,370,0.592654,-49.9,-37.1584,14.2529,-29.9197,-38.8266,8.9068,5.6985,23.1637,-123.0228,-146.1866,-44609.7226,44609.7226,-44609.7226,12.5423,13.9017,1.1084,0.0,29.731,class3_2026_05_14_13_10_35.csv,train,background,,4.3483485115381955,hard
136.243,426,0.682112,-21.067,-30.8622,13.4982,-29.3201,-38.7315,9.4114,7.5525,-2599.3185,611.1706,3210.4892,5202.1944,42442.6592,-47576.8056,13.4107,14.0279,1.046,1.596,30.354,class2_2026_04_27_15_21_13.csv,train,background,,4.505593266590931,hard
156.982,491,0.785944,-21.335,-34.774,13.5731,-36.3238,-32.747,-3.5768,3.47,-4357.3448,2850.3255,7207.6703,3014.1082,44772.732,-44772.732,13.6233,13.7869,1.012,0.957,28.613,class2_2026_04_27_15_18_27.csv,train,background,,-0.07942910810697512,random
127.628,399,0.63898,-8.302,-11.1888,2.8711,-16.4297,-17.3545,0.9248,8.93,1179.0612,-2809.4186,-3988.4798,631.6614,9421.6301,-2749.2163,2.3129,8.8275,3.8167,2.871,8.941,class2_2026_04_27_15_44_16.csv,train,connector,127.63,,positive
177.403,555,0.888183,-49.9,-36.9706,14.466,-34.1018,-42.3296,8.2277,30.208,-1797.1003,-515.434,1281.6663,-44733.0137,44943.5768,-47347.9671,14.1509,12.2323,0.8644,0.0,30.208,class2_2026_04_27_15_45_25.csv,train,background,,4.8383587325881345,hard
165.597,518,0.829075,-20.205,-37.3639,14.0332,-40.7936,-33.8775,-6.9161,29.695,604.9889,1358.5917,753.6028,-1338.558,46543.8903,-43429.4718,12.9863,12.9072,0.9939,1.595,29.695,class2_2026_04_27_15_33_24.csv,train,background,,4.148411848913462,hard
136.243,426,0.682112,-49.9,-40.497,13.2998,-22.2596,-37.6417,15.3821,1.397,-2499.0004,3970.6805,6469.6809,-44681.8213,44751.3443,-44681.8213,7.2543,13.7331,1.8931,0.0,28.507,class2_2026_04_27_15_42_44.csv,train,background,,5.234854600778472,hard
155.387,486,0.777958,-19.627,-37.2099,14.2404,-37.6513,-42.1477,4.4963,30.453,-1602.9083,2649.4856,4252.3939,1170.8464,47806.6744,-47449.8448,13.806,12.5054,0.9058,1.276,30.453,class2_2026_04_27_16_00_46.csv,train,background,,3.7035068411700047,hard
186.337,583,0.932912,-49.9,-40.5316,13.2846,-37.3629,-37.5914,0.2284,30.474,2034.9164,-908.5952,-2943.5116,-412.3351,42534.4859,-41857.3699,14.0507,13.7922,0.9816,0.0,30.474,class1_2026_04_27_14_46_48.csv,train,background,,1.2418661546919993,random
178.679,559,0.894571,-22.151,-34.1904,14.064,-34.7966,-36.0718,1.2753,5.425,-550.9365,-893.8012,-342.8647,1532.9122,44789.9734,-46322.8856,13.613,13.8733,1.0191,1.914,29.554,class1_2026_04_27_14_39_05.csv,train,background,,0.257022502421086,random
158.897,497,0.795531,-19.49,-31.2571,13.279,-36.4793,-35.1112,-1.3681,8.1075,2680.3741,-237.4864,-2917.8605,3168.8386,42028.2163,-45227.2759,13.4997,13.3189,0.9866,1.596,30.41,class2_2026_04_27_15_33_39.csv,train,background,,-0.2155331546076266,random
127.628,399,0.63898,-49.9,-27.985,17.1497,-28.5703,-26.8431,-1.7272,18.942,3772.2681,-903.0134,-4675.2815,43155.174,69421.7567,-43155.174,16.0363,15.5344,0.9687,0.0,46.407,class3_2026_05_14_13_11_09.csv,train,background,,24.379202845610916,hard
132.414,414,0.662942,-19.207,-26.4278,12.6428,-13.7305,-33.4634,19.7329,3.298,-2873.1847,459.4493,3332.634,4343.2602,4343.2602,-46768.0282,3.8998,13.1783,3.3792,0.0,32.371,class2_2026_04_27_15_19_40.csv,train,background,,4.4292262857499844,hard
172.297,539,0.862619,-23.344,-32.1987,12.7213,-33.7463,-36.1012,2.3549,7.579,2698.6952,-3170.8466,-5869.5419,-34570.1402,45913.7962,-47559.5658,13.0283,13.9018,1.067,0.639,30.343,class2_2026_04_27_15_43_31.csv,train,background,,0.7818646995989574,random
21.378,66,0.107031,-18.377,-28.3787,15.233,-15.7443,-22.2459,6.5016,0.011,-667.4729,6905.1421,7572.615,-50667.7163,-69.9054,-50667.7163,1.0296,12.391,12.0342,0.0,33.521,class2_2026_04_27_16_03_18.csv,train,bend,16.91,,positive
43.713,136,0.218853,-22.988,-28.5359,11.5563,-21.5887,-35.9445,14.3558,2.2935,-2560.4372,854.5193,3414.9565,-37502.1454,47780.5674,-43322.8871,7.4541,14.0264,1.8817,0.0,30.484,class3_2026_05_14_13_42_29.csv,train,background,,5.923002122373539,hard
127.628,399,0.63898,-8.845,-11.7892,2.9865,-16.9864,-18.1315,1.1451,8.737,1289.0794,-2857.1698,-4146.2492,557.9937,10057.1694,-2764.8903,2.3414,8.9215,3.8104,2.871,9.372,class2_2026_04_27_15_42_56.csv,train,connector,127.63,,positive
179.955,563,0.90096,-23.669,-34.7594,13.6699,-33.4676,-40.7196,7.252,29.57,-91.5392,-439.9301,-348.3909,8197.4906,46216.3041,-44050.1599,13.2444,13.0019,0.9817,1.276,29.57,class3_2026_05_14_13_17_52.csv,train,background,,3.9376496091955633,hard
183.784,575,0.92013,-25.26,-34.7736,13.6028,-34.8212,-43.6512,8.83,30.014,-1151.8548,-2904.5616,-1752.7068,-0.0,-0.0,-47043.8903,13.5598,11.7091,0.8635,0.638,30.014,class2_2026_04_27_15_26_18.csv,train,background,,-2.496424614604263,random
172.936,541,0.865819,-49.9,-34.1361,14.219,-33.1338,-39.5568,6.4229,21.336,2951.1947,653.1211,-2298.0736,-44496.8683,44587.2323,-47774.2978,13.5421,13.193,0.9742,0.0,30.505,class3_2026_05_22_11_05_05.csv,train,background,,4.229055465257901,hard
187.294,586,0.937703,-49.9,-38.1583,13.1835,-31.154,-37.789,6.635,3.234,-1013.4371,4559.6723,5573.1094,-41860.5031,43604.634,-41860.5031,13.3369,13.6344,1.0223,0.0,27.804,class2_2026_04_27_15_14_43.csv,train,background,,0.05447585877000072,random
132.733,415,0.664539,-21.013,-32.8261,15.295,-13.3297,-42.0874,28.7577,2.549,-2600.9164,83.5154,2684.4318,-48014.1097,-1101.8824,-48014.1097,3.8221,12.6082,3.2987,0.0,32.359,class2_2026_04_27_16_10_06.csv,train,break,131.78,,positive
115.184,360,0.576678,-49.9,-39.4282,12.4857,-39.1062,-38.7651,-0.3411,29.775,975.6304,-2620.1498,-3595.7802,-1894.9828,41557.9969,-39663.0141,13.5693,12.9555,0.9548,0.0,29.775,class3_2026_05_14_13_09_48.csv,train,background,,-0.8950789486371172,random
167.192,523,0.837061,-49.9,-35.8973,13.0968,-34.1851,-40.8336,6.6486,30.16,2193.0874,825.9567,-1367.1307,14989.0266,47272.7304,-39709.3845,12.8472,12.8761,1.0022,0.0,30.16,class2_2026_04_27_15_59_35.csv,train,background,,3.8122275230261238,hard
35.736,111,0.178915,-12.414,-13.4198,0.6736,-14.2533,-14.2038,-0.0495,1.9675,208.0545,-338.5395,-546.594,-92.4765,2462.3824,-1299.373,0.4342,0.5199,1.1973,1.595,2.093,class3_2026_05_14_13_37_53.csv,train,connector,35.74,,positive
129.542,405,0.648563,-17.607,-35.8594,15.719,-28.9139,-36.442,7.5281,7.884,-2054.7772,-350.1883,1704.589,-2365.2038,50615.9906,-50615.9906,15.5434,13.6041,0.8752,1.276,32.948,class3_2026_05_14_13_18_55.csv,train,background,,8.550029391733695,hard
127.628,399,0.63898,-7.855,-10.7493,2.8782,-15.9887,-15.3638,-0.6248,8.7995,1196.988,-2613.662,-3810.65,592.4765,9827.5862,-2752.3511,2.3149,4.3089,1.8614,2.871,8.801,class2_2026_04_27_15_26_42.csv,train,connector,127.63,,positive
101.145,316,0.506391,-18.512,-19.1601,2.8872,-12.9376,-35.8979,22.9603,3.034,-2102.6377,-5290.4715,-3187.8338,-4626.9577,-1822.884,-46879.315,2.8442,14.0672,4.9459,0.0,10.091,class3_2026_05_14_14_34_08.csv,train,break,101.14,,positive
131.457,411,0.65815,-15.566,-15.6119,2.207,-10.8072,-28.0211,17.2139,3.8985,-1372.6852,-4648.4013,-3275.7161,-3730.4091,-2418.7094,-3730.4091,3.1512,12.3518,3.9197,0.0,6.383,class1_2026_04_27_14_46_48.csv,train,break,132.73,,positive
135.924,425,0.680515,-23.294,-34.3271,13.9561,-21.0658,-39.7628,18.6971,3.043,-2445.8239,4477.3285,6923.1524,-42575.5691,42514.1113,-42575.5691,7.3818,12.7679,1.7297,0.0,29.989,class2_2026_04_27_16_00_02.csv,train,background,,7.723227469000508,hard
193.994,607,0.971247,-22.723,-34.6114,13.7809,-38.9407,-35.0592,-3.8816,30.843,-4791.0567,-6.6796,4784.3771,0.0,45079.9404,-37222.5941,13.7529,13.4264,0.9763,0.638,30.843,class2_2026_04_27_15_46_57.csv,train,background,,3.841774300557836,hard
182.189,570,0.912144,-49.9,-34.8614,13.6077,-42.2518,-32.2729,-9.9789,29.607,-398.9428,-1905.6375,-1506.6947,39242.9483,46405.9608,-9760.1897,12.3491,12.7029,1.0286,0.0,29.607,class2_2026_04_27_16_03_45.csv,train,background,,5.035611091503116,hard
149.963,469,0.750802,-49.9,-33.9196,14.3122,-39.9231,-33.2623,-6.6608,21.2095,1572.4711,-4476.123,-6048.5941,45275.8652,45275.8652,-43076.8056,12.6585,13.5994,1.0743,0.0,30.123,class2_2026_04_27_15_38_31.csv,train,background,,4.505947303253983,hard
151.239,473,0.757191,-49.9,-34.3283,13.9526,-40.4105,-29.6067,-10.8038,4.531,-688.5425,-2428.484,-1739.9415,-5224.1379,47155.174,-41931.0361,13.4478,12.6354,0.9396,0.0,30.085,class3_2026_05_14_13_22_54.csv,train,background,,4.554685679463358,hard
177.722,556,0.88978,-23.641,-38.1403,13.1827,-34.9658,-37.6176,2.6517,17.3815,778.648,1089.0203,310.3723,0.0,41222.7193,-41158.3088,13.4836,13.7615,1.0206,0.638,28.052,class2_2026_04_27_15_33_39.csv,train,background,,-0.9696744426357486,random
143.262,448,0.717253,-49.9,-37.1397,14.2893,-35.3331,-45.2122,9.8791,30.372,3141.4063,-3470.6175,-6612.0238,-47605.0188,47605.0188,-47605.0188,14.5985,10.4874,0.7184,0.0,30.372,class2_2026_04_27_15_38_53.csv,train,background,,4.533620570178656,hard
140.391,439,0.702879,-22.769,-29.0638,11.3014,-32.9397,-33.5857,0.6461,4.3635,-118.7676,-2347.1745,-2228.4069,35559.7913,44346.3981,-3039.1865,13.5826,13.1148,0.9656,0.0,29.628,class2_2026_04_27_15_20_40.csv,train,background,,-2.9651514343051937,random
183.465,574,0.918533,-21.358,-37.2867,14.1132,-42.4451,-31.8207,-10.6244,29.687,-1981.9642,3196.24,5178.2043,43371.4765,44736.6803,-44736.6803,12.1201,13.055,1.0771,0.957,29.687,class2_2026_04_27_16_05_41.csv,train,background,,5.905707536923417,hard
126.032,394,0.63099,-49.9,-26.0208,14.1905,-27.8473,-32.2299,4.3826,7.5375,-403.8202,-3755.6695,-3351.8493,-23100.3182,-7362.0705,-23100.3182,14.4305,15.9724,1.1068,0.0,36.014,class3_2026_05_14_13_18_55.csv,train,background,,4.608679010106119,hard
151.877,475,0.760385,-21.481,-33.755,14.4685,-34.4364,-37.5091,3.0726,19.2165,2712.2869,6418.6567,3706.3698,-45540.7571,44543.8887,-45540.7571,13.9331,13.9078,0.9982,0.957,31.009,class2_2026_04_27_15_26_28.csv,train,background,,3.719705256352634,hard
150.601,471,0.753997,-49.9,-32.2187,12.8307,-42.7659,-30.0628,-12.7031,19.1235,533.2259,-1449.8296,-1983.0555,-12432.6034,44703.7649,-12432.6034,11.5618,12.499,1.0811,0.0,29.418,class1_2026_04_27_14_47_36.csv,train,background,,4.479777547408154,hard
137.838,431,0.690097,-22.266,-34.292,14.0468,-22.5012,-38.2493,15.7482,4.6105,-3918.1214,-668.8547,3249.2667,-2139.4984,46695.9279,-44556.4295,10.2479,13.1437,1.2826,0.0,30.259,class3_2026_05_14_13_39_43.csv,train,background,,7.609005594222767,hard
144.219,451,0.722044,-21.681,-34.8342,13.5935,-34.4149,-42.6671,8.2521,30.699,1107.628,-2362.0374,-3469.6653,-37214.7367,48117.558,-44230.4107,13.9175,11.8319,0.8501,0.957,30.699,class2_2026_04_27_16_09_22.csv,train,background,,4.744729883833165,hard
173.574,543,0.869013,-49.9,-37.481,13.9021,-34.1671,-43.7398,9.5727,29.465,587.9445,-1099.8086,-1687.7531,-41614.4232,45967.0186,-43482.7602,14.1064,11.5487,0.8187,0.0,29.465,class2_2026_04_27_15_24_02.csv,train,background,,3.8642468818495583,hard
127.628,399,0.63898,-5.896,-8.8027,2.9004,-13.8879,-13.5644,-0.3234,8.8115,1134.8882,-2698.7633,-3833.6515,636.3636,9567.3981,-2736.6771,2.2359,4.4967,2.0112,2.871,9.0,class1_2026_04_27_14_47_07.csv,train,connector,127.63,,positive
131.457,411,0.65815,-18.552,-21.185,10.3823,-12.9442,-34.1072,21.163,3.8055,-1398.8124,-2781.1698,-1382.3573,-2746.0831,-2416.8922,-49134.7994,3.1828,14.1839,4.4565,0.0,35.712,class2_2026_04_27_15_49_00.csv,train,break,131.46,,positive
139.433,436,0.698083,-49.9,-37.8727,13.5855,-33.4584,-44.0338,10.5754,29.672,-1208.3822,-831.6067,376.7755,-46358.9373,46507.8386,-46358.9373,13.2804,11.0519,0.8322,0.0,29.672,class2_2026_04_27_15_35_21.csv,train,background,,3.957859572144349,hard
133.69,418,0.66933,-20.181,-30.5919,13.701,-16.7384,-35.8846,19.1462,2.8745,-3983.119,444.955,4428.074,-43775.8636,42338.5611,-45255.489,9.1082,14.0282,1.5402,0.0,31.484,class2_2026_04_27_15_23_37.csv,train,background,,10.19026570792712,hard
193.037,604,0.966456,-49.9,-34.4688,13.9134,-30.3976,-36.2898,5.8922,5.8175,-3089.0146,-2093.2379,995.7767,0.0,39029.7821,-41963.9514,12.2073,13.6869,1.1212,0.0,30.931,class2_2026_04_27_15_13_34.csv,train,background,,2.748916024106186,random
164.321,514,0.822687,-20.734,-34.8661,13.641,-40.5588,-32.4008,-8.1581,19.5715,-2869.7692,-2881.541,-11.7719,0.0,48236.8152,-6904.3903,13.2421,12.5346,0.9466,0.638,30.727,class2_2026_04_27_15_45_39.csv,train,background,,4.655844369925166,hard
133.371,417,0.667733,-23.044,-33.7797,14.4737,-15.9941,-36.0447,20.0506,2.696,-4834.1689,2504.9775,7339.1464,0.0,0.0,-43429.4718,9.1182,13.891,1.5234,0.0,31.758,class2_2026_04_27_15_26_18.csv,train,background,,5.437768198861659,hard
157.301,492,0.787541,-23.197,-31.4573,13.0489,-34.3692,-37.5807,3.2115,15.694,3479.448,-488.4882,-3967.9362,-43421.6317,847.9624,-43421.6317,13.9194,13.8152,0.9925,2.552,28.269,class3_2026_05_14_13_11_39.csv,train,background,,-6.322151750830816,random
156.025,488,0.781152,-49.9,-40.2928,13.6563,-35.7524,-39.0874,3.335,30.511,530.2014,-4498.6168,-5028.8182,7.8354,47815.0517,-7935.7367,14.2409,13.5964,0.9547,0.0,30.511,class1_2026_04_27_14_49_08.csv,train,background,,3.6741090671413223,hard
131.776,412,0.65987,-49.9,-31.0814,13.3697,-17.5938,-31.7004,14.1066,1.0775,-4499.8626,-2906.8117,1593.0509,41293.1066,41293.1066,-40797.8088,8.2831,12.9373,1.5619,0.0,30.026,class3_2026_05_14_12_54_33.csv,train,background,,4.877608349739282,hard
102.102,319,0.511182,-20.013,-25.2191,13.4686,-13.7432,-25.4469,11.7037,0.983,-1341.1261,3776.871,5117.9971,-54978.0596,7785.268,-54978.0596,3.2335,13.3414,4.1259,0.0,35.311,class3_2026_05_14_13_18_55.csv,train,background,,4.333371259359127,hard
150.92,472,0.755594,-49.9,-33.8326,14.3981,-40.7811,-31.1736,-9.6075,19.018,641.5023,1214.6355,573.1332,44028.2179,44028.2179,-46628.5313,12.9728,13.2918,1.0246,0.0,30.698,class2_2026_04_27_15_46_57.csv,train,background,,5.974087493208073,hard
171.021,535,0.856231,-22.686,-28.1713,11.6536,-37.3554,-35.1299,-2.2255,18.4335,4525.9393,-2207.6051,-6733.5445,-46758.6223,41307.2132,-46758.6223,14.0745,13.2701,0.9429,1.914,29.832,class2_2026_04_27_16_00_33.csv,train,background,,-1.08264792176334,random
102.421,320,0.512779,-49.9,-37.6101,13.7667,-31.8538,-42.3902,10.5363,29.309,1096.1403,1766.2758,670.1355,-44194.3605,45938.8746,-44194.3605,12.8395,12.2361,0.953,0.0,29.309,class3_2026_05_14_13_10_59.csv,train,background,,4.668975237980348,hard
165.597,518,0.829075,-21.011,-31.0966,13.336,-42.129,-35.1764,-6.9526,30.202,3202.6231,-4705.1691,-7907.7922,695.9248,44210.0345,-44905.9592,12.5546,13.305,1.0598,1.914,30.202,class3_2026_05_14_12_56_35.csv,train,background,,4.136440195354127,hard
125.394,392,0.627796,-26.067,-27.552,12.662,-29.4768,-12.4311,-17.0457,9.79,1747.0048,7196.6149,5449.6101,-42352.6677,46741.3824,-42352.6677,12.7128,14.1285,1.1114,0.0,39.362,class3_2026_05_14_13_09_36.csv,train,background,,16.815407018656018,hard
134.647,421,0.674121,-20.476,-34.089,14.2422,-18.9689,-39.2883,20.3194,3.514,-3446.6456,983.4673,4430.1129,-46761.7586,46761.7586,-46761.7586,8.2795,13.3213,1.609,0.0,31.243,class2_2026_04_27_15_26_06.csv,train,background,,11.021876967986147,hard
137.838,431,0.690097,-49.9,-33.7813,14.5104,-31.4764,-34.5076,3.0311,6.676,2738.0422,1949.3187,-788.7235,-42368.3433,51537.6223,-42368.3433,15.038,13.802,0.9178,0.0,32.881,class3_2026_05_14_13_11_09.csv,train,background,,5.535384270322827,hard
70.833,221,0.354631,-49.9,-30.8082,13.6394,-15.8264,-40.9964,25.1701,2.055,-2698.7801,-1650.1912,1048.5889,1299.3746,3051.721,-48354.2367,3.6509,12.6984,3.4782,0.0,30.85,class3_2026_05_14_13_10_35.csv,train,break,68.92,,positive
131.138,410,0.656553,-17.295,-20.8446,10.4596,-13.6684,-30.2133,16.5449,4.7075,-643.0373,638.7356,1281.773,-3098.4867,-1586.2069,-51105.0188,3.2536,12.4815,3.8362,0.0,35.872,class2_2026_04_27_15_48_35.csv,train,break,131.46,,positive
192.718,603,0.964859,-49.9,-36.9983,14.4287,-28.3755,-38.6942,10.3187,3.498,740.5866,-1558.4038,-2298.9904,-45992.1677,45992.1677,-45992.1677,11.6122,14.0649,1.2112,0.0,29.384,class3_2026_05_14_13_42_19.csv,train,background,,5.051198523196956,hard
193.356,605,0.968053,-49.9,-37.9673,13.4155,-42.3464,-32.9832,-9.3632,29.538,-851.0771,-1261.2372,-410.1601,0.0,44279.0,-6772.7288,12.2523,13.5711,1.1076,0.0,29.538,class3_2026_05_14_13_15_01.csv,train,background,,4.966620339448659,hard
133.371,417,0.667733,-49.9,-30.3011,13.9014,-16.4046,-34.3626,17.958,2.11,-4649.9007,-2879.273,1770.6277,44170.8495,44170.8495,-3346.395,8.9619,13.9227,1.5535,0.0,31.399,class2_2026_04_27_15_51_31.csv,train,background,,9.799701430676476,hard
147.091,460,0.736423,-23.637,-37.2431,14.1896,-40.5419,-33.1337,-7.4082,30.072,186.5877,-1172.0197,-1358.6075,-3677.1176,47134.8009,-46788.4044,13.2692,13.4633,1.0146,1.595,30.072,class2_2026_04_27_16_00_33.csv,train,background,,5.455680094708124,hard
186.337,583,0.932912,-49.9,-30.9941,13.4088,-40.9436,-34.5734,-6.3702,29.953,2414.9303,-5201.3467,-7616.277,2000.7105,46948.2774,-46937.3072,12.7662,13.7916,1.0803,0.0,29.953,class2_2026_04_27_15_48_47.csv,train,background,,4.465529668571263,hard
133.371,417,0.667733,-21.165,-27.8649,11.8099,-16.9404,-36.2967,19.3563,1.3835,-4788.441,-4322.165,466.276,42191.2257,42191.2257,-45509.4075,8.9719,13.6461,1.521,0.0,29.791,class2_2026_04_27_15_14_43.csv,train,background,,6.769779760628738,hard
153.472,480,0.76837,-49.9,-40.8806,12.7912,-36.7642,-31.7148,-5.0493,5.057,-3659.6542,632.429,4292.0832,0.0,307.2085,0.0,13.4307,12.9767,0.9662,0.0,29.238,class2_2026_04_27_15_35_32.csv,train,background,,-6.224424829644685,random
186.337,583,0.932912,-49.9,-40.5978,13.1981,-35.754,-35.2456,-0.5084,6.831,944.8977,2470.6781,1525.7804,-0.0,47195.9279,-40141.0674,14.2277,13.163,0.9252,0.0,30.111,class2_2026_04_27_15_49_56.csv,train,background,,-0.4762096444664904,random
133.052,416,0.666136,-18.856,-23.1932,9.902,-11.8968,-36.1186,24.2218,2.7545,-2637.9989,-4473.3764,-1835.3775,-12970.2179,-1401.2555,-48658.3088,4.1729,13.8594,3.3213,0.0,33.227,class1_2026_04_27_14_49_30.csv,train,background,,5.406164615915278,hard
114.546,358,0.573484,-19.253,-33.9926,14.2908,-34.1403,-38.8575,4.7172,30.647,1343.3098,-2970.4873,-4313.7971,-4388.7132,47311.9154,-48036.0533,14.2015,13.8567,0.9757,1.595,30.647,class3_2026_05_14_12_56_02.csv,train,background,,5.1489546180398245,hard
159.854,500,0.800322,-19.383,-36.9234,14.5386,-42.1205,-36.7532,-5.3673,30.517,594.8987,2012.8099,1417.9112,0.0,47832.2931,-45827.5878,12.6071,13.2958,1.0546,0.638,30.517,class2_2026_04_27_16_08_20.csv,train,background,,5.1223913504919185,hard
145.496,455,0.728438,-19.364,-30.8161,13.5263,-33.1102,-39.0226,5.9123,17.6945,1540.957,-1458.7688,-2999.7258,46507.8386,46507.8386,-47862.0721,13.414,13.6602,1.0183,0.957,30.536,class2_2026_04_27_16_05_01.csv,train,background,,3.8919461901179218,hard
99.869,312,0.500003,-49.9,-34.0333,14.2561,-39.1215,-34.3331,-4.7884,30.695,-95.7588,127.4479,223.2068,-42072.1019,44505.2809,-42072.1019,13.5312,13.9962,1.0344,0.0,30.695,class3_2026_05_14_13_16_46.csv,train,background,,4.931973956701235,hard
166.235,520,0.832269,-49.9,-37.6273,13.7747,-32.8947,-40.961,8.0663,30.416,1069.182,-2016.287,-3085.469,39819.7508,39819.7508,-43451.4154,13.6323,12.6739,0.9297,0.0,30.416,class2_2026_04_27_15_41_42.csv,train,background,,4.082844565402154,hard
183.146,573,0.916936,-19.422,-35.2374,13.2877,-32.829,-41.0448,8.2158,30.478,1676.5244,-1728.6437,-3405.1681,-6073.6677,47771.1614,-47771.1614,13.6782,12.572,0.9191,1.276,30.478,class3_2026_05_14_13_00_09.csv,train,background,,4.8581711946163795,hard
133.052,416,0.666136,-49.9,-36.8797,14.5929,-15.9009,-34.3202,18.4193,2.661,-5073.7841,686.2999,5760.084,-0.0,-0.0,-44568.9687,9.2235,13.9688,1.5145,0.0,31.555,class2_2026_04_27_15_57_38.csv,train,background,,4.605136080206278,hard
129.861,406,0.65016,-21.614,-30.964,13.5537,-34.0221,-41.3286,7.3064,31.496,1981.5096,-510.1691,-2491.6787,-2105.0125,47288.4044,-44335.4263,14.2571,12.2406,0.8586,1.276,31.496,class3_2026_05_14_13_16_09.csv,train,background,,5.279249678689501,hard
74.981,234,0.375399,-49.9,-37.1359,14.2731,-28.8118,-36.2648,7.4531,2.0685,-1663.5242,1032.8195,2696.3437,-44473.3589,45001.5721,-44473.3589,13.2467,13.7701,1.0395,0.0,29.363,class3_2026_05_22_11_05_50.csv,train,background,,3.0077032626893723,random
120.608,377,0.603834,-15.05,-14.874,0.0991,-14.8191,-14.7983,-0.0208,0.0805,-7.2151,27.2685,34.4836,-59.5611,78.3699,-59.5611,0.144,0.1187,0.824,0.0,0.328,class1_2026_04_27_14_48_45.csv,train,background,,-57.16311257595861,random
154.43,483,0.773167,-19.492,-37.3636,14.0485,-34.6497,-40.7407,6.0909,30.408,-1284.1005,1104.9568,2389.0573,-42611.2868,47469.7106,-47661.4436,13.7019,12.9602,0.9459,0.958,30.408,class2_2026_04_27_15_49_56.csv,train,background,,4.6396224411201565,hard
151.558,474,0.758788,-22.522,-37.0206,14.4263,-40.6702,-32.7185,-7.9517,30.698,2759.1676,4799.1572,2039.9896,2600.3135,44028.2179,-46628.5313,13.125,13.754,1.0479,1.276,30.698,class2_2026_04_27_15_46_57.csv,train,background,,6.351198463454995,hard
135.285,423,0.677316,-19.168,-40.2098,13.7251,-22.0999,-38.4086,16.3087,3.721,-6987.2527,983.7847,7971.0375,2285.2665,48169.2837,-47960.8787,12.9158,13.0605,1.0112,0.958,30.732,class1_2026_04_27_14_47_43.csv,train,background,,8.145508474412932,hard
184.422,577,0.923324,-23.042,-31.2217,13.2412,-36.0522,-34.8489,-1.2033,6.9605,3773.9228,-2037.717,-5811.6398,43136.3668,46887.1505,-43136.3668,13.9202,13.5179,0.9711,1.276,29.914,class2_2026_04_27_16_01_09.csv,train,background,,-0.009560887237887367,random
142.305,445,0.712462,-23.947,-43.9212,11.1943,-45.3254,-36.7896,-8.5358,27.856,881.1101,4281.6167,3400.5066,43661.4436,43661.4436,-43661.4436,10.2393,13.2147,1.2906,0.957,27.856,class3_2026_05_14_13_39_31.csv,train,background,,0.7273134313017724,random
178.998,560,0.896168,-20.503,-31.0683,13.3557,-40.9172,-34.436,-6.4812,30.276,1976.1322,867.2423,-1108.8899,-2652.0376,46076.8056,-46076.8056,12.7321,13.8549,1.0882,1.276,30.276,class2_2026_04_27_15_58_04.csv,train,background,,4.7324589465728675,hard
150.92,472,0.755594,-21.291,-29.7101,10.9636,-39.2868,-31.3131,-7.9737,5.8455,-552.6048,-1954.684,-1402.0792,36358.9389,44101.884,-4335.4216,13.3412,11.747,0.8805,0.638,28.609,class2_2026_04_27_15_26_18.csv,train,background,,-1.694343326714944,random
176.445,552,0.883387,-23.819,-35.6439,13.0065,-35.1413,-34.7244,-0.4169,7.6175,-1957.2386,1893.8622,3851.1008,-16699.0611,41652.0408,-40879.3135,13.3416,13.7617,1.0315,0.0,30.166,class1_2026_04_27_14_39_28.csv,train,background,,-0.8277226780402422,random
170.064,532,0.85144,-23.914,-41.3427,12.2269,-38.3039,-36.4444,-1.8594,29.205,-1505.8615,116.0971,1621.9586,0.0,34208.4655,-40730.4107,13.1007,13.5753,1.0362,0.638,29.205,class2_2026_04_27_15_26_28.csv,train,background,,-1.4120109327339567,random
187.932,588,0.940897,-21.897,-40.241,13.6661,-42.3316,-35.15,-7.1816,29.681,-3082.6237,739.9349,3822.5586,46521.9467,46521.9467,-46521.9467,12.2151,13.3902,1.0962,0.957,29.681,class1_2026_04_27_14_47_19.csv,train,background,,4.390331777217809,hard
153.153,479,0.766773,-19.828,-34.8313,13.6565,-39.8779,-34.6472,-5.2307,30.318,3541.9378,-1260.5589,-4802.4966,47520.3777,47520.3777,-47134.8009,12.827,13.7586,1.0726,0.957,30.318,class2_2026_04_27_15_34_55.csv,train,background,,4.515502592337418,hard
138.476,433,0.693292,-49.9,-40.3718,13.4922,-23.5077,-36.2377,12.73,1.026,-4984.4058,1821.6161,6806.0218,-42387.1505,46882.4483,-42387.1505,12.0012,13.8871,1.1571,0.0,29.911,class3_2026_05_14_14_40_05.csv,train,background,,5.7941180713408125,hard
152.515,477,0.763579,-49.9,-32.9674,12.3086,-34.9005,-31.3953,-3.5052,4.833,5814.4066,2537.8612,-3276.5454,-0.0,4840.1238,-2015.31,13.5017,11.9751,0.8869,0.0,29.672,class2_2026_04_27_15_39_46.csv,train,background,,-7.213013991373679,random
113.27,354,0.567096,-49.9,-28.3174,15.5101,-28.9414,-24.3856,-4.5558,6.8715,-3132.6199,-1684.6441,1447.9758,41733.5455,41733.5455,-54926.3354,15.1171,12.0287,0.7957,0.0,35.164,class3_2026_05_14_13_18_55.csv,train,background,,6.301173592773971,hard
131.138,410,0.656553,-16.35,-16.3658,2.3194,-12.2579,-27.3949,15.1369,4.0845,-605.5535,-6230.1749,-5624.6213,-2876.9409,-2084.6395,-3376.1755,3.091,12.1877,3.9429,0.0,7.158,class2_2026_04_27_15_21_50.csv,train,break,131.78,,positive
106.569,333,0.533547,-16.996,-27.63,12.3845,-28.4351,-30.5744,2.1393,8.499,3273.3401,-2648.6422,-5921.9822,-12354.232,41893.4185,-35918.5,13.6628,14.0365,1.0273,0.957,35.25,class3_2026_05_14_13_11_09.csv,train,background,,4.584552824256049,hard
51.37,160,0.257188,-14.955,-14.7722,0.1242,-14.8014,-14.7547,-0.0467,0.1845,-6.6553,-23.0753,-16.42,166.1442,167.7116,-80.9343,0.1129,0.0955,0.8456,0.0,0.381,class3_2026_05_14_14_36_02.csv,train,background,,-57.08194053456904,random
145.177,454,0.726841,-49.9,-39.0873,12.1414,-34.7782,-40.9072,6.1291,26.233,-2192.6782,411.5294,2604.2076,-546.4557,39159.8777,-546.4557,13.6349,12.7435,0.9346,0.0,26.233,class2_2026_04_27_15_49_13.csv,train,background,,-2.3630926909683674,random
81.363,254,0.407351,-22.752,-31.763,13.031,-35.7957,-34.8842,-0.9115,8.0215,1341.4343,1709.1432,367.709,0.0,5766.8057,-11650.4702,14.2118,13.594,0.9565,0.638,30.031,class3_2026_05_14_12_58_43.csv,train,background,,-5.83916005561306,random
134.966,422,0.675719,-23.795,-32.4578,12.4413,-23.5937,-37.8637,14.2701,3.061,-5289.4143,-967.9082,4321.5061,2537.616,41029.7837,-40916.931,12.2161,13.5755,1.1113,0.0,29.609,class2_2026_04_27_15_51_56.csv,train,background,,4.481975404341164,hard
170.702,534,0.854634,-24.975,-34.3872,13.963,-37.7484,-35.5406,-2.2078,31.219,-1012.0351,-4291.465,-3279.4299,761.7555,44144.2038,-39067.4013,13.617,14.3879,1.0566,1.276,31.219,class2_2026_04_27_15_26_18.csv,train,background,,4.23929386002054,hard
133.052,416,0.666136,-20.663,-33.8886,14.4648,-14.8333,-38.0601,23.2268,3.946,-2915.6774,1086.8898,4002.5672,-45244.5172,8336.9906,-45826.0219,4.6837,13.3008,2.8398,0.0,32.3,class2_2026_04_27_16_05_53.csv,train,break,131.46,,positive
87.425,273,0.437701,-22.246,-37.2646,14.1327,-45.1542,-34.3814,-10.7727,29.231,476.8172,-43.2922,-520.1094,0.0,45816.616,-43344.8307,10.6267,13.9345,1.3113,0.638,29.231,class3_2026_05_14_13_10_59.csv,train,background,,6.455000621824355,hard
21.059,65,0.105434,-16.782,-18.1688,2.7479,-16.1386,-17.0339,0.8953,0.3495,-21.3653,1193.9593,1215.3246,-667.7132,-269.5925,-10695.9263,0.2343,2.2782,9.7223,0.0,7.733,class2_2026_04_27_15_58_04.csv,train,bend,19.78,,positive
152.834,478,0.765176,-49.9,-31.8207,12.8454,-38.0611,-33.4594,-4.6017,8.5165,3342.0636,1125.7457,-2216.3179,-2869.906,40658.3119,-46764.3935,13.2926,13.2628,0.9978,0.0,29.949,class3_2026_05_14_12_58_43.csv,train,background,,0.39129050298940415,random
43.074,134,0.215654,-19.722,-34.3429,13.9681,-23.0661,-40.4998,17.4337,3.9255,-4783.0604,489.6281,5272.6885,0.0,40733.5439,-47374.967,10.2347,13.3252,1.302,0.638,30.178,class3_2026_05_14_13_11_57.csv,train,background,,7.578306768223477,hard
135.924,425,0.680515,-18.92,-31.9822,12.8948,-41.3286,-31.7906,-9.5379,20.1475,4966.3237,-1518.0491,-6484.3729,-5561.151,45677.1207,-40142.6364,12.2406,12.879,1.0522,1.915,30.98,class3_2026_05_14_13_16_09.csv,train,background,,4.957181195308246,hard
136.562,427,0.683709,-49.9,-41.0837,12.4988,-28.0347,-41.5308,13.4961,6.5945,-5542.7435,1592.4402,7135.1838,0.0,39517.2445,-8351.0987,12.0986,11.9303,0.9861,0.0,28.583,class2_2026_04_27_16_04_37.csv,train,background,,1.7851538200456523,random
153.791,481,0.769968,-49.9,-37.0572,14.3962,-34.9234,-39.2321,4.3086,30.25,1594.0898,2503.8179,909.7281,-47172.4562,47413.7962,-47172.4562,13.5622,13.4423,0.9912,0.0,30.25,class1_2026_04_27_14_44_55.csv,train,background,,4.290600281814345,hard
136.881,428,0.685306,-49.9,-40.651,13.1886,-30.7398,-43.3344,12.5946,30.23,-5237.8059,292.3835,5530.1894,-0.0,47392.042,-0.0,13.6962,12.2859,0.897,0.0,30.23,class2_2026_04_27_15_39_15.csv,train,background,,6.388404027585803,hard
131.138,410,0.656553,-16.69,-16.6418,2.1538,-12.7511,-32.5934,19.8423,3.6155,-610.269,-7032.9732,-6422.7041,-1539.1429,-1539.1429,-5009.4028,3.1411,14.0302,4.4667,0.0,6.887,class2_2026_04_27_15_33_11.csv,train,break,131.78,,positive
127.628,399,0.63898,-3.7,-7.1723,4.0734,-15.2586,-11.182,-4.0766,12.3985,1947.7099,-2652.4792,-4600.1891,670.8464,15728.4476,-2774.2947,3.6304,4.2797,1.1789,3.828,13.137,class3_2026_05_14_13_33_21.csv,train,connector,127.95,,positive
178.041,557,0.891377,-49.9,-43.7583,11.5078,-40.6435,-32.7389,-7.9046,28.995,-1332.6634,2129.4367,3462.1001,-0.0,40998.241,-5291.5345,13.1065,13.7315,1.0477,0.0,28.995,class1_2026_04_27_14_48_51.csv,train,background,,1.8741385740536498,random
126.032,394,0.63099,-49.9,-39.0436,15.4397,-39.1662,-24.6341,-14.5321,8.2775,-1233.9552,1379.5106,2613.4658,-0.0,2056.4263,-0.0,13.4827,13.6986,1.016,0.0,35.58,class3_2026_05_14_13_10_59.csv,train,background,,7.527262174304297,hard
132.414,414,0.662942,-17.772,-18.1177,2.1009,-11.1536,-30.8177,19.6641,3.824,-2638.0239,-3949.9827,-1311.9588,-2999.9984,-1645.7665,-3164.5752,3.5617,13.5536,3.8054,0.0,6.641,class1_2026_04_27_14_36_54.csv,train,break,132.73,,positive
177.083,554,0.886581,-49.9,-37.8259,13.5658,-36.1064,-39.0628,2.9563,28.643,-1512.8118,1008.4127,2521.2245,-43927.5757,44894.9875,-44418.4969,13.8453,13.644,0.9855,0.0,28.643,class2_2026_04_27_15_36_21.csv,train,background,,1.1880949877486107,random
166.873,522,0.835464,-22.401,-34.4,13.8891,-38.9758,-34.1617,-4.8141,22.7035,-466.0648,-2027.3504,-1561.2856,41909.0925,46802.5094,-43101.8856,13.7684,13.0307,0.9464,0.957,29.86,class2_2026_04_27_16_05_41.csv,train,background,,2.8349722816199305,random
135.604,424,0.678913,-20.112,-34.0198,14.242,-24.5111,-37.5235,13.0124,3.228,-3754.5408,2456.648,6211.1888,-42844.5573,43068.9671,-47362.0705,11.6918,13.8895,1.188,0.639,30.217,class2_2026_04_27_15_13_34.csv,train,background,,6.424844958570355,hard
144.857,453,0.725239,-19.836,-31.6526,13.0247,-31.5889,-38.2882,6.6993,6.0385,-347.0467,-1046.1637,-699.117,294.5141,10219.4373,-43537.6223,13.0083,13.051,1.0033,0.639,30.064,class1_2026_04_27_14_45_49.csv,train,background,,-2.939950716876737,random
135.604,424,0.678913,-49.9,-37.3382,14.0943,-32.876,-39.1882,6.3122,18.699,-1008.0337,535.3764,1543.4101,-45627.7244,48269.5956,-45627.7244,13.643,13.5016,0.9896,0.0,30.796,class3_2026_05_14_13_11_39.csv,train,background,,4.956509741112652,hard
134.647,421,0.674121,-21.889,-28.4177,11.6092,-17.7222,-39.1571,21.4349,1.0365,-2538.1829,-1901.6678,636.5151,-38434.1724,5051.7241,-45666.9639,4.4006,13.5537,3.08,0.0,29.558,class2_2026_04_27_16_06_20.csv,train,background,,2.1090879186997777,random
133.371,417,0.667733,-49.9,-33.5034,14.6991,-14.4379,-37.9833,23.5454,1.8615,-2379.3706,1745.9639,4125.3345,-4275.8605,3485.895,-42733.5455,4.1025,13.445,3.2773,0.0,31.124,class2_2026_04_27_15_47_51.csv,train,background,,6.795300446065402,hard
133.371,417,0.667733,-21.974,-29.5732,11.2253,-18.3107,-35.9863,17.6757,0.122,-5096.9063,-4248.3695,848.5368,-1278.9969,43771.1614,-43771.1614,9.4477,13.9456,1.4761,0.0,28.602,class2_2026_04_27_15_31_19.csv,train,background,,4.771222350459298,hard
185.379,580,0.928115,-49.9,-44.099,10.8617,-36.6739,-40.6859,4.012,27.045,793.9128,4961.5049,4167.5921,-39442.0094,42390.2853,-39442.0094,13.3116,13.0666,0.9816,0.0,27.045,class2_2026_04_27_16_07_58.csv,train,background,,-2.8791441608214914,random
139.433,436,0.698083,-49.9,-40.3551,13.5193,-32.5913,-43.9784,11.3871,29.664,3018.9694,547.5127,-2471.4567,-46136.3668,46136.3668,-46136.3668,13.8736,11.0961,0.7998,0.0,29.664,class2_2026_04_27_15_18_27.csv,train,background,,4.283573441028618,hard
113.908,356,0.57029,-15.021,-14.894,0.0731,-14.8417,-14.86,0.0183,0.055,-8.1481,6.0003,14.1484,-76.8025,328.405,-76.8025,0.0919,0.1078,1.1733,0.0,0.233,class1_2026_04_27_14_38_31.csv,train,background,,-57.24937375966793,random
188.889,591,0.945689,-19.638,-30.9549,13.518,-40.9038,-35.0498,-5.8539,30.89,3729.4613,1374.2049,-2355.2564,1126.9592,40351.1003,-48416.931,12.7593,13.4107,1.0511,1.914,30.89,class2_2026_04_27_16_02_47.csv,train,background,,3.97526473441432,hard
132.733,415,0.664539,-19.905,-30.1324,14.0596,-13.5276,-39.2924,25.7648,3.2945,-2911.8411,2323.2712,5235.1122,-44721.0063,2225.7053,-47014.1082,4.2275,13.3486,3.1576,0.0,32.057,class2_2026_04_27_15_58_04.csv,train,background,,8.08305668565097,hard
111.993,350,0.560702,-24.551,-38.2154,13.1114,-24.6791,-38.6397,13.9606,0.314,-6640.2676,-1483.4698,5156.7979,44401.2555,44401.2555,-39731.9765,11.5514,14.1802,1.2276,0.0,28.328,class3_2026_05_14_12_56_25.csv,train,background,,4.4864232955036805,hard
194.632,609,0.974441,-49.9,-34.3453,13.9472,-34.6554,-39.6283,4.9728,30.352,1856.705,-1068.643,-2925.348,43772.7304,43772.7304,-43567.6626,13.7136,13.2677,0.9675,0.0,30.352,class2_2026_04_27_15_24_51.csv,train,background,,3.7014134405091497,hard
131.138,410,0.656553,-16.449,-16.5569,2.1751,-12.5428,-24.6387,12.0959,4.0635,-670.1928,-829.747,-159.5542,-2891.4583,-2134.7962,-3802.5078,3.0661,9.1249,2.976,0.0,6.223,class2_2026_04_27_16_07_48.csv,train,break,131.78,,positive
139.433,436,0.698083,-49.9,-34.9559,13.4417,-36.0428,-39.0922,3.0494,29.059,78.1344,-4692.6155,-4770.7499,-0.0,688.0909,-0.0,13.8817,13.5991,0.9796,0.0,29.059,class2_2026_04_27_15_35_32.csv,train,background,,-4.685787880660412,random
166.554,521,0.833867,-49.9,-40.3643,13.4981,-36.7852,-36.2934,-0.4918,24.157,3959.7872,-628.1835,-4587.9707,-42791.5376,46653.6082,-45070.5361,13.6612,13.6708,1.0007,0.0,29.765,class2_2026_04_27_15_53_29.csv,train,background,,0.9377155296658144,random
67.324,210,0.337063,-23.453,-31.2312,13.2563,-31.6143,-37.3339,5.7196,4.2085,83.581,-1045.3507,-1128.9317,0.0,41105.0204,-42680.2539,12.9573,14.0965,1.0879,0.0,30.006,class3_2026_05_14_13_15_21.csv,train,background,,1.8233128083866113,random
134.328,420,0.672524,-24.672,-31.2499,13.2356,-18.4582,-39.2134,20.7552,0.504,-4187.3105,-2583.172,1604.1385,45122.2602,45122.2602,-43244.6874,8.3731,13.4293,1.6039,0.0,29.388,class2_2026_04_27_16_03_33.csv,train,background,,8.379502423077055,hard
155.387,486,0.777958,-23.387,-34.7748,13.6172,-29.9351,-40.7183,10.7832,8.979,-567.759,1518.0343,2085.7933,-43067.4013,43067.4013,-43067.4013,12.6279,13.0701,1.035,0.957,30.019,class2_2026_04_27_15_32_19.csv,train,background,,4.314505726676033,hard
106.888,334,0.535144,-19.818,-27.4603,12.0217,-17.6831,-34.2747,16.5916,1.082,-1540.16,-1446.9322,93.2278,-43521.9483,1873.0392,-45081.9354,2.8809,14.0656,4.8824,0.638,30.201,class3_2026_05_14_12_56_02.csv,train,break,103.38,,positive
71.152,222,0.356228,-49.9,-37.6693,13.7339,-32.7427,-40.8056,8.0629,29.253,-389.0408,57.3452,446.386,-44853.7878,45851.1019,-44853.7878,13.7242,12.9164,0.9411,0.0,29.253,class3_2026_05_14_13_15_21.csv,train,background,,3.94688759841554,hard
87.106,272,0.436103,-15.082,-15.1841,0.1554,-15.0998,-15.1008,0.001,0.111,-43.207,51.6969,94.9038,-136.3636,260.1881,-136.3636,0.1684,0.1323,0.7859,0.0,0.479,class3_2026_05_14_13_22_54.csv,train,background,,-56.94854253303688,random
138.157,432,0.691695,-49.9,-43.5539,11.881,-30.9157,-42.1204,11.2048,29.511,-1792.1519,3453.5833,5245.7352,-43266.4608,46255.489,-43266.4608,13.5063,12.5577,0.9298,0.0,29.511,class2_2026_04_27_15_25_41.csv,train,background,,4.0276848874348214,hard
159.854,500,0.800322,-49.9,-43.8673,11.3144,-36.4362,-35.0168,-1.4194,8.6365,-3684.1185,4365.7838,8049.9024,0.0,6373.6056,-39890.2837,13.6358,13.4379,0.9855,0.0,28.844,class2_2026_04_27_15_25_30.csv,train,background,,-8.063570164501247,random
192.399,602,0.963262,-49.9,-40.4886,13.3424,-40.2625,-35.9706,-4.2919,30.223,-2664.042,-2996.5148,-332.4728,-3152.0376,47371.4765,-44219.4389,13.6407,13.9485,1.0226,0.0,30.223,class3_2026_05_14_13_18_12.csv,train,background,,3.853326500438167,hard
166.554,521,0.833867,-24.629,-37.6153,13.769,-42.8168,-34.729,-8.0878,29.106,641.3938,2850.8109,2209.4171,-2231.9734,45620.6912,-43388.7179,11.5896,13.6262,1.1757,1.276,29.106,class2_2026_04_27_15_17_19.csv,train,background,,4.424420013409789,hard
102.421,320,0.512779,-49.9,-36.6688,14.8043,-14.9881,-40.5494,25.5613,0.86,-2457.635,-1728.133,729.502,-44542.3229,1289.9687,-44542.3229,4.0526,13.3083,3.2839,0.0,30.626,class3_2026_05_14_13_00_27.csv,train,break,100.83,,positive
136.881,428,0.685306,-49.9,-30.549,13.7543,-19.2625,-36.0767,16.8142,1.036,-4348.559,-3940.0087,408.5503,-0.0,11808.9948,-1999.9984,8.4408,13.9879,1.6572,0.0,30.574,class3_2026_05_14_13_22_54.csv,train,background,,3.8022430911644056,hard
131.457,411,0.65815,-17.314,-17.9396,2.702,-12.8452,-33.7997,20.9545,3.324,-1414.8885,-5599.2234,-4184.3349,-2327.5878,-1870.0648,-9180.2524,3.1374,14.433,4.6004,0.0,8.946,class2_2026_04_27_15_48_47.csv,train,break,131.46,,positive
141.348,442,0.707671,-49.9,-37.9456,13.6074,-31.6111,-42.6084,10.9974,29.609,1103.5348,-745.3183,-1848.8531,-44547.0251,44547.0251,-44547.0251,13.0199,11.8621,0.9111,0.0,29.609,class3_2026_04_27_16_18_00.csv,train,background,,4.548770280903045,hard
40.522,126,0.202877,-20.838,-24.299,9.4869,-14.3783,-28.5568,14.1786,1.4495,-2420.9235,162.1116,2583.0351,-5470.2194,-388.7163,-45551.7288,3.3791,11.585,3.4284,0.0,31.864,class3_2026_05_14_13_09_36.csv,train,break,39.25,,positive
152.196,476,0.761982,-21.766,-28.0333,11.784,-40.5863,-33.1196,-7.4667,30.492,6630.2834,1618.7455,-5011.5379,0.0,1351.0956,-42931.0376,13.1947,13.4541,1.0197,0.638,30.492,class2_2026_04_27_15_41_16.csv,train,background,,-2.4303849376885,random
134.966,422,0.675719,-49.9,-40.6312,13.1202,-21.2997,-36.4506,15.1509,1.654,-4767.8802,2009.395,6777.2752,3474.9232,44404.3918,-44980.9442,10.6992,13.4897,1.2608,0.0,28.653,class2_2026_04_27_15_53_29.csv,train,background,,4.871313008412411,hard
113.27,354,0.567096,-49.9,-34.7132,13.684,-27.5555,-41.5508,13.9953,6.497,-4562.0924,-4645.7452,-83.6528,8354.2304,44401.2555,-46083.0737,12.2339,13.4682,1.1009,0.0,29.532,class3_2026_05_14_12_56_25.csv,train,background,,5.8661524696068605,hard
125.394,392,0.627796,-17.413,-17.2194,0.8245,-17.4044,-13.1907,-4.2137,1.7935,-142.5101,777.3956,919.9057,1631.6614,1631.6614,-136.3636,0.4415,3.1438,7.1214,0.0,3.182,class2_2026_04_27_15_50_35.csv,train,background,,-48.9127724483143,random
175.807,550,0.880192,-23.353,-43.6161,11.7843,-43.982,-34.6022,-9.3798,30.008,-3447.7535,4504.4519,7952.2054,47034.4859,47034.4859,-47034.4859,11.1306,14.0328,1.2607,0.957,30.008,class2_2026_04_27_15_35_21.csv,train,background,,4.936248423845079,hard
179.317,561,0.897766,-49.9,-40.6582,13.073,-31.2893,-36.3339,5.0446,4.2505,-1263.5057,3926.4477,5189.9533,-0.0,-0.0,-2300.942,11.9379,13.733,1.1504,0.0,28.181,class2_2026_04_27_15_49_00.csv,train,background,,-6.425718310784126,random
134.328,420,0.672524,-49.9,-33.5128,14.6617,-32.6786,-39.7788,7.1002,18.9685,4555.6784,-2803.722,-7359.4004,45271.163,45271.163,-47108.1552,13.8118,12.8018,0.9269,0.0,30.055,class3_2026_05_14_12_55_25.csv,train,background,,4.0957808575400705,hard
133.371,417,0.667733,-24.253,-30.925,13.4818,-14.7439,-40.7182,25.9743,1.6805,-2841.1022,2951.5626,5792.6648,-42772.7304,-2672.4138,-46952.9812,4.5899,13.0627,2.846,0.0,30.411,class2_2026_04_27_15_52_49.csv,train,background,,5.905996856823284,hard
152.196,476,0.761982,-49.9,-34.5271,13.8306,-41.0124,-34.0087,-7.0038,29.913,3729.6481,-2076.7132,-5806.3613,38851.0987,45205.3323,-38851.0987,12.6114,14.2645,1.1311,0.0,29.913,class2_2026_04_27_15_59_35.csv,train,background,,5.238452152685906,hard
141.029,441,0.706073,-22.056,-31.6098,12.956,-34.3285,-33.1068,-1.2217,2.6115,1667.7462,1220.956,-446.7903,376.1755,43642.6364,-43642.6364,13.9478,13.4664,0.9655,0.638,29.122,class1_2026_04_27_14_44_55.csv,train,background,,-1.7488867803296475,random
130.818,409,0.654951,-16.197,-16.0407,2.041,-13.0124,-28.2674,15.2549,4.3225,150.5818,-4033.6655,-4184.2473,-2939.8044,-2186.5204,-4539.1834,3.1845,13.4748,4.2314,0.0,5.669,class2_2026_04_27_16_02_47.csv,train,break,131.46,,positive
169.745,531,0.849843,-20.215,-34.1932,14.0841,-40.8488,-33.9423,-6.9064,29.685,-2490.8187,-1361.6898,1129.1289,-0.0,45747.6536,-4844.8276,12.8498,12.9001,1.0039,0.638,29.685,class2_2026_04_27_15_18_47.csv,train,background,,4.056266314304906,hard
137.838,431,0.690097,-19.989,-40.2242,13.7077,-22.5694,-34.7353,12.1659,0.945,-7166.054,2541.7209,9707.7749,42387.1505,46882.4483,-46882.4483,12.4405,13.7903,1.1085,0.638,30.128,class3_2026_05_14_14_40_05.csv,train,background,,5.799486587927474,hard
193.994,607,0.971247,-21.601,-36.1319,12.5654,-33.6461,-38.6372,4.9911,9.9725,-2949.3858,-488.7512,2460.6347,0.0,13405.9561,-39172.4154,13.1701,12.751,0.9682,0.638,28.299,class2_2026_04_27_15_50_53.csv,train,background,,-5.341199555435405,random
127.628,399,0.63898,-7.706,-10.5331,2.7925,-15.5208,-15.2102,-0.3106,8.5665,1112.3813,-2631.6588,-3744.0401,606.5831,9495.2978,-2824.4514,2.2009,4.2794,1.9443,2.871,8.569,class2_2026_04_27_16_07_33.csv,train,connector,127.63,,positive
127.628,399,0.63898,-8.566,-11.387,2.7414,-16.2784,-16.1073,-0.1711,8.38,1077.1735,-2805.9849,-3883.1584,583.0721,9608.1505,-2703.7618,2.1633,4.3277,2.0005,2.871,8.305,class2_2026_04_27_16_10_35.csv,train,connector,127.63,,positive
180.274,564,0.902557,-24.161,-34.9453,13.4599,-32.809,-42.7617,9.9527,29.601,-2840.2835,728.6744,3568.9579,0.0,46396.5549,-40343.2649,13.7408,11.5448,0.8402,0.638,29.601,class3_2026_05_14_13_22_18.csv,train,background,,3.8930332423216045,hard
72.11,225,0.361025,-49.9,-40.4116,13.4641,-18.9018,-38.388,19.4862,1.4405,-3417.9762,1771.3272,5189.3033,-40379.3135,46947.774,-40379.3135,8.4129,13.272,1.5776,0.0,29.907,class3_2026_05_14_13_10_59.csv,train,background,,8.59907274462028,hard
133.052,416,0.666136,-21.335,-23.6986,9.363,-14.0504,-38.888,24.8376,1.476,-2718.4458,-5359.5986,-2641.1528,5076.8025,5076.8025,-44772.732,4.2784,13.8575,3.2389,0.0,31.243,class2_2026_04_27_15_26_06.csv,train,background,,3.8669822471842217,hard
134.009,419,0.670927,-20.16,-30.4198,13.7949,-19.4841,-35.9297,16.4456,0.9195,-4889.1481,-706.2218,4182.9263,3010.9749,46614.4232,-46819.7539,11.3612,14.0542,1.237,0.957,30.192,class2_2026_04_27_15_25_30.csv,train,background,,8.226290476220605,hard
135.924,425,0.680515,-49.9,-34.5671,13.7936,-23.0222,-37.6336,14.6114,2.7365,-1554.1201,1110.2196,2664.3398,-42130.8439,38324.4561,-42854.2351,9.8456,13.7377,1.3953,0.0,30.415,class2_2026_04_27_15_46_41.csv,train,background,,6.211932751723294,hard
134.009,419,0.670927,-23.526,-34.6298,13.6735,-18.7913,-39.2096,20.4183,0.2505,-3731.2104,2771.3399,6502.5503,-41531.3511,44288.406,-41531.3511,8.6096,13.4305,1.56,0.0,28.354,class2_2026_04_27_15_31_02.csv,train,background,,7.466920647586111,hard
127.628,399,0.63898,-7.85,-10.7103,2.8221,-15.7933,-15.395,-0.3983,8.7605,1139.1925,-2634.8147,-3774.0072,669.279,9402.8213,-2858.9342,2.2316,4.3852,1.9651,2.871,8.726,class2_2026_04_27_16_08_56.csv,train,connector,127.63,,positive
179.636,562,0.899363,-19.977,-31.5169,13.1064,-38.8928,-36.3856,-2.5072,30.583,-742.5867,-3960.1094,-3217.5226,40885.5815,47935.7414,-43219.4389,13.8128,13.552,0.9811,1.914,30.583,class2_2026_04_27_15_44_16.csv,train,background,,2.8803256906162282,random
56.156,175,0.28115,-19.295,-37.567,13.8992,-38.3743,-32.8197,-5.5547,9.286,-4502.0295,-661.5173,3840.5122,44907.5251,47970.2226,-47970.2226,12.9836,13.742,1.0584,0.957,30.605,class3_2026_05_14_14_33_35.csv,train,background,,3.797775751047381,hard
177.722,556,0.88978,-22.114,-37.1043,14.3126,-44.1759,-32.1818,-11.9941,29.602,2235.3981,431.163,-1804.2351,45404.3934,45404.3934,-45404.3934,10.8588,12.7617,1.1752,0.957,29.602,class2_2026_04_27_15_23_09.csv,train,background,,6.492988305447932,hard
138.476,433,0.693292,-24.978,-32.1936,12.7994,-28.1411,-43.9561,15.815,19.705,1417.2517,-1594.0128,-3011.2645,-5122.2555,46076.8056,-41681.8229,11.8827,11.1753,0.9405,2.233,29.861,class2_2026_04_27_15_39_46.csv,train,background,,5.48170372729939,hard
127.628,399,0.63898,-8.286,-11.2033,2.9596,-16.2177,-19.1712,2.9536,8.568,1066.1656,-4979.9731,-6046.1387,573.6677,10070.9494,-2749.2163,2.2533,11.6324,5.1624,2.871,9.371,class2_2026_04_27_15_45_25.csv,train,connector,127.63,,positive
136.243,426,0.682112,-23.244,-30.6559,13.6608,-20.5757,-35.891,15.3153,1.4215,-4576.237,-398.9534,4177.2836,-1289.9687,47573.6708,-47746.0846,10.8249,14.0636,1.2992,0.0,30.462,class3_2026_05_22_11_09_21.csv,train,background,,7.989823952493522,hard
156.663,490,0.784346,-24.205,-31.7423,12.9686,-41.8957,-33.1582,-8.7375,29.017,1764.3533,-2744.8469,-4509.2002,-239.8119,45173.9843,-45481.1959,12.9426,13.4652,1.0404,2.233,29.017,class2_2026_04_27_15_44_29.csv,train,background,,3.8188619770849925,hard
187.294,586,0.937703,-49.9,-37.3359,14.0711,-43.9812,-32.9428,-11.0384,29.574,722.7654,-1535.5864,-2258.3518,-3540.7508,46111.2868,-3540.7508,11.113,13.5818,1.2221,0.0,29.574,class2_2026_04_27_15_39_26.csv,train,background,,6.613701070671265,hard
190.484,596,0.953674,-49.9,-34.0881,14.1867,-36.2706,-41.7644,5.4938,30.018,3573.3837,-2869.4999,-6442.8836,-40437.3072,47050.1599,-45269.5956,13.6945,13.1258,0.9585,0.0,30.018,class2_2026_04_27_15_58_37.csv,train,background,,4.151709022521012,hard
127.628,399,0.63898,-5.899,-8.8213,2.9372,-13.9235,-13.384,-0.5395,8.851,1122.018,-2707.9679,-3829.9858,606.5831,9764.8903,-2736.6771,2.251,4.2503,1.8881,2.871,9.08,class1_2026_04_27_14_46_48.csv,train,connector,127.63,,positive
127.628,399,0.63898,-7.707,-10.5809,2.8231,-15.4292,-14.9447,-0.4845,8.4985,1076.3784,-2575.0141,-3651.3924,600.3135,9551.7241,-2702.1944,2.1392,3.933,1.8386,2.871,8.693,class2_2026_04_27_16_00_17.csv,train,connector,127.63,,positive
137.519,430,0.6885,-20.336,-34.4254,13.8927,-26.5279,-35.8388,9.3109,3.2745,-2699.779,-1796.0443,903.7347,46868.3433,46868.3433,-46338.5611,10.8464,14.1096,1.3009,0.957,29.902,class1_2026_04_27_14_48_32.csv,train,background,,4.7581732219873185,hard
93.487,292,0.46805,-49.9,-37.6728,13.6947,-34.2811,-39.3523,5.0712,29.279,2858.7093,-68.7511,-2927.4604,-40852.6677,43799.3777,-40852.6677,13.9931,13.3975,0.9574,0.0,29.279,class3_2026_05_14_13_10_18.csv,train,background,,2.5978386452076427,random
176.445,552,0.883387,-49.9,-34.8746,13.6622,-39.4974,-36.1082,-3.3892,30.348,-37.3922,1360.779,1398.1712,0.0,47567.4013,0.0,13.2486,13.8213,1.0432,0.0,30.348,class3_2026_05_14_13_21_46.csv,train,background,,3.7037035498072703,hard
134.009,419,0.670927,-18.91,-33.5652,14.6485,-18.1054,-34.7871,16.6817,2.952,-4202.316,724.4048,4926.7208,-554.8589,48573.6708,-48573.6708,8.6928,13.6071,1.5653,0.638,31.26,class2_2026_04_27_15_26_28.csv,train,background,,10.032796882255216,hard
139.114,435,0.696486,-19.282,-36.594,14.8862,-37.4011,-35.5712,-1.8299,30.854,-1262.494,312.2832,1574.7773,45526.6489,47990.5987,-47990.5987,14.0437,14.3493,1.0218,0.957,30.854,class2_2026_04_27_15_38_53.csv,train,background,,4.927435111029857,hard
110.717,346,0.554314,-49.9,-36.7993,14.6522,-25.6807,-35.7927,10.1119,2.036,-403.029,4087.3855,4490.4145,-47177.1176,47177.1176,-47177.1176,10.8837,14.2164,1.3062,0.0,30.099,class3_2026_05_14_12_56_02.csv,train,background,,5.992568367185974,hard
140.71,440,0.704476,-49.9,-41.0918,12.4586,-36.2129,-39.0177,2.8048,26.914,-1213.4879,4088.4605,5301.9484,-41327.5878,42184.9561,-41327.5878,13.7754,13.6801,0.9931,0.0,26.914,class1_2026_04_27_14_38_31.csv,train,background,,-1.8343275068262508,random
176.126,551,0.88179,-19.815,-30.6618,13.6215,-44.4468,-29.0023,-15.4445,19.341,1501.1004,-5813.8735,-7314.9738,1700.6285,47155.174,-4064.2633,10.26,11.369,1.1081,4.786,30.085,class2_2026_04_27_15_51_31.csv,train,background,,6.454608381937295,hard
178.36,558,0.892974,-49.9,-40.0037,11.136,-33.9118,-39.4161,5.5043,15.1525,-2949.6697,-378.9565,2570.7132,0.0,211.1971,-39957.6834,12.9547,13.2455,1.0224,0.0,25.493,class1_2026_04_27_14_48_13.csv,train,background,,-9.909651084861263,random
192.08,601,0.961665,-49.9,-37.0134,14.417,-34.0214,-39.0396,5.0182,30.155,1030.9722,1977.1793,946.2072,45818.1865,47063.271,-45818.1865,14.2194,13.7152,0.9645,0.0,30.155,class1_2026_04_27_14_37_39.csv,train,background,,4.749825903070479,hard
153.153,479,0.766773,-20.778,-30.6253,13.7551,-38.5618,-32.9536,-5.6082,18.621,2508.8522,-2228.849,-4737.7012,-1719.4326,47793.105,-45381.4689,14.2293,13.5853,0.9547,1.596,30.629,class2_2026_04_27_15_42_44.csv,train,background,,4.186189196342896,hard
125.713,393,0.629393,-23.161,-35.3586,13.103,-36.7026,-35.7382,-0.9644,18.6735,2768.7137,2609.7217,-158.992,0.0,39799.3777,-41477.1794,13.3388,14.199,1.0645,0.638,29.364,class3_2026_05_14_12_58_43.csv,train,background,,-0.37903218858055343,random
132.414,414,0.662942,-20.448,-23.9049,9.4789,-14.2182,-37.8118,23.5936,2.709,-2725.9883,-819.3998,1906.5885,-4126.9577,-1468.652,-47614.4248,3.6969,13.6088,3.6811,0.0,32.5,class2_2026_04_27_15_30_46.csv,train,background,,3.874251201048886,hard
21.378,66,0.107031,-18.157,-21.0122,10.3704,-14.8108,-18.8119,4.0011,1.031,-374.6779,2803.0774,3177.7552,-5967.0862,-1514.1066,-49753.9216,0.6871,7.6411,11.1207,0.0,35.07,class2_2026_04_27_16_04_37.csv,train,bend,19.78,,positive
132.733,415,0.664539,-49.9,-36.2931,15.2305,-14.155,-39.2112,25.0562,2.557,-2564.4348,8551.6593,11116.0941,-46368.3433,-609.7179,-46368.3433,3.7786,13.4605,3.5623,0.0,31.991,class2_2026_04_27_16_03_45.csv,train,background,,8.423095263971769,hard
193.037,604,0.966456,-49.9,-49.9,0.0,-34.8706,-36.0469,1.1763,-22.8095,-6394.9042,4263.6422,10658.5464,0.0,0.0,-0.0,13.5455,12.6766,0.9359,0.0,0.0,class2_2026_04_27_15_59_08.csv,train,background,,-44.59160294480493,random
151.239,473,0.757191,-49.9,-30.5079,13.7374,-40.1538,-31.6768,-8.477,18.448,3075.7559,-3008.5843,-6084.3402,-46606.5846,47844.8307,-46606.5846,13.7979,12.9889,0.9414,0.0,30.525,class2_2026_04_27_15_26_06.csv,train,background,,4.966959257970773,hard
159.216,498,0.797276,-23.004,-44.8566,9.641,-35.2789,-41.4036,6.1247,26.896,-3083.8098,3826.7752,6910.585,0.0,42222.7159,-42156.7429,13.2858,12.1005,0.9108,0.638,26.896,class1_2026_04_27_14_47_50.csv,train,background,,-3.8166396135114624,random
158.258,495,0.792332,-22.532,-34.2814,14.0035,-29.4932,-39.483,9.9898,5.5725,1090.6635,-653.2837,-1743.9472,-42816.6176,47788.406,-42963.6856,12.7267,13.1562,1.0337,0.0,30.489,class1_2026_04_27_14_38_20.csv,train,background,,5.179022972463746,hard
152.196,476,0.761982,-49.9,-37.1128,14.3252,-39.0848,-36.023,-3.0618,30.494,4334.7665,-136.1097,-4470.8761,1161.4436,44750.7853,-45912.2288,13.5766,14.0136,1.0322,0.0,30.494,class2_2026_04_27_16_05_01.csv,train,background,,3.9855809195396823,hard
170.383,533,0.853037,-20.046,-34.4854,13.8791,-40.9499,-34.8576,-6.0923,30.734,-682.4064,1153.6343,1836.0407,992.1614,46793.1066,-41841.6959,12.7508,13.5659,1.0639,1.595,30.734,class1_2026_04_27_14_39_05.csv,train,background,,5.261422208413642,hard
22.016,68,0.110225,-15.088,-14.73,0.222,-14.4409,-14.4434,0.0025,-0.031,-88.3779,88.1888,176.5667,456.1129,456.1129,6.2696,0.1887,0.1833,0.9712,0.0,0.655,class1_2026_04_27_14_49_30.csv,train,background,,-56.664908738444346,random
185.06,579,0.926518,-20.612,-34.3217,13.9832,-34.6674,-36.0933,1.4259,6.1765,-2203.2348,-4074.9035,-1871.6687,42167.7147,45905.9592,-45905.9592,13.7096,13.846,1.0099,0.638,30.026,class2_2026_04_27_15_15_03.csv,train,background,,0.8881896160357776,random
142.305,445,0.712462,-23.743,-31.8856,12.8268,-37.6062,-38.1798,0.5737,29.598,3137.9262,2422.7946,-715.1316,-37001.5721,46391.8527,-44031.3495,13.7946,13.3879,0.9705,1.595,29.598,class2_2026_04_27_15_58_37.csv,train,background,,0.3666379776290086,random
161.449,505,0.808308,-22.052,-43.6291,11.7331,-46.714,-34.7329,-11.9811,28.59,-319.2425,3994.0632,4313.3057,44811.9169,44811.9169,-44811.9169,9.0116,13.6005,1.5092,0.957,28.59,class2_2026_04_27_15_15_26.csv,train,background,,4.0787008800054805,hard
127.628,399,0.63898,-8.4,-11.3143,2.9347,-16.4976,-17.6533,1.1557,8.9495,1146.6163,-2894.6912,-4041.3076,688.0878,9670.4742,-2942.0063,2.2929,8.9184,3.8896,2.871,9.188,class2_2026_04_27_15_37_07.csv,train,connector,127.95,,positive
170.383,533,0.853037,-49.9,-38.1314,13.2486,-42.2616,-35.9397,-6.3218,29.563,-567.6565,-1496.4924,-928.8359,-41289.9734,46336.9937,-41289.9734,12.3347,14.0405,1.1383,0.0,29.563,class2_2026_04_27_15_18_27.csv,train,background,,4.056741794429157,hard
175.807,550,0.880192,-49.9,-36.9893,14.4414,-33.2402,-39.2581,6.0178,18.912,-832.7836,-3926.4303,-3093.6467,44393.4201,44393.4201,-47031.3527,13.3623,13.4531,1.0068,0.0,30.006,class2_2026_04_27_15_48_47.csv,train,background,,3.7808541832790294,hard
132.414,414,0.662942,-17.912,-17.8602,2.0627,-11.0536,-30.6062,19.5526,2.9195,-2593.7949,-4497.3791,-1903.5842,-1785.2665,-1785.2665,-4205.3292,3.5047,13.679,3.903,0.0,6.172,class1_2026_04_27_14_45_33.csv,train,break,131.78,,positive
187.932,588,0.940897,-49.9,-37.5604,13.8445,-39.4391,-34.1961,-5.243,29.319,-577.0,337.7238,914.7239,195.9248,45758.6254,-45954.5502,13.1481,14.0918,1.0718,0.0,29.319,class3_2026_05_14_13_18_31.csv,train,background,,3.718331685770396,hard
132.095,413,0.661345,-19.422,-24.1189,9.8293,-15.4506,-30.4411,14.9904,3.057,-4910.1453,-2003.7005,2906.4448,46736.6787,46736.6787,-40594.0486,8.9143,12.2984,1.3796,0.0,32.806,class2_2026_04_27_15_48_35.csv,train,background,,5.4291062830256855,hard
152.196,476,0.761982,-49.9,-40.3396,13.5256,-32.9926,-42.2938,9.3013,29.408,1678.0464,3276.3695,1598.3232,-45117.558,45117.558,-45117.558,13.5267,12.3033,0.9096,0.0,29.408,class3_2026_05_14_12_56_35.csv,train,background,,3.911149301555068,hard
75.619,236,0.378593,-49.9,-44.2608,10.6566,-38.0598,-34.2874,-3.7724,17.471,-3191.3794,4401.1424,7592.5218,0.0,44772.732,0.0,13.2825,14.0749,1.0597,0.0,28.565,class3_2026_05_14_12_58_43.csv,train,background,,-1.1681530798391728,random
142.305,445,0.712462,-21.82,-34.7378,13.7118,-40.6464,-36.1944,-4.4521,30.188,1335.3184,782.9645,-552.3539,-2432.6019,47316.6176,-42899.6881,13.1293,13.7984,1.051,1.914,30.188,class2_2026_04_27_16_05_29.csv,train,background,,4.052343241719368,hard
132.733,415,0.664539,-22.16,-25.5463,8.9421,-14.4154,-35.2689,20.8534,3.036,-3357.346,-2028.1132,1329.2328,-90.9091,503.1332,-43479.627,4.9426,13.1931,2.6693,0.0,31.726,class2_2026_04_27_15_49_13.csv,train,break,131.46,,positive
185.698,581,0.929713,-49.9,-35.0618,13.3846,-31.5736,-38.4343,6.8607,5.4905,2559.1529,-1220.8104,-3779.9633,-45667.7147,1742.9451,-45667.7147,13.0005,12.9238,0.9941,0.0,29.136,class1_2026_04_27_14_38_09.csv,train,background,,-4.772470352554962,random
146.453,458,0.733229,-49.9,-40.2364,13.6829,-32.6248,-45.2232,12.5984,29.976,3877.2049,2244.779,-1632.4259,-46462.3856,46789.9005,-46462.3856,13.8449,10.4592,0.7555,0.0,29.976,class3_2026_05_14_13_43_01.csv,train,background,,4.859450053946531,hard
141.348,442,0.707671,-49.9,-41.4693,11.9265,-37.6546,-36.8359,-0.8186,26.021,1438.3803,1502.9087,64.5284,-0.0,254.9079,-38985.8966,13.7444,13.228,0.9624,0.0,26.021,class1_2026_04_27_14_49_30.csv,train,background,,-10.393542185916811,random
151.877,475,0.760385,-23.155,-37.2013,14.2196,-32.6112,-44.9893,12.3782,30.051,-3051.4722,-4616.815,-1565.3428,-0.0,45341.6959,-47101.8824,13.8212,10.9838,0.7947,0.638,30.051,class2_2026_04_27_15_12_38.csv,train,background,,5.503540597030831,hard
119.97,375,0.60064,-21.695,-34.0463,14.2064,-38.5999,-35.1921,-3.4078,30.173,523.1601,1400.7767,877.6166,-2300.9404,44208.4671,-44208.4671,14.1891,14.7195,1.0374,1.276,30.173,class3_2026_05_14_12_56_02.csv,train,background,,4.278935469405716,hard
131.138,410,0.656553,-14.738,-14.7258,2.2153,-10.8047,-23.938,13.1333,3.877,-577.7787,-5319.6942,-4741.9155,-2235.8426,-1981.1912,-3163.011,3.1542,9.6095,3.0466,0.0,6.904,class1_2026_04_27_14_47_25.csv,train,break,132.73,,positive
172.297,539,0.862619,-24.631,-34.5997,13.7208,-37.6454,-35.9296,-1.7159,28.755,-97.2756,-1216.1889,-1118.9133,1003.6868,42106.5878,-39702.5499,13.7237,14.0221,1.0217,1.277,28.755,class2_2026_04_27_15_47_51.csv,train,background,,0.7487531681356204,random
125.394,392,0.627796,-17.632,-16.8928,0.7504,-16.9593,-12.9704,-3.9889,1.547,-18.5489,740.7387,759.2876,808.7759,1794.6724,-399.6865,0.2787,3.0744,11.0295,0.0,2.583,class2_2026_04_27_16_10_58.csv,train,background,,-49.69278189917648,random
157.939,494,0.790735,-49.9,-34.7996,13.8168,-39.2993,-37.8917,-1.4076,29.948,4683.0073,-2736.983,-7419.9902,-13993.7288,46940.442,-30225.6106,13.337,13.5978,1.0196,0.0,29.948,class2_2026_04_27_15_31_49.csv,train,background,,2.1699823020080373,random
18.506,57,0.092652,-16.168,-16.0841,0.185,-15.1453,-16.7697,1.6244,0.2535,-501.2281,-448.2617,52.9664,64.2649,307.2116,18.8072,0.742,1.1991,1.616,0.0,0.531,class2_2026_04_27_16_02_06.csv,train,bend,15.0,,positive
166.873,522,0.835464,-49.9,-43.1954,12.5441,-40.3688,-34.3523,-6.0166,30.513,-939.3261,2730.4285,3669.7545,0.0,47826.0235,-46533.3153,13.5182,13.9317,1.0306,0.0,30.513,class2_2026_04_27_16_00_33.csv,train,background,,4.407827031607341,hard
133.69,418,0.66933,-49.9,-33.7319,14.4964,-15.3681,-39.1967,23.8287,2.039,-2385.0991,86.2489,2471.3481,-2995.2994,2962.384,-43253.9201,4.1532,13.4427,3.2367,0.0,31.166,class2_2026_04_27_15_25_54.csv,train,background,,6.749498084516895,hard
171.34,536,0.857828,-19.944,-31.1778,13.2944,-40.7801,-39.5872,-1.1929,30.111,4329.8898,-844.9151,-5174.805,2833.8558,46952.9812,-47195.9279,12.9038,13.0124,1.0084,1.595,30.111,class2_2026_04_27_16_09_22.csv,train,background,,1.3059129128112832,random
151.558,474,0.758788,-20.517,-34.7572,13.6903,-41.5313,-35.7772,-5.7542,29.44,3802.8464,-3135.1413,-6937.9878,46144.2053,46144.2053,-46054.8621,11.9724,14.1467,1.1816,0.957,29.44,class2_2026_04_27_15_29_16.csv,train,background,,4.070059159501488,hard
136.562,427,0.683709,-27.835,-44.1507,10.9047,-30.2919,-39.2657,8.9738,6.0345,-3161.8693,1245.825,4407.6944,0.0,46300.8672,-34584.6442,14.0758,13.3766,0.9503,0.0,29.679,class2_2026_04_27_15_45_25.csv,train,background,,1.4815195259082912,random
136.243,426,0.682238,-22.751,-37.3518,14.0375,-24.4439,-42.4004,17.9566,2.3825,-4185.4569,2252.631,6438.0879,-45300.9451,45241.384,-45300.9451,11.576,12.1248,1.0474,0.0,28.902,class2_2026_04_27_15_25_18.csv,train,background,,6.192994883974136,hard
127.628,399,0.63898,-8.282,-11.2113,2.9448,-16.3716,-16.2384,-0.1332,8.8025,1178.0875,-3005.2889,-4183.3764,576.8025,9968.652,-2695.9248,2.297,4.799,2.0893,2.871,9.035,class2_2026_04_27_15_43_31.csv,train,connector,127.63,,positive
170.383,533,0.853037,-49.9,-30.7658,13.5679,-36.0302,-35.6758,-0.3544,18.79,-28.3455,-318.3271,-289.9816,-2377.7445,48213.1708,-2377.7445,13.9437,14.2392,1.0212,0.0,30.76,class2_2026_04_27_15_20_40.csv,train,background,,2.208875966596733,random
130.18,407,0.651757,-49.9,-36.2161,15.393,-27.3353,-36.7458,9.4105,6.725,1850.0436,1994.0806,144.037,-49277.4326,50615.9906,-49277.4326,14.7106,13.2558,0.9011,0.0,32.948,class3_2026_05_14_13_18_55.csv,train,background,,8.840232548289817,hard
161.768,506,0.809905,-27.958,-37.876,13.5885,-41.9685,-35.8116,-6.1569,29.327,60.817,-2335.4536,-2396.2706,0.0,44680.2555,-45967.0878,12.7961,14.1061,1.1024,0.638,29.327,class3_2026_05_14_12_56_13.csv,train,background,,3.8347845904313598,hard
133.052,416,0.666136,-21.585,-26.0973,12.8508,-11.9768,-37.4132,25.4364,3.414,-2674.9379,-1890.3006,784.6374,-1909.0909,-1909.0909,-44380.8824,4.2246,13.9823,3.3097,0.0,33.765,class1_2026_04_27_14_37_39.csv,train,break,132.41,,positive
127.628,399,0.63898,-8.429,-11.3613,2.9213,-16.6207,-15.9686,-0.6521,8.871,1184.5473,-2640.1149,-3824.6622,609.7179,9815.047,-2772.7273,2.3246,4.4978,1.9349,2.871,8.996,class2_2026_04_27_15_49_29.csv,train,connector,127.63,,positive
150.601,471,0.753997,-49.9,-37.1829,14.2513,-40.7214,-30.8118,-9.9096,17.675,610.6165,399.0822,-211.5343,-42304.0784,43029.6194,-46358.9373,12.9908,13.5465,1.0428,0.0,30.477,class1_2026_04_27_14_49_44.csv,train,background,,5.793688537350987,hard
145.815,456,0.730035,-23.691,-35.105,13.3678,-35.3718,-42.0778,6.7059,30.097,3412.2492,-293.3009,-3705.5501,-35379.315,47173.9859,-44478.058,13.1623,12.6862,0.9638,1.596,30.097,class3_2026_05_14_13_42_54.csv,train,background,,3.813954897900138,hard
155.068,485,0.776361,-20.247,-34.4419,13.9438,-28.2137,-44.0557,15.8421,20.5895,-207.6792,-2217.8316,-2010.1524,-7893.4201,46478.0596,-46478.0596,11.864,10.9556,0.9234,1.276,30.405,class1_2026_04_27_14_37_00.csv,train,background,,6.8320520487837095,hard
112.951,353,0.565499,-25.829,-37.9946,13.3883,-27.1248,-41.5508,14.426,5.727,-5636.756,-2963.8463,2672.9097,-235.8053,44401.2555,-46083.0737,12.4222,13.4682,1.0842,0.0,29.401,class3_2026_05_14_12_56_25.csv,train,background,,5.671356822694088,hard
188.57,590,0.944091,-20.365,-37.6833,13.7712,-40.9866,-34.1779,-6.8086,29.674,-1682.857,-525.3631,1157.4939,46510.9749,46510.9749,-46510.9749,12.6821,12.7421,1.0047,0.957,29.674,class2_2026_04_27_15_57_48.csv,train,background,,3.7188834466458265,hard
176.445,552,0.883387,-49.9,-44.1374,10.8285,-40.7591,-40.687,-0.0721,28.086,1439.8358,-23.279,-1463.1148,0.0,44021.9483,-37093.427,12.9924,13.0796,1.0067,0.0,28.086,class2_2026_04_27_16_03_33.csv,train,background,,-3.5700564288421957,random
184.741,578,0.924921,-19.429,-40.2649,13.6484,-39.6448,-34.3558,-5.2891,30.471,-4317.6223,940.9046,5258.5269,0.0,47760.1897,-47760.1897,13.1199,13.9563,1.0638,0.638,30.471,class2_2026_04_27_16_06_07.csv,train,background,,4.895380092586136,hard
156.025,488,0.781152,-22.657,-37.6658,13.7148,-40.8681,-34.8547,-6.0134,29.948,-2356.1676,-316.5632,2039.6045,42445.1442,42445.1442,-42700.6301,12.8223,13.6218,1.0623,0.957,29.948,class2_2026_04_27_15_31_49.csv,train,background,,3.7488279752087306,hard
132.733,415,0.664539,-20.078,-30.7947,13.5716,-16.7825,-34.322,17.5395,0.826,-4674.7127,-713.9545,3960.7581,478.058,46742.9514,-46742.9514,8.8831,13.969,1.5725,0.638,30.18,class2_2026_04_27_15_12_38.csv,train,background,,8.514878848064345,hard
151.558,474,0.758788,-21.002,-28.6586,11.5193,-42.0131,-29.7583,-12.2548,18.9715,3085.6038,355.6971,-2729.9067,-40404.3918,45075.2382,-40404.3918,12.7491,12.6114,0.9892,1.595,30.725,class3_2026_05_22_11_05_05.csv,train,background,,4.573794127684213,hard
128.904,403,0.645369,-14.173,-14.9599,2.1612,-14.2433,-29.8001,15.5568,4.541,556.0992,-5327.2234,-5883.3226,-5655.174,231.9749,-5655.174,1.1413,14.3383,12.5629,0.0,5.771,class3_2026_05_14_13_15_32.csv,train,break,129.54,,positive
174.531,546,0.873804,-49.9,-47.2853,7.3954,-35.9979,-37.3319,1.3339,23.532,-473.3922,2148.5889,2621.9811,-36884.0157,36884.0157,-36884.0157,14.0006,14.079,1.0056,0.0,23.532,class2_2026_04_27_15_40_35.csv,train,background,,-10.337520341189906,random
168.788,528,0.845051,-24.817,-35.1846,13.1862,-34.6567,-40.5999,5.9433,28.368,-356.1101,-4296.4496,-3940.3395,3710.0313,41416.931,-39315.0517,13.7026,13.1768,0.9616,1.276,28.368,class2_2026_04_27_15_35_57.csv,train,background,,1.1918037682729252,random
193.356,605,0.968053,-49.9,-37.5061,13.9685,-39.4129,-36.5847,-2.8282,30.923,2716.1606,3313.9866,597.826,-48468.6567,48468.6567,-48468.6567,13.2102,13.3805,1.0129,0.0,30.923,class2_2026_04_27_15_29_31.csv,train,background,,3.986386107977073,hard
134.009,419,0.670927,-23.263,-31.8629,12.9508,-17.5582,-33.2395,15.6813,0.312,-4316.9116,2001.5134,6318.4251,1503.1379,41750.7868,-45034.4875,8.7626,13.4238,1.5319,0.0,29.168,class2_2026_04_27_16_06_07.csv,train,background,,4.959530487461458,hard
132.414,414,0.662942,-21.242,-23.529,9.527,-13.8983,-34.5847,20.6864,3.035,-2748.0387,-3387.3998,-639.3611,4393.4201,4393.4201,-44918.4969,3.7612,13.756,3.6574,0.0,32.448,class2_2026_04_27_15_14_43.csv,train,break,131.78,,positive
166.235,520,0.832269,-19.49,-36.7913,14.6688,-40.8857,-35.8304,-5.0552,30.41,-1904.471,-671.7898,1232.6813,47040.7555,47040.7555,-47664.5799,12.7957,14.1319,1.1044,0.957,30.41,class2_2026_04_27_15_20_55.csv,train,background,,5.580103714669715,hard
132.095,413,0.661345,-21.121,-19.8996,3.9893,-12.692,-31.3159,18.6239,2.3035,-2479.1401,-8191.331,-5712.1909,-3526.6458,-1742.9467,-14336.9906,3.3732,13.3598,3.9606,0.0,14.046,class2_2026_04_27_16_07_58.csv,train,break,131.78,,positive
163.364,511,0.817896,-20.097,-34.3508,13.969,-35.0306,-43.5877,8.5571,29.803,4022.4518,-2841.952,-6864.4037,-1964.9915,45782.1348,-46713.1693,13.3932,11.8116,0.8819,1.596,29.803,class1_2026_04_27_14_46_48.csv,train,background,,3.9557370512611816,hard
191.442,599,0.95847,-49.9,-37.0861,14.3829,-34.5505,-39.1331,4.5826,30.415,-735.086,41.6452,776.7312,-47289.9718,47353.5352,-47289.9718,13.7887,13.5381,0.9818,0.0,30.415,class2_2026_04_27_15_41_42.csv,train,background,,4.654007983197563,hard
186.017,582,0.93131,-24.707,-34.6439,13.7058,-39.6226,-35.6351,-3.9875,29.832,-30.5094,1346.3614,1376.8708,246.7966,41962.3856,-39302.4615,12.9514,14.2935,1.1036,0.639,29.832,class2_2026_04_27_15_51_31.csv,train,background,,3.1435055850512765,random
178.679,559,0.894571,-49.9,-40.178,13.765,-41.9191,-33.2953,-8.6238,30.577,531.0002,3632.5113,3101.511,-0.0,47715.6694,-0.0,12.8817,13.2963,1.0322,0.0,30.577,class2_2026_04_27_15_25_04.csv,train,background,,6.157080811616699,hard
135.285,423,0.677316,-28.847,-35.2547,13.2665,-24.9428,-44.0365,19.0937,16.479,-5661.0707,162.7607,5823.8314,0.0,44722.5721,-41239.8135,13.6335,10.9859,0.8058,0.638,28.883,class2_2026_04_27_15_59_21.csv,train,background,,5.9913735479134065,hard
135.924,425,0.680515,-21.209,-30.9281,13.4516,-23.0811,-36.5363,13.4552,2.161,-2144.5144,-1010.3533,1134.1611,-44614.7036,44728.8417,-46738.2492,9.8591,13.4534,1.3646,0.0,29.819,class2_2026_04_27_15_46_27.csv,train,background,,5.430105366999287,hard
133.371,417,0.667733,-49.9,-34.0889,14.2463,-15.2159,-43.6268,28.4108,2.427,-2809.6323,-481.7409,2327.8914,-45600.3182,6731.9749,-48305.6473,4.7972,11.7735,2.4543,0.0,30.819,class2_2026_04_27_15_58_37.csv,train,background,,7.591056782896549,hard
193.994,607,0.971247,-20.026,-37.8291,13.6052,-37.792,-34.9421,-2.8499,18.631,636.1594,2004.5346,1368.3752,43465.5188,46824.4561,-46824.4561,13.5867,13.5159,0.9948,0.957,29.874,class2_2026_04_27_15_53_18.csv,train,background,,1.8112066213338995,random
