m,sample_idx,m_norm,db_at_event,local_mean_db,local_std_db,pre_mean_db,post_mean_db,loss_dB,peak_above_bg_dB,pre_slope_dB_per_km,post_slope_dB_per_km,slope_change_dB_per_km,derivative_at_event_dB_per_km,max_pre_derivative,min_post_derivative,pre_std_db,post_std_db,post_to_pre_std_ratio,peak_width_m,local_range_db,file,event_no_in_file,gt_m,label,expected_length_m
52.008,162,0.260382,-16.017,-15.8958,0.6916,-14.7227,-16.7169,1.9942,1.3185,-211.7335,-99.1636,112.5698,-597.1803,-597.1803,-1225.4603,0.3668,0.2481,0.6764,0.0,2.206,class2_2026_04_27_15_49_00.csv,0,52.01,bend,199.737
127.628,399,0.63898,-8.019,-10.8967,2.8616,-16.0361,-18.7596,2.7235,8.738,1129.9158,-4714.0064,-5843.9222,584.6395,9514.1066,-2719.4357,2.2706,11.6517,5.1315,2.871,8.864,class2_2026_04_27_15_49_00.csv,1,127.63,connector,199.737
131.457,411,0.65815,-18.552,-21.185,10.3823,-12.9442,-34.1072,21.163,3.8055,-1398.8124,-2781.1698,-1382.3573,-2746.0831,-2416.8922,-49134.7994,3.1828,14.1839,4.4565,0.0,35.712,class2_2026_04_27_15_49_00.csv,2,131.46,break,199.737
70.833,221,0.354631,-15.46,-15.4249,0.6814,-14.6638,-16.3373,1.6735,0.8735,-79.5138,-130.3055,-50.7917,-255.4859,92.4765,-1899.5678,0.1901,0.3783,1.9899,0.0,2.168,class2_2026_04_27_15_38_41.csv,0,70.83,bend,199.737
131.457,411,0.65815,-17.784,-17.8664,2.4445,-12.7153,-24.7743,12.0589,4.3745,-1420.7132,-1102.4015,318.3118,-3902.8197,-2932.6019,-3902.8197,3.0973,9.0366,2.9176,0.0,7.141,class2_2026_04_27_15_38_41.csv,1,131.46,break,199.737
127.628,399,0.63898,-7.833,-10.693,2.7717,-15.7957,-15.3486,-0.4471,8.699,1186.0781,-2842.6105,-4028.6886,634.7962,9432.6019,-2753.9185,2.2324,4.212,1.8868,2.871,8.516,class2_2026_04_27_15_38_41.csv,2,127.63,connector,199.737
115.822,362,0.579873,-16.498,-16.2404,0.609,-14.9882,-17.0119,2.0237,1.4125,-236.1367,-114.4877,121.649,-485.895,-485.895,-670.8495,0.4701,0.3394,0.722,0.0,1.986,class2_2026_04_27_15_19_23.csv,0,115.82,bend,199.737
131.457,411,0.65815,-17.596,-17.5957,2.0351,-12.9963,-24.1416,11.1453,3.679,-1352.9369,-2684.2524,-1331.3156,-3362.0705,-2322.0742,-3362.0705,3.1363,9.1565,2.9196,0.0,6.02,class2_2026_04_27_15_19_23.csv,1,131.46,break,199.737
127.628,399,0.63898,-8.128,-11.0392,2.9627,-16.2198,-15.3847,-0.8351,8.814,1152.7761,-2601.778,-3754.5541,653.605,9815.047,-2789.9687,2.2912,4.0444,1.7652,2.871,9.14,class2_2026_04_27_15_19_23.csv,2,127.63,connector,199.737
132.095,413,0.661345,-17.145,-17.2574,2.1374,-10.9243,-35.2124,24.2881,3.212,-2455.773,-5062.0861,-2606.3131,-2620.6881,-2244.5141,-47572.1034,3.3249,14.7158,4.426,0.0,6.105,class1_2026_04_27_14_46_27.csv,0,132.09,break,199.737
127.628,399,0.63898,-5.898,-8.7903,2.8875,-13.9533,-13.4549,-0.4984,8.902,1156.6403,-2634.4269,-3791.0672,609.7179,9626.9592,-2755.4859,2.2671,4.3708,1.9279,2.871,8.918,class1_2026_04_27_14_46_27.csv,1,127.63,connector,199.737
127.628,399,0.63898,-5.902,-8.8209,2.9396,-13.9658,-13.3902,-0.5757,8.874,1147.1171,-2689.3067,-3836.4238,611.2853,9697.1118,-2761.7555,2.2734,4.2548,1.8716,2.871,9.146,class1_2026_04_27_14_47_13.csv,0,127.63,connector,199.737
132.095,413,0.661345,-17.951,-17.1071,1.9484,-10.9467,-30.048,19.1013,3.407,-2460.0928,-4580.4301,-2120.3373,-2159.8715,-2159.8715,-3131.663,3.3452,13.081,3.9104,0.0,6.094,class1_2026_04_27_14_47_13.csv,1,132.09,break,199.737
17.868,55,0.089458,-14.709,-14.9679,0.4815,-14.4788,-17.2936,2.8148,0.6485,-37.9812,-1305.6492,-1267.6679,-1394.9843,4.7022,-1435.7367,0.1051,2.3825,22.6643,0.0,1.243,class2_2026_04_27_16_02_34.csv,0,17.87,bend,199.737
131.457,411,0.65815,-17.382,-17.9319,2.3705,-13.04,-28.5223,15.4823,3.458,-1391.0759,-3958.4905,-2567.4146,-5626.9592,-1884.8425,-5626.9592,3.0448,13.2883,4.3643,0.0,7.543,class2_2026_04_27_16_02_34.csv,1,131.46,break,199.737
127.947,400,0.640577,-8.6,-10.5283,1.9834,-15.5025,-17.8344,2.3319,8.459,1654.6012,-2645.7832,-4300.3843,-1982.7586,9427.8997,-3258.6207,2.7968,8.6145,3.0801,2.871,6.769,class2_2026_04_27_16_02_34.csv,2,127.95,connector,199.737
62.857,196,0.314699,-15.605,-15.4453,0.7261,-14.622,-16.4397,1.8177,1.005,-44.3094,-157.4234,-113.114,-815.047,-97.6859,-1021.9436,0.1688,0.3089,1.8302,0.0,1.909,class2_2026_04_27_15_53_51.csv,0,62.86,bend,199.737
127.628,399,0.63898,-7.936,-10.8106,2.8511,-15.9179,-15.6024,-0.3155,8.71,1094.7859,-2695.5862,-3790.3722,595.6113,9920.0627,-2780.5643,2.2408,4.456,1.9885,2.871,8.627,class2_2026_04_27_15_53_51.csv,1,127.63,connector,199.737
131.776,412,0.659748,-19.23,-18.6821,2.2353,-12.9162,-26.4189,13.5027,3.2735,-2116.8413,-2698.427,-581.5857,-3982.7586,-2338.2812,-4658.3072,3.2391,10.5875,3.2687,0.0,6.911,class2_2026_04_27_15_53_51.csv,2,131.78,break,199.737
48.499,151,0.242814,-15.691,-15.4248,0.7276,-14.6458,-16.4941,1.8483,1.017,-14.3081,-175.3053,-160.9972,-1046.1869,285.2665,-1046.1869,0.1482,0.3321,2.2405,0.0,1.843,class2_2026_04_27_15_46_57.csv,0,48.5,bend,199.737
131.457,411,0.65815,-17.519,-17.8316,2.3328,-12.9319,-30.8281,17.8962,3.795,-1435.5409,-2653.2361,-1217.6953,-2982.7586,-1843.3651,-4244.5141,3.1704,13.5723,4.281,0.0,7.615,class2_2026_04_27_15_46_57.csv,1,131.46,break,199.737
127.628,399,0.63898,-7.988,-10.9044,2.9255,-15.9974,-15.4738,-0.5237,8.6705,1147.3412,-2674.3448,-3821.686,584.6395,9717.3248,-2708.4639,2.2661,4.1955,1.8514,2.871,9.187,class2_2026_04_27_15_46_57.csv,2,127.63,connector,199.737
109.441,342,0.547926,-16.352,-15.8391,0.7986,-14.7989,-16.9049,2.106,0.9275,-89.9604,-156.9583,-66.9979,-503.1348,-65.1892,-2006.2696,0.2254,0.4131,1.8328,0.0,2.368,class2_2026_04_27_15_22_54.csv,0,109.44,bend,199.737
131.138,410,0.656553,-16.633,-16.7369,1.8905,-12.9927,-35.1169,22.1242,3.9775,-646.435,-8089.1785,-7442.7435,-1784.549,-1784.549,-2847.9655,3.2199,14.8591,4.6147,0.0,5.817,class2_2026_04_27_15_22_54.csv,1,131.14,break,199.737
127.628,399,0.63898,-8.024,-10.9418,2.9327,-16.0554,-15.5485,-0.5069,8.728,1180.813,-2524.1355,-3704.9485,521.9436,9805.6426,-2692.79,2.2833,4.4116,1.9321,2.871,9.07,class2_2026_04_27_15_22_54.csv,2,127.63,connector,199.737
127.628,399,0.63898,-5.943,-8.8526,2.9263,-13.9783,-13.5824,-0.3959,8.8475,1163.7257,-2702.2292,-3865.9549,573.6677,9640.9008,-2741.3793,2.2686,4.5122,1.989,2.871,9.097,class1_2026_04_27_14_37_39.csv,0,127.63,connector,199.737
132.414,414,0.662942,-19.387,-21.4482,10.2791,-11.0659,-35.6418,24.5759,3.2315,-2562.5442,-4528.6946,-1966.1504,-2606.5831,-2291.5361,-44380.8824,3.4643,14.2941,4.1262,0.0,35.227,class1_2026_04_27_14_37_39.csv,1,132.41,break,199.737
35.417,110,0.177318,-9.398,-11.4871,2.0165,-14.2605,-14.2608,0.0003,5.4385,387.656,-1801.8583,-2189.5143,2727.2727,6114.4201,-2446.7085,0.8819,2.6161,2.9664,2.233,5.482,class3_2026_04_27_16_17_30.csv,0,35.42,connector,199.737
37.969,118,0.190095,-14.285,-14.0284,1.5744,-12.7373,-16.7335,3.9962,3.431,681.2663,-462.6346,-1143.9009,-1601.8809,-1601.8809,-1893.4169,1.9941,0.7512,0.3767,0.0,4.677,class3_2026_04_27_16_17_30.csv,1,37.97,bend,199.737
130.818,409,0.654951,-17.019,-17.3558,2.6943,-13.7461,-36.9449,23.1988,4.619,16.9643,-4339.0509,-4356.0152,-3132.2462,-2062.6959,-46658.3103,3.1246,14.519,4.6467,0.0,8.638,class3_2026_04_27_16_17_30.csv,2,130.82,break,199.737
127.947,400,0.640577,-9.229,-11.1578,1.9576,-16.0607,-23.4987,7.438,8.274,1561.2761,-6955.8056,-8517.0817,-1993.7304,9289.9687,-3304.0752,2.766,14.5118,5.2465,2.871,6.672,class3_2026_04_27_16_17_30.csv,3,127.95,connector,199.737
47.86,149,0.239615,-15.168,-15.4619,0.7685,-14.6401,-16.6352,1.9952,0.941,-64.7754,-193.2085,-128.4331,-805.6426,512.5392,-1748.6842,0.1625,0.3768,2.3183,0.0,2.315,class2_2026_04_27_15_46_27.csv,0,47.86,bend,199.737
131.138,410,0.656553,-16.726,-17.3137,2.8352,-13.1185,-27.4653,14.3468,4.2755,-458.7497,-1161.8784,-703.1287,-2816.4116,-1963.9498,-5730.4075,3.2071,12.0738,3.7648,0.0,8.608,class2_2026_04_27_15_46_27.csv,1,131.14,break,199.737
127.628,399,0.63898,-8.16,-11.2161,3.174,-16.3683,-15.7406,-0.6277,8.7875,1151.8883,-2893.1563,-4045.0446,625.3918,10885.9779,-2753.9185,2.3296,4.4253,1.8996,2.871,9.929,class2_2026_04_27_15_46_27.csv,2,127.63,connector,199.737
100.826,315,0.504794,-17.814,-18.9876,3.4674,-12.9177,-36.1466,23.2289,3.9305,-1662.305,-7306.2616,-5643.9566,-3526.6458,-1036.0486,-10424.7665,2.7238,13.9173,5.1096,0.0,12.624,class3_2026_05_14_14_33_56.csv,0,100.83,break,199.737
96.997,303,0.485624,-8.493,-10.8574,1.9481,-14.0358,-16.3276,2.2918,6.1375,711.0644,-2638.9493,-3350.0138,249.2163,7098.7461,-2789.9687,1.4596,4.6974,3.2183,2.552,5.969,class3_2026_05_14_14_33_56.csv,1,97.0,connector,199.737
46.265,144,0.23163,-15.788,-15.8903,1.1597,-14.6711,-17.5999,2.9288,1.4635,-32.7037,-208.0705,-175.3668,-1572.1003,203.7618,-1764.8887,0.2067,0.5448,2.6351,0.0,3.296,class2_2026_04_27_15_46_14.csv,0,46.27,bend,199.737
127.628,399,0.63898,-9.066,-12.0173,2.9927,-17.2254,-18.0122,0.7868,8.862,1048.9317,-4774.6039,-5823.5357,586.2069,10214.956,-2777.4295,2.3435,8.6982,3.7116,2.871,9.488,class2_2026_04_27_15_46_14.csv,1,127.63,connector,199.737
131.457,411,0.65815,-18.456,-21.6596,10.1594,-14.0338,-32.9808,18.947,3.603,-1370.3453,-4139.6305,-2769.2853,-2231.9749,-1921.3206,-48694.3605,3.226,13.573,4.2073,0.0,34.726,class2_2026_04_27_15_46_14.csv,2,131.46,break,199.737
131.776,412,0.659748,-17.185,-16.5176,2.1079,-10.882,-24.5271,13.6451,3.0965,-2086.1546,-2169.0347,-82.8801,-2559.5627,-1870.4371,-3688.0862,3.1771,9.3102,2.9304,0.0,6.266,class1_2026_04_27_14_37_34.csv,0,131.78,break,199.737
127.628,399,0.63898,-5.95,-8.8183,2.8346,-13.9234,-13.5765,-0.3469,8.8095,1157.7781,-2659.7206,-3817.4987,597.1787,9498.4326,-2768.0251,2.2475,4.433,1.9724,2.871,8.764,class1_2026_04_27_14_37_34.csv,1,127.63,connector,199.737
34.14,106,0.170925,-14.724,-14.9187,0.4203,-14.5277,-15.9032,1.3755,0.304,-50.0362,-296.104,-246.0678,-283.6991,172.4138,-943.2135,0.1073,0.4574,4.2616,0.0,1.279,class2_2026_04_27_16_06_47.csv,0,34.14,bend,199.737
127.947,400,0.640577,-8.216,-10.1384,1.9805,-15.2297,-16.2456,1.0159,8.6395,1680.428,-2987.6278,-4668.0558,-2043.8871,9384.0125,-3224.1379,2.8492,4.3929,1.5418,2.871,6.759,class2_2026_04_27_16_06_47.csv,1,127.95,connector,199.737
131.457,411,0.65815,-17.612,-18.0264,2.9788,-12.6674,-29.6304,16.9631,3.41,-1401.0405,-4278.7377,-2877.6972,-2183.384,-2183.384,-7669.2821,3.0727,12.66,4.1201,0.0,8.915,class2_2026_04_27_16_06_47.csv,2,131.46,break,199.737
19.782,61,0.09904,-14.509,-15.115,0.8654,-14.4861,-18.7546,4.2686,0.38,-6.7302,387.9255,394.6557,-628.5266,405.9561,-2691.1744,0.0975,7.6818,78.7822,1.276,2.317,class2_2026_04_27_16_04_37.csv,0,19.78,bend,199.737
127.628,399,0.63898,-8.356,-11.1856,2.7935,-16.1216,-16.7794,0.6578,8.44,1158.0458,-2985.1692,-4143.215,531.348,9258.6207,-2728.8401,2.1936,5.7235,2.6092,2.871,8.694,class2_2026_04_27_16_04_37.csv,1,127.63,connector,199.737
130.818,409,0.654951,-16.508,-16.522,2.2113,-13.2259,-29.8898,16.6639,4.3515,72.7055,-3529.9934,-3602.6989,-3751.486,-2346.395,-9313.4781,3.0985,12.7324,4.1092,0.0,6.916,class2_2026_04_27_16_04_37.csv,2,130.82,break,199.737
131.776,412,0.659748,-16.815,-16.6371,2.2479,-10.8828,-28.8411,17.9583,3.396,-2101.015,-2879.3171,-778.3021,-3025.0784,-2379.9064,-47951.4154,3.2101,13.1365,4.0922,0.0,6.766,class1_2026_04_27_14_39_17.csv,0,131.78,break,199.737
127.628,399,0.63898,-5.933,-8.8182,2.8907,-13.9408,-15.2171,1.2763,8.8895,1141.544,-2715.61,-3857.154,565.8307,9590.117,-2731.9749,2.2685,9.3633,4.1276,2.871,9.028,class1_2026_04_27_14_39_17.csv,1,127.63,connector,199.737
42.755,133,0.214056,-15.356,-15.5357,0.7845,-14.6909,-16.7994,2.1086,0.835,-53.3059,-181.806,-128.5001,-1548.5893,131.6614,-1548.5893,0.1445,0.3564,2.4669,0.0,2.064,class2_2026_04_27_15_41_42.csv,0,42.76,bend,199.737
131.457,411,0.65815,-18.896,-18.2331,2.4438,-13.1926,-29.9191,16.7266,4.0025,-1342.3846,1046.1869,2388.5714,-5120.6897,-1660.2166,-45178.6865,3.0904,12.6262,4.0856,0.0,7.287,class2_2026_04_27_15_41_42.csv,1,131.46,break,199.737
127.628,399,0.63898,-8.323,-11.247,2.9232,-16.3628,-19.0434,2.6806,8.7455,1121.1246,-2757.6745,-3878.7992,647.3354,9574.6912,-2783.6991,2.2783,11.565,5.0761,2.871,9.109,class2_2026_04_27_15_41_42.csv,2,127.63,connector,199.737
66.366,207,0.332267,-10.792,-12.6312,1.2837,-14.3198,-21.0744,6.7547,3.9275,434.5106,-4331.5425,-4766.0531,-228.8401,4628.5266,-2954.5455,0.8922,10.7603,12.0609,1.915,3.893,class3_2026_05_14_13_10_59.csv,0,66.37,connector,199.737
68.6,214,0.343452,-16.521,-16.4656,2.1922,-13.7254,-31.9148,18.1893,3.7795,200.0032,-8421.9028,-8621.9059,-3039.185,-2153.605,-3039.185,1.4444,14.4232,9.9853,0.0,6.644,class3_2026_05_14_13_10_59.csv,1,68.6,break,199.737
133.052,416,0.666136,-19.774,-22.025,9.9666,-11.6674,-31.3219,19.6545,2.625,-2539.1521,-1271.1485,1268.0036,-2808.7774,-905.9545,-47974.9248,4.05,13.2554,3.2729,0.0,33.993,class3_2026_05_14_13_47_50.csv,0,133.05,break,199.737
68.919,215,0.345049,-15.707,-15.7782,1.6402,-13.2427,-18.8741,5.6314,3.013,107.2543,-374.3754,-481.6297,-2078.3683,-1421.6301,-2376.1755,1.7044,1.313,0.7704,0.0,4.936,class3_2026_05_14_13_47_50.csv,1,68.92,bend,199.737
35.736,111,0.178915,-10.863,-12.4121,1.1554,-14.1403,-13.8087,-0.3316,3.506,416.1325,-622.2957,-1038.4282,-289.9687,4357.3668,-1873.0408,0.8701,0.9467,1.088,2.233,3.615,class3_2026_05_14_13_47_50.csv,2,35.74,connector,199.737
66.366,207,0.332267,-9.907,-11.9507,1.5224,-14.1114,-16.1071,1.9957,4.669,540.0412,-2005.7648,-2545.806,-115.9875,5625.3918,-2633.2524,1.0913,2.8463,2.6081,2.234,4.589,class3_2026_05_14_13_47_50.csv,3,66.37,connector,199.737
127.628,399,0.63898,-5.733,-9.1213,3.9027,-18.3552,-13.1732,-5.1819,12.0015,2483.202,-2609.093,-5092.295,518.8088,15082.8911,-2783.6991,4.292,4.2203,0.9833,3.509,12.624,class3_2026_05_14_13_47_50.csv,4,127.63,connector,199.737
131.776,412,0.659748,-16.75,-16.3762,2.1565,-10.8171,-32.2039,21.3869,3.0835,-2060.0713,-6427.6656,-4367.5943,-2587.7743,-1904.8367,-3721.0,3.1678,14.3298,4.5236,0.0,6.69,class1_2026_04_27_14_47_43.csv,0,131.78,break,199.737
127.628,399,0.63898,-5.899,-8.7711,2.8531,-13.8958,-13.4823,-0.4135,8.799,1165.6704,-2616.7156,-3782.3861,630.094,9496.8652,-2791.5361,2.2483,4.4356,1.9728,2.871,8.823,class1_2026_04_27_14_47_43.csv,1,127.63,connector,199.737
79.767,249,0.39936,-15.344,-15.5046,0.7848,-14.7531,-16.5317,1.7786,1.029,16.9631,-120.1852,-137.1484,-1501.5674,286.8339,-1501.5674,0.133,0.2465,1.8528,0.0,2.273,class2_2026_04_27_15_36_21.csv,0,79.77,bend,199.737
131.457,411,0.65815,-17.744,-17.792,2.3636,-12.7918,-31.1509,18.3592,3.977,-1392.1969,-2612.5172,-1220.3203,-5600.3135,-2440.4389,-5600.3135,3.1342,13.4468,4.2904,0.0,6.895,class2_2026_04_27_15_36_21.csv,1,131.46,break,199.737
127.628,399,0.63898,-7.897,-10.7837,2.8864,-15.9843,-17.1064,1.1221,8.729,1242.331,-2812.3787,-4054.7097,694.3574,9634.7962,-2816.6144,2.2954,8.9786,3.9115,2.871,8.889,class2_2026_04_27_15_36_21.csv,2,127.63,connector,199.737
13.082,40,0.065496,-19.038,-19.0852,2.1132,-13.1443,-27.9705,14.8262,1.564,-2009.7412,-37.0703,1972.6709,-329.1552,288.4013,-7681.8166,3.6139,11.8537,3.28,0.0,7.289,class3_2026_05_14_14_33_25.csv,0,13.08,break,199.737
4.786,14,0.023962,-1.355,-3.4151,1.9728,-3.9888,-7.9007,3.9119,4.482,-200.9424,-2630.7111,-2429.7687,3139.4984,6905.9561,-2570.5329,2.3602,4.2753,1.8114,1.914,5.52,class3_2026_05_14_14_33_25.csv,1,4.79,connector,199.737
89.339,279,0.447283,-15.906,-15.5868,0.5145,-14.7565,-16.4936,1.7371,0.947,-127.4021,-250.0738,-122.6717,-504.7022,-482.7586,-699.0611,0.2397,0.3784,1.5783,0.0,1.645,class2_2026_04_27_15_31_49.csv,0,89.34,bend,199.737
127.628,399,0.63898,-7.936,-10.8086,2.8392,-15.9568,-15.5886,-0.3682,8.82,1194.8447,-2850.5926,-4045.4373,606.5831,9584.6395,-2793.1034,2.2571,4.4847,1.9869,2.871,8.733,class2_2026_04_27_15_31_49.csv,1,127.63,connector,199.737
131.776,412,0.659748,-18.286,-18.7679,2.5542,-12.8663,-33.1172,20.2509,3.043,-2099.4296,-6429.5204,-4330.0908,-2304.0752,-2098.112,-7407.5235,3.1692,13.5039,4.2609,0.0,7.706,class2_2026_04_27_15_31_49.csv,2,131.78,break,199.737
112.951,353,0.565499,-15.737,-15.7638,0.8766,-14.7903,-17.116,2.3257,1.1855,-53.6162,-192.5258,-138.9096,-1389.2137,1.5674,-1498.4342,0.1867,0.3744,2.006,0.0,2.313,class2_2026_04_27_15_20_26.csv,0,112.95,bend,199.737
131.776,412,0.659748,-18.861,-18.6264,1.8678,-13.319,-26.9235,13.6045,2.813,-2103.7641,-4060.9134,-1957.1493,-2573.6677,-2402.4647,-3021.942,3.2128,10.5594,3.2866,0.0,5.828,class2_2026_04_27_15_20_26.csv,1,131.78,break,199.737
127.947,400,0.640577,-8.74,-10.6938,2.0041,-15.8214,-16.5975,0.7761,8.6865,1653.3219,-2562.7285,-4216.0504,-1949.8433,9525.0784,-3189.6552,2.8697,4.169,1.4527,2.871,6.837,class2_2026_04_27_15_20_26.csv,2,127.95,connector,199.737
132.095,413,0.661345,-18.308,-20.611,10.5186,-10.9225,-26.8303,15.9078,3.1155,-2476.4813,-1610.8685,865.6127,-1572.1003,-1572.1003,-48065.8354,3.3475,10.6209,3.1728,0.0,35.93,class1_2026_04_27_14_48_32.csv,0,132.09,break,199.737
127.628,399,0.63898,-5.873,-8.7701,2.8841,-13.9058,-15.1294,1.2236,8.8875,1139.8956,-2693.4945,-3833.3901,611.2853,9663.0094,-2708.4639,2.2582,9.3685,4.1487,2.871,8.897,class1_2026_04_27_14_48_32.csv,1,127.63,connector,199.737
44.032,137,0.22045,-15.609,-15.6933,0.8808,-14.6367,-16.7654,2.1287,1.3285,-71.3353,-99.2006,-27.8652,-920.0627,-263.3229,-1343.2571,0.2419,0.3055,1.263,0.0,2.574,class2_2026_04_27_15_42_28.csv,0,44.03,bend,199.737
127.309,398,0.637383,-9.001,-11.7736,3.4105,-16.7231,-17.0062,0.2832,8.6935,575.102,-2702.8618,-3277.9638,4661.442,9874.6082,-2556.4263,1.4477,9.3884,6.4852,2.871,8.963,class2_2026_04_27_15_42_28.csv,1,127.31,connector,199.737
131.776,412,0.659748,-19.566,-22.8227,10.2057,-13.1381,-38.2152,25.0772,3.5305,-2065.9853,-5177.9196,-3111.9344,-4081.5047,-1455.7669,-46540.7539,3.1604,13.2064,4.1787,0.0,34.588,class2_2026_04_27_15_42_28.csv,2,131.78,break,199.737
44.67,139,0.223644,-15.711,-15.8637,0.8867,-14.7036,-16.9372,2.2336,1.3025,-82.5522,-63.6601,18.8921,-1774.2947,-283.1438,-1774.2947,0.233,0.2769,1.1887,0.0,2.283,class2_2026_04_27_15_43_11.csv,0,44.67,bend,199.737
131.457,411,0.65815,-17.861,-18.3396,2.4087,-13.3049,-30.5707,17.2658,3.1095,-1400.6236,-2687.1031,-1286.4795,-3087.7727,-1926.3599,-44145.7696,3.1304,13.7317,4.3866,0.0,7.041,class2_2026_04_27_15_43_11.csv,1,131.46,break,199.737
127.628,399,0.63898,-8.4,-11.2556,2.8054,-16.3702,-19.1232,2.7531,8.6895,1146.1387,-2781.3349,-3927.4736,594.0439,10017.2414,-2815.047,2.2465,11.5396,5.1366,2.871,8.394,class2_2026_04_27_15_43_11.csv,2,127.63,connector,199.737
64.452,201,0.322684,-15.315,-15.3697,0.5457,-14.6202,-16.2677,1.6475,0.911,-88.5535,-95.21,-6.6565,-642.6332,-64.2633,-927.8997,0.1831,0.2629,1.436,0.0,1.524,class2_2026_04_27_15_54_38.csv,0,64.45,bend,199.737
127.628,399,0.63898,-7.698,-10.6198,2.8988,-15.7674,-16.8808,1.1134,8.913,1115.96,-2571.6938,-3687.6538,608.1505,9628.5266,-2764.8903,2.2702,9.0574,3.9898,2.871,8.99,class2_2026_04_27_15_54_38.csv,1,127.63,connector,199.737
131.776,412,0.659748,-18.735,-21.1819,10.263,-12.6695,-30.9752,18.3057,2.6635,-2085.5925,-2640.8962,-555.3036,-1308.7759,-1308.7759,-47615.9906,3.1988,13.4925,4.218,0.0,34.889,class2_2026_04_27_15_54_38.csv,2,131.78,break,199.737
15.634,48,0.078273,-14.664,-14.8656,0.5708,-14.3012,-16.1492,1.8479,0.29,-48.718,-299.2373,-250.5193,-401.2539,-111.2853,-1491.2409,0.1204,0.5888,4.8911,0.0,1.626,class2_2026_04_27_16_02_47.csv,0,15.63,bend,199.737
127.628,399,0.63898,-8.061,-10.9958,2.9676,-16.0117,-15.4378,-0.5738,8.731,1119.4349,-2675.5059,-3794.9408,556.4263,10028.8172,-2774.2947,2.2509,4.0944,1.819,2.871,9.33,class2_2026_04_27_16_02_47.csv,1,127.63,connector,199.737
131.457,411,0.65815,-18.246,-17.6633,2.0893,-12.9906,-31.8508,18.8603,3.585,-1425.4178,-5942.7884,-4517.3706,-2061.1301,-2061.1301,-4539.1834,3.1614,14.4277,4.5637,0.0,6.969,class2_2026_04_27_16_02_47.csv,2,131.46,break,199.737
103.059,322,0.515974,-16.302,-15.942,0.8691,-14.7998,-17.193,2.3932,1.593,-116.1576,-225.4035,-109.246,-263.3229,-263.3229,-1180.2508,0.3227,0.3996,1.2383,0.0,2.781,class2_2026_04_27_15_26_28.csv,0,103.06,bend,199.737
127.628,399,0.63898,-8.324,-11.1832,2.8521,-16.3727,-17.3987,1.026,8.6915,1201.0274,-2925.9748,-4127.0022,710.0313,9967.0846,-2789.9687,2.2811,8.9137,3.9076,2.871,8.579,class2_2026_04_27_15_26_28.csv,1,127.63,connector,199.737
131.138,410,0.656553,-17.247,-17.5436,2.9524,-13.2179,-28.8979,15.68,4.0965,-612.9906,-6256.0226,-5643.032,-2759.1556,-1934.1693,-8485.8918,3.1511,13.119,4.1633,0.0,10.386,class2_2026_04_27_15_26_28.csv,2,131.14,break,199.737
56.794,177,0.284344,-15.279,-15.3933,0.7404,-14.6336,-16.6686,2.0349,0.817,-9.4963,-183.9166,-174.4203,-1570.5329,86.2069,-1570.5329,0.1285,0.3826,2.9779,0.0,1.915,class2_2026_04_27_15_49_56.csv,0,56.79,bend,199.737
127.628,399,0.63898,-8.115,-11.0293,2.9081,-16.1134,-15.2814,-0.832,8.7455,1186.5836,-2637.2694,-3823.853,636.3636,9564.2633,-2821.3166,2.2626,3.8172,1.6871,2.871,9.042,class2_2026_04_27_15_49_56.csv,1,127.63,connector,199.737
131.138,410,0.656553,-17.01,-17.0158,2.1287,-13.0173,-30.0493,17.0319,3.8485,-619.6259,-5327.7659,-4708.14,-2295.8404,-2054.8589,-3456.1129,3.1138,14.0895,4.5249,0.0,6.155,class2_2026_04_27_15_49_56.csv,2,131.14,break,199.737
89.02,278,0.445686,-16.448,-16.294,0.9784,-14.8689,-17.6401,2.7711,1.567,-179.0586,-223.4418,-44.3832,-1250.7853,-863.6364,-1886.6067,0.3699,0.5317,1.4375,0.0,3.23,class2_2026_04_27_15_31_02.csv,0,89.02,bend,199.737
131.138,410,0.656553,-17.53,-18.0317,2.8067,-13.6827,-32.5782,18.8955,3.79,-632.1338,-4455.8307,-3823.6968,-2565.7464,-2118.3388,-46090.9138,3.0273,13.8733,4.5827,0.0,9.513,class2_2026_04_27_15_31_02.csv,1,131.14,break,199.737
127.628,399,0.63898,-8.87,-11.7114,2.7563,-16.8146,-18.0048,1.1903,8.4415,1220.6029,-2883.735,-4104.3379,623.8245,9927.8997,-2706.8966,2.2765,8.7969,3.8642,2.871,8.201,class2_2026_04_27_15_31_02.csv,2,127.63,connector,199.737
16.911,52,0.084666,-14.588,-14.5997,0.2286,-14.3984,-15.9988,1.6003,0.228,-31.3396,-605.7691,-574.4295,-203.7618,297.6839,-956.1129,0.1055,1.2795,12.1294,0.0,0.788,class2_2026_04_27_16_02_21.csv,0,16.91,bend,199.737
127.947,400,0.640577,-8.104,-9.9768,1.9333,-15.0532,-19.6195,4.5663,8.5935,1595.2124,-2716.6891,-4311.9016,-1995.2978,9458.083,-3277.4295,2.8328,11.7037,4.1316,2.871,6.627,class2_2026_04_27_16_02_21.csv,1,127.95,connector,199.737
131.776,412,0.659748,-18.797,-21.5433,10.2096,-12.6418,-34.9981,22.3562,3.2525,-2118.2303,-905.5018,1212.7285,-4007.8386,-2452.1538,-48822.8887,3.2152,13.5469,4.2133,0.0,34.999,class2_2026_04_27_16_02_21.csv,2,131.78,break,199.737
100.188,313,0.5016,-17.614,-20.8728,10.3899,-13.6688,-33.7417,20.0728,2.718,-539.1832,-3530.0401,-2990.8568,-1366.7712,-1366.7712,-48227.2743,2.2051,14.5039,6.5773,0.0,35.161,class3_2026_05_22_11_10_02.csv,0,100.19,break,199.737
35.417,110,0.177318,-7.273,-9.9031,2.841,-14.0697,-12.0605,-2.0092,7.516,609.4514,-1832.5218,-2441.9732,3133.2288,8751.8582,-2412.2257,1.3801,2.6271,1.9035,2.552,7.639,class3_2026_05_22_11_10_02.csv,1,35.42,connector,199.737
66.047,206,0.33067,-8.095,-10.5887,2.8222,-14.6562,-12.4697,-2.1865,7.394,534.3731,-1734.7735,-2269.1466,3733.5423,8109.7179,-2438.8848,1.2326,2.5174,2.0423,2.553,7.548,class3_2026_05_22_11_10_02.csv,2,66.05,connector,199.737
96.678,302,0.484026,-10.212,-12.3082,2.156,-15.0617,-19.3399,4.2782,5.6075,290.3495,-4775.5802,-5065.9296,3551.7241,7010.9718,-2753.9185,0.7716,11.3061,14.6529,2.233,5.741,class3_2026_05_22_11_10_02.csv,3,96.68,connector,199.737
74.024,231,0.370607,-14.942,-15.2107,0.1682,-14.4229,-15.3639,0.9411,0.2445,-303.9113,-17.8524,286.0588,-479.6238,695.9248,-509.4044,0.9899,0.1483,0.1498,0.638,0.526,class3_2026_05_22_11_10_02.csv,4,74.02,bend,199.737
83.915,262,0.420127,-15.76,-15.7269,0.8291,-14.7411,-16.7915,2.0504,1.267,-20.0046,-114.0732,-94.0686,-1316.616,-158.3072,-1468.6536,0.2255,0.3662,1.6241,0.0,2.238,class2_2026_04_27_15_35_21.csv,0,83.92,bend,199.737
127.947,400,0.640577,-8.479,-10.4214,2.0092,-15.5624,-18.1321,2.5697,8.7295,1636.4906,-2598.416,-4234.9067,-2018.8088,9595.6113,-3186.5204,2.8785,8.8582,3.0773,2.871,6.876,class2_2026_04_27_15_35_21.csv,1,127.95,connector,199.737
131.457,411,0.65815,-18.349,-17.8533,2.0268,-12.9704,-29.9224,16.9521,4.053,-1441.3752,-4595.9899,-3154.6147,-3548.5893,-2583.1397,-10443.5752,3.1033,12.6266,4.0688,0.0,6.27,class2_2026_04_27_15_35_21.csv,2,131.46,break,199.737
34.14,106,0.170925,-14.497,-14.7289,0.2911,-14.4497,-16.1561,1.7064,0.3375,-76.2322,-447.1593,-370.9271,-70.5329,313.4796,-982.2541,0.1648,0.7148,4.3372,2.234,0.721,class2_2026_04_27_16_10_58.csv,0,34.14,bend,199.737
127.628,399,0.63898,-8.12,-11.0284,2.9248,-16.1108,-16.9793,0.8686,8.637,1112.8549,-2504.4182,-3617.2732,551.7241,9746.0815,-2835.4232,2.2699,8.8214,3.8863,2.871,9.051,class2_2026_04_27_16_10_58.csv,1,127.63,connector,199.737
131.776,412,0.659748,-19.203,-21.4058,10.1918,-13.0093,-30.8098,17.8005,3.009,-2039.8843,-3903.3929,-1863.5086,-2031.3464,-1959.7692,-48490.6003,3.1281,13.5685,4.3377,0.0,34.644,class2_2026_04_27_16_10_58.csv,2,131.78,break,199.737
86.468,270,0.432909,-15.492,-15.5907,1.1267,-14.5892,-18.0003,3.4112,1.58,14.6511,-580.2685,-594.9196,-2017.2414,941.1612,-2017.2414,0.199,0.8503,4.2721,0.0,3.26,class2_2026_04_27_15_33_39.csv,0,86.47,bend,199.737
131.138,410,0.656553,-18.301,-19.3641,3.0789,-14.6841,-31.7034,17.0194,4.07,-547.2077,-4470.9989,-3923.7912,-3021.5052,-2114.4201,-6741.3762,3.2549,13.0004,3.994,0.0,8.905,class2_2026_04_27_15_33_39.csv,1,131.14,break,199.737
127.947,400,0.640577,-10.062,-12.0507,2.1346,-17.289,-19.6545,2.3655,8.661,1657.3236,-3024.236,-4681.5596,-2014.1066,10300.942,-3195.9248,2.9678,8.4639,2.8519,2.871,7.389,class2_2026_04_27_15_33_39.csv,2,127.95,connector,199.737
78.172,244,0.391375,-15.456,-15.3319,0.6393,-14.6693,-16.0824,1.4131,0.7835,-27.4055,-43.8813,-16.4758,-860.5016,263.3229,-1264.8903,0.1163,0.2726,2.3452,0.0,1.865,class2_2026_04_27_15_36_45.csv,0,78.17,bend,199.737
127.628,399,0.63898,-7.355,-10.2413,2.8579,-15.4125,-14.882,-0.5305,8.801,1182.0096,-2561.2802,-3743.2899,615.9875,9755.4859,-2738.2445,2.2698,4.3351,1.9099,2.871,8.74,class2_2026_04_27_15_36_45.csv,1,127.63,connector,199.737
131.138,410,0.656553,-15.88,-16.0707,2.0282,-12.2793,-25.8181,13.5388,4.291,-608.7992,-3794.6054,-3185.8062,-3662.4404,-2020.3762,-5145.7665,3.1599,10.9629,3.4693,0.0,5.898,class2_2026_04_27_15_36_45.csv,2,131.14,break,199.737
64.133,200,0.321087,-15.316,-15.3241,0.4531,-14.6814,-15.9988,1.3174,0.7415,-92.4493,-135.8746,-43.4254,261.7555,261.7555,-877.7429,0.2197,0.3007,1.3683,0.0,1.298,class2_2026_04_27_15_54_27.csv,0,64.13,bend,199.737
131.457,411,0.65815,-17.654,-20.6609,10.5348,-12.4008,-27.4847,15.0839,3.99,-1406.3064,1196.375,2602.6813,-4761.7555,-2680.1006,-48887.152,3.1156,12.06,3.8708,0.0,36.284,class2_2026_04_27_15_54_27.csv,1,131.46,break,199.737
127.628,399,0.63898,-7.522,-10.4121,2.8839,-15.4601,-18.2669,2.8068,8.702,1150.6219,-2750.0399,-3900.6618,586.2069,9479.6238,-2735.1097,2.238,11.7846,5.2657,2.871,8.98,class2_2026_04_27_15_54_27.csv,2,127.63,connector,199.737
66.685,208,0.333864,-9.506,-11.0511,1.5106,-13.7567,-18.4741,4.7174,5.618,1031.3663,-4713.8374,-5745.2038,-2343.4888,6485.8934,-3191.2226,1.7839,8.3588,4.6857,2.234,4.622,class3_2026_05_14_13_21_46.csv,0,66.68,connector,199.737
70.195,219,0.351437,-18.247,-21.682,10.1199,-13.2334,-28.3897,15.1562,3.126,-1680.2276,-1628.4438,51.7838,-1992.1661,-1992.1661,-48241.0175,2.6143,11.7594,4.4981,0.0,34.483,class3_2026_05_14_13_21_46.csv,1,70.19,break,199.737
45.308,141,0.226838,-15.728,-15.6333,0.9844,-14.6021,-17.4623,2.8602,1.5865,-39.6933,-271.9944,-232.3011,-1349.5313,363.6364,-1349.5313,0.2374,0.532,2.2406,0.0,2.682,class2_2026_04_27_15_44_43.csv,0,45.31,bend,199.737
127.947,400,0.640577,-9.384,-11.3634,2.0817,-16.7723,-20.1891,3.4167,9.0355,1762.0115,-4755.8851,-6517.8966,-2043.8871,10021.9451,-3061.1285,3.0141,11.1047,3.6843,2.871,7.17,class2_2026_04_27_15_44_43.csv,1,127.95,connector,199.737
131.776,412,0.659748,-18.815,-22.6054,9.8918,-13.9386,-29.4667,15.5282,2.5495,-2045.8931,-2692.1149,-646.2218,-3926.3339,-716.7705,-46343.2633,3.1596,12.7191,4.0255,0.0,33.488,class2_2026_04_27_15_44_43.csv,2,131.78,break,199.737
25.845,80,0.129395,-14.314,-14.5688,0.3477,-14.6821,-15.6903,1.0082,0.996,241.6752,-308.9481,-550.6233,-227.2727,319.7108,-810.3448,0.4438,0.4902,1.1045,2.872,1.156,class2_2026_04_27_16_06_59.csv,0,25.84,bend,199.737
131.776,412,0.659748,-18.23,-18.3767,2.1424,-12.8372,-33.2188,20.3816,3.158,-2079.9621,-5914.675,-3834.7129,-2746.0831,-2012.5408,-4992.1646,3.1614,13.6022,4.3027,0.0,6.251,class2_2026_04_27_16_06_59.csv,1,131.78,break,199.737
127.309,398,0.637383,-8.689,-11.4456,3.3813,-16.2186,-14.6433,-1.5752,8.53,600.884,-2584.1747,-3185.0587,4623.8245,9556.1861,-2606.5831,1.3867,4.3001,3.101,2.871,9.051,class2_2026_04_27_16_06_59.csv,2,127.31,connector,199.737
131.776,412,0.659748,-16.768,-16.2744,1.9674,-10.8048,-27.848,17.0432,3.421,-2064.7532,-5516.2399,-3451.4867,-3460.815,-2084.8993,-3808.779,3.1717,12.0362,3.7949,0.0,6.036,class1_2026_04_27_14_49_15.csv,0,131.78,break,199.737
127.628,399,0.63898,-5.866,-8.7876,2.9072,-13.9236,-13.3675,-0.5561,8.9005,1175.1221,-2671.8446,-3846.9667,606.5831,9724.1379,-2769.5925,2.2583,4.2712,1.8913,2.871,8.978,class1_2026_04_27_14_49_15.csv,1,127.63,connector,199.737
20.74,64,0.103837,-14.835,-15.5519,1.4834,-14.4424,-16.7863,2.3439,0.581,3.7126,209.4953,205.7827,-1376.3259,208.4639,-4587.7759,0.0876,1.0603,12.1037,0.0,3.917,class2_2026_04_27_16_05_53.csv,0,20.74,bend,199.737
127.309,398,0.637383,-9.315,-11.9952,3.253,-16.6979,-15.4637,-1.2342,8.399,596.8105,-2577.4077,-3174.2182,4576.8025,9238.2445,-2702.1944,1.3593,4.6622,3.4297,2.871,8.469,class2_2026_04_27_16_05_53.csv,1,127.31,connector,199.737
131.457,411,0.65815,-18.783,-18.7457,3.1396,-13.3923,-31.4022,18.0098,2.73,-1462.0718,-2186.3937,-724.3219,-354.2304,-354.2304,-13137.931,3.0616,13.2297,4.3211,0.0,11.225,class2_2026_04_27_16_05_53.csv,2,131.46,break,199.737
88.063,275,0.440895,-15.603,-15.6508,0.715,-14.7039,-16.7007,1.9968,1.0735,-69.5893,-139.7072,-70.1179,-1205.3307,-336.9906,-1291.5361,0.2115,0.2831,1.3389,0.0,1.798,class2_2026_04_27_15_32_35.csv,0,88.06,bend,199.737
131.138,410,0.656553,-17.259,-16.6986,1.7755,-13.1127,-29.2039,16.0912,3.939,-587.1677,-7620.3258,-7033.1582,-2089.7102,-2089.7102,-3368.3401,3.1559,13.0879,4.1471,0.0,5.268,class2_2026_04_27_15_32_35.csv,1,131.14,break,199.737
127.628,399,0.63898,-8.216,-11.1118,2.9324,-16.1597,-15.5601,-0.5996,8.7185,1076.445,-2430.889,-3507.334,652.0376,9837.9306,-2716.3009,2.2664,4.1733,1.8414,2.871,9.197,class2_2026_04_27_15_32_35.csv,2,127.63,connector,199.737
108.165,338,0.541537,-15.678,-15.5153,0.5548,-14.7961,-16.5136,1.7175,0.9825,-67.8919,-198.017,-130.1251,-618.3474,-114.4201,-618.3474,0.1937,0.3245,1.6749,0.0,1.457,class2_2026_04_27_15_23_51.csv,0,108.16,bend,199.737
131.138,410,0.656553,-16.57,-16.5292,2.224,-12.5914,-30.4352,17.8438,3.6485,-633.4301,-8020.0885,-7386.6584,-1335.6861,-1335.6861,-5605.0157,3.1239,13.9592,4.4686,0.0,7.292,class2_2026_04_27_15_23_51.csv,1,131.14,break,199.737
127.947,400,0.640577,-8.082,-10.0364,2.0369,-15.2442,-15.7036,0.4593,8.8065,1700.3277,-2618.0811,-4318.4088,-1978.0564,9721.0031,-3211.5987,2.9026,3.8818,1.3373,2.871,6.99,class2_2026_04_27_15_23_51.csv,2,127.95,connector,199.737
129.542,405,0.648563,-16.917,-19.7596,10.7979,-14.1277,-38.2519,24.1243,3.182,229.5654,-5448.1398,-5677.7053,-3731.9749,-2271.1599,-51382.4483,1.071,14.6539,13.6825,0.0,36.766,class3_2026_05_14_13_18_12.csv,0,129.54,break,199.737
35.417,110,0.177318,-13.246,-13.8929,0.5503,-14.437,-14.2947,-0.1423,1.406,27.9555,-284.1486,-312.1041,1299.373,1902.8213,-1084.6395,0.1766,0.4499,2.5483,1.595,1.734,class3_2026_05_14_13_18_12.csv,1,35.42,connector,199.737
127.628,399,0.63898,-11.464,-13.4254,1.1148,-14.556,-29.6192,15.0632,3.3625,306.8081,-9389.7751,-9696.5832,-123.8245,3752.3511,-2670.8464,0.6193,16.3568,26.4122,1.595,3.198,class3_2026_05_14_13_18_12.csv,2,127.63,connector,199.737
127.628,399,0.63898,-5.894,-8.8039,2.9196,-13.8963,-13.4768,-0.4195,8.7755,1146.3469,-2691.9776,-3838.3245,663.0094,9586.2069,-2752.3511,2.242,4.3987,1.962,2.871,9.064,class1_2026_04_27_14_49_51.csv,0,127.63,connector,199.737
131.776,412,0.659748,-16.481,-16.4566,2.1929,-10.8228,-27.7931,16.9703,3.351,-2064.0923,-981.5738,1082.5185,-3445.1395,-2258.2025,-3445.1395,3.1758,12.0216,3.7853,0.0,6.415,class1_2026_04_27_14_49_51.csv,1,131.78,break,199.737
57.752,180,0.28914,-16.119,-15.9294,0.8517,-14.7212,-16.9601,2.2389,0.9245,-126.6682,-128.2488,-1.5807,-1146.348,-269.5925,-2072.0972,0.2442,0.4003,1.6392,0.0,2.612,class2_2026_04_27_15_50_53.csv,0,57.75,bend,199.737
131.138,410,0.656553,-16.999,-17.092,1.9861,-13.3551,-29.6177,16.2626,3.7225,-617.3198,-3616.8791,-2999.5594,-1707.877,-1707.877,-3042.3197,3.1446,12.9136,4.1066,0.0,5.716,class2_2026_04_27_15_50_53.csv,1,131.14,break,199.737
127.947,400,0.640577,-8.811,-10.7862,2.0663,-16.0219,-17.894,1.8721,8.8145,1677.713,-2417.867,-4095.58,-2001.5674,9935.7367,-3311.9122,2.9245,8.521,2.9137,2.871,7.082,class2_2026_04_27_15_50_53.csv,2,127.95,connector,199.737
127.628,399,0.63898,-5.928,-8.8228,2.8793,-13.9548,-13.5408,-0.4139,8.8695,1172.5073,-2657.7555,-3830.2629,579.9373,9697.4922,-2778.9969,2.2612,4.4189,1.9542,2.871,8.873,class1_2026_04_27_14_39_34.csv,0,127.63,connector,199.737
132.095,413,0.661345,-17.441,-17.363,2.2386,-10.9873,-26.1512,15.1638,3.5145,-2489.2226,-3010.9551,-521.7325,-1484.3276,-1484.3276,-4600.3119,3.3628,11.1421,3.3133,0.0,6.923,class1_2026_04_27_14_39_34.csv,1,132.09,break,199.737
132.095,413,0.661345,-16.844,-17.1362,2.0959,-10.9393,-30.6959,19.7567,3.42,-2472.5063,-5387.5232,-2915.0169,-1670.8464,-1670.8464,-2888.7147,3.3475,13.738,4.1039,0.0,6.503,class1_2026_04_27_14_46_41.csv,0,132.09,break,199.737
127.628,399,0.63898,-5.884,-8.7946,2.8987,-13.9274,-13.4038,-0.5236,8.8405,1144.7744,-2613.5386,-3758.3129,606.5831,9661.442,-2742.9467,2.2591,4.3046,1.9055,2.871,8.962,class1_2026_04_27_14_46_41.csv,1,127.63,connector,199.737
93.806,293,0.469648,-15.919,-15.8459,0.5973,-14.9025,-16.7421,1.8396,1.232,-137.9304,-144.4459,-6.5155,-951.4122,-575.2351,-951.4122,0.2699,0.3797,1.4066,0.0,1.727,class2_2026_04_27_15_29_16.csv,0,93.81,bend,199.737
131.776,412,0.659748,-19.449,-19.4677,2.9979,-12.9413,-29.4503,16.5091,3.861,-2120.8148,-1812.6704,308.1445,-9388.7147,-2314.5017,-9388.7147,3.2225,12.7263,3.9492,0.0,8.868,class2_2026_04_27_15_29_16.csv,1,131.78,break,199.737
127.947,400,0.640577,-8.353,-10.3257,2.0464,-15.5253,-18.2528,2.7274,8.674,1683.4634,-3118.3391,-4801.8025,-1987.4608,9774.2947,-3233.5423,2.9131,8.8856,3.0502,2.871,6.998,class2_2026_04_27_15_29_16.csv,2,127.95,connector,199.737
85.83,268,0.429715,-15.55,-15.7594,0.8816,-14.6708,-16.9526,2.2817,1.258,-85.1179,-54.5102,30.6078,-1357.3668,-120.6897,-1559.5611,0.2045,0.3848,1.8819,0.0,2.584,class2_2026_04_27_15_32_04.csv,0,85.83,bend,199.737
131.138,410,0.656553,-17.359,-17.2681,2.1721,-13.3404,-26.4371,13.0967,4.138,-594.5059,-5912.8707,-5318.3648,-2939.5415,-2020.3762,-3531.348,3.1602,10.7611,3.4052,0.0,7.085,class2_2026_04_27_15_32_04.csv,1,131.14,break,199.737
127.628,399,0.63898,-8.418,-11.3366,2.9435,-16.5216,-15.9447,-0.5769,8.864,1214.873,-2638.2191,-3853.0921,579.9373,9977.4661,-2713.1661,2.3134,4.4241,1.9124,2.871,9.367,class2_2026_04_27_15_32_04.csv,2,127.63,connector,199.737
107.526,336,0.538338,-17.61,-18.2328,0.9746,-14.7651,-29.3494,14.5843,1.234,-1243.9152,-4597.6438,-3353.7286,-299.373,-299.373,-3262.2704,2.3836,12.9882,5.449,0.0,3.073,class3_2026_05_14_12_56_25.csv,0,107.53,break,199.737
97.954,306,0.490415,-0.156,-1.1801,1.5274,-10.2364,-8.0456,-2.1908,10.193,4336.622,-2535.4092,-6872.0311,0.0,1045.4545,-6564.1374,6.577,4.1138,0.6255,4.148,4.194,class3_2026_05_14_12_56_25.csv,1,97.95,connector,199.737
61.261,191,0.306708,-14.952,-15.0847,0.5665,-14.6177,-16.3357,1.7181,0.698,28.5775,-238.9466,-267.5241,-1426.3323,336.9906,-1426.3323,0.1243,0.4143,3.3336,0.0,1.542,class2_2026_04_27_15_53_18.csv,0,61.26,bend,199.737
131.776,412,0.659748,-19.438,-18.7322,2.438,-12.7141,-28.5833,15.8692,3.59,-2096.6599,-2248.9777,-152.3178,-4794.6708,-2185.8498,-4794.6708,3.2064,11.5173,3.592,0.0,6.887,class2_2026_04_27_15_53_18.csv,1,131.78,break,199.737
127.947,400,0.640577,-8.168,-10.0967,2.028,-15.3634,-17.8676,2.5042,9.0285,1650.1616,-2832.3211,-4482.4827,-2003.1348,9689.6552,-3181.8182,2.9332,8.8492,3.0169,2.871,6.971,class2_2026_04_27_15_53_18.csv,2,127.95,connector,199.737
37.331,116,0.186901,-13.154,-13.1968,2.2764,-12.8827,-27.5815,14.6988,4.97,1161.6427,-7748.3552,-8909.9978,-3028.2132,-2351.0972,-3476.489,2.0456,14.0382,6.8626,0.0,7.216,class3_2026_04_27_16_18_11.csv,0,37.33,break,199.737
35.736,111,0.178915,-9.097,-11.2382,1.713,-13.9601,-23.1674,9.2073,5.4685,751.9961,-4720.6787,-5472.6747,-547.0219,6076.8025,-2710.0313,1.4133,14.6601,10.373,2.233,5.412,class3_2026_04_27_16_18_11.csv,1,35.74,connector,199.737
127.628,399,0.63898,-5.927,-8.782,2.8017,-13.9444,-13.6022,-0.3423,8.8495,1167.2388,-2639.2294,-3806.4682,568.9655,9456.1129,-2703.7618,2.2698,4.5613,2.0096,2.871,8.648,class1_2026_04_27_14_39_22.csv,0,127.63,connector,199.737
131.776,412,0.659748,-16.741,-16.7067,2.7064,-10.8579,-27.2803,16.4224,3.262,-2083.1452,-3973.8748,-1890.7295,-4048.5893,-2113.9918,-8542.3197,3.1727,12.2253,3.8532,0.0,9.665,class1_2026_04_27_14_39_22.csv,1,131.78,break,199.737
96.678,302,0.484026,-8.964,-11.1421,2.3429,-14.3101,-15.3161,1.006,6.2095,359.9859,-2595.7338,-2955.7196,3874.6082,7639.4984,-2396.5517,0.8645,4.6018,5.3229,2.552,6.203,class3_2026_05_14_14_34_08.csv,0,96.68,connector,199.737
101.145,316,0.506391,-18.512,-19.1601,2.8872,-12.9376,-35.8979,22.9603,3.034,-2102.6377,-5290.4715,-3187.8338,-4626.9577,-1822.884,-46879.315,2.8442,14.0672,4.9459,0.0,10.091,class3_2026_05_14_14_34_08.csv,1,101.14,break,199.737
11.486,35,0.057506,-14.309,-14.7421,0.6736,-13.1652,-16.5166,3.3514,0.561,-429.0558,-383.4249,45.6308,-1362.7678,349.5298,-1620.6897,1.1885,0.7454,0.6272,11.487,1.999,class2_2026_04_27_16_01_24.csv,0,11.49,bend,199.737
127.628,399,0.63898,-8.726,-11.6087,2.9015,-16.4332,-21.1411,4.7079,8.282,1087.3985,-2993.0195,-4080.418,592.4765,9615.3718,-2697.4922,2.169,13.4488,6.2005,2.871,9.042,class2_2026_04_27_16_01_24.csv,1,127.63,connector,199.737
131.776,412,0.659748,-19.336,-26.0051,13.0281,-13.638,-33.3736,19.7356,2.951,-2100.2018,-1492.3574,607.8443,-11108.1505,-2315.0486,-45681.8229,3.1709,13.251,4.1789,0.0,33.628,class2_2026_04_27_16_01_24.csv,2,131.78,break,199.737
105.931,331,0.530451,-15.807,-15.7109,0.6416,-14.8169,-16.4941,1.6771,0.8415,-84.8152,-110.204,-25.3887,-877.7429,177.116,-1750.7837,0.232,0.2977,1.2831,0.0,2.088,class2_2026_04_27_15_25_18.csv,0,105.93,bend,199.7
127.947,400,0.640696,-7.912,-9.8387,1.9705,-15.128,-15.7347,0.6067,8.883,1741.8893,-2748.9093,-4490.7986,-2023.511,9304.0752,-3244.5141,2.9361,4.0553,1.3812,2.871,6.731,class2_2026_04_27_15_25_18.csv,1,127.95,connector,199.7
132.095,413,0.661467,-21.032,-18.8242,1.9523,-12.5501,-32.1599,19.6099,3.5515,-2480.7344,-5170.7733,-2690.0389,-2510.9702,-2337.371,-2510.9702,3.3234,14.1743,4.2651,0.0,5.533,class2_2026_04_27_15_25_18.csv,2,132.09,break,199.7
10.529,32,0.052714,-17.886,-18.1692,1.4064,-12.1729,-24.6118,12.4389,2.022,-2248.6786,-3040.0145,-791.3359,-3152.0408,-1120.6897,-3152.0408,3.7855,9.2891,2.4538,0.0,4.232,class3_2026_05_14_13_18_01.csv,0,10.53,break,199.737
36.055,112,0.180512,-9.996,-11.13,1.2808,-13.6757,-13.6893,0.0136,5.036,947.043,-847.6039,-1794.6469,-2155.1724,6083.0721,-2155.1724,1.6672,1.2234,0.7338,2.552,4.112,class3_2026_05_14_13_15_32.csv,0,36.05,connector,199.737
127.628,399,0.63898,-11.575,-13.5396,1.2847,-14.6821,-24.9641,10.2821,3.434,256.7207,-5629.7866,-5886.5074,-523.511,5219.4357,-5655.174,0.745,13.6638,18.3414,1.276,3.619,class3_2026_05_14_13_15_32.csv,1,127.63,connector,199.737
129.542,405,0.648563,-17.038,-16.738,2.1889,-14.3427,-33.4426,19.0999,3.6105,179.1393,-6569.6836,-6748.8229,-7.8354,231.9749,-4468.6505,1.3207,14.81,11.2134,0.0,6.464,class3_2026_05_14_13_15_32.csv,2,129.54,break,199.737
10.529,32,0.052714,-18.59,-19.0734,2.8152,-12.0893,-31.2598,19.1705,1.8595,-2327.5251,-3257.367,-929.8419,-4199.0611,-717.8683,-37623.8287,3.8716,13.3767,3.4551,0.0,9.792,class3_2026_05_14_14_33_35.csv,0,10.53,break,199.737
38.607,120,0.193289,-17.35,-17.1852,3.039,-12.901,-32.4755,19.5745,3.229,-177.8643,-5303.2779,-5125.4136,-3172.4138,-1960.815,-8990.5956,2.0962,14.0197,6.6881,0.0,9.77,class3_2026_05_14_13_09_48.csv,0,38.61,break,199.737
35.417,110,0.177318,-9.352,-11.5329,2.0419,-14.2134,-17.9329,3.7195,5.3905,332.895,-2948.0665,-3280.9614,2543.8871,6314.3767,-2545.4545,0.9041,8.904,9.8484,2.233,5.655,class3_2026_05_14_13_09_48.csv,1,35.42,connector,199.737
37.65,117,0.188498,-16.133,-15.6256,0.9582,-14.5723,-17.1436,2.5712,1.674,-29.0921,-269.4542,-240.3621,-962.3824,-310.3448,-962.3824,0.2838,0.4752,1.6746,0.0,2.879,class2_2026_04_27_15_41_16.csv,0,37.65,bend,199.737
131.138,410,0.656553,-17.836,-17.5969,2.2725,-13.648,-26.2733,12.6253,4.514,-609.2715,-1440.1457,-830.8742,-2621.8496,-2299.373,-4717.8699,3.2519,10.7405,3.3029,0.0,6.775,class2_2026_04_27_15_41_16.csv,1,131.14,break,199.737
127.628,399,0.63898,-8.671,-11.5361,2.828,-16.6933,-17.9444,1.2511,8.789,1084.991,-2676.3898,-3761.3808,631.6614,9648.9028,-2722.5705,2.299,8.9383,3.8879,2.871,8.656,class2_2026_04_27_15_41_16.csv,2,127.63,connector,199.737
66.366,207,0.332267,-9.324,-11.4882,1.71,-14.1345,-16.4781,2.3436,5.3235,628.3986,-2336.6563,-2965.0549,-59.5611,6329.1536,-2857.3668,1.2801,3.6857,2.8791,2.234,5.26,class3_2026_05_14_13_16_46.csv,0,66.37,connector,199.737
35.417,110,0.177318,-13.311,-13.8896,0.4309,-14.4569,-14.3383,-0.1186,1.2915,57.3782,-269.1194,-326.4977,1073.6677,1452.9781,-1175.5486,0.1859,0.4097,2.204,1.276,1.261,class3_2026_05_14_13_16_46.csv,1,35.42,connector,199.737
70.195,219,0.351437,-19.51,-18.5534,1.3684,-13.5811,-32.7403,19.1592,3.0035,-1758.6923,-4497.7737,-2739.0814,-509.4028,-509.4028,-2144.9032,2.6889,13.8494,5.1505,0.0,4.858,class3_2026_05_14_13_16_46.csv,2,70.19,break,199.737
68.919,215,0.345049,-15.279,-15.3467,0.6337,-14.6457,-16.6662,2.0206,0.832,-37.1471,-184.5958,-147.4488,-1432.6019,47.0219,-1432.6019,0.1046,0.4559,4.358,0.0,1.745,class2_2026_04_27_15_39_59.csv,0,68.92,bend,199.737
127.947,400,0.640577,-8.508,-10.4879,2.0509,-15.573,-18.0316,2.4586,8.6105,1583.5346,-2612.353,-4195.8876,-2010.9718,9789.9687,-3247.6489,2.853,8.7701,3.074,2.871,7.038,class2_2026_04_27_15_39_59.csv,1,127.95,connector,199.737
131.138,410,0.656553,-17.335,-17.1164,2.5382,-13.0559,-30.7413,17.6853,4.0715,-589.1353,-6526.1747,-5937.0393,-2429.233,-2084.6395,-7072.1003,3.1496,13.6755,4.3419,0.0,8.841,class2_2026_04_27_15_39_59.csv,2,131.14,break,199.737
117.098,366,0.586261,-16.817,-16.5883,0.9471,-14.9126,-17.9359,3.0234,1.9165,-244.2303,-258.1954,-13.9651,-974.1363,-974.1363,-974.1363,0.5141,0.5539,1.0775,0.0,2.762,class2_2026_04_27_15_16_03.csv,0,117.1,bend,199.737
127.628,399,0.63898,-9.09,-11.9499,2.8182,-17.3149,-17.7423,0.4274,8.8595,1131.9753,-2389.3951,-3521.3704,623.8245,9710.0313,-2721.0031,2.3799,8.5663,3.5994,2.871,8.582,class2_2026_04_27_15_16_03.csv,1,127.63,connector,199.737
131.138,410,0.656553,-18.063,-17.5358,1.6947,-14.1029,-27.6429,13.54,4.373,-654.7226,-5243.2638,-4588.5413,-1298.2316,-1298.2316,-4358.9342,3.2778,12.0174,3.6663,0.0,5.468,class2_2026_04_27_15_16_03.csv,2,131.14,break,199.737
118.056,369,0.591057,-17.247,-16.8822,0.5843,-15.1251,-17.4825,2.3574,0.905,-400.7778,-45.4543,355.3234,-879.3119,-588.6877,-1268.0251,0.671,0.3994,0.5952,0.0,2.037,class2_2026_04_27_15_18_27.csv,0,118.06,bend,199.737
131.457,411,0.65815,-18.157,-21.3031,10.2675,-13.4978,-32.4673,18.9696,3.805,-1381.1777,-1528.7796,-147.6019,-2992.1646,-1887.7152,-47523.5141,3.2127,13.9818,4.352,0.0,35.243,class2_2026_04_27_15_18_27.csv,1,131.46,break,199.737
127.628,399,0.63898,-8.551,-11.4853,2.9824,-16.6521,-19.1386,2.4865,8.801,1134.8332,-2602.6033,-3737.4364,634.7962,9952.9721,-2721.0031,2.3027,11.502,4.995,2.871,9.309,class2_2026_04_27_15_18_27.csv,2,127.63,connector,199.737
35.417,110,0.177318,-11.176,-12.6122,1.369,-14.2891,-13.5811,-0.7079,3.4905,128.2036,-794.8344,-923.038,2462.3824,4481.1912,-1775.8621,0.4716,1.1405,2.4184,2.233,3.785,class3_2026_05_14_13_47_38.csv,0,35.42,connector,199.737
96.997,303,0.485624,-7.401,-9.9773,2.337,-13.9388,-16.717,2.7782,7.205,909.2747,-2644.1495,-3553.4241,431.0345,8394.9843,-2731.9749,1.7691,9.1254,5.1582,2.552,7.09,class3_2026_05_14_13_47_38.csv,1,97.0,connector,199.737
101.464,317,0.507988,-18.165,-22.2179,10.0612,-12.3274,-28.2844,15.9569,3.4525,-2510.1194,-2173.215,336.9044,-2778.9937,-663.0094,-45073.6708,3.2828,11.6529,3.5497,0.0,34.436,class3_2026_05_14_13_47_38.csv,2,101.46,break,199.737
40.522,126,0.202877,-15.516,-15.5916,0.7253,-14.6669,-16.9104,2.2436,0.886,-48.5884,-196.4019,-147.8135,-1857.3683,-163.551,-1857.3683,0.1517,0.3875,2.5542,0.0,1.826,class2_2026_04_27_15_44_16.csv,0,40.52,bend,199.737
127.628,399,0.63898,-8.302,-11.1888,2.8711,-16.4297,-17.3545,0.9248,8.93,1179.0612,-2809.4186,-3988.4798,631.6614,9421.6301,-2749.2163,2.3129,8.8275,3.8167,2.871,8.941,class2_2026_04_27_15_44_16.csv,1,127.63,connector,199.737
131.457,411,0.65815,-18.734,-18.065,2.1921,-13.2194,-32.6872,19.4677,4.1715,-1422.9791,-3185.0348,-1762.0557,-3926.3307,-2592.4765,-3926.3307,3.1621,13.8086,4.3669,0.0,7.229,class2_2026_04_27_15_44_16.csv,2,131.46,break,199.737
95.083,297,0.476041,-16.585,-16.2991,1.0536,-14.8178,-17.9409,3.1231,1.9025,-169.0231,-348.4276,-179.4044,-1020.3762,-1020.3762,-1630.0925,0.4032,0.5582,1.3844,0.0,3.268,class2_2026_04_27_15_31_19.csv,0,95.08,bend,199.737
127.947,400,0.640577,-9.602,-11.5036,1.9178,-16.6868,-19.7152,3.0284,8.797,1681.3818,-5731.8648,-7413.2466,-1965.5172,9118.5544,-3413.7931,2.9003,8.9452,3.0843,2.871,6.492,class2_2026_04_27_15_31_19.csv,1,127.95,connector,199.737
131.457,411,0.65815,-18.905,-23.7558,10.3478,-14.0987,-33.556,19.4573,3.4205,-1440.7162,-3607.6343,-2166.9181,-3982.7586,-1648.9028,-30405.9608,3.0971,13.2354,4.2735,0.0,33.966,class2_2026_04_27_15_31_19.csv,2,131.46,break,199.737
70.514,220,0.353034,-16.014,-15.9794,1.044,-14.7157,-17.653,2.9373,1.5,-125.5749,-315.6509,-190.076,-1454.5455,528.2132,-1700.6285,0.2505,0.5729,2.2869,0.0,3.128,class2_2026_04_27_15_38_53.csv,0,70.51,bend,199.737
127.628,399,0.63898,-8.901,-11.856,3.0104,-16.7538,-17.8461,1.0923,8.6385,1070.2859,-2492.2412,-3562.5271,587.7743,10282.1301,-2819.7492,2.2148,8.6915,3.9243,2.871,9.173,class2_2026_04_27_15_38_53.csv,1,127.63,connector,199.737
130.818,409,0.654951,-18.212,-16.9166,2.0206,-13.7924,-30.6364,16.8441,4.3185,84.0561,-6187.0135,-6271.0696,-1757.5654,-1757.5654,-2683.3856,3.1327,13.7507,4.3894,0.0,5.67,class2_2026_04_27_15_38_53.csv,2,130.82,break,199.737
38.926,121,0.194886,-18.115,-17.7559,2.7385,-12.9792,-29.8662,16.887,3.2645,-648.6302,-5628.8642,-4980.234,-2854.3736,-2200.627,-7653.6034,2.1927,12.6115,5.7515,0.0,9.057,class3_2026_05_14_13_11_57.csv,0,38.93,break,199.737
35.736,111,0.178915,-9.09,-11.2328,1.692,-13.9573,-18.8754,4.9182,5.4525,669.003,-2726.516,-3395.519,-471.7868,6211.5987,-3003.1348,1.3868,8.9322,6.4407,2.233,5.287,class3_2026_05_14_13_11_57.csv,1,35.74,connector,199.737
127.628,399,0.63898,-5.867,-8.7792,2.9289,-13.8852,-13.5374,-0.3477,8.817,1128.6245,-2725.7661,-3854.3906,609.7179,9623.3484,-2719.4357,2.2556,4.5332,2.0098,2.871,9.115,class1_2026_04_27_14_48_26.csv,0,127.63,connector,199.737
132.095,413,0.661345,-17.713,-17.4502,2.4008,-10.9156,-30.7247,19.8092,3.696,-2475.2549,-4970.5435,-2495.2886,-2924.7665,-2594.8584,-5412.2241,3.3596,13.646,4.0618,0.0,8.1,class1_2026_04_27_14_48_26.csv,1,132.09,break,199.737
60.623,189,0.303514,-15.579,-15.4361,0.6407,-14.6611,-16.2633,1.6022,0.9855,-32.8029,-21.2995,11.5034,-1123.8245,166.1442,-1123.8245,0.1487,0.2373,1.5958,0.0,1.691,class2_2026_04_27_15_52_49.csv,0,60.62,bend,199.737
131.138,410,0.656553,-16.696,-16.8599,2.411,-12.7004,-32.2141,19.5137,4.5015,-654.0913,-6658.8081,-6004.7168,-2995.0226,-2169.279,-3880.8777,3.1585,14.1786,4.4891,0.0,7.663,class2_2026_04_27_15_52_49.csv,1,131.14,break,199.737
127.628,399,0.63898,-7.795,-10.6207,2.7714,-15.7794,-15.6582,-0.1212,8.6925,1155.7894,-2778.3461,-3934.1355,644.2006,9721.0031,-2802.5078,2.2597,4.751,2.1025,2.871,8.355,class2_2026_04_27_15_52_49.csv,2,127.63,connector,199.737
127.628,399,0.63898,-5.877,-8.7798,2.895,-13.8629,-13.4779,-0.385,8.832,1138.8594,-2766.5388,-3905.3982,625.3918,9648.9028,-2719.4357,2.2374,4.3897,1.9619,2.871,8.945,class1_2026_04_27_14_49_08.csv,0,127.63,connector,199.737
132.095,413,0.661345,-17.719,-17.2988,2.1204,-10.9402,-30.5874,19.6472,3.3655,-2485.3605,-4722.1583,-2236.7978,-3929.4671,-2509.8024,-48721.0063,3.3603,13.718,4.0824,0.0,7.087,class1_2026_04_27_14_49_08.csv,1,132.09,break,199.737
37.969,118,0.190095,-14.816,-15.0028,2.317,-12.8447,-26.8729,14.0282,3.8155,605.091,-2725.2858,-3330.3768,-2689.6552,-2228.8401,-4104.9416,1.9679,12.4831,6.3435,0.0,7.124,class3_2026_05_14_13_11_39.csv,0,37.97,break,199.737
35.736,111,0.178915,-9.171,-11.3471,1.7658,-13.9654,-18.7566,4.7911,5.351,663.3473,-3095.1474,-3758.4947,-648.9028,6373.0408,-2896.5517,1.375,8.7071,6.3324,2.233,5.584,class3_2026_05_14_13_11_39.csv,1,35.74,connector,199.737
10.848,33,0.054311,-14.287,-14.2549,0.1868,-12.6023,-15.4879,2.8856,0.2005,-666.6083,-475.6714,190.9369,-108.1505,42.3197,-668.928,1.6894,0.6891,0.4079,0.0,0.59,class2_2026_04_27_16_00_17.csv,0,10.85,bend,199.737
131.457,411,0.65815,-17.107,-17.1319,1.9015,-12.5893,-27.7548,15.1656,3.319,-1435.1557,-5242.0225,-3806.8668,-673.9812,-673.9812,-3493.732,3.1047,12.0491,3.8809,0.0,5.763,class2_2026_04_27_16_00_17.csv,1,131.46,break,199.737
127.628,399,0.63898,-7.707,-10.5809,2.8231,-15.4292,-14.9447,-0.4845,8.4985,1076.3784,-2575.0141,-3651.3924,600.3135,9551.7241,-2702.1944,2.1392,3.933,1.8386,2.871,8.693,class2_2026_04_27_16_00_17.csv,2,127.63,connector,199.737
123.161,385,0.616616,-16.751,-16.4753,1.1551,-14.8809,-14.8253,-0.0557,0.207,-167.2873,1925.8725,2093.1599,-2073.6677,-942.8682,-2073.6677,0.4029,3.4819,8.6411,0.0,3.354,class2_2026_04_27_15_13_52.csv,0,123.16,bend,199.737
127.947,400,0.640577,-9.477,-11.4501,2.0482,-15.9643,-20.2932,4.3289,8.2355,1474.6233,-6344.3315,-7818.9548,-1998.4326,9841.6928,-3097.1787,2.6972,11.0752,4.1062,2.871,7.018,class2_2026_04_27_15_13_52.csv,1,127.95,connector,199.737
131.138,410,0.656553,-17.824,-20.9772,10.3631,-13.9585,-28.2141,14.2556,3.813,-580.4405,-777.4554,-197.0149,-2806.4495,-1979.1364,-49042.3229,3.0768,11.776,3.8274,0.0,35.427,class2_2026_04_27_15_13_52.csv,2,131.14,break,199.737
119.013,372,0.595849,-16.446,-15.9091,0.8835,-14.8142,-16.8574,2.0433,0.945,-48.693,-130.6161,-81.9231,-1119.1223,-387.1473,-1410.6567,0.1819,0.4427,2.4346,0.0,2.57,class2_2026_04_27_15_16_23.csv,0,119.01,bend,199.737
131.457,411,0.65815,-18.045,-18.1626,2.5024,-13.1193,-34.758,21.6387,4.156,-1409.9798,-3903.8137,-2493.8339,-3769.5893,-1973.9655,-5103.4498,3.1886,13.7394,4.3088,0.0,7.969,class2_2026_04_27_15_16_23.csv,1,131.46,break,199.737
127.947,400,0.640577,-8.561,-10.5019,1.9914,-15.644,-18.1587,2.5147,8.637,1617.7258,-2795.6503,-4413.3761,-2009.4044,9708.526,-3202.1944,2.8839,8.7748,3.0427,2.871,6.813,class2_2026_04_27_15_16_23.csv,2,127.95,connector,199.737
35.736,111,0.178915,-7.535,-9.8828,2.1075,-13.6728,-12.8074,-0.8654,6.783,964.2513,-1507.586,-2471.8373,-421.6301,7617.5637,-2564.2633,1.8385,2.1476,1.1681,2.552,6.796,class3_2026_05_14_14_40_05.csv,0,35.74,connector,199.737
127.628,399,0.63898,-1.228,-4.8132,4.2835,-13.5054,-8.7211,-4.7843,12.404,2066.1357,-2644.298,-4710.4337,749.2163,16829.1287,-2688.0878,3.9037,4.3004,1.1016,3.828,13.891,class3_2026_05_14_14_40_05.csv,1,127.63,connector,199.737
134.009,419,0.670927,-16.788,-16.8924,1.9596,-9.5356,-31.4696,21.934,2.851,-2532.5939,-6905.7431,-4373.1492,-2841.6912,-2098.7461,-5462.3824,4.2604,14.7502,3.4621,0.0,6.934,class3_2026_05_14_14_40_05.csv,2,134.01,break,199.737
127.628,399,0.63898,-5.883,-8.7873,2.9235,-13.9167,-13.1943,-0.7224,8.8425,1149.9025,-2574.5317,-3724.4342,634.7962,9628.5266,-2735.1097,2.2603,4.0608,1.7966,2.871,9.065,class1_2026_04_27_14_48_13.csv,0,127.63,connector,199.737
131.776,412,0.659748,-16.554,-16.0594,1.8041,-10.8206,-28.3752,17.5547,3.242,-2062.0887,-7585.614,-5523.5253,-2921.6301,-2078.1889,-2921.6301,3.1986,13.454,4.2062,0.0,5.464,class1_2026_04_27_14_48_13.csv,1,131.78,break,199.737
52.646,164,0.263577,-15.849,-15.7253,1.2139,-14.5988,-17.7898,3.191,1.641,43.6401,-285.3558,-328.9958,-1948.3997,822.884,-1948.3997,0.2122,0.6254,2.9473,0.0,3.341,class2_2026_04_27_15_49_43.csv,0,52.65,bend,199.737
131.457,411,0.65815,-19.573,-22.2191,9.9887,-14.3631,-34.7136,20.3504,3.22,-1371.7661,-2638.7604,-1266.9943,-2101.8793,-2095.6113,-42987.4624,3.0199,13.8135,4.5742,0.0,34.197,class2_2026_04_27_15_49_43.csv,1,131.46,break,199.737
127.628,399,0.63898,-9.564,-12.3548,2.6733,-17.6106,-19.8312,2.2206,8.6235,1134.0185,-2627.4425,-3761.461,612.8527,9336.9922,-2860.5016,2.4231,11.1735,4.6113,2.871,8.118,class2_2026_04_27_15_49_43.csv,2,127.63,connector,199.737
112.631,352,0.563897,-16.399,-16.2818,0.6353,-14.9621,-17.0292,2.0671,1.133,-230.308,-82.407,147.901,-360.5857,-360.5857,-1244.511,0.4527,0.2412,0.5328,0.0,2.284,class2_2026_04_27_15_20_55.csv,0,112.63,bend,199.737
130.818,409,0.654951,-16.396,-16.0956,2.1162,-13.0065,-27.0951,14.0886,4.3365,161.9845,-3957.0422,-4119.0266,-3742.3795,-1956.1129,-3742.3795,3.1882,12.3573,3.8759,0.0,5.963,class2_2026_04_27_15_20_55.csv,1,130.82,break,199.737
127.628,399,0.63898,-8.073,-10.9887,2.946,-16.2008,-15.6379,-0.5629,8.9285,1211.9074,-2594.995,-3806.9025,633.2288,9694.3574,-2721.0031,2.31,4.4246,1.9154,2.871,9.134,class2_2026_04_27_15_20_55.csv,2,127.63,connector,199.737
111.355,348,0.557508,-16.545,-16.1159,0.8022,-14.9088,-17.172,2.2632,1.3415,-154.4176,-92.572,61.8456,-1159.8746,-288.4013,-1159.8746,0.3103,0.3459,1.1148,0.0,2.353,class2_2026_04_27_15_21_13.csv,0,111.35,bend,199.737
127.628,399,0.63898,-8.038,-10.9912,3.0048,-16.2332,-18.3257,2.0925,8.8995,1154.2714,-3633.4488,-4787.7202,625.3918,10042.5011,-2695.9248,2.3468,9.9339,4.233,2.871,9.371,class2_2026_04_27_15_21_13.csv,1,127.63,connector,199.737
130.818,409,0.654951,-16.526,-16.3846,2.8411,-13.0371,-29.8228,16.7858,4.5355,155.2187,-4599.2167,-4754.4353,-2825.8069,-2329.1536,-18217.8699,3.2664,12.9715,3.9711,0.0,9.913,class2_2026_04_27_15_21_13.csv,2,130.82,break,199.737
131.776,412,0.659748,-16.707,-16.3736,2.1953,-10.8399,-28.5933,17.7534,3.0765,-2065.6684,-4767.0014,-2701.333,-2553.2915,-1982.0924,-4205.3292,3.1898,13.2952,4.168,0.0,7.449,class1_2026_04_27_14_45_49.csv,0,131.78,break,199.737
127.628,399,0.63898,-5.91,-8.801,2.8957,-13.933,-13.4468,-0.4862,8.8685,1147.5282,-2616.7712,-3764.2995,594.0439,9680.2508,-2750.7837,2.2597,4.3833,1.9398,2.871,8.936,class1_2026_04_27_14_45_49.csv,1,127.63,connector,199.737
27.44,85,0.137381,-14.212,-14.673,0.4589,-14.6053,-15.9433,1.3381,1.0965,97.0524,-356.3014,-453.3538,-1009.4044,355.7994,-1155.1724,0.4902,0.5409,1.1034,4.786,1.338,class2_2026_04_27_16_08_20.csv,0,27.44,bend,199.737
127.628,399,0.63898,-7.948,-10.8482,2.9078,-16.0568,-15.504,-0.5528,8.9305,1083.6786,-2651.0462,-3734.7248,609.7179,9663.2323,-2811.9122,2.3166,4.3132,1.8619,2.871,9.102,class2_2026_04_27_16_08_20.csv,1,127.63,connector,199.737
131.776,412,0.659748,-18.817,-18.5196,2.1093,-12.9609,-31.2193,18.2583,4.0645,-2157.0787,-4269.3412,-2112.2624,-1815.0486,-1815.0486,-3073.6646,3.3071,13.2979,4.021,0.0,6.746,class2_2026_04_27_16_08_20.csv,2,131.78,break,199.737
16.911,52,0.084666,-14.642,-14.8609,0.4901,-14.4175,-22.0944,7.6769,0.232,-38.6609,-3207.2317,-3168.5708,-467.0846,188.0197,-1573.6677,0.1054,12.4777,118.4178,0.0,1.543,class2_2026_04_27_16_03_18.csv,0,16.91,bend,199.737
127.628,399,0.63898,-8.604,-11.4286,2.7456,-16.3861,-16.0679,-0.3182,8.481,1185.9809,-2901.2011,-4087.182,597.1787,9721.0031,-2785.2665,2.1836,4.225,1.9349,2.871,8.258,class2_2026_04_27_16_03_18.csv,1,127.63,connector,199.737
131.457,411,0.65815,-17.501,-18.6929,2.6507,-13.4409,-29.8183,16.3774,3.9025,-1417.7441,-2652.6774,-1234.9333,-6858.9373,-1613.7269,-6858.9373,3.0558,12.7104,4.1594,0.0,7.432,class2_2026_04_27_16_03_18.csv,2,131.46,break,199.737
14.996,46,0.075079,-14.516,-14.7493,0.4007,-14.2646,-15.8653,1.6008,0.2965,-85.3458,-243.6869,-158.3411,-188.0878,48.5893,-1398.8655,0.1811,0.47,2.5961,0.0,1.211,class2_2026_04_27_16_02_06.csv,0,15.0,bend,199.737
131.457,411,0.65815,-17.492,-18.0016,2.6755,-12.7727,-30.8544,18.0818,3.407,-1431.4036,-1675.0077,-243.6041,-3321.3197,-1847.5537,-47909.094,3.0861,13.5385,4.387,0.0,8.595,class2_2026_04_27_16_02_06.csv,1,131.46,break,199.737
127.309,398,0.637383,-8.685,-11.4179,3.341,-16.1151,-16.4296,0.3144,8.526,584.4136,-2897.8776,-3482.2911,4512.5392,9333.8558,-2658.3072,1.3691,9.1828,6.7072,2.871,8.692,class2_2026_04_27_16_02_06.csv,2,127.31,connector,199.737
132.095,413,0.661345,-16.984,-17.268,2.1241,-10.9661,-30.1131,19.1469,3.4505,-2459.1032,-4377.0597,-1917.9565,-4039.1881,-2126.0485,-4471.7884,3.3201,14.0188,4.2224,0.0,6.369,class1_2026_04_27_14_38_15.csv,0,132.09,break,199.737
127.628,399,0.63898,-5.951,-8.8114,2.851,-13.9707,-13.4945,-0.4762,8.8165,1181.2073,-2706.5139,-3887.7211,579.9373,9523.511,-2800.9404,2.2721,4.3471,1.9133,2.871,8.816,class1_2026_04_27_14_38_15.csv,1,127.63,connector,199.737
132.414,414,0.662942,-18.003,-18.0952,1.8635,-11.1779,-30.9266,19.7487,3.677,-2697.9237,-3978.0542,-1280.1305,-2699.0596,-1626.9592,-47695.9295,3.6371,13.5003,3.7119,0.0,5.994,class1_2026_04_27_14_39_05.csv,0,132.41,break,199.737
127.947,400,0.640577,-6.317,-8.2598,2.0163,-13.4417,-14.3393,0.8977,8.83,1640.809,-2720.967,-4361.776,-2007.837,9648.9028,-3203.7618,2.8932,4.2811,1.4797,2.871,6.898,class1_2026_04_27_14_39_05.csv,1,127.95,connector,199.737
29.993,93,0.150162,-14.437,-14.6129,0.3085,-14.3448,-15.8577,1.5129,0.113,-5.3425,-413.3255,-407.983,-46.8996,90.9091,-1214.7335,0.1381,0.6232,4.5121,1.915,0.947,class2_2026_04_27_16_10_06.csv,0,29.99,bend,199.737
127.628,399,0.63898,-7.87,-10.6768,2.7034,-15.7845,-18.5254,2.7409,8.597,1140.4793,-2600.9164,-3741.3957,581.5047,9589.3417,-2702.1944,2.2359,11.6727,5.2205,2.871,8.149,class2_2026_04_27_16_10_06.csv,1,127.63,connector,199.737
131.776,412,0.659748,-18.564,-21.5061,10.1877,-12.8161,-37.0891,24.273,3.306,-2098.0144,-1253.4819,844.5326,-2992.1646,-1995.0495,-48014.1097,3.187,14.3487,4.5023,0.0,34.802,class2_2026_04_27_16_10_06.csv,2,131.78,break,199.737
10.848,33,0.054311,-16.678,-16.3416,0.6537,-11.8541,-18.0129,6.1588,1.3595,-1829.7517,-569.1825,1260.5692,158.3056,158.3056,-1191.7489,3.2872,0.9292,0.2827,0.0,2.092,class3_2026_05_14_12_53_50.csv,0,10.85,bend,199.737
127.628,399,0.63898,-16.712,-18.0188,0.897,-19.5643,-32.2514,12.6872,3.387,522.2075,-7634.1897,-8156.3972,749.2147,2454.5455,-6159.8746,1.0129,14.2753,14.094,2.552,2.982,class3_2026_05_14_12_53_50.csv,1,127.63,break,199.737
103.378,323,0.517571,-18.007,-17.2587,1.5906,-10.002,-23.6901,13.6881,3.0815,-2556.807,-4312.6038,-1755.7968,-1578.0612,-1578.0612,-2357.3668,4.3117,9.3779,2.175,0.0,5.362,class3_2026_05_14_12_56_02.csv,0,103.38,break,199.737
96.997,303,0.485624,-1.478,-4.8576,4.011,-13.285,-9.1719,-4.1131,12.5875,2146.5233,-2654.2203,-4800.7436,94.0439,16778.9969,-3098.7461,3.9201,4.3294,1.1044,3.51,13.325,class3_2026_05_14_12_56_02.csv,1,97.0,connector,199.737
127.628,399,0.63898,-5.899,-8.8213,2.9372,-13.9235,-13.384,-0.5395,8.851,1122.018,-2707.9679,-3829.9858,606.5831,9764.8903,-2736.6771,2.251,4.2503,1.8881,2.871,9.08,class1_2026_04_27_14_46_48.csv,0,127.63,connector,199.737
132.733,415,0.664539,-18.463,-18.8999,2.2517,-11.4031,-31.9399,20.5368,2.9795,-2707.9679,-6207.5048,-3499.5369,-1007.837,-1007.837,-6371.4749,3.94,13.1467,3.3367,0.0,8.264,class1_2026_04_27_14_46_48.csv,1,132.73,break,199.737
35.736,111,0.178915,-6.877,-9.4009,2.3506,-13.6393,-12.6288,-1.0104,7.5345,1036.9927,-1716.862,-2753.8547,-379.3103,8630.6344,-2742.9467,2.0369,2.4719,1.2136,2.552,7.622,class3_2026_05_14_13_15_01.csv,0,35.74,connector,199.737
128.585,402,0.643772,-16.805,-16.5176,1.8725,-15.3088,-33.5349,18.2261,2.387,224.58,-5456.5024,-5681.0825,-2728.8401,1562.6959,-3354.2335,0.4673,14.7202,31.5024,0.0,5.272,class3_2026_05_14_13_15_01.csv,1,128.59,break,199.737
82.32,257,0.412142,-15.724,-15.4943,0.5246,-14.7477,-16.3764,1.6287,1.0075,-75.3837,-127.2232,-51.8396,-813.4796,-167.7116,-1068.9671,0.2323,0.3041,1.3093,0.0,1.502,class2_2026_04_27_15_33_11.csv,0,82.32,bend,199.737
131.776,412,0.659748,-18.422,-18.2348,2.1621,-12.7926,-34.6493,21.8567,3.08,-2065.7775,-3373.1763,-1307.3989,-5009.4028,-1539.1429,-6970.2194,3.1901,13.7944,4.3241,0.0,7.391,class2_2026_04_27_15_33_11.csv,1,131.78,break,199.737
127.628,399,0.63898,-7.86,-10.7334,2.8971,-15.934,-15.4368,-0.4972,8.932,1232.1673,-2608.7687,-3840.936,601.8809,9592.4765,-2873.0408,2.2975,4.4729,1.9469,2.871,8.963,class2_2026_04_27_15_33_11.csv,2,127.63,connector,199.737
23.611,73,0.11821,-15.621,-15.6583,0.5314,-14.8265,-16.9833,2.1568,1.2135,-323.5755,-238.0742,85.5013,-467.0846,1794.6708,-1716.3009,0.5087,0.6575,1.2926,0.0,1.636,class2_2026_04_27_16_05_29.csv,0,23.61,bend,199.737
127.309,398,0.637383,-10.158,-13.0078,3.5562,-17.9674,-16.0323,-1.9351,8.9825,632.3203,-2706.6622,-3338.9825,4572.1003,9865.5594,-2641.0658,1.5765,4.1867,2.6558,2.871,9.405,class2_2026_04_27_16_05_29.csv,1,127.31,connector,199.737
131.457,411,0.65815,-20.393,-19.2332,2.2792,-14.3195,-34.3131,19.9936,3.625,-1438.1911,-6255.4223,-4817.2312,-1468.652,-1468.652,-3656.7367,3.2091,14.0292,4.3717,0.0,7.023,class2_2026_04_27_16_05_29.csv,2,131.46,break,199.737
81.044,253,0.405754,-15.593,-15.4808,0.6886,-14.6931,-16.6687,1.9757,0.8875,-35.3772,-179.1676,-143.7904,-926.3323,-25.0784,-1076.8025,0.1506,0.4177,2.7729,0.0,1.87,class2_2026_04_27_15_35_57.csv,0,81.04,bend,199.737
130.818,409,0.654951,-16.197,-16.2203,2.3522,-12.9804,-36.7313,23.7509,4.2255,106.9174,-8476.736,-8583.6535,-2277.0661,-2025.0784,-3779.0,3.1461,14.8027,4.7051,0.0,7.123,class2_2026_04_27_15_35_57.csv,1,130.82,break,199.737
127.947,400,0.640577,-8.452,-10.4031,2.0168,-15.5957,-19.6492,4.0535,8.681,1682.9453,-5030.0954,-6713.0407,-2021.9436,9626.9592,-3195.9248,2.9002,11.418,3.9369,2.871,6.913,class2_2026_04_27_15_35_57.csv,2,127.95,connector,199.737
96.678,302,0.484026,-9.557,-11.6231,2.1707,-14.5252,-16.3001,1.7749,5.905,314.7181,-2735.0921,-3049.8103,3959.2476,6755.4859,-2518.8088,0.794,5.2422,6.6026,2.233,5.963,class3_2026_05_14_12_59_21.csv,0,96.68,connector,199.737
99.869,312,0.500003,-16.287,-16.4719,2.3011,-12.9309,-33.9928,21.0619,3.0885,-22.9394,-8698.4307,-8675.4912,-3023.511,-1782.1317,-4539.185,2.1385,14.4754,6.7691,0.0,7.598,class3_2026_05_14_12_59_21.csv,1,99.87,break,199.737
127.628,399,0.63898,-5.869,-8.7626,2.8843,-13.9077,-13.3287,-0.5791,8.889,1166.4655,-2634.1873,-3800.6529,608.1505,9620.6897,-2733.5423,2.2629,4.2338,1.871,2.871,8.916,class1_2026_04_27_14_48_51.csv,0,127.63,connector,199.737
131.776,412,0.659748,-16.563,-16.313,2.093,-10.7844,-29.0914,18.307,3.0935,-2053.1073,-4967.3584,-2914.2511,-3142.6332,-2098.6067,-3142.6332,3.1597,13.1201,4.1523,0.0,6.032,class1_2026_04_27_14_48_51.csv,1,131.78,break,199.737
69.557,217,0.348243,-17.725,-18.0504,2.6926,-13.3022,-32.4566,19.1544,3.3035,-629.5996,-3420.6593,-2791.0597,-4595.6113,-1833.8558,-6084.6395,2.1101,14.011,6.64,0.0,8.44,class3_2026_05_22_11_05_50.csv,0,69.56,break,199.737
66.047,206,0.33067,-9.947,-11.9073,1.944,-14.4463,-17.7658,3.3195,5.1845,261.7935,-2857.164,-3118.9575,3261.7555,6335.4232,-2620.6348,0.7246,8.6923,11.9959,2.234,5.303,class3_2026_05_22_11_05_50.csv,1,66.05,connector,199.737
120.927,378,0.605431,-17.329,-17.1883,0.5994,-15.1799,-17.8765,2.6966,0.4995,-495.7328,-28.1521,467.5807,-710.0313,-452.9765,-1092.1967,0.7983,0.5945,0.7448,0.0,2.039,class2_2026_04_27_15_15_26.csv,0,120.93,bend,199.737
127.628,399,0.63898,-9.231,-12.1793,2.9912,-17.1662,-21.2896,4.1234,8.5265,1102.1557,-4605.6843,-5707.8401,652.0376,9973.1411,-2724.1379,2.2523,13.2312,5.8746,2.871,9.293,class2_2026_04_27_15_15_26.csv,1,127.63,connector,199.737
131.457,411,0.65815,-19.664,-22.0154,10.0406,-14.1069,-35.1563,21.0494,3.572,-1356.2419,-1668.403,-312.1611,-3062.6928,-2023.4269,-47391.8527,3.1059,13.342,4.2957,0.0,34.423,class2_2026_04_27_15_15_26.csv,2,131.46,break,199.737
127.628,399,0.63898,-5.9,-8.7754,2.8615,-13.8846,-13.5071,-0.3774,8.77,1140.7607,-2647.5511,-3788.3118,628.5266,9700.627,-2747.6489,2.2388,4.5053,2.0124,2.871,8.766,class1_2026_04_27_14_49_38.csv,0,127.63,connector,199.737
131.776,412,0.659748,-16.665,-16.3769,2.2097,-10.8085,-31.9869,21.1784,2.9345,-2068.077,-3935.0333,-1866.9563,-2010.9702,-2010.9702,-6153.6066,3.1599,14.3824,4.5516,0.0,7.294,class1_2026_04_27_14_49_38.csv,1,131.78,break,199.737
94.764,296,0.474444,-15.313,-15.4061,0.6957,-14.7206,-16.6689,1.9483,0.828,7.227,-210.1939,-217.4209,-1678.6834,70.5329,-1678.6834,0.1121,0.3627,3.2367,0.0,1.762,class2_2026_04_27_15_28_40.csv,0,94.76,bend,199.737
131.457,411,0.65815,-17.979,-17.5263,1.6901,-13.0912,-31.8614,18.7702,3.8815,-1446.3858,-2181.9033,-735.5174,-2086.2053,-2086.2053,-48369.9075,3.1783,13.328,4.1934,0.0,4.793,class2_2026_04_27_15_28_40.csv,1,131.46,break,199.737
127.309,398,0.637383,-8.913,-11.7197,3.4336,-16.5469,-16.3065,-0.2404,8.733,551.2363,-2638.7113,-3189.9476,4641.0658,9901.2539,-2669.279,1.3853,8.9595,6.4676,2.871,8.985,class2_2026_04_27_15_28_40.csv,2,127.31,connector,199.737
127.628,399,0.63898,-5.961,-8.8327,2.8377,-13.9648,-13.6041,-0.3607,8.803,1165.0313,-2741.2345,-3906.2658,547.0219,9543.8871,-2818.1818,2.2639,4.4131,1.9493,2.871,8.771,class1_2026_04_27_14_37_06.csv,0,127.63,connector,199.737
132.095,413,0.661345,-18.365,-17.4616,2.1123,-11.0154,-31.1414,20.1259,3.5005,-2494.7301,-4368.8489,-1874.1188,-2036.0502,-2036.0502,-3957.6803,3.3582,13.3942,3.9885,0.0,6.183,class1_2026_04_27_14_37_06.csv,1,132.09,break,199.737
35.417,110,0.177318,-9.74,-11.7536,1.8752,-14.2484,-18.2339,3.9854,5.1375,315.1287,-2900.6861,-3215.8148,2841.6928,6047.0219,-2553.2915,0.7713,8.9081,11.55,2.233,5.131,class3_2026_05_14_12_58_43.csv,0,35.42,connector,199.737
38.607,120,0.193289,-17.296,-17.136,2.7741,-13.0797,-26.8444,13.7647,3.1075,-246.7744,-2599.7252,-2352.9508,-3083.0721,-1909.0909,-9106.5831,1.9753,10.6229,5.3779,0.0,9.84,class3_2026_05_14_12_58_43.csv,1,38.61,break,199.737
120.927,378,0.605431,-16.488,-16.4651,0.6186,-15.0237,-17.1039,2.0802,0.75,-305.1059,-91.3168,213.789,-924.7649,-542.3213,-956.1113,0.4895,0.5396,1.1024,0.0,2.002,class2_2026_04_27_15_16_41.csv,0,120.93,bend,199.737
127.947,400,0.640577,-8.531,-10.5008,2.0325,-15.8374,-19.7446,3.9071,8.938,1682.9064,-2576.8,-4259.7065,-1995.2978,10038.9303,-3269.5925,2.9614,11.4693,3.8729,2.871,6.956,class2_2026_04_27_15_16_41.csv,1,127.95,connector,199.737
131.776,412,0.659748,-18.568,-21.6567,10.1336,-13.1442,-32.7098,19.5656,3.0915,-2086.1267,-863.901,1222.2257,-1716.2994,-1716.2994,-47329.1567,3.2405,13.8302,4.2679,0.0,34.636,class2_2026_04_27_15_16_41.csv,2,131.78,break,199.737
20.42,63,0.102234,-15.99,-17.2243,2.2644,-16.3462,-18.9631,2.6168,0.3615,83.5117,1738.0206,1654.5089,-186.9806,910.6567,-50670.848,0.2443,7.7539,31.7404,0.639,7.508,class2_2026_04_27_15_57_38.csv,0,20.42,bend,199.737
131.457,411,0.65815,-18.268,-21.3449,10.3647,-13.0278,-32.5497,19.5219,3.7115,-1440.7781,2032.1907,3472.9688,-4768.0251,-2830.721,-49459.2524,3.1996,13.9024,4.345,0.0,35.727,class2_2026_04_27_15_57_38.csv,1,131.46,break,199.737
127.628,399,0.63898,-8.085,-10.9598,2.8656,-15.8973,-20.5056,4.6083,8.507,1020.5032,-2860.9462,-3881.4493,553.2915,9454.5455,-2818.1818,2.202,13.6432,6.1959,2.871,8.918,class2_2026_04_27_15_57_38.csv,2,127.63,connector,199.737
96.997,303,0.485624,-0.158,-3.4206,4.3773,-12.7262,-7.2336,-5.4926,11.685,2344.0153,-2569.0867,-4913.1021,525.0784,18650.4702,-3106.5831,4.3319,4.0736,0.9404,3.829,14.304,class3_2026_05_14_13_39_43.csv,0,97.0,connector,199.737
127.628,399,0.63898,-2.167,-5.6227,3.9936,-13.6754,-9.6936,-3.9819,12.344,1910.6445,-2648.4954,-4559.1399,697.4922,15260.5585,-2771.1599,3.5989,4.3308,1.2034,3.828,12.847,class3_2026_05_14_13_39_43.csv,1,127.63,connector,199.737
134.009,419,0.670927,-17.832,-18.5761,2.9614,-10.4863,-29.6478,19.1615,3.0085,-2522.7234,-4279.7466,-1757.0232,-2788.4028,-1484.3276,-9815.047,4.2536,12.7058,2.9871,0.0,10.121,class3_2026_05_14_13_39_43.csv,2,134.01,break,199.737
19.782,61,0.09904,-14.427,-14.4864,0.1468,-14.4672,-15.6557,1.1885,0.331,13.4598,-392.8463,-406.3061,-297.8056,343.2602,-471.0067,0.09,0.8012,8.9014,0.0,0.545,class2_2026_04_27_16_05_41.csv,0,19.78,bend,199.737
131.138,410,0.656553,-17.367,-17.4018,2.4219,-13.2988,-26.4574,13.1587,3.9295,-587.9467,-2931.4832,-2343.5365,-2585.4712,-2326.0188,-46379.315,3.0873,10.6432,3.4474,0.0,7.751,class2_2026_04_27_16_05_41.csv,1,131.14,break,199.737
127.628,399,0.63898,-8.434,-11.332,2.8836,-16.3683,-17.5612,1.1929,8.5635,1073.6152,-2741.0639,-3814.6791,609.7179,9417.5592,-2774.2947,2.256,8.8602,3.9273,2.871,9.008,class2_2026_04_27_16_05_41.csv,2,127.63,connector,199.737
133.371,417,0.667733,-19.918,-18.9829,1.9518,-11.3139,-35.9878,24.6739,3.506,-2592.7841,-6454.5791,-3861.7949,-4551.7226,-1401.2539,-46501.5705,4.2866,13.9603,3.2567,0.0,5.614,class3_2026_05_14_13_39_31.csv,0,133.37,break,199.737
127.628,399,0.63898,-4.583,-8.1086,4.135,-16.1388,-12.1658,-3.973,12.1435,1917.5875,-2645.6871,-4563.2746,678.6834,16135.7802,-2739.8119,3.63,4.3869,1.2085,3.509,13.398,class3_2026_05_14_13_39_31.csv,1,127.63,connector,199.737
96.997,303,0.485624,-7.931,-10.3902,2.1417,-13.9864,-14.1967,0.2102,6.636,847.0691,-2062.8617,-2909.9308,302.5078,7777.4295,-2645.768,1.6283,2.9936,1.8385,2.552,6.543,class3_2026_05_14_13_39_31.csv,2,97.0,connector,199.737
101.783,318,0.509585,-17.169,-16.9998,0.5604,-12.5935,-17.4549,4.8614,1.1105,-2179.5375,-45.0074,2134.53,-136.3636,-136.3636,-481.1928,2.9817,0.2977,0.0998,0.0,1.627,class3_2026_05_14_13_39_31.csv,3,101.78,bend,199.737
74.343,232,0.372204,-16.107,-15.8447,0.8036,-14.7485,-17.1171,2.3686,1.459,-133.4106,-185.2449,-51.8343,-542.3197,291.5361,-929.4671,0.3108,0.4148,1.3344,0.0,2.236,class2_2026_04_27_15_37_07.csv,0,74.34,bend,199.737
131.138,410,0.656553,-17.635,-17.6233,2.7447,-13.3656,-31.4481,18.0825,3.633,-601.5086,-2254.4044,-1652.8958,-1080.8158,-1080.8158,-5948.2759,3.2166,13.2061,4.1056,0.0,8.766,class2_2026_04_27_15_37_07.csv,1,131.14,break,199.737
127.947,400,0.640577,-8.749,-10.7313,2.0042,-15.9657,-19.9395,3.9738,8.9495,1652.6919,-2783.0736,-4435.7655,-2007.837,9670.4742,-3148.9028,2.9148,11.2994,3.8766,2.871,6.804,class2_2026_04_27_15_37_07.csv,2,127.95,connector,199.737
18.825,58,0.094249,-14.816,-14.9164,0.4406,-14.4819,-20.2691,5.7872,0.177,-22.3166,-1692.7028,-1670.3862,-241.3793,-7.837,-1374.6082,0.0745,10.5791,142.0333,0.0,1.22,class2_2026_04_27_16_03_33.csv,0,18.83,bend,199.737
131.776,412,0.659748,-19.703,-18.4513,1.9802,-13.1416,-32.4704,19.3288,2.3495,-2020.1659,-6056.9776,-4036.8116,-2396.5533,-1649.5828,-3352.6646,3.1042,13.9714,4.5008,0.0,6.37,class2_2026_04_27_16_03_33.csv,1,131.78,break,199.737
127.628,399,0.63898,-8.25,-11.1218,2.8347,-16.0671,-15.5561,-0.511,8.5775,1102.9924,-2546.9372,-3649.9295,625.3918,9258.6207,-2910.6583,2.1808,4.0385,1.8518,2.871,8.847,class2_2026_04_27_16_03_33.csv,2,127.63,connector,199.737
41.798,130,0.209265,-16.185,-15.9346,1.1732,-14.6359,-17.643,3.0071,2.0935,-59.1353,-123.9356,-64.8003,-1380.8777,-86.2069,-2543.8856,0.3206,0.551,1.7184,0.0,3.609,class2_2026_04_27_15_44_57.csv,0,41.8,bend,199.737
132.095,413,0.661345,-19.956,-19.6628,2.0968,-13.9221,-28.7502,14.8281,2.564,-2252.6094,-2432.7693,-180.1599,-7017.2398,-1405.9545,-7017.2398,3.0912,11.479,3.7135,0.0,6.064,class2_2026_04_27_15_44_57.csv,1,132.09,break,199.737
127.628,399,0.63898,-9.057,-11.9162,2.8459,-17.2154,-16.2656,-0.9499,8.7625,1182.5638,-2591.9163,-3774.4802,603.4483,9363.6364,-2920.0627,2.3748,4.0251,1.6949,2.871,8.858,class2_2026_04_27_15_44_57.csv,2,127.63,connector,199.737
87.106,272,0.436103,-15.339,-15.2791,0.6234,-14.638,-16.1831,1.5451,0.7075,-6.9291,-108.8007,-101.8717,-1018.8088,186.5204,-1548.5909,0.1131,0.3571,3.1577,0.0,1.974,class2_2026_04_27_15_32_53.csv,0,87.11,bend,199.737
127.947,400,0.640577,-7.982,-9.9314,2.0341,-15.163,-17.3718,2.2088,8.8305,1637.0833,-4912.5838,-6549.6671,-1993.7304,9735.1097,-3233.5423,2.9178,8.7956,3.0145,2.871,6.981,class2_2026_04_27_15_32_53.csv,1,127.95,connector,199.737
131.776,412,0.659748,-18.682,-21.3546,10.3217,-12.5111,-34.1661,21.655,3.105,-2013.0685,-2538.7184,-525.6499,-4200.627,-1536.2425,-47470.2226,3.1551,14.141,4.482,0.0,35.06,class2_2026_04_27_15_32_53.csv,2,131.78,break,199.737
66.366,207,0.332267,-10.727,-12.6416,1.3561,-14.4564,-19.1924,4.7359,4.1255,455.6818,-2389.7577,-2845.4395,-407.5235,5051.7241,-2600.3135,0.9664,8.1724,8.4567,1.915,4.12,class3_2026_05_14_12_55_08.csv,0,66.37,connector,199.737
67.643,211,0.33866,-13.616,-13.824,2.0661,-13.801,-23.361,9.56,4.1645,876.0348,-3005.8596,-3881.8944,-2600.3135,-407.5235,-3211.5987,1.4748,9.956,6.7509,0.0,6.095,class3_2026_05_14_12_55_08.csv,1,67.64,break,199.737
132.095,413,0.661345,-18.088,-17.6236,2.6282,-10.9997,-27.2266,16.2268,3.2965,-2463.4833,-1499.6807,963.8027,-1819.7508,-1819.7508,-6286.8323,3.327,12.2237,3.674,0.0,8.618,class1_2026_04_27_14_37_00.csv,0,132.09,break,199.737
127.628,399,0.63898,-5.968,-8.8491,2.8604,-14.0154,-13.6922,-0.3233,8.866,1167.6001,-2670.8829,-3838.483,576.8025,9592.4765,-2730.4075,2.2768,4.6191,2.0288,2.871,8.839,class1_2026_04_27_14_37_00.csv,1,127.63,connector,199.737
72.11,225,0.361025,-15.476,-15.3952,0.7312,-14.6375,-16.7078,2.0703,0.6285,-9.46,-188.7767,-179.3167,-1413.7931,182.0831,-1413.7931,0.084,0.4555,5.4224,0.0,1.911,class2_2026_04_27_15_38_20.csv,0,72.11,bend,199.737
131.457,411,0.65815,-17.678,-18.0277,2.5478,-13.2179,-26.3432,13.1252,3.9575,-1375.2277,-1992.1238,-616.8961,-2869.906,-2251.324,-6738.2445,3.1854,10.6538,3.3446,0.0,8.715,class2_2026_04_27_15_38_20.csv,1,131.46,break,199.737
127.628,399,0.63898,-8.274,-11.2248,2.9788,-16.3874,-15.8509,-0.5365,8.784,1179.4981,-2581.0009,-3760.499,605.0157,9983.2958,-2838.558,2.3047,4.46,1.9352,2.871,9.307,class2_2026_04_27_15_38_20.csv,2,127.63,connector,199.737
132.414,414,0.662942,-18.21,-17.9183,1.9503,-11.0833,-32.2433,21.16,3.389,-2635.5495,-3318.018,-682.4685,-1520.3793,-1520.3793,-5672.4169,3.554,14.1382,3.9781,0.0,6.322,class1_2026_04_27_14_43_57.csv,0,132.41,break,199.737
127.628,399,0.63898,-5.906,-8.7956,2.8995,-13.9366,-13.4111,-0.5255,8.8495,1167.3486,-2674.865,-3842.2137,590.9091,9583.0721,-2797.8056,2.2647,4.2828,1.8911,2.871,8.99,class1_2026_04_27_14_43_57.csv,1,127.63,connector,199.737
67.962,212,0.340257,-15.595,-15.6226,0.7615,-14.7123,-16.5306,1.8183,0.9195,-55.6291,-110.4471,-54.818,-1192.7884,4.3863,-1192.7884,0.1497,0.2925,1.9539,0.0,2.031,class2_2026_04_27_15_40_35.csv,0,67.96,bend,199.737
131.138,410,0.656553,-16.25,-17.2606,4.4784,-12.5963,-28.3952,15.7989,3.791,-641.5681,-2381.4609,-1739.8928,-1466.364,-1466.364,-19214.7335,3.1377,11.928,3.8015,0.0,16.095,class2_2026_04_27_15_40_35.csv,1,131.14,break,199.737
127.947,400,0.640577,-8.108,-10.0314,2.0158,-15.3452,-17.0177,1.6725,8.9745,1764.1293,-3406.0514,-5170.1807,-2126.9592,9727.2727,-3012.5392,2.9791,5.9419,1.9946,2.871,6.931,class2_2026_04_27_15_40_35.csv,2,127.95,connector,199.737
53.285,166,0.266776,-15.561,-15.5086,0.8484,-14.6667,-16.6552,1.9885,0.9385,-19.6771,-140.9752,-121.298,-1340.1254,440.4389,-1340.1254,0.1257,0.3146,2.5027,0.0,2.39,class2_2026_04_27_15_48_07.csv,0,53.28,bend,199.737
127.628,399,0.63898,-8.071,-10.9929,2.9062,-16.2049,-17.2861,1.0812,8.9375,1159.4601,-2682.6023,-3842.0624,587.7743,9525.0784,-2675.5486,2.3057,8.9903,3.8992,2.871,9.065,class2_2026_04_27_15_48_07.csv,1,127.63,connector,199.737
131.457,411,0.65815,-17.216,-17.7941,2.3899,-13.0377,-32.3852,19.3474,3.8075,-1406.9433,-4374.8172,-2967.8739,-2048.5878,-1612.8174,-5094.0439,3.2061,14.0461,4.381,0.0,7.352,class2_2026_04_27_15_48_07.csv,2,131.46,break,199.737
125.713,393,0.629393,-16.967,-15.544,1.4681,-14.8567,-14.3993,-0.4574,2.275,-38.0533,-96.4594,-58.4061,-1818.1834,-163.0094,-1818.1834,0.3316,3.088,9.3111,0.0,4.77,class2_2026_04_27_15_12_38.csv,0,125.71,bend,199.737
129.223,404,0.646966,-13.484,-13.3686,2.2066,-13.8092,-25.9408,12.1317,6.494,1313.1225,-5617.0484,-6930.171,-3199.0596,-2045.4545,-3285.2665,2.4639,13.0325,5.2893,0.0,6.885,class2_2026_04_27_15_12_38.csv,1,129.22,break,199.737
127.947,400,0.640577,-9.942,-11.8613,1.9183,-14.6236,-22.2142,7.5906,5.6105,596.6368,-4119.8329,-4716.4697,-2045.4545,8959.2476,-3199.0596,1.9911,12.7962,6.4268,2.233,6.479,class2_2026_04_27_15_12_38.csv,2,127.95,connector,199.737
127.628,399,0.63898,-11.411,-13.2041,1.2139,-14.7079,-23.2189,8.511,3.6165,361.1743,-2574.3852,-2935.5595,130.094,4401.2539,-3398.1191,0.7625,12.4073,16.2712,1.595,3.46,class3_2026_05_14_12_56_13.csv,0,127.63,connector,199.737
130.818,409,0.654951,-19.772,-19.9403,2.6505,-14.6719,-34.7479,20.0761,2.9925,-935.52,-5968.6414,-5033.1214,-6937.8167,-1956.1113,-6937.8167,1.9256,13.6241,7.0753,0.0,8.285,class3_2026_05_14_12_56_13.csv,1,130.82,break,199.737
97.316,304,0.487221,-0.156,-1.4443,1.8844,-11.9356,-7.0616,-4.8741,11.255,3353.9499,-2630.5185,-5984.4683,0.0,20241.3793,-6354.232,5.5426,4.2628,0.7691,4.148,5.283,class3_2026_05_14_12_56_35.csv,0,97.32,connector,199.737
106.569,333,0.533547,-18.842,-18.21,0.8749,-14.0399,-25.221,11.1811,0.8875,-1556.0082,-2683.425,-1127.4167,-956.1097,-48.5893,-3602.4205,2.8965,11.1227,3.84,0.0,2.768,class3_2026_05_14_12_56_35.csv,1,106.57,break,199.737
127.628,399,0.63898,-5.933,-8.8389,2.8839,-13.9504,-13.5619,-0.3885,8.8865,1131.1651,-2791.609,-3922.7741,583.0721,9547.0219,-2739.8119,2.2568,4.4008,1.95,2.871,8.963,class1_2026_04_27_14_37_52.csv,0,127.63,connector,199.737
132.095,413,0.661345,-17.548,-17.3949,2.1386,-10.9905,-29.0187,18.0282,3.57,-2469.2507,-7218.3997,-4749.149,-4888.7179,-2397.8042,-4888.7179,3.3402,13.1055,3.9236,0.0,6.346,class1_2026_04_27_14_37_52.csv,1,132.09,break,199.737
70.514,220,0.353034,-22.133,-20.0068,1.8837,-13.7946,-30.1163,16.3217,2.6225,-2199.4864,-3898.3207,-1698.8343,-4884.0141,-1987.4592,-6901.2539,2.8885,12.3736,4.2837,0.0,5.131,class3_2026_05_14_13_16_09.csv,0,70.51,break,199.737
66.366,207,0.332267,-9.323,-11.52,1.6843,-14.1441,-17.1503,3.0062,5.332,676.4931,-2773.1991,-3449.6922,-289.9687,6181.8182,-2671.8228,1.3115,4.4297,3.3776,2.234,5.25,class3_2026_05_14_13_16_09.csv,1,66.37,connector,199.737
35.736,111,0.178915,-13.266,-13.9216,0.4,-14.3949,-14.3797,-0.0152,1.1995,122.6025,-183.3783,-305.9808,-438.8715,1744.5141,-943.5737,0.292,0.2784,0.9533,1.276,1.246,class3_2026_05_14_13_16_09.csv,2,35.74,connector,199.737
96.997,303,0.485624,-8.217,-10.5764,2.0706,-14.0146,-17.0293,3.0148,6.3995,780.7114,-4857.0535,-5637.7649,330.721,7357.3668,-2945.1411,1.5572,8.7787,5.6374,2.552,6.4,class3_2026_05_14_13_41_43.csv,0,97.0,connector,199.737
101.464,317,0.507988,-18.44,-22.0058,9.9794,-12.9851,-29.5075,16.5224,3.2855,-2444.9545,440.2309,2885.1854,-48374.6097,-1753.9216,-48374.6097,3.1796,12.7113,3.9978,0.0,33.996,class3_2026_05_14_13_41_43.csv,1,101.46,break,199.737
20.74,64,0.103837,-15.773,-16.6684,1.2019,-15.9031,-16.4017,0.4986,0.144,17.9143,537.499,519.5847,-527.9304,178.5026,-4340.1238,0.182,1.0205,5.6084,0.958,3.152,class2_2026_04_27_15_59_21.csv,0,20.74,bend,199.737
126.032,394,0.63099,-16.456,-14.663,2.828,-16.3953,-12.8543,-3.541,7.741,0.3599,-634.1695,-634.5293,-492.1646,238.2445,-492.1646,0.1756,3.4676,19.7447,0.0,8.147,class2_2026_04_27_15_59_21.csv,1,126.03,break,199.737
103.378,323,0.517571,-15.872,-15.7406,0.7181,-14.8028,-16.7635,1.9607,1.131,-84.9585,-138.093,-53.1345,-1515.7095,-225.7053,-1515.7095,0.2038,0.2582,1.267,0.0,1.857,class2_2026_04_27_15_25_54.csv,0,103.38,bend,199.737
131.457,411,0.65815,-17.815,-17.7386,2.3674,-12.8833,-33.864,20.9807,3.718,-1413.3226,-5774.9058,-4361.5833,-2155.1724,-2155.1724,-3796.2367,3.1509,14.4079,4.5725,0.0,8.181,class2_2026_04_27_15_25_54.csv,1,131.46,break,199.737
127.628,399,0.63898,-7.997,-10.9338,3.0181,-16.0014,-15.3681,-0.6334,8.766,1146.5517,-2590.6491,-3737.2009,636.3636,10222.4208,-2727.2727,2.2704,4.1532,1.8293,2.871,9.474,class2_2026_04_27_15_25_54.csv,2,127.63,connector,199.737
114.865,359,0.575081,-16.617,-16.4447,0.5904,-15.0427,-17.2295,2.1868,1.2575,-291.6882,-118.2674,173.4207,26.6458,26.6458,-576.8025,0.5586,0.3619,0.6478,0.0,2.039,class2_2026_04_27_15_19_40.csv,0,114.86,bend,199.737
127.628,399,0.63898,-8.356,-11.2589,2.8948,-16.5036,-17.4297,0.9262,8.963,1153.7007,-2760.7809,-3914.4816,666.1442,9600.3135,-2703.7618,2.2931,8.85,3.8593,2.871,8.947,class2_2026_04_27_15_19_40.csv,1,127.63,connector,199.737
131.138,410,0.656553,-17.529,-17.4454,2.563,-13.3312,-32.7078,19.3767,4.1395,-607.1473,-5463.2205,-4856.0731,-2693.4382,-2266.4577,-7189.6552,3.2201,13.8525,4.3018,0.0,8.962,class2_2026_04_27_15_19_40.csv,2,131.14,break,199.737
125.075,391,0.626198,-16.123,-15.9362,0.6882,-14.8951,-12.8439,-2.0512,-0.1335,-113.6995,1214.0205,1327.72,-733.5439,-343.2602,-960.8166,0.2458,3.0618,12.4553,0.0,1.843,class2_2026_04_27_15_15_03.csv,0,125.07,bend,199.737
131.457,411,0.65815,-17.867,-18.109,2.7152,-12.8834,-32.587,19.7036,3.9095,-1410.3129,-4758.6429,-3348.3301,-3462.3856,-2544.8951,-43775.8636,3.1085,13.9074,4.4739,0.0,8.465,class2_2026_04_27_15_15_03.csv,1,131.46,break,199.737
127.628,399,0.63898,-7.998,-10.8849,2.8519,-14.8194,-17.2664,2.447,6.971,542.8822,-2813.4352,-3356.3174,628.5266,9633.2288,-2699.0596,1.9298,8.9849,4.6559,2.552,8.77,class2_2026_04_27_15_15_03.csv,2,127.63,connector,199.737
127.628,399,0.63898,-5.9,-8.815,2.9242,-13.9533,-13.4645,-0.4888,8.8845,1148.0229,-2612.9468,-3760.9697,615.9875,9601.3607,-2735.1097,2.2668,4.3946,1.9387,2.871,9.108,class1_2026_04_27_14_47_01.csv,0,127.63,connector,199.737
132.095,413,0.661345,-17.666,-17.2561,2.2511,-10.9409,-33.8513,22.9104,2.906,-2454.4153,-5538.7964,-3084.3811,-1426.3354,-1426.3354,-4517.2414,3.3334,14.4719,4.3415,0.0,7.068,class1_2026_04_27_14_47_01.csv,1,132.09,break,199.737
100.188,313,0.5016,-17.402,-17.3444,1.8742,-13.2825,-31.8932,18.6107,3.522,-630.0478,-3574.8562,-2944.8084,-2832.2915,-1905.9561,-2832.2915,2.1536,14.406,6.6893,0.0,5.352,class3_2026_05_14_13_19_26.csv,0,100.19,break,199.737
96.997,303,0.485624,-9.472,-11.6214,1.7103,-14.2348,-19.6348,5.3999,5.2615,603.7705,-2263.4867,-2867.2571,-28.2132,6387.1473,-2835.4232,1.2587,11.1522,8.8603,2.233,5.199,class3_2026_05_14_13_19_26.csv,1,97.0,connector,199.737
35.417,110,0.177318,-13.49,-14.013,0.4481,-14.4271,-14.3798,-0.0472,1.161,36.166,-268.5499,-304.7159,1015.674,1645.768,-921.6301,0.1609,0.4123,2.562,1.276,1.295,class3_2026_05_14_13_19_26.csv,2,35.42,connector,199.737
128.585,402,0.643891,-13.921,-14.1774,1.8542,-14.5236,-24.978,10.4544,3.6025,736.586,-4628.4996,-5365.0856,-2235.1097,2739.8119,-3981.1928,1.2264,11.4417,9.3295,0.0,5.253,class3_2026_05_14_12_54_33.csv,0,128.59,break,199.7
35.417,110,0.177351,-9.353,-11.4727,2.0998,-14.2654,-13.2015,-1.0639,5.4365,349.0641,-1366.7367,-1715.8008,2789.9687,6269.5925,-2319.7492,0.8847,1.9318,2.1836,2.552,5.795,class3_2026_05_14_12_54_33.csv,1,35.42,connector,199.7
127.947,400,0.640696,-12.21,-13.6266,1.2861,-14.7973,-24.1366,9.3393,3.449,566.0859,-4582.79,-5148.8758,-2219.4357,4611.2853,-3025.0768,1.0476,11.9364,11.3939,1.595,3.779,class3_2026_05_14_12_54_33.csv,2,127.95,connector,199.7
127.628,399,0.63898,-5.91,-8.801,2.8957,-13.933,-13.4468,-0.4862,8.8685,1147.5282,-2616.7712,-3764.2995,594.0439,9680.2508,-2750.7837,2.2597,4.3833,1.9398,2.871,8.936,class1_2026_04_27_14_45_10.csv,0,127.63,connector,199.737
132.095,413,0.661345,-16.973,-17.2306,2.2479,-10.9354,-28.8291,17.8937,3.2315,-2461.6792,-3437.6475,-975.9683,-1888.7147,-1888.7147,-4205.3292,3.3349,13.1235,3.9352,0.0,6.717,class1_2026_04_27_14_45_10.csv,1,132.09,break,199.737
41.16,128,0.206071,-15.728,-15.6398,0.677,-14.6432,-16.6469,2.0037,1.1455,-123.9384,-143.539,-19.6006,-993.7288,15.674,-1032.9169,0.2559,0.3237,1.2651,0.0,2.006,class2_2026_04_27_15_44_29.csv,0,41.16,bend,199.737
130.818,409,0.654951,-16.25,-16.2069,2.282,-12.9796,-31.9124,18.9328,4.289,128.6381,-7802.1388,-7930.7769,-3063.8854,-1992.163,-48415.3636,3.1106,14.4434,4.6432,0.0,6.869,class2_2026_04_27_15_44_29.csv,1,130.82,break,199.737
127.628,399,0.63898,-8.093,-10.9628,2.8101,-16.0471,-18.8944,2.8473,8.6265,1188.4096,-5014.107,-6202.5166,645.768,9579.9373,-2703.7618,2.2415,11.6527,5.1987,2.871,8.611,class2_2026_04_27_15_44_29.csv,2,127.63,connector,199.737
35.736,111,0.178915,-12.414,-13.4198,0.6736,-14.2533,-14.2038,-0.0495,1.9675,208.0545,-338.5395,-546.594,-92.4765,2462.3824,-1299.373,0.4342,0.5199,1.1973,1.595,2.093,class3_2026_05_14_13_37_53.csv,0,35.74,connector,199.737
96.678,302,0.484026,-7.259,-9.9038,3.1491,-14.2959,-12.1245,-2.1714,8.0265,543.3819,-2080.3353,-2623.7172,4307.21,9026.6458,-2576.8025,1.2731,3.0671,2.4091,2.872,8.195,class3_2026_05_14_13_37_53.csv,1,96.68,connector,199.737
127.628,399,0.63898,-2.975,-6.4032,4.0164,-14.4612,-10.4697,-3.9916,12.3945,1909.0974,-2654.4725,-4563.5699,706.8966,15375.983,-2822.884,3.5995,4.3288,1.2026,3.828,12.896,class3_2026_05_14_13_37_53.csv,2,127.63,connector,199.737
134.009,419,0.670927,-17.984,-18.2739,1.6025,-11.2763,-30.2192,18.9429,2.5505,-2530.738,-4073.973,-1543.235,-2288.3997,-1003.1332,-3916.9295,4.2738,13.947,3.2634,0.0,5.806,class3_2026_05_14_13_37_53.csv,3,134.01,break,199.737
100.507,314,0.503197,-15.981,-15.8482,0.5981,-14.783,-16.4752,1.6922,0.879,-144.2126,35.0748,179.2874,-1048.5878,-543.8871,-1048.5878,0.2775,0.2481,0.8939,0.0,1.637,class2_2026_04_27_15_23_37.csv,0,100.51,bend,199.737
127.628,399,0.63898,-7.49,-10.4016,2.9424,-15.527,-16.7384,1.2114,8.83,1103.5292,-5075.1286,-6178.6578,672.4138,9865.2038,-2802.5078,2.2523,9.1082,4.044,2.871,9.032,class2_2026_04_27_15_23_37.csv,1,127.63,connector,199.737
131.457,411,0.65815,-17.26,-20.3906,10.5774,-12.4203,-32.0767,19.6563,3.774,-1385.5396,-3958.0221,-2572.4825,-3634.7978,-2507.837,-49003.1379,3.1801,14.2622,4.4848,0.0,36.137,class2_2026_04_27_15_23_37.csv,2,131.46,break,199.737
69.876,218,0.34984,-15.955,-15.7579,0.7455,-14.7312,-16.8906,2.1594,1.175,-118.6168,-116.3135,2.3033,-896.5533,-15.674,-951.4107,0.2409,0.3578,1.4853,0.0,2.068,class2_2026_04_27_15_39_15.csv,0,69.88,bend,199.737
127.628,399,0.63898,-8.27,-11.2473,3.0862,-16.4905,-15.9319,-0.5586,8.858,1172.1827,-2860.5166,-4032.6992,579.9373,10645.8618,-2865.2038,2.3581,4.4524,1.8881,2.871,9.739,class2_2026_04_27_15_39_15.csv,1,127.63,connector,199.737
131.776,412,0.659748,-20.336,-19.1931,2.4962,-13.2879,-35.9743,22.6864,3.0615,-2103.2323,-5237.8059,-3134.5736,-1170.8464,-1170.8464,-5109.7179,3.3006,14.0009,4.2419,0.0,6.828,class2_2026_04_27_15_39_15.csv,2,131.78,break,199.737
79.448,248,0.397763,-15.845,-15.7484,0.8987,-14.6957,-17.0077,2.3121,1.11,-53.157,-34.9282,18.2288,-1561.1301,-43.8871,-1699.0611,0.1605,0.4566,2.8446,0.0,2.299,class2_2026_04_27_15_35_08.csv,0,79.45,bend,199.737
127.947,400,0.640577,-8.806,-10.7388,2.0039,-16.0688,-18.8836,2.8148,8.845,1736.6313,-5670.8367,-7407.4681,-1995.2978,9561.1285,-3139.4984,2.9755,9.0483,3.0409,2.871,6.874,class2_2026_04_27_15_35_08.csv,1,127.95,connector,199.737
131.457,411,0.65815,-17.848,-22.6399,10.5443,-13.2771,-26.8134,13.5363,3.8595,-1395.7692,-184.2458,1211.5234,-3630.094,-1863.0271,-41087.7759,3.0943,10.5523,3.4102,0.0,35.223,class2_2026_04_27_15_35_08.csv,2,131.46,break,199.737
35.417,110,0.177318,-7.589,-10.1386,2.7283,-14.023,-12.1121,-1.9109,7.0935,523.6942,-1678.8644,-2202.5585,3123.8245,8205.0358,-2418.4953,1.2728,2.4359,1.9138,2.552,7.392,class3_2026_05_14_14_36_02.csv,0,35.42,connector,199.737
127.628,399,0.63898,-1.025,-4.595,4.2427,-13.3329,-8.5226,-4.8103,12.417,2072.1005,-2654.7981,-4726.8986,826.0188,16513.6744,-2733.5423,3.9076,4.305,1.1017,3.828,13.725,class3_2026_05_14_14_36_02.csv,1,127.63,connector,199.737
134.647,421,0.674121,-17.739,-18.1132,2.0338,-10.9403,-30.9357,19.9954,2.174,-2467.2225,-5222.069,-2754.8465,-5515.6755,-937.3025,-5515.6755,4.1555,13.5362,3.2574,0.0,6.66,class3_2026_05_14_14_36_02.csv,2,134.65,break,199.737
73.705,230,0.36901,-15.753,-15.7357,0.8271,-14.7112,-17.1184,2.4072,1.206,-82.6334,-203.093,-120.4596,-1247.6473,61.1285,-1327.5862,0.2169,0.4988,2.2999,0.0,2.487,class2_2026_04_27_15_39_04.csv,0,73.71,bend,199.737
131.138,410,0.656553,-17.162,-20.6423,10.5127,-13.4305,-30.8804,17.4499,3.984,-623.2733,594.2898,1217.5631,-2484.4545,-2354.1585,-49680.2539,3.1442,13.5947,4.3237,0.0,35.913,class2_2026_04_27_15_39_04.csv,1,131.14,break,199.737
127.628,399,0.63898,-8.516,-11.3897,2.8302,-16.5032,-20.6539,4.1507,8.727,1178.4477,-4616.8668,-5795.3145,586.2069,9526.6458,-2739.8119,2.253,13.4861,5.9858,2.871,8.726,class2_2026_04_27_15_39_04.csv,2,127.63,connector,199.737
29.035,90,0.145366,-14.328,-14.5656,0.2684,-14.3683,-15.7067,1.3383,0.2805,-60.6411,-368.0576,-307.4164,-10.9718,145.768,-885.6066,0.1667,0.5942,3.5644,1.595,0.764,class2_2026_04_27_16_10_45.csv,0,29.03,bend,199.737
131.776,412,0.659748,-18.362,-18.0406,1.828,-12.5863,-30.8289,18.2427,3.263,-2147.0258,-841.6291,1305.3967,-1771.1583,-1771.1583,-6523.5125,3.2403,13.5779,4.1904,0.0,5.291,class2_2026_04_27_16_10_45.csv,1,131.78,break,199.737
127.628,399,0.63898,-7.611,-10.4912,2.8678,-15.5581,-15.2387,-0.3193,8.7485,1142.1023,-2710.0648,-3852.167,581.5047,9495.2978,-2804.0752,2.2466,4.4587,1.9847,2.871,8.906,class2_2026_04_27_16_10_45.csv,2,127.63,connector,199.737
107.526,336,0.538338,-15.677,-15.5592,0.5664,-14.8246,-16.2372,1.4126,0.797,-58.649,-70.0184,-11.3694,-1119.1223,-241.3793,-1119.1223,0.158,0.1667,1.0553,0.0,1.532,class2_2026_04_27_15_24_51.csv,0,107.53,bend,199.737
127.947,400,0.640577,-7.666,-9.6373,2.0104,-14.9648,-16.9766,2.0118,9.008,1673.5252,-4869.4393,-6542.9646,-1973.3542,9697.6613,-3206.8966,2.9521,8.8037,2.9822,2.871,6.865,class2_2026_04_27_15_24_51.csv,1,127.95,connector,199.737
131.776,412,0.659748,-16.998,-20.8534,10.4099,-12.2862,-32.4756,20.1894,3.454,-2099.7131,-2661.419,-561.7059,-2819.7476,-1057.9922,-48605.0204,3.2425,14.013,4.3217,0.0,35.6,class2_2026_04_27_15_24_51.csv,2,131.78,break,199.737
13.082,40,0.065496,-14.444,-14.8199,0.6379,-13.9772,-16.1659,2.1887,0.236,-144.428,-317.5009,-173.0728,-420.0627,75.2351,-1697.4922,0.4166,0.5727,1.3747,0.0,1.961,class2_2026_04_27_16_01_09.csv,0,13.08,bend,199.737
131.457,411,0.65815,-17.946,-18.1589,2.4085,-13.0401,-30.875,17.8349,4.0525,-1454.2167,-5932.005,-4477.7883,-2971.7853,-2664.7817,-3885.5799,3.0225,13.5449,4.4814,0.0,7.822,class2_2026_04_27_16_01_09.csv,1,131.46,break,199.737
127.947,400,0.640577,-8.642,-10.5277,1.9285,-15.5029,-16.2013,0.6983,8.489,1653.573,-2764.0197,-4417.5927,-2004.7022,9109.7179,-3431.0345,2.7986,3.784,1.3521,2.871,6.572,class2_2026_04_27_16_01_09.csv,2,127.95,connector,199.737
54.242,169,0.271567,-15.284,-15.3222,0.7452,-14.5969,-16.5637,1.9668,0.911,20.5587,-221.3085,-241.8672,-1753.9185,511.889,-1753.9185,0.114,0.3514,3.0812,0.0,2.108,class2_2026_04_27_15_50_20.csv,0,54.24,bend,199.737
131.138,410,0.656553,-17.723,-17.13,2.3594,-12.9663,-31.84,18.8737,3.8875,-598.8153,-6489.4993,-5890.684,-2777.6086,-2084.6395,-4210.0298,3.0795,14.4772,4.7011,0.0,7.678,class2_2026_04_27_15_50_20.csv,1,131.14,break,199.737
127.628,399,0.63898,-8.111,-10.9982,2.8687,-16.1983,-17.1702,0.9719,8.7905,1287.0149,-2742.9854,-4030.0003,617.5549,9916.9279,-2797.8056,2.2942,8.869,3.8659,2.871,8.705,class2_2026_04_27_15_50_20.csv,2,127.63,connector,199.737
68.919,215,0.345049,-17.745,-17.5553,2.1764,-13.9553,-35.6221,21.6668,3.7245,-202.0971,-6288.2317,-6086.1346,-3594.047,-2407.5219,-8989.0298,1.4766,14.376,9.7356,0.0,7.151,class3_2026_05_14_13_10_35.csv,0,68.92,break,199.737
66.047,206,0.33067,-11.488,-12.9619,1.3432,-14.4853,-20.7921,6.3068,3.581,139.1232,-4919.0508,-5058.174,2810.3448,4452.9781,-2719.604,0.4137,10.967,26.5104,1.596,3.783,class3_2026_05_14_13_10_35.csv,1,66.05,connector,199.737
35.736,111,0.178915,-10.152,-12.0232,1.447,-14.0531,-14.8047,0.7516,4.3145,518.5037,-1256.2692,-1774.7729,-504.7022,5431.0345,-2379.3103,1.0777,1.7981,1.6684,2.233,4.486,class3_2026_05_14_13_43_01.csv,0,35.74,connector,199.737
127.628,399,0.63898,-3.434,-6.886,3.9727,-15.0943,-10.8826,-4.2117,12.307,1995.9219,-2635.5456,-4631.4675,663.0094,15106.4658,-2717.8683,3.6697,4.1986,1.1441,3.828,12.75,class3_2026_05_14_13_43_01.csv,1,127.63,connector,199.737
133.69,418,0.66933,-18.711,-17.9824,1.615,-10.8826,-28.9748,18.0922,2.275,-2487.1509,-2086.3664,400.7845,-2369.9075,-1384.011,-5335.4216,4.1986,13.0329,3.1041,0.0,4.695,class3_2026_05_14_13_43_01.csv,2,133.69,break,199.737
38.607,120,0.193289,-15.667,-15.2817,0.8641,-13.2336,-16.3443,3.1108,1.7205,-103.3861,-126.6302,-23.2441,-1277.4295,-1263.3229,-1277.4295,1.6019,0.3226,0.2014,0.0,2.569,class3_2026_05_14_13_43_01.csv,3,38.61,bend,199.737
96.997,303,0.485624,-7.462,-10.0337,2.2874,-13.9153,-16.9624,3.0472,7.1415,871.4269,-2968.5621,-3839.989,346.395,8203.7618,-2728.8401,1.7469,9.133,5.228,2.552,7.008,class3_2026_05_14_14_40_43.csv,0,97.0,connector,199.737
101.464,317,0.507988,-19.453,-22.559,9.9571,-12.4289,-31.5259,19.0969,2.921,-2521.8063,-836.1413,1685.6649,-7661.4436,-2043.8856,-47722.5752,3.2884,13.1993,4.0138,0.0,34.049,class3_2026_05_14_14_40_43.csv,1,101.46,break,199.737
66.366,207,0.332267,-9.732,-11.8602,1.5914,-14.0908,-19.9593,5.8685,4.7935,501.0751,-3321.9652,-3823.0403,156.7398,5965.5172,-3250.7837,1.0646,9.2829,8.7198,2.234,4.815,class3_2026_05_14_13_39_14.csv,0,66.37,connector,199.737
69.557,217,0.348243,-16.837,-18.1386,2.6425,-13.4041,-27.6416,14.2375,3.2645,-667.5998,-1060.2337,-392.6339,-3311.9138,-1670.8464,-11647.3354,2.0082,10.3422,5.15,0.0,7.098,class3_2026_05_14_13_39_14.csv,1,69.56,break,199.737
127.628,399,0.63898,-5.9,-8.8243,2.9506,-13.9321,-13.5983,-0.3337,8.8705,1138.6643,-2638.3213,-3776.9856,589.3417,9732.6404,-2750.7837,2.2598,4.617,2.0431,2.871,9.195,class1_2026_04_27_14_47_36.csv,0,127.63,connector,199.737
131.776,412,0.659748,-16.693,-16.8178,2.8663,-10.8429,-30.4377,19.5948,3.4225,-2080.5045,-6357.1769,-4276.6724,-3278.9969,-2329.8059,-8733.5439,3.1958,13.8694,4.3399,0.0,10.007,class1_2026_04_27_14_47_36.csv,1,131.78,break,199.737
111.036,347,0.555911,-16.675,-16.2194,0.6,-15.0094,-16.8612,1.8518,0.912,-238.4995,-112.5158,125.9837,-103.4483,-103.4483,-1460.8166,0.403,0.2986,0.7409,0.0,1.877,class2_2026_04_27_15_21_31.csv,0,111.04,bend,199.737
131.457,411,0.65815,-17.455,-17.8231,2.5066,-12.8066,-34.0158,21.2092,3.895,-1358.4002,-5594.6485,-4236.2483,-4246.0815,-1815.9258,-43868.3401,3.087,14.2528,4.617,0.0,7.893,class2_2026_04_27_15_21_31.csv,1,131.46,break,199.737
127.628,399,0.63898,-7.937,-10.8406,2.8768,-16.0219,-17.2972,1.2753,8.7715,1185.8962,-2893.5019,-4079.3981,598.7461,9970.2194,-2683.3856,2.279,9.0885,3.988,2.871,8.734,class2_2026_04_27_15_21_31.csv,2,127.63,connector,199.737
125.394,392,0.627796,-15.896,-15.5372,0.8492,-14.7827,-13.3971,-1.3857,0.3665,21.3954,563.4314,542.036,-1887.1458,688.0878,-1887.1458,0.1879,2.9641,15.7735,0.0,2.463,class2_2026_04_27_15_14_43.csv,0,125.39,bend,199.737
127.947,400,0.640577,-9.034,-10.9611,1.9843,-14.3331,-18.4104,4.0774,6.1945,823.677,-2647.2618,-3470.9387,-1987.4608,9479.6238,-3250.7837,2.166,8.6061,3.9732,2.552,6.806,class2_2026_04_27_15_14_43.csv,1,127.95,connector,199.737
131.776,412,0.659748,-18.286,-22.2588,10.0,-13.4536,-32.8247,19.3712,3.136,-2043.5424,-1791.7946,251.7478,-8557.9953,-796.1897,-44918.4969,3.0305,13.6528,4.5052,0.0,34.125,class2_2026_04_27_15_14_43.csv,2,131.78,break,199.737
132.095,413,0.661345,-19.129,-18.6306,2.1099,-12.5702,-30.4181,17.8479,2.891,-2424.4005,-5058.0652,-2633.6647,-2235.1066,-1961.6076,-4819.7476,3.2703,12.3818,3.7862,0.0,7.434,class2_2026_04_27_15_59_35.csv,0,132.09,break,199.737
127.628,399,0.63898,-7.588,-10.425,2.804,-15.4016,-15.0026,-0.399,8.603,1117.9456,-2586.4274,-3704.373,575.2351,9327.5862,-2808.7774,2.1976,4.2212,1.9208,2.871,8.697,class2_2026_04_27_15_59_35.csv,1,127.63,connector,199.737
8.934,27,0.044729,-14.069,-14.021,0.4952,-9.8777,-15.3277,5.4499,0.8395,-1734.5808,-344.8506,1389.7302,-644.2006,-424.7649,-866.7712,3.2366,0.5327,0.1646,0.0,1.58,class2_2026_04_27_15_59_35.csv,2,8.93,bend,199.737
127.628,399,0.63898,-5.891,-8.792,2.8943,-13.9353,-13.4059,-0.5294,8.899,1139.337,-2697.8915,-3837.2286,594.0439,9699.0596,-2802.5078,2.2612,4.2857,1.8954,2.871,8.927,class1_2026_04_27_14_46_34.csv,0,127.63,connector,199.737
132.095,413,0.661345,-18.064,-17.1504,1.9807,-10.9281,-32.1942,21.2661,3.2315,-2457.1704,-4623.6156,-2166.4452,-2579.9373,-2429.042,-8225.7053,3.3264,14.218,4.2742,0.0,6.049,class1_2026_04_27_14_46_34.csv,1,132.09,break,199.737
39.565,123,0.198085,-15.809,-15.6774,1.0197,-14.5748,-17.2145,2.6397,1.351,-49.7966,-176.3767,-126.5802,-2344.8276,305.6426,-2344.8276,0.1718,0.4825,2.8087,0.0,2.655,class2_2026_04_27_15_41_59.csv,0,39.57,bend,199.737
127.628,399,0.63898,-8.789,-11.7212,2.9549,-16.7034,-17.953,1.2496,8.5625,1079.7864,-2614.903,-3694.6894,617.5549,9755.384,-2877.7429,2.2222,8.8303,3.9737,2.871,9.185,class2_2026_04_27_15_41_59.csv,1,127.63,connector,199.737
131.457,411,0.65815,-19.362,-21.6066,10.1985,-13.6534,-30.181,16.5276,3.5895,-1354.3178,-2655.7942,-1301.4765,-7029.7774,-2147.5137,-47347.9671,3.0884,12.3802,4.0087,0.0,35.006,class2_2026_04_27_15_41_59.csv,2,131.46,break,199.737
132.095,413,0.661345,-18.911,-19.1628,2.3078,-12.9431,-32.6831,19.74,3.395,-2552.1186,-4771.7779,-2219.6593,474.9201,474.9201,-40177.1191,3.4332,13.8113,4.0229,0.0,8.317,class2_2026_04_27_16_08_56.csv,0,132.09,break,199.737
32.226,100,0.161342,-14.948,-15.038,0.5385,-14.3874,-16.0294,1.642,0.641,-42.6862,-102.5791,-59.893,-1517.2414,48.5893,-1517.2414,0.0907,0.296,3.2641,0.0,1.274,class2_2026_04_27_16_08_56.csv,1,32.23,bend,199.737
127.628,399,0.63898,-7.85,-10.7103,2.8221,-15.7933,-15.395,-0.3983,8.7605,1139.1925,-2634.8147,-3774.0072,669.279,9402.8213,-2858.9342,2.2316,4.3852,1.9651,2.871,8.726,class2_2026_04_27_16_08_56.csv,2,127.63,connector,199.737
132.414,414,0.662942,-17.912,-17.8602,2.0627,-11.0536,-30.6062,19.5526,2.9195,-2593.7949,-4497.3791,-1903.5842,-1785.2665,-1785.2665,-4205.3292,3.5047,13.679,3.903,0.0,6.172,class1_2026_04_27_14_45_04.csv,0,132.41,break,199.737
127.628,399,0.63898,-5.91,-8.801,2.8957,-13.933,-13.4468,-0.4862,8.8685,1147.5282,-2616.7712,-3764.2995,594.0439,9680.2508,-2750.7837,2.2597,4.3833,1.9398,2.871,8.936,class1_2026_04_27_14_45_04.csv,1,127.63,connector,199.737
132.414,414,0.662942,-17.912,-17.8602,2.0627,-11.0536,-30.6062,19.5526,2.9195,-2593.7949,-4497.3791,-1903.5842,-1785.2665,-1785.2665,-4205.3292,3.5047,13.679,3.903,0.0,6.172,class1_2026_04_27_14_45_19.csv,0,132.41,break,199.737
127.628,399,0.63898,-5.91,-8.801,2.8957,-13.933,-13.4468,-0.4862,8.8685,1147.5282,-2616.7712,-3764.2995,594.0439,9680.2508,-2750.7837,2.2597,4.3833,1.9398,2.871,8.936,class1_2026_04_27_14_45_19.csv,1,127.63,connector,199.737
35.417,110,0.177318,-7.01,-10.0037,2.759,-14.0133,-12.1859,-1.8274,7.439,680.7305,-1729.6858,-2410.4163,1463.9498,9775.3007,-3680.2508,1.5246,2.4913,1.6341,2.871,7.569,class3_2026_04_27_16_18_51.csv,0,35.42,connector,199.737
131.776,412,0.659748,-17.599,-16.9537,1.9548,-11.4476,-27.3241,15.8766,3.591,-2065.4856,-6314.1068,-4248.6212,-4211.5987,-1944.4136,-11183.3856,3.1401,12.2046,3.8867,0.0,5.267,class3_2026_04_27_16_18_51.csv,1,131.78,break,199.737
127.628,399,0.63898,-6.466,-9.3859,2.8401,-14.4222,-14.3326,-0.0896,8.649,1126.6935,-2719.5779,-3846.2713,663.0094,9879.3103,-3377.7429,2.1758,4.8617,2.2344,2.871,8.584,class3_2026_04_27_16_18_51.csv,2,127.63,connector,199.737
132.414,414,0.662942,-18.443,-18.5364,3.033,-11.0532,-33.0418,21.9886,3.0505,-2627.0159,-4342.6512,-1715.6353,-5006.2696,-2537.6207,-11089.3401,3.5444,13.5793,3.8312,0.0,10.827,class1_2026_04_27_14_48_45.csv,0,132.41,break,199.737
127.628,399,0.63898,-5.887,-8.7766,2.8934,-13.8883,-13.4312,-0.4571,8.8435,1128.5307,-2689.0532,-3817.584,606.5831,9664.5768,-2750.7837,2.2491,4.3565,1.937,2.871,8.928,class1_2026_04_27_14_48_45.csv,1,127.63,connector,199.737
14.039,43,0.070287,-14.398,-14.7824,0.4725,-14.1905,-15.8296,1.6391,0.2415,-104.6002,-228.0937,-123.4935,-387.1473,249.2163,-1333.8558,0.2382,0.4176,1.7531,1.595,1.339,class2_2026_04_27_16_01_41.csv,0,14.04,bend,199.737
131.457,411,0.65815,-17.984,-17.9591,2.3558,-12.812,-34.3719,21.5599,3.937,-1459.1559,-5047.6167,-3588.4609,-4280.5627,-2648.9028,-47818.185,3.0879,14.0316,4.5441,0.0,7.231,class2_2026_04_27_16_01_41.csv,1,131.46,break,199.737
127.628,399,0.63898,-7.951,-10.7484,2.7055,-15.7352,-17.1836,1.4484,8.615,1130.5333,-2762.517,-3893.0503,576.8025,9100.3135,-2731.9749,2.1946,8.9465,4.0765,2.871,8.375,class2_2026_04_27_16_01_41.csv,2,127.63,connector,199.737
132.414,414,0.662942,-18.335,-21.1161,10.2754,-11.0952,-34.1274,23.0322,3.24,-2659.0773,-4534.5867,-1875.5095,-2391.8511,-2340.1254,-48409.0956,3.5852,14.2098,3.9635,0.0,35.067,class1_2026_04_27_14_49_44.csv,0,132.41,break,199.737
127.628,399,0.63898,-5.886,-8.7858,2.8871,-13.8952,-13.3783,-0.5168,8.879,1155.2651,-2705.0401,-3860.3053,628.5266,9721.0031,-2741.3793,2.2438,4.2377,1.8886,2.871,8.878,class1_2026_04_27_14_49_44.csv,1,127.63,connector,199.737
35.736,111,0.178915,-13.337,-13.9813,0.3711,-14.3852,-14.4167,0.0314,1.1255,96.6993,-172.4759,-269.1751,-250.7837,1385.5799,-1073.6677,0.2425,0.2556,1.054,1.276,1.201,class3_2026_05_14_13_19_51.csv,0,35.74,connector,199.737
96.997,303,0.485624,-0.17,-3.6549,4.2958,-12.8026,-7.7846,-5.0179,12.5215,2306.7079,-2648.3442,-4955.0521,293.1034,18206.8966,-2796.2382,4.2558,4.325,1.0163,3.829,14.27,class3_2026_05_14_13_19_51.csv,1,97.0,connector,199.737
105.612,330,0.528755,-19.569,-19.1444,0.8722,-13.9491,-29.3947,15.4456,1.573,-2114.6718,-6113.9214,-3999.2496,-1377.7429,-1377.7429,-1482.7571,3.696,12.8605,3.4796,0.0,2.992,class3_2026_05_14_13_19_51.csv,2,105.61,break,199.737
132.733,415,0.664539,-16.685,-16.9767,2.2248,-9.4601,-30.0823,20.6222,3.099,-2662.7778,-4102.5467,-1439.7689,-2053.2947,-1929.4655,-3826.0188,3.8953,14.0785,3.6142,0.0,7.732,class3_2026_05_22_11_09_21.csv,0,132.73,break,199.737
66.685,208,0.333864,-6.781,-8.4168,1.7699,-13.2634,-12.4858,-0.7776,8.271,1602.7006,-1600.6324,-3203.333,-2251.9354,9736.6771,-2935.7367,2.7984,2.3139,0.8268,2.872,5.96,class3_2026_05_22_11_09_21.csv,1,66.68,connector,199.737
96.997,303,0.485624,-4.331,-7.2164,3.1191,-13.6125,-11.3058,-2.3067,10.4365,1663.2999,-2313.0676,-3976.3675,-529.7806,13181.8182,-2647.3354,3.0956,3.4938,1.1286,3.191,10.398,class3_2026_05_22_11_09_21.csv,2,97.0,connector,199.737
127.628,399,0.63898,-3.96,-7.2768,3.7644,-14.9514,-11.5567,-3.3947,12.073,1848.7814,-2662.7778,-4511.5592,481.1912,14558.7657,-2677.116,3.4708,4.3683,1.2586,3.509,12.202,class3_2026_05_22_11_09_21.csv,3,127.63,connector,199.737
102.74,321,0.514376,-15.772,-15.5264,0.4705,-10.6702,-16.1863,5.5162,1.087,-2087.7389,-183.9641,1903.7748,-255.4859,-255.4859,-854.2335,3.6602,0.3016,0.0824,0.0,1.45,class3_2026_05_22_11_09_21.csv,4,102.74,bend,199.737
66.366,207,0.332267,-10.975,-12.8627,1.3322,-14.492,-17.7886,3.2966,3.9215,403.09,-2414.1877,-2817.2776,-369.906,4836.9906,-2949.8433,0.8976,3.5132,3.9141,1.915,4.088,class3_2026_05_14_12_55_25.csv,0,66.37,connector,199.737
69.876,218,0.34984,-19.219,-19.336,2.1663,-14.4924,-23.1861,8.6937,2.9455,-1211.6504,-1522.7751,-311.1247,-1929.4655,-1852.663,-3841.6928,2.1054,6.6461,3.1567,0.0,7.43,class3_2026_05_14_12_55_25.csv,1,69.88,break,199.737
12.444,38,0.062302,-14.08,-14.6209,0.4749,-13.7528,-16.6839,2.9311,0.4645,-242.9926,-674.9981,-432.0055,-459.2476,778.9969,-1578.3683,0.6977,1.0346,1.4828,0.957,1.497,class2_2026_04_27_16_00_33.csv,0,12.44,bend,199.737
127.947,400,0.640577,-9.536,-11.4401,1.9145,-16.4326,-20.1325,3.6999,8.451,1684.4727,-2394.8566,-4079.3293,-2004.7022,8968.652,-3123.8245,2.8192,11.0385,3.9155,2.871,6.47,class2_2026_04_27_16_00_33.csv,1,127.95,connector,199.737
132.095,413,0.661345,-20.029,-25.9462,12.8549,-14.0464,-35.307,21.2606,2.397,-2386.8884,-1789.7043,597.1841,-583.0721,-583.0721,-47332.2915,3.1712,13.1787,4.1557,0.0,32.781,class2_2026_04_27_16_00_33.csv,2,132.09,break,199.737
37.65,117,0.188498,-14.323,-14.226,2.2234,-12.9037,-24.2082,11.3045,3.9635,877.5474,-3956.7384,-4834.2859,-2347.9624,-2333.8558,-4062.6944,1.937,9.7747,5.0462,0.0,6.747,class3_2026_05_14_13_15_21.csv,0,37.65,break,199.737
35.417,110,0.177318,-9.558,-11.6533,1.9654,-14.2231,-16.4052,2.1821,5.245,308.0399,-2897.0325,-3205.0724,2847.9624,6119.1223,-2609.7179,0.8066,4.4904,5.5668,2.233,5.378,class3_2026_05_14_13_15_21.csv,1,35.42,connector,199.737
133.69,418,0.66933,-17.788,-17.6496,1.5267,-10.4177,-27.7212,17.3036,2.1695,-2644.9573,-2282.3988,362.5585,183.3871,183.3871,-47735.1129,4.3839,12.0979,2.7596,0.0,4.936,class3_2026_05_22_11_05_05.csv,0,133.69,break,199.737
39.884,124,0.199683,-14.432,-14.0514,0.7477,-10.4141,-15.0367,4.6227,1.964,-1903.069,-163.0236,1740.0453,-846.395,-846.395,-846.395,2.9038,0.2399,0.0826,0.0,2.162,class3_2026_05_22_11_05_05.csv,1,39.88,bend,199.737
35.736,111,0.178915,-5.784,-8.4597,2.6149,-13.5307,-11.9689,-1.5618,8.672,1296.3304,-1899.6432,-3195.9736,-543.8871,10485.6056,-2647.3354,2.4743,2.7322,1.1042,2.871,8.673,class3_2026_05_22_11_05_05.csv,2,35.74,connector,199.737
127.628,399,0.63898,-2.824,-6.1406,3.8354,-13.9201,-10.4177,-3.5024,12.3125,1863.0992,-2660.3001,-4523.3993,366.7712,14805.1352,-2984.326,3.5176,4.3839,1.2463,3.509,12.408,class3_2026_05_22_11_05_05.csv,3,127.63,connector,199.737
18.825,58,0.094249,-14.244,-14.6239,0.4316,-14.4523,-21.9373,7.4849,0.4605,-0.7797,-2897.766,-2896.9864,148.9028,609.7179,-1442.0063,0.1202,12.5497,104.4476,1.276,1.474,class2_2026_04_27_16_03_45.csv,0,18.83,bend,199.737
127.309,398,0.637383,-9.484,-12.2597,3.349,-17.1511,-18.5258,1.3747,8.643,760.7449,-2577.3413,-3338.0863,4534.4828,9699.0596,-2717.8683,1.4483,11.6438,8.0397,2.871,8.865,class2_2026_04_27_16_03_45.csv,1,127.31,connector,199.737
131.138,410,0.656553,-18.119,-17.4676,2.0596,-13.5686,-37.0217,23.4531,3.64,-648.7173,-5312.8104,-4664.093,-1885.6106,-1885.6106,-46231.9796,3.0369,14.474,4.7661,0.0,6.283,class2_2026_04_27_16_03_45.csv,2,131.14,break,199.737
35.736,111,0.178915,-9.174,-11.3038,1.671,-13.8897,-16.4305,2.5408,5.2695,677.2137,-2568.6089,-3245.8226,-476.489,6274.2947,-3047.0219,1.3214,3.7336,2.8255,2.233,5.15,class3_2026_05_14_13_42_29.csv,0,35.74,connector,199.737
38.607,120,0.193289,-16.833,-16.434,1.9549,-12.8768,-24.2478,11.371,2.828,-204.4188,-2560.4372,-2356.0184,-2326.0204,-2015.674,-3214.7351,2.0004,9.3417,4.67,0.0,6.043,class3_2026_05_14_13_42_29.csv,1,38.61,break,199.737
127.628,399,0.63898,-5.931,-8.7977,2.8316,-13.9428,-13.5828,-0.36,8.845,1165.779,-2746.9806,-3912.7597,586.2069,9606.5831,-2736.6771,2.2597,4.4506,1.9695,2.871,8.701,class1_2026_04_27_14_39_11.csv,0,127.63,connector,199.737
132.095,413,0.661345,-17.78,-17.4443,2.2226,-10.9633,-30.805,19.8417,3.544,-2464.5567,-3940.2578,-1475.7011,-3921.6285,-2307.6149,-3921.6285,3.3192,13.5931,4.0953,0.0,6.975,class1_2026_04_27_14_39_11.csv,1,132.09,break,199.737
96.997,303,0.485624,-1.234,-4.6594,4.0361,-13.0209,-8.8871,-4.1338,12.5515,2046.3799,-2662.0501,-4708.4299,316.6144,16288.4013,-3518.8088,3.8271,4.3002,1.1236,3.51,13.192,class3_2026_05_14_13_22_06.csv,0,97.0,connector,199.737
103.378,323,0.517571,-16.494,-16.8183,1.7759,-9.6824,-24.2654,14.583,2.763,-2462.5876,-812.014,1650.5736,-3853.4862,-1390.2806,-3962.3809,4.2177,9.3656,2.2206,0.0,5.874,class3_2026_05_14_13_22_06.csv,1,103.38,break,199.737
46.903,146,0.234824,-16.464,-16.1451,0.9355,-14.807,-17.3307,2.5237,1.6075,-148.1361,-70.9479,77.1882,-1352.6646,-61.1285,-1352.6646,0.323,0.389,1.2043,0.0,2.718,class2_2026_04_27_15_45_59.csv,0,46.9,bend,199.737
131.138,410,0.656553,-17.397,-17.6003,2.2606,-13.6958,-30.6626,16.9668,4.0505,-546.1873,-4277.0207,-3730.8334,-3363.1964,-2053.2915,-3725.7069,3.1449,12.3042,3.9124,0.0,6.877,class2_2026_04_27_15_45_59.csv,1,131.14,break,199.737
127.628,399,0.63898,-8.769,-11.7047,2.9174,-16.7467,-16.3879,-0.3587,8.629,1121.5762,-2653.452,-3775.0282,579.9373,10122.2586,-2716.3009,2.2409,4.543,2.0273,2.871,8.86,class2_2026_04_27_15_45_59.csv,2,127.63,connector,199.737
31.907,99,0.159745,-14.87,-15.0942,0.5235,-14.3953,-15.8083,1.413,0.602,-66.0092,-69.3214,-3.3122,-1169.279,180.2508,-1200.627,0.1302,0.1522,1.1688,0.0,1.35,class2_2026_04_27_16_09_22.csv,0,31.91,bend,199.737
131.138,410,0.656553,-16.363,-16.4504,2.2207,-12.3514,-30.3893,18.0379,4.336,-594.5702,-2630.4841,-2035.9139,-3738.821,-2302.5078,-3738.821,3.0775,13.9172,4.5223,0.0,6.537,class2_2026_04_27_16_09_22.csv,1,131.14,break,199.737
127.628,399,0.63898,-7.504,-10.4059,2.9167,-15.4274,-18.1893,2.7619,8.706,1134.715,-2685.5304,-3820.2454,547.0219,9652.56,-2739.8119,2.2415,11.7795,5.2552,2.871,9.109,class2_2026_04_27_16_09_22.csv,2,127.63,connector,199.737
96.997,303,0.485624,-8.855,-11.1889,1.8606,-14.2741,-19.5124,5.2383,5.9575,719.1798,-2498.6391,-3217.8189,32.9154,6796.2382,-3631.6614,1.4135,11.297,7.9923,2.552,5.779,class3_2026_05_14_13_00_27.csv,0,97.0,connector,199.737
100.826,315,0.504794,-19.62,-18.5274,1.9079,-13.2778,-35.4032,22.1254,3.502,-1661.4008,-1140.8211,520.5797,-3829.152,-2007.837,-47695.9295,2.6605,14.5822,5.4809,0.0,6.422,class3_2026_05_14_13_00_27.csv,1,100.83,break,199.737
32.545,101,0.162939,-14.386,-14.8052,0.5327,-14.4703,-16.4535,1.9832,0.2585,8.3993,-525.3621,-533.7614,-228.8401,169.279,-1777.4295,0.0978,0.7614,7.7847,1.595,1.591,class2_2026_04_27_16_10_35.csv,0,32.54,bend,199.737
127.628,399,0.63898,-8.566,-11.387,2.7414,-16.2784,-16.1073,-0.1711,8.38,1077.1735,-2805.9849,-3883.1584,583.0721,9608.1505,-2703.7618,2.1633,4.3277,2.0005,2.871,8.305,class2_2026_04_27_16_10_35.csv,1,127.63,connector,199.737
131.776,412,0.659748,-19.266,-19.0666,2.1099,-13.4768,-35.0602,21.5834,2.6255,-2103.6765,-6291.6539,-4187.9774,-6799.373,-2178.9205,-6799.373,3.1597,13.4999,4.2725,0.0,6.398,class2_2026_04_27_16_10_35.csv,2,131.78,break,199.737
84.553,264,0.423322,-15.564,-15.3099,0.4539,-14.7244,-16.2671,1.5427,0.7305,-29.2012,-187.5736,-158.3724,-841.6928,47.0219,-1228.8401,0.1264,0.3337,2.6394,0.0,1.279,class2_2026_04_27_15_33_24.csv,0,84.55,bend,199.737
127.947,400,0.640577,-8.1,-10.08,2.0296,-15.2871,-15.9584,0.6714,8.8105,1657.6045,-2498.2508,-4155.8553,-1976.489,9625.3918,-3224.1379,2.8993,4.1506,1.4316,2.871,6.936,class2_2026_04_27_15_33_24.csv,1,127.95,connector,199.737
132.095,413,0.661345,-18.919,-18.9333,2.1753,-12.7592,-31.871,19.1118,2.6745,-2415.3286,-5162.0061,-2746.6775,-3112.8527,-1741.4562,-4324.4498,3.2872,13.1536,4.0015,0.0,6.637,class2_2026_04_27_15_33_24.csv,2,132.09,break,199.737
9.891,30,0.04952,-17.148,-17.1286,1.3197,-10.9517,-28.2034,17.2518,2.1665,-2385.2119,-4710.5581,-2325.3462,-1931.0345,-1451.4107,-1973.3558,3.5995,13.514,3.7544,0.0,4.188,class3_2026_05_14_13_17_44.csv,0,9.89,break,199.737
66.366,207,0.332267,-9.91,-11.9766,1.5337,-14.1524,-16.7606,2.6082,4.643,534.9489,-2214.6771,-2749.626,-29.7806,5786.8339,-2700.627,1.0741,3.5565,3.3112,2.234,4.597,class3_2026_05_14_14_35_39.csv,0,66.37,connector,199.737
69.557,217,0.348243,-17.851,-17.5414,1.9192,-13.4749,-23.6043,10.1294,2.8215,-668.6205,-2643.3318,-1974.7113,-2351.0972,-2269.5925,-4346.3966,1.9531,9.3983,4.8119,0.0,6.518,class3_2026_05_14_14_35_39.csv,1,69.56,break,199.737
38.926,121,0.194886,-15.951,-15.617,0.8234,-14.641,-17.0071,2.3661,1.0765,-20.2071,-224.6836,-204.4765,-1294.6765,322.884,-1294.6765,0.1713,0.4395,2.5664,0.0,2.312,class2_2026_04_27_15_42_44.csv,0,38.93,bend,199.737
131.457,411,0.65815,-18.138,-17.864,1.8677,-13.3395,-29.5882,16.2487,3.6405,-1419.5264,-4103.0765,-2683.5501,-2550.1536,-2279.6359,-2550.1536,3.146,12.7354,4.048,0.0,5.812,class2_2026_04_27_15_42_44.csv,1,131.46,break,199.737
127.628,399,0.63898,-8.42,-11.2926,2.8395,-16.3529,-15.6494,-0.7036,8.739,1098.1556,-2554.8968,-3653.0524,605.0157,9521.9436,-2764.8903,2.2272,3.9055,1.7535,2.871,8.763,class2_2026_04_27_15_42_44.csv,2,127.63,connector,199.737
75.3,235,0.376996,-15.641,-15.5882,0.7274,-14.7044,-16.7898,2.0854,1.21,-70.5603,-142.9515,-72.3912,-1163.0094,-117.5549,-1173.3146,0.1951,0.3259,1.6705,0.0,2.08,class2_2026_04_27_15_38_31.csv,0,75.3,bend,199.737
127.628,399,0.63898,-8.197,-11.1014,2.9229,-16.3374,-18.7741,2.4367,8.812,1197.1539,-2680.0504,-3877.2044,650.4702,9665.6992,-2816.6144,2.3215,11.5992,4.9964,2.871,9.163,class2_2026_04_27_15_38_31.csv,1,127.63,connector,199.737
131.776,412,0.659748,-19.159,-21.7274,10.1501,-13.1273,-34.7915,21.6642,2.768,-2023.8956,-2514.0356,-490.14,-1843.2618,-1843.2618,-46032.9185,3.1766,13.6497,4.2969,0.0,34.584,class2_2026_04_27_15_38_31.csv,2,131.78,break,199.737
101.145,316,0.506391,-15.986,-15.9346,0.6341,-14.8621,-16.7132,1.8511,1.34,-186.5131,-81.7787,104.7344,-807.21,-744.5141,-807.21,0.3427,0.2303,0.672,0.0,1.921,class2_2026_04_27_15_27_06.csv,0,101.14,bend,199.737
131.776,412,0.659748,-18.397,-18.1517,2.0557,-12.7506,-32.7407,19.9901,3.371,-2071.8946,-3931.8533,-1859.9586,-2423.1959,-2273.5352,-10728.8417,3.2149,13.7974,4.2917,0.0,6.865,class2_2026_04_27_15_27_06.csv,1,131.78,break,199.737
127.628,399,0.63898,-7.804,-10.7647,3.0392,-15.8902,-15.5069,-0.3833,8.75,1123.064,-2769.0486,-3892.1126,625.3918,10185.8204,-2703.7618,2.2888,4.7616,2.0804,2.871,9.492,class2_2026_04_27_15_27_06.csv,2,127.63,connector,199.737
35.417,110,0.177318,-9.778,-11.8162,1.9124,-14.2864,-17.7264,3.4399,5.0875,275.8425,-2420.9235,-2696.766,2873.0408,6020.3762,-2540.7524,0.7675,8.7336,11.3787,2.233,5.303,class3_2026_05_14_13_09_36.csv,0,35.42,connector,199.737
39.246,122,0.196488,-18.036,-18.0079,1.9005,-13.4122,-26.5471,13.1349,2.7015,-1173.002,-1207.9499,-34.9479,-2375.6492,-1597.1787,-5470.2194,2.3295,10.7019,4.594,0.0,5.596,class3_2026_05_14_13_09_36.csv,1,39.25,break,199.737
127.947,400,0.640577,-4.064,-6.1374,2.2709,-14.5433,-11.9809,-2.5624,12.3985,2646.5894,-2634.1769,-5280.7663,-1912.2257,15728.4476,-3184.953,4.4715,4.2183,0.9434,3.828,7.86,class3_2026_05_14_13_33_21.csv,0,127.95,connector,199.737
133.69,418,0.66933,-18.445,-18.719,1.944,-11.182,-29.7976,18.6156,2.6535,-2554.8923,-1918.2118,636.6805,-5186.5204,-1631.6614,-44741.3824,4.2797,12.6487,2.9555,0.0,5.517,class3_2026_05_14_13_33_21.csv,1,133.69,break,199.737
101.783,318,0.509585,-19.288,-22.8983,9.7241,-12.9538,-28.7804,15.8266,3.4865,-2672.0649,412.5517,3084.6166,-702.1944,-702.1944,-45003.1379,3.6233,11.4407,3.1575,0.0,33.494,class3_2026_05_14_14_39_37.csv,0,101.78,break,199.737
96.678,302,0.484026,-8.472,-10.7398,2.5819,-14.2979,-14.5856,0.2877,6.7915,438.6351,-2672.0649,-3110.6999,4020.3762,7738.2445,-2717.8683,1.0031,4.3199,4.3065,2.552,6.923,class3_2026_05_14_14_39_37.csv,1,96.68,connector,199.737
127.628,399,0.63898,-5.963,-8.8497,2.8644,-13.9622,-13.5929,-0.3693,8.8215,1154.6743,-2636.5193,-3791.1936,572.1003,9721.0031,-2710.0313,2.2515,4.4613,1.9814,2.871,8.8,class1_2026_04_27_14_36_54.csv,0,127.63,connector,199.737
132.733,415,0.664539,-19.503,-19.0799,2.2991,-11.4231,-30.8924,19.4693,3.2465,-2636.5193,-4768.0862,-2131.5668,-3120.6912,-1645.7665,-3164.5752,3.8565,13.4946,3.4991,0.0,7.861,class1_2026_04_27_14_36_54.csv,1,132.73,break,199.737
58.709,183,0.293932,-15.366,-15.399,0.7,-14.6647,-16.6603,1.9956,0.658,-50.9263,-264.2992,-213.3729,-1445.1411,180.621,-1445.1411,0.1075,0.4753,4.4209,0.0,2.155,class2_2026_04_27_15_51_31.csv,0,58.71,bend,199.737
131.138,410,0.656553,-16.987,-17.0227,2.1344,-13.1778,-28.892,15.7142,4.372,-626.6829,-2270.9658,-1644.2829,-3263.0826,-1858.9342,-3949.8433,3.19,13.1057,4.1084,0.0,6.255,class2_2026_04_27_15_51_31.csv,1,131.14,break,199.737
127.628,399,0.63898,-8.244,-11.084,2.7896,-16.2867,-18.7188,2.4321,8.7805,1147.2161,-2602.0631,-3749.2792,659.8746,9557.9937,-2863.6364,2.2759,11.5581,5.0785,2.871,8.509,class2_2026_04_27_15_51_31.csv,2,127.63,connector,199.737
101.464,317,0.507988,-15.612,-15.495,0.7926,-14.7107,-16.5833,1.8726,0.848,-17.5357,-146.4987,-128.963,-1103.4483,335.4232,-1195.9248,0.1321,0.3124,2.3648,0.0,2.249,class2_2026_04_27_15_26_42.csv,0,101.46,bend,199.737
131.138,410,0.656553,-16.815,-16.688,2.0745,-12.7812,-28.9481,16.1669,4.004,-620.8537,-4413.525,-3792.6713,-2471.9487,-2111.2853,-2882.442,3.1559,13.1019,4.1515,0.0,6.216,class2_2026_04_27_15_26_42.csv,1,131.14,break,199.737
127.628,399,0.63898,-7.855,-10.7493,2.8782,-15.9887,-15.3638,-0.6248,8.7995,1196.988,-2613.662,-3810.65,592.4765,9827.5862,-2752.3511,2.3149,4.3089,1.8614,2.871,8.801,class2_2026_04_27_15_26_42.csv,2,127.63,connector,199.737
127.628,399,0.63898,-2.367,-5.7733,3.9111,-13.6607,-9.9017,-3.7589,12.2935,1886.4438,-2647.4327,-4533.8764,584.6395,14961.6378,-2744.5141,3.5372,4.3099,1.2185,3.509,12.601,class3_2026_05_14_13_22_54.csv,0,127.63,connector,199.737
134.009,419,0.670927,-17.749,-18.6869,3.4021,-10.712,-30.7126,20.0006,2.718,-2529.1826,-3232.5948,-703.4122,-2852.6646,-1750.7821,-13736.6771,4.2622,13.716,3.2181,0.0,12.182,class3_2026_05_14_13_22_54.csv,1,134.01,break,199.737
47.222,147,0.236421,-15.522,-15.4111,1.4094,-14.4698,-18.5482,4.0784,1.7415,147.5925,-608.0268,-755.6193,-1764.8903,1228.8401,-3065.8307,0.332,1.2096,3.6429,0.0,4.22,class2_2026_04_27_15_45_39.csv,0,47.22,bend,199.737
127.628,399,0.63898,-10.856,-13.7921,2.9249,-19.139,-22.9659,3.8269,8.369,1356.8911,-4529.116,-5886.0071,695.9248,9675.2857,-2827.5862,2.5272,12.7288,5.0368,2.871,9.242,class2_2026_04_27_15_45_39.csv,1,127.63,connector,199.737
131.138,410,0.656553,-19.41,-23.008,9.9726,-15.8982,-41.1188,25.2206,3.807,-672.5354,-4353.315,-3680.7796,1013.696,1013.696,-49233.5455,3.289,12.6088,3.8336,0.0,33.57,class2_2026_04_27_15_45_39.csv,2,131.14,break,199.737
20.42,63,0.102234,-16.07,-17.18,1.7265,-16.3786,-17.2232,0.8446,0.307,-35.51,749.9327,785.4428,344.791,523.5141,-7244.5125,0.172,1.8769,10.91,0.639,5.827,class2_2026_04_27_15_58_37.csv,0,20.42,bend,199.737
127.628,399,0.63898,-8.212,-11.0284,2.7532,-16.0182,-17.5319,1.5138,8.4705,1143.9431,-3234.7866,-4378.7297,595.6113,9379.3103,-2705.3292,2.2016,9.0419,4.107,2.871,8.457,class2_2026_04_27_15_58_37.csv,1,127.63,connector,199.737
131.776,412,0.659748,-18.627,-19.2592,2.9973,-13.1012,-40.5881,27.4869,2.853,-2081.3471,-5999.2512,-3917.9041,-8536.0517,-1471.8761,-48275.8652,3.1433,13.2425,4.213,0.0,9.155,class2_2026_04_27_15_58_37.csv,2,131.78,break,199.737
15.953,49,0.07987,-14.37,-14.7317,0.4409,-14.3401,-16.25,1.9099,0.399,-34.5481,-229.2329,-194.6848,-442.3992,368.3386,-1040.5124,0.1243,1.6578,13.34,0.958,1.299,class2_2026_04_27_16_03_03.csv,0,15.95,bend,199.737
131.776,412,0.659748,-18.242,-21.957,10.2282,-12.6696,-33.3114,20.6418,3.246,-2041.7752,-5291.8007,-3250.0255,-3711.6003,-1535.9624,-42236.6818,3.0835,13.3368,4.3252,0.0,34.824,class2_2026_04_27_16_03_03.csv,1,131.78,break,199.737
127.628,399,0.63898,-7.806,-10.6379,2.7524,-15.6102,-17.2236,1.6134,8.497,1153.9109,-2859.7427,-4013.6536,606.5831,9373.0408,-2710.0313,2.1895,9.1277,4.1688,2.871,8.464,class2_2026_04_27_16_03_03.csv,2,127.63,connector,199.737
127.628,399,0.639099,-5.902,-8.7916,2.8891,-13.8731,-13.2861,-0.5871,8.792,1133.0185,-2618.8359,-3751.8544,644.2006,9595.6113,-2727.2727,2.2345,4.1363,1.8511,2.871,8.934,class1_2026_04_27_14_47_50.csv,0,127.63,connector,199.7
131.457,411,0.658272,-15.407,-15.5539,2.1937,-10.7844,-27.1696,16.3852,3.642,-1401.2701,-6089.6193,-4688.3492,-3338.558,-2386.5507,-3952.9781,3.1197,12.427,3.9834,0.0,7.065,class1_2026_04_27_14_47_50.csv,1,131.46,break,199.7
35.417,110,0.177318,-13.467,-13.9874,0.504,-14.5247,-14.302,-0.2227,1.2885,47.918,-270.4062,-318.3242,1062.6959,1589.3417,-1161.442,0.1861,0.3909,2.1001,1.276,1.465,class3_2026_05_14_13_16_20.csv,0,35.42,connector,199.737
127.628,399,0.63898,-11.599,-13.3081,1.1538,-14.4912,-24.6342,10.1429,3.174,285.9913,-5762.889,-6048.8803,159.8746,4106.5831,-3163.0094,0.6712,13.8355,20.6116,1.276,3.165,class3_2026_05_14_13_16_20.csv,1,127.63,connector,199.737
130.18,407,0.651757,-17.958,-20.9851,10.3801,-14.2456,-34.0438,19.7982,3.2165,-235.9179,-4270.2937,-4034.3758,-3219.4342,-1952.9781,-46885.4542,1.357,14.2643,10.5114,0.0,35.491,class3_2026_05_14_13_16_20.csv,2,130.18,break,199.737
55.518,173,0.277956,-15.989,-15.8319,0.6231,-14.7412,-16.6284,1.8873,1.348,-190.719,-10.546,180.173,-778.9953,-778.9953,-778.9953,0.3499,0.2445,0.6987,0.0,1.894,class2_2026_04_27_15_48_47.csv,0,55.52,bend,199.737
131.457,411,0.65815,-17.314,-17.9396,2.702,-12.8452,-33.7997,20.9545,3.324,-1414.8885,-5599.2234,-4184.3349,-2327.5878,-1870.0648,-9180.2524,3.1374,14.433,4.6004,0.0,8.946,class2_2026_04_27_15_48_47.csv,1,131.46,break,199.737
127.947,400,0.640577,-8.318,-10.2639,2.0031,-15.5109,-17.9097,2.3988,8.8565,1710.9431,-2793.9451,-4504.8882,-2004.7022,9493.7304,-3122.2571,2.9277,8.7941,3.0037,2.871,6.83,class2_2026_04_27_15_48_47.csv,2,127.95,connector,199.737
74.343,232,0.372273,-15.304,-15.3086,0.6176,-14.6879,-16.3131,1.6251,0.8565,6.0914,-194.8392,-200.9306,-1655.1724,268.0251,-1655.1724,0.1061,0.3621,3.4121,0.0,1.565,class2_2026_04_27_15_34_41.csv,0,74.34,bend,199.7
127.628,399,0.639099,-7.712,-10.6123,2.8717,-15.6938,-16.766,1.0722,8.725,1165.3495,-2491.9061,-3657.2556,579.9373,9673.9812,-2710.0313,2.2486,8.9959,4.0006,2.871,8.856,class2_2026_04_27_15_34_41.csv,1,127.63,connector,199.7
132.095,413,0.661467,-18.318,-22.0624,10.0572,-12.7051,-32.7497,20.0447,2.373,-2401.7144,-2843.4969,-441.7825,-1934.1677,-1274.7745,-48246.0862,3.2602,13.7804,4.2268,0.0,33.771,class2_2026_04_27_15_34_41.csv,2,132.09,break,199.7
22.973,71,0.115016,-14.805,-15.18,0.2794,-14.7441,-16.0059,1.2618,0.4035,-221.8973,-355.6617,-133.7644,258.6207,725.7053,-757.0533,0.3823,0.5807,1.519,1.276,0.925,class2_2026_04_27_16_05_17.csv,0,22.97,bend,199.737
131.138,410,0.656553,-17.34,-17.5163,2.5773,-13.388,-30.7159,17.3279,3.8575,-603.6669,-247.5534,356.1135,-1535.085,-1535.085,-44768.0298,3.179,13.6374,4.2898,0.0,8.009,class2_2026_04_27_16_05_17.csv,1,131.14,break,199.737
127.628,399,0.63898,-8.463,-11.3757,2.9486,-16.4069,-17.5767,1.1698,8.547,1058.4748,-2799.4883,-3857.9631,658.3072,9851.8814,-2733.5423,2.2547,8.8598,3.9295,2.871,9.247,class2_2026_04_27_16_05_17.csv,2,127.63,connector,199.737
104.655,327,0.523964,-15.539,-15.516,0.6484,-14.7547,-16.5713,1.8167,0.866,-66.0327,-174.0347,-108.0019,-1575.2335,229.786,-1575.2335,0.155,0.3561,2.2971,0.0,1.706,class2_2026_04_27_15_25_04.csv,0,104.66,bend,199.737
131.457,411,0.65815,-17.296,-17.212,1.9351,-12.6796,-32.6023,19.9227,3.592,-1371.9701,-4158.2334,-2786.2633,-3669.2821,-2243.1702,-49789.9702,3.1574,13.9198,4.4086,0.0,5.992,class2_2026_04_27_15_25_04.csv,1,131.46,break,199.737
127.947,400,0.640577,-8.137,-10.1122,2.0678,-15.3461,-19.2032,3.8571,8.875,1674.7746,-2494.4222,-4169.1968,-1981.1912,9915.3605,-3260.1881,2.9052,11.5178,3.9645,2.871,7.103,class2_2026_04_27_15_25_04.csv,2,127.95,connector,199.737
134.647,421,0.674121,-18.433,-18.0524,1.1814,-11.5419,-31.5708,20.0288,1.91,-2433.6125,-4340.3931,-1906.7806,-1620.6897,-1326.0172,-2542.3197,4.1249,14.6348,3.5479,0.0,4.091,class3_2026_05_14_13_43_17.csv,0,134.65,break,199.737
35.736,111,0.178915,-9.77,-11.6744,1.5078,-13.9946,-13.5072,-0.4874,4.595,561.132,-889.2249,-1450.3568,-242.9467,5666.1442,-2194.3574,1.14,1.2951,1.1361,2.233,4.694,class3_2026_05_14_13_43_17.csv,1,35.74,connector,199.737
127.628,399,0.63898,-1.661,-5.1407,4.0983,-13.2609,-9.1578,-4.1032,12.369,1930.3757,-2644.9259,-4575.3016,703.7618,15903.6342,-2727.2727,3.6497,4.3124,1.1816,3.828,13.218,class3_2026_05_14_13_43_17.csv,2,127.63,connector,199.737
35.736,111,0.178915,-9.282,-11.4326,1.6951,-14.0326,-23.5273,9.4948,5.355,712.167,-8598.6445,-9310.8115,-603.4483,6103.4483,-3072.1003,1.3616,14.5546,10.689,2.233,5.352,class3_2026_05_14_12_57_24.csv,0,35.74,connector,199.737
38.607,120,0.193289,-17.157,-20.4796,10.6711,-13.0165,-35.6823,22.6658,3.201,-204.8131,-2709.4489,-2504.6358,-3341.6912,-2106.5831,-47465.5188,2.0208,14.2903,7.0717,0.0,36.343,class3_2026_05_14_12_57_24.csv,1,38.61,break,199.737
127.628,399,0.63898,-5.935,-8.8309,2.8848,-13.917,-13.6973,-0.2197,8.8215,1151.1431,-2702.2958,-3853.4389,586.2069,9484.326,-2761.7555,2.2464,4.6471,2.0687,2.871,8.986,class1_2026_04_27_14_38_31.csv,0,127.63,connector,199.737
132.095,413,0.661345,-17.57,-17.673,2.6088,-10.9747,-27.9151,16.9404,3.5,-2455.2295,-4695.1212,-2239.8917,-3296.2398,-1967.3956,-5967.0846,3.3248,11.9431,3.5922,0.0,7.899,class1_2026_04_27_14_38_31.csv,1,132.09,break,199.737
121.884,381,0.610222,-15.986,-15.8647,0.6065,-14.8922,-15.1883,0.2961,0.0,-150.7644,55.9496,206.714,-199.4421,-199.4421,-797.8072,0.3204,2.8436,8.8746,0.0,1.772,class2_2026_04_27_15_17_19.csv,0,121.88,bend,199.737
131.776,412,0.659748,-19.7,-18.6138,2.2591,-12.7222,-27.9054,15.1832,3.367,-2107.863,-1104.6983,1003.1646,-2557.9937,-2557.9937,-7567.3966,3.2051,11.8449,3.6957,0.0,6.228,class2_2026_04_27_15_17_19.csv,1,131.78,break,199.737
127.628,399,0.63898,-7.779,-10.6499,2.8417,-15.6442,-15.6875,0.0433,8.61,1093.5744,-2822.144,-3915.7183,605.0157,9758.6207,-2742.9467,2.2054,4.8696,2.208,2.871,8.669,class2_2026_04_27_15_17_19.csv,2,127.63,connector,199.737
62.219,194,0.311505,-15.758,-15.5063,0.6975,-14.7016,-16.365,1.6634,0.8955,-54.0448,-88.3265,-34.2817,-430.46,-252.3511,-1590.9075,0.1791,0.299,1.6694,0.0,2.049,class2_2026_04_27_15_53_29.csv,0,62.22,bend,199.737
127.628,399,0.63898,-7.7,-10.6019,2.9056,-15.7682,-15.3237,-0.4444,8.8775,1136.349,-2939.3328,-4075.6819,589.3417,9670.8464,-2805.6426,2.2793,4.4378,1.947,2.871,8.988,class2_2026_04_27_15_53_29.csv,1,127.63,connector,199.737
131.457,411,0.65815,-17.698,-17.7094,2.5825,-12.6199,-33.8407,21.2208,3.8165,-1415.8549,-6822.677,-5406.8221,-3278.9984,-2326.267,-6631.6599,3.1533,14.4144,4.5713,0.0,9.05,class2_2026_04_27_15_53_29.csv,2,131.46,break,199.737
27.121,84,0.135784,-14.453,-14.674,0.3601,-14.6515,-15.6933,1.0418,0.928,164.1169,-266.5129,-430.6298,-368.3386,142.6332,-810.3448,0.4709,0.4423,0.9393,5.424,1.017,class2_2026_04_27_16_08_08.csv,0,27.12,bend,199.737
131.457,411,0.65815,-17.129,-17.3208,2.1762,-12.4998,-29.2203,16.7206,3.868,-1420.2498,-3073.1956,-1652.9458,-3796.2367,-1929.4914,-4015.674,3.1095,12.8951,4.147,0.0,6.382,class2_2026_04_27_16_08_08.csv,1,131.46,break,199.737
127.947,400,0.640577,-8.019,-9.9239,1.9476,-15.0161,-16.0099,0.9938,8.712,1627.641,-2627.5129,-4255.1539,-1992.163,9189.6552,-3257.0533,2.8461,4.3303,1.5215,2.871,6.633,class2_2026_04_27_16_08_08.csv,2,127.95,connector,199.737
35.417,110,0.177318,-11.252,-12.6508,1.3543,-14.2963,-13.6462,-0.6501,3.48,126.1083,-785.0493,-911.1576,2526.6458,4484.326,-1915.3605,0.4634,1.1417,2.4635,2.233,3.842,class3_2026_05_14_13_47_19.csv,0,35.42,connector,199.737
96.997,303,0.485624,-6.108,-8.881,2.7105,-13.7569,-12.8733,-0.8836,8.4385,1125.1814,-2283.8615,-3409.0429,344.8276,9145.768,-2689.6552,2.1952,3.4575,1.5751,2.872,8.505,class3_2026_05_14_13_47_19.csv,1,97.0,connector,199.737
127.628,399,0.63898,-4.406,-7.8788,4.0453,-15.969,-12.1019,-3.8671,12.174,1909.059,-2623.9941,-4533.053,673.9812,15414.3926,-2736.6771,3.6238,4.6368,1.2795,3.509,12.967,class3_2026_05_14_13_47_19.csv,2,127.63,connector,199.737
101.783,318,0.509585,-16.401,-16.2766,1.0123,-11.0087,-17.4616,6.4528,1.878,-2355.3981,10.9268,2366.3248,-844.8307,-844.8307,-1111.2884,3.2116,0.513,0.1597,0.0,3.011,class3_2026_05_14_13_47_19.csv,3,101.78,bend,199.737
133.052,416,0.666136,-19.18,-18.1154,1.9294,-10.4082,-29.1316,18.7234,3.1485,-2650.7293,-1655.0072,995.7221,-4932.6003,-1981.1912,-4932.6003,4.1817,12.959,3.099,0.0,5.818,class3_2026_05_14_13_47_19.csv,4,133.05,break,199.737
63.176,197,0.316296,-15.11,-15.3786,0.8297,-14.5834,-16.8209,2.2375,0.9615,2.3939,-289.2026,-291.5965,-1565.8307,194.7717,-1565.8307,0.1212,0.502,4.141,0.0,2.175,class2_2026_04_27_15_54_02.csv,0,63.18,bend,199.737
131.138,410,0.656553,-16.924,-20.3778,10.6251,-13.0655,-29.0587,15.9932,3.701,-638.3107,-3972.8616,-3334.5509,-1806.1433,-1806.1433,-46115.989,3.088,12.9961,4.2086,0.0,36.264,class2_2026_04_27_15_54_02.csv,1,131.14,break,199.737
127.628,399,0.63898,-8.216,-11.0499,2.7864,-16.2262,-17.4106,1.1844,8.799,1254.5776,-4981.2745,-6235.852,572.1003,9427.8997,-2727.2727,2.2793,8.9597,3.931,2.871,8.58,class2_2026_04_27_15_54_02.csv,2,127.63,connector,199.737
56.156,175,0.28115,-15.913,-15.6822,0.7122,-14.6689,-16.7311,2.0622,1.0345,-104.3923,-196.6371,-92.2448,-346.395,-346.395,-1114.4216,0.2619,0.3546,1.3536,0.0,2.155,class2_2026_04_27_15_50_35.csv,0,56.16,bend,199.737
127.947,400,0.640577,-8.678,-10.6123,2.0144,-15.9741,-18.1736,2.1995,9.01,1767.7374,-2814.1306,-4581.8681,-2009.4044,9673.5738,-3112.8527,2.9903,8.6784,2.9022,2.871,6.9,class2_2026_04_27_15_50_35.csv,1,127.95,connector,199.737
131.138,410,0.656553,-17.069,-17.2592,2.328,-13.2098,-30.1419,16.9322,4.054,-579.0548,-3805.522,-3226.4672,-3011.6918,-2437.3041,-4628.5282,3.1682,12.5621,3.965,0.0,7.261,class2_2026_04_27_15_50_35.csv,2,131.14,break,199.737
84.234,263,0.421725,-15.646,-15.5637,0.8901,-14.6596,-17.0581,2.3985,1.1745,-0.3298,-182.0921,-181.7623,-1916.9279,592.4765,-1916.9279,0.1288,0.5459,4.2383,0.0,2.451,class2_2026_04_27_15_34_30.csv,0,84.23,bend,199.737
131.138,410,0.656553,-17.353,-17.2816,2.0037,-13.4654,-33.479,20.0136,4.156,-625.9166,-5287.8712,-4661.9546,-2692.1409,-2216.3009,-2949.8433,3.1726,14.7214,4.6402,0.0,6.087,class2_2026_04_27_15_34_30.csv,1,131.14,break,199.737
127.628,399,0.63898,-8.524,-11.419,2.8855,-16.4868,-17.4035,0.9167,8.6745,1138.7617,-2565.2169,-3703.9786,637.931,9534.8768,-2725.7053,2.251,8.7265,3.8767,2.871,9.036,class2_2026_04_27_15_34_30.csv,2,127.63,connector,199.737
125.394,392,0.627796,-14.998,-15.2562,0.6981,-14.8092,-12.8492,-1.9599,0.1535,26.3263,587.6111,561.2847,-1377.7429,271.1599,-2445.1426,0.1007,2.9639,29.4321,0.0,1.92,class2_2026_04_27_15_22_37.csv,0,125.39,bend,199.737
127.628,399,0.63898,-8.015,-10.93,2.6877,-14.4899,-17.4861,2.9962,6.8395,581.8816,-2774.8111,-3356.6927,611.2853,9299.373,-3318.1818,1.7613,9.0094,5.1152,2.552,8.295,class2_2026_04_27_15_22_37.csv,1,127.63,connector,199.737
131.776,412,0.659748,-19.606,-22.1786,10.0789,-12.9859,-32.776,19.7901,3.4695,-2125.6189,-3609.6698,-1484.0509,-1377.7461,-1377.7461,-48369.9075,3.1436,13.7038,4.3593,0.0,34.769,class2_2026_04_27_15_22_37.csv,2,131.78,break,199.737
131.776,412,0.659748,-16.811,-16.5321,2.1662,-10.8756,-28.9371,18.0616,3.588,-2086.7179,-4241.9328,-2155.2149,-3490.5956,-2393.1289,-3490.5956,3.1751,13.2822,4.1833,0.0,6.883,class1_2026_04_27_14_37_46.csv,0,131.78,break,199.737
127.309,398,0.637383,-6.693,-9.4967,3.4013,-14.3857,-12.7279,-1.6577,8.784,613.0052,-2673.9905,-3286.9957,4586.2069,9655.1724,-2642.6332,1.4137,4.3591,3.0836,2.871,8.797,class1_2026_04_27_14_37_46.csv,1,127.31,connector,199.737
45.308,141,0.226838,-15.764,-15.5709,0.703,-14.7116,-16.8101,2.0984,1.194,-53.6678,-250.1548,-196.487,-1084.6379,-244.5141,-1084.6379,0.1804,0.3667,2.0332,0.0,2.017,class2_2026_04_27_15_45_25.csv,0,45.31,bend,199.737
131.776,412,0.659748,-18.79,-25.6312,13.2102,-13.2683,-36.2579,22.9897,3.153,-2100.309,-1496.774,603.535,-3208.4639,-1446.7683,-48761.7571,3.2475,13.806,4.2512,0.0,34.055,class2_2026_04_27_15_45_25.csv,1,131.78,break,199.737
127.628,399,0.63898,-8.286,-11.2033,2.9596,-16.2177,-19.1712,2.9536,8.568,1066.1656,-4979.9731,-6046.1387,573.6677,10070.9494,-2749.2163,2.2533,11.6324,5.1624,2.871,9.371,class2_2026_04_27_15_45_25.csv,2,127.63,connector,199.737
100.188,313,0.5016,-16.667,-16.1466,0.7533,-14.8401,-16.9908,2.1507,1.412,-176.3356,-24.984,151.3517,-1083.0721,-784.9965,-1083.0721,0.3472,0.3195,0.9202,0.0,2.17,class2_2026_04_27_15_23_09.csv,0,100.19,bend,199.737
127.628,399,0.63898,-8.054,-10.9487,2.8785,-16.1714,-17.3716,1.2002,8.898,1216.7964,-3135.6189,-4352.4153,656.7398,9595.6113,-2694.3574,2.2906,9.0186,3.9372,2.871,8.884,class2_2026_04_27_15_23_09.csv,1,127.63,connector,199.737
131.776,412,0.659748,-19.008,-19.0766,2.6564,-13.0234,-39.1532,26.1298,3.088,-2101.6873,-3636.4028,-1534.7155,-8912.2241,-2421.1845,-48103.453,3.2217,13.5466,4.2048,0.0,8.049,class2_2026_04_27_15_23_09.csv,2,131.78,break,199.737
55.518,173,0.277956,-15.615,-15.4294,0.7793,-14.6062,-16.835,2.2288,1.0885,-14.966,-259.6864,-244.7204,-1487.4608,238.2445,-1487.4608,0.1536,0.455,2.9634,0.0,1.96,class2_2026_04_27_15_49_29.csv,0,55.52,bend,199.737
127.628,399,0.63898,-8.429,-11.3613,2.9213,-16.6207,-15.9686,-0.6521,8.871,1184.5473,-2640.1149,-3824.6622,609.7179,9815.047,-2772.7273,2.3246,4.4978,1.9349,2.871,8.996,class2_2026_04_27_15_49_29.csv,1,127.63,connector,199.737
131.776,412,0.659748,-17.968,-19.241,2.9607,-13.3906,-28.2625,14.8719,3.717,-2060.0702,-1226.9931,833.077,-4539.1881,-1547.3408,-6749.2163,3.2196,11.6525,3.6192,0.0,10.151,class2_2026_04_27_15_49_29.csv,2,131.78,break,199.737
21.378,66,0.107031,-14.807,-15.2261,0.7518,-14.4851,-15.8177,1.3326,0.607,-31.2459,75.21,106.4559,-1032.9154,-23.511,-2263.3213,0.1406,0.366,2.6024,0.0,2.219,class2_2026_04_27_16_06_07.csv,0,21.38,bend,199.737
131.776,412,0.659748,-18.223,-18.1689,1.9746,-12.6868,-32.6873,20.0005,3.2725,-2120.3214,-6458.199,-4337.8776,-2493.7335,-2225.7069,-45717.8715,3.2191,13.8666,4.3076,0.0,5.979,class2_2026_04_27_16_06_07.csv,1,131.78,break,199.737
127.628,399,0.63898,-7.711,-10.6259,2.904,-15.5812,-16.7799,1.1987,8.6215,1097.6642,-2606.8408,-3704.505,589.3417,9579.9373,-2695.9248,2.2044,8.9425,4.0566,2.871,9.033,class2_2026_04_27_16_06_07.csv,2,127.63,connector,199.737
24.568,76,0.123002,-14.194,-14.5872,0.3862,-14.6967,-15.5251,0.8284,1.236,50.754,-221.1059,-271.86,-827.5862,824.4514,-1164.5768,0.4042,0.4107,1.0162,1.914,1.275,class2_2026_04_27_16_07_58.csv,0,24.57,bend,199.737
127.628,399,0.63898,-7.517,-10.5679,2.9597,-15.5041,-15.6554,0.1513,8.7,1163.1569,-2791.9262,-3955.0831,603.4483,10097.1854,-3065.8307,2.2739,5.3103,2.3353,2.871,9.388,class2_2026_04_27_16_07_58.csv,1,127.63,connector,199.737
131.776,412,0.659748,-17.768,-19.2983,4.3033,-12.6296,-31.3817,18.7521,3.724,-2159.3852,-7633.0479,-5473.6627,-5485.8934,-1742.9467,-14336.9906,3.288,13.3064,4.0469,0.0,15.54,class2_2026_04_27_16_07_58.csv,2,131.78,break,199.737
58.709,183,0.293932,-16.27,-15.9434,0.9215,-14.7062,-17.494,2.7878,1.2765,-113.8506,-276.9735,-163.1229,-1371.4718,-551.7241,-1485.8934,0.2351,0.5483,2.3323,0.0,2.751,class2_2026_04_27_15_51_19.csv,0,58.71,bend,199.737
127.628,399,0.63898,-8.922,-11.8029,2.9024,-16.9142,-18.1407,1.2265,8.6505,1062.8499,-2691.1717,-3754.0217,559.5611,9880.8777,-2675.5486,2.2795,8.925,3.9153,2.871,8.881,class2_2026_04_27_15_51_19.csv,1,127.63,connector,199.737
131.138,410,0.656553,-17.704,-17.7846,2.3808,-13.8309,-34.2166,20.3856,4.0405,-615.5668,-7099.3423,-6483.7755,-2047.2612,-1887.1473,-47206.8997,3.171,14.1416,4.4597,0.0,8.214,class2_2026_04_27_15_51_19.csv,2,131.14,break,199.737
134.328,420,0.672524,-18.644,-18.22,1.6728,-11.2177,-30.3719,19.1542,2.8675,-2494.7523,-3428.2681,-933.5158,-1537.6191,-1537.6191,-4525.0768,4.2086,13.8782,3.2976,0.0,5.971,class3_2026_05_14_13_22_18.csv,0,134.33,break,199.737
127.309,398,0.637383,-2.863,-6.6311,4.9044,-13.9912,-8.7992,-5.1919,12.2455,1090.0385,-2618.7259,-3708.7644,4793.1034,15290.7604,-2652.0376,2.4301,4.2602,1.7531,3.509,12.83,class3_2026_05_14_13_22_18.csv,1,127.31,connector,199.737
68.919,215,0.345049,-15.124,-15.1116,0.3484,-14.1819,-15.4852,1.3033,0.8545,-64.3119,-5.5106,58.8012,-216.3009,-101.8809,-597.1787,0.7372,0.1737,0.2356,0.0,1.178,class3_2026_05_14_14_34_45.csv,0,68.92,bend,199.737
66.047,206,0.33067,-12.939,-13.6969,0.7315,-14.5253,-14.8357,0.3104,2.0645,95.1132,-633.6153,-728.7285,1680.2508,2126.9592,-1633.8402,0.2339,0.9405,4.0208,1.596,2.131,class3_2026_05_14_14_34_45.csv,1,66.05,connector,199.737
127.628,399,0.63898,-1.842,-5.3992,4.2225,-14.0303,-9.3482,-4.6821,12.344,2058.4855,-2642.7881,-4701.2736,702.1944,16518.8541,-2700.627,3.8773,4.3099,1.1116,3.828,13.663,class3_2026_05_14_14_34_45.csv,2,127.63,connector,199.737
134.009,419,0.670927,-17.598,-17.5763,1.9824,-10.1416,-23.6875,13.5459,2.7325,-2510.6159,-2046.3083,464.3076,-2405.9545,-1445.1426,-2847.9639,4.2355,9.3608,2.2101,0.0,6.629,class3_2026_05_14_14_34_45.csv,3,134.01,break,199.737
43.393,135,0.217251,-15.848,-15.7088,0.8708,-14.6759,-16.9757,2.2998,0.9595,-21.5639,-158.8224,-137.2585,-2173.5726,-313.4796,-2173.5726,0.1161,0.366,3.1521,0.0,2.096,class2_2026_04_27_15_43_31.csv,0,43.39,bend,199.737
127.628,399,0.63898,-8.282,-11.2113,2.9448,-16.3716,-16.2384,-0.1332,8.8025,1178.0875,-3005.2889,-4183.3764,576.8025,9968.652,-2695.9248,2.297,4.799,2.0893,2.871,9.035,class2_2026_04_27_15_43_31.csv,1,127.63,connector,199.737
131.457,411,0.65815,-18.538,-18.7459,2.9393,-13.2492,-29.5731,16.3238,4.0305,-1403.4258,-4769.2543,-3365.8285,-2884.0125,-2747.6505,-6543.8856,3.2202,12.6546,3.9297,0.0,8.278,class2_2026_04_27_15_43_31.csv,2,131.46,break,199.737
33.183,103,0.166133,-14.634,-15.2502,0.7488,-14.5122,-17.2389,2.7267,0.5225,-26.8187,-441.7059,-414.8872,-1249.2163,388.7147,-1747.6489,0.1271,0.806,6.3421,10.21,2.146,class2_2026_04_27_16_05_01.csv,0,33.18,bend,199.737
127.947,400,0.640577,-9.42,-11.3786,1.996,-16.4054,-19.0667,2.6613,8.4835,1560.1737,-2900.514,-4460.6878,-1927.8997,9468.652,-3330.721,2.8104,8.6531,3.079,2.871,6.813,class2_2026_04_27_16_05_01.csv,1,127.95,connector,199.737
131.457,411,0.65815,-18.991,-19.1216,3.0092,-13.8975,-37.5718,23.6743,3.876,-1343.4417,-7104.2516,-5760.8099,-7410.6599,-2165.6622,-8456.1129,3.0674,13.8387,4.5116,0.0,10.067,class2_2026_04_27_16_05_01.csv,2,131.46,break,199.737
96.678,302,0.484026,-16.696,-16.1911,0.8681,-14.8408,-17.3538,2.513,1.359,-132.9661,-157.9465,-24.9803,-1188.0862,-838.558,-1338.558,0.3233,0.3622,1.1201,0.0,2.592,class2_2026_04_27_15_28_02.csv,0,96.68,bend,199.737
131.776,412,0.659748,-20.964,-19.1852,2.0558,-13.5043,-32.8857,19.3814,2.975,-2066.5447,-4946.376,-2879.8314,-4452.9812,-2281.9585,-44802.511,3.153,13.6538,4.3304,0.0,5.401,class2_2026_04_27_15_28_02.csv,1,131.78,break,199.737
127.628,399,0.63898,-8.581,-11.5038,2.9041,-16.7842,-17.6661,0.8818,8.9685,1246.0497,-2835.5175,-4081.5672,620.6897,9747.6489,-2706.8966,2.343,8.7907,3.752,2.871,8.954,class2_2026_04_27_15_28_02.csv,2,127.63,connector,199.737
37.012,115,0.185304,-15.99,-15.662,0.9595,-14.6013,-17.1196,2.5182,1.164,-27.9577,-182.8765,-154.9188,-1200.627,268.0251,-1200.627,0.1929,0.4162,2.1583,0.0,2.688,class2_2026_04_27_15_41_02.csv,0,37.01,bend,199.737
127.628,399,0.63898,-8.488,-11.4096,2.9302,-16.413,-16.0011,-0.4119,8.6185,1112.0036,-2662.1528,-3774.1564,628.5266,9815.047,-2857.3668,2.2239,4.3193,1.9422,2.871,9.021,class2_2026_04_27_15_41_02.csv,1,127.63,connector,199.737
131.457,411,0.65815,-17.219,-18.0291,2.0084,-13.4291,-31.6427,18.2136,3.987,-1466.825,-7583.4839,-6116.6589,-2272.7288,-887.3446,-3089.3433,3.179,13.0899,4.1177,0.0,6.436,class2_2026_04_27_15_41_02.csv,2,131.46,break,199.737
82.958,259,0.415336,-16.003,-15.7703,0.8158,-14.7017,-16.979,2.2773,1.4135,-89.2463,-136.1012,-46.8549,-1315.047,-90.9091,-1315.047,0.2302,0.3751,1.6292,0.0,2.209,class2_2026_04_27_15_35_32.csv,0,82.96,bend,199.737
131.457,411,0.65815,-16.613,-17.9308,2.288,-13.2359,-30.5717,17.3358,3.95,-1385.4104,-3894.8392,-2509.4288,-3130.0925,-885.3339,-6086.2053,3.1233,13.704,4.3876,0.0,6.686,class2_2026_04_27_15_35_32.csv,1,131.46,break,199.737
127.947,400,0.640577,-8.734,-10.7042,2.0742,-15.9247,-17.8216,1.8969,8.7035,1659.0127,-2614.5102,-4273.5229,-2031.348,9973.3542,-3239.8119,2.9348,8.5611,2.9172,2.871,7.149,class2_2026_04_27_15_35_32.csv,2,127.95,connector,199.737
130.499,408,0.653354,-15.735,-15.4674,2.0971,-12.5078,-25.7672,13.2593,3.5365,242.4235,-3127.0512,-3369.4748,-3184.953,-1970.2194,-6896.5517,2.3686,11.0339,4.6584,0.0,6.594,class2_2026_04_27_15_22_05.csv,0,130.5,break,199.737
127.628,399,0.63898,-8.321,-10.8396,2.2008,-14.2585,-16.1383,1.8798,6.4865,714.0953,-2836.867,-3550.9623,614.4201,8098.7461,-2730.4075,1.502,4.7672,3.174,2.552,6.532,class2_2026_04_27_15_22_05.csv,1,127.63,connector,199.737
80.725,252,0.404156,-15.927,-15.7914,1.3064,-14.6444,-17.9299,3.2856,1.563,41.9727,-443.4093,-485.382,-2186.1192,517.2414,-2186.1192,0.2104,0.7187,3.4162,0.0,3.666,class2_2026_04_27_15_35_45.csv,0,80.73,bend,199.737
127.628,399,0.63898,-9.593,-12.4947,2.8936,-18.0403,-19.8194,1.7792,8.964,1268.2668,-4557.1352,-5825.402,554.8589,9570.5313,-2725.7053,2.557,11.1471,4.3595,2.871,8.996,class2_2026_04_27_15_35_45.csv,1,127.63,connector,199.737
131.138,410,0.656553,-18.163,-21.6187,10.1775,-14.6947,-32.8217,18.127,4.577,-606.9214,-2378.8713,-1771.9499,-2258.0213,-2003.7039,-48147.3401,3.4496,13.7912,3.9979,0.0,34.647,class2_2026_04_27_15_35_45.csv,2,131.14,break,199.737
84.872,265,0.424919,-15.538,-15.5516,0.7285,-14.7484,-16.7769,2.0286,0.9325,-18.7605,-232.7137,-213.9532,-1153.434,-23.511,-1153.434,0.1417,0.3817,2.6941,0.0,1.95,class2_2026_04_27_15_34_05.csv,0,84.87,bend,199.737
131.457,411,0.65815,-17.742,-20.9861,10.3709,-13.1069,-32.1734,19.0665,3.3545,-1458.0729,-2063.9674,-605.8945,-763.3213,-763.3213,-46463.9514,3.2327,14.2192,4.3986,0.0,35.483,class2_2026_04_27_15_34_05.csv,1,131.46,break,199.737
127.947,400,0.640577,-8.5,-10.4532,2.0045,-15.7633,-19.4693,3.706,9.0025,1730.6354,-4855.1542,-6585.7896,-2039.185,9935.3202,-3092.4765,2.9642,11.3554,3.8309,2.871,6.856,class2_2026_04_27_15_34_05.csv,2,127.95,connector,199.737
132.095,413,0.661345,-17.615,-17.5206,2.7177,-10.9914,-27.2794,16.288,2.961,-2446.518,-1991.3303,455.1877,-1865.2038,-1865.2038,-7114.4232,3.3222,12.1826,3.667,0.0,9.468,class1_2026_04_27_14_37_22.csv,0,132.09,break,199.737
127.947,400,0.640577,-6.353,-8.2878,2.0198,-13.4677,-14.3868,0.9191,8.851,1645.4558,-2626.247,-4271.7028,-2010.9718,9655.1724,-3172.4138,2.8918,4.4654,1.5442,2.871,6.919,class1_2026_04_27_14_37_22.csv,1,127.95,connector,199.737
33.502,104,0.167731,-14.708,-14.807,0.3193,-14.4358,-15.7888,1.3531,0.272,-59.217,-306.6408,-247.4238,81.5047,115.9875,-1058.0747,0.133,0.4632,3.484,0.0,1.088,class2_2026_04_27_16_07_33.csv,0,33.5,bend,199.737
127.628,399,0.63898,-7.706,-10.5331,2.7925,-15.5208,-15.2102,-0.3106,8.5665,1112.3813,-2631.6588,-3744.0401,606.5831,9495.2978,-2824.4514,2.2009,4.2794,1.9443,2.871,8.569,class2_2026_04_27_16_07_33.csv,1,127.63,connector,199.737
132.095,413,0.661345,-18.68,-18.9276,2.023,-12.7202,-31.0044,18.2842,3.2435,-2475.4044,-5156.8658,-2681.4615,-1976.4875,-1976.4875,-3978.0564,3.3258,13.4567,4.0461,0.0,5.781,class2_2026_04_27_16_07_33.csv,2,132.09,break,199.737
20.42,63,0.102234,-16.13,-16.453,0.8101,-15.9983,-16.6571,0.6587,0.338,-7.8689,514.0617,521.9305,76.7758,418.4953,-4173.9812,0.1327,1.2756,9.6109,0.0,2.764,class2_2026_04_27_15_57_48.csv,0,20.42,bend,199.737
127.628,399,0.63898,-7.877,-10.7344,2.8207,-15.6564,-16.8108,1.1544,8.5135,1104.3672,-2567.6981,-3672.0653,609.7179,9239.8119,-2818.1818,2.1811,8.8868,4.0744,2.871,8.807,class2_2026_04_27_15_57_48.csv,1,127.63,connector,199.737
131.776,412,0.659748,-18.059,-18.1019,1.8988,-12.7368,-32.6072,19.8704,2.7605,-2038.0236,-5146.263,-3108.2394,-4678.6834,-1648.6791,-45866.7759,3.0861,13.8618,4.4917,0.0,5.355,class2_2026_04_27_15_57_48.csv,2,131.78,break,199.737
125.075,391,0.626198,-16.842,-16.6861,0.9103,-14.9865,-13.4015,-1.585,-0.3935,-269.96,1344.1238,1614.0838,-2084.6395,-714.732,-2084.6395,0.4985,3.1973,6.4133,0.0,2.886,class2_2026_04_27_15_14_19.csv,0,125.07,bend,199.737
131.138,410,0.656553,-17.745,-20.6258,10.5181,-13.4015,-38.4728,25.0713,4.3735,-567.5784,-6856.1131,-6288.5348,-2850.6021,-2285.2665,-49340.1285,3.1973,14.3551,4.4897,0.0,36.052,class2_2026_04_27_15_14_19.csv,1,131.14,break,199.737
127.628,399,0.63898,-8.438,-11.4112,3.0257,-15.2448,-17.5544,2.3096,7.0355,406.0247,-4630.37,-5036.3947,655.1724,10346.5265,-2758.6207,2.0902,8.8229,4.2212,2.552,9.584,class2_2026_04_27_15_14_19.csv,2,127.63,connector,199.737
24.249,75,0.121405,-14.385,-14.8141,0.3628,-14.7139,-15.6178,0.9039,0.827,-87.0546,-197.7445,-110.6899,-467.0846,573.6677,-938.8715,0.4413,0.3499,0.7929,1.914,1.148,class2_2026_04_27_16_07_48.csv,0,24.25,bend,199.737
131.776,412,0.659748,-18.823,-18.4357,2.3674,-12.5934,-26.5644,13.971,3.4375,-2107.9242,158.9022,2266.8264,-2725.7069,-2429.9221,-4843.2602,3.1409,10.538,3.3551,0.0,7.229,class2_2026_04_27_16_07_48.csv,1,131.78,break,199.737
127.628,399,0.63898,-7.701,-10.5019,2.6934,-15.5346,-15.5079,-0.0267,8.626,1139.154,-2633.0117,-3772.1658,539.185,9434.1693,-2702.1944,2.217,4.714,2.1262,2.871,8.195,class2_2026_04_27_16_07_48.csv,2,127.63,connector,199.737
92.849,290,0.464856,-15.687,-15.775,0.9153,-14.8258,-17.1037,2.2779,1.059,-47.7138,-125.9136,-78.1998,-470.2194,275.8621,-1943.5737,0.1954,0.4442,2.2739,0.0,2.574,class2_2026_04_27_15_29_31.csv,0,92.85,bend,199.737
127.628,399,0.63898,-8.623,-11.5591,3.0115,-16.6413,-17.7145,1.0732,8.6895,1181.0796,-2790.9757,-3972.0554,639.4984,10407.0469,-2719.4357,2.2964,8.8023,3.8331,2.871,9.557,class2_2026_04_27_15_29_31.csv,1,127.63,connector,199.737
131.138,410,0.656553,-17.779,-17.7302,2.519,-13.5667,-35.4721,21.9054,4.118,-599.3921,-5014.1327,-4414.7406,-1997.9526,-1997.9526,-48575.2382,3.2017,14.4747,4.521,0.0,8.747,class2_2026_04_27_15_29_31.csv,2,131.14,break,199.737
35.736,111,0.178915,-9.426,-11.4264,1.6247,-14.0156,-13.5324,-0.4832,5.012,647.5378,-1008.9815,-1656.5194,-371.4734,5984.326,-2230.4075,1.2851,1.4678,1.1422,2.233,5.1,class3_2026_04_27_16_18_40.csv,0,35.74,connector,199.737
127.947,400,0.640577,-6.749,-8.6754,2.0,-13.7118,-14.5671,0.8553,8.647,1621.2689,-2536.029,-4157.2979,-2010.9718,9515.674,-3238.2445,2.8208,4.1307,1.4644,2.871,6.848,class3_2026_04_27_16_18_40.csv,1,127.95,connector,199.737
131.776,412,0.659748,-17.645,-16.6571,1.904,-11.257,-24.4405,13.1835,2.909,-2065.5635,-3006.0343,-940.4707,-3056.4263,-1615.5628,-3311.9138,3.1361,9.2667,2.9549,0.0,5.928,class3_2026_04_27_16_18_40.csv,2,131.78,break,199.737
14.677,45,0.073482,-14.669,-14.9027,0.6222,-14.2729,-15.8441,1.5712,0.44,-66.3261,-148.0649,-81.7388,81.5047,81.5047,-2114.4201,0.1617,0.3828,2.3676,0.0,1.763,class2_2026_04_27_16_01_55.csv,0,14.68,bend,199.737
127.947,400,0.640577,-8.164,-10.0918,1.9744,-15.0617,-16.1827,1.1211,8.428,1615.7966,-2771.9936,-4387.7902,-2034.4828,9360.5016,-3098.7461,2.7944,4.3158,1.5444,2.871,6.749,class2_2026_04_27_16_01_55.csv,1,127.95,connector,199.737
131.457,411,0.65815,-17.483,-17.6831,2.4261,-12.614,-32.5474,19.9334,3.5335,-1428.3099,-8353.9134,-6925.6035,-2133.2288,-2133.2288,-4217.8683,3.0597,13.9752,4.5675,0.0,7.405,class2_2026_04_27_16_01_55.csv,2,131.46,break,199.737
73.067,228,0.365816,-15.981,-15.6649,0.809,-14.7182,-16.8311,2.1129,0.968,-32.9091,-192.1085,-159.1994,-1407.5219,98.7461,-1407.5219,0.1434,0.36,2.5105,0.0,2.193,class2_2026_04_27_15_39_26.csv,0,73.07,bend,199.737
131.776,412,0.659748,-18.121,-20.2258,4.3341,-13.3173,-31.8208,18.5035,3.485,-2087.7892,-5529.8184,-3442.0292,-7758.6223,-1730.4075,-11630.094,3.2127,12.9483,4.0303,0.0,14.674,class2_2026_04_27_15_39_26.csv,1,131.78,break,199.737
127.947,400,0.640577,-8.726,-10.6782,2.0103,-15.9786,-17.2397,1.2611,8.784,1731.3604,-3567.6409,-5299.0013,-2028.2132,9554.8589,-3373.0408,2.9567,5.2443,1.7737,2.871,6.879,class2_2026_04_27_15_39_26.csv,2,127.95,connector,199.737
35.417,110,0.177318,-9.429,-11.5544,2.0071,-14.2612,-20.8713,6.6102,5.4245,338.7409,-4713.7585,-5052.4993,2755.4859,6147.3354,-2501.5674,0.8637,13.4691,15.595,2.233,5.49,class3_2026_05_14_13_11_48.csv,0,35.42,connector,199.737
39.565,123,0.198085,-18.878,-25.57,13.159,-13.3918,-40.9943,27.6025,4.76,-1792.2723,-1035.5669,756.7055,-49175.5533,-2334.1686,-49175.5533,2.6809,12.6555,4.7206,0.0,34.552,class3_2026_05_14_13_11_48.csv,1,39.57,break,199.737
69.557,217,0.348243,-18.775,-18.9577,3.0075,-13.7141,-34.3484,20.6343,3.0735,-723.3946,-2302.7724,-1579.3778,-3672.4154,-2106.5831,-6829.1505,1.9299,13.9853,7.2466,0.0,8.602,class3_2026_05_14_13_10_18.csv,0,69.56,break,199.737
66.047,206,0.33067,-10.741,-12.3771,1.6173,-14.4688,-18.7199,4.2512,4.4255,215.2929,-3001.2968,-3216.5897,3236.6771,5208.4639,-2687.7172,0.5452,8.7155,15.9844,2.234,4.422,class3_2026_05_14_13_10_18.csv,1,66.05,connector,199.737
117.418,367,0.587863,-15.923,-15.7058,0.6781,-14.8423,-16.6444,1.8022,1.0465,-77.4794,-105.3117,-27.8323,-1519.7423,184.953,-1519.7423,0.1947,0.261,1.3403,0.0,1.747,class2_2026_04_27_15_18_47.csv,0,117.42,bend,199.737
126.351,395,0.632587,-16.866,-14.1166,3.6227,-16.7523,-13.1301,-3.6222,8.6395,-10.9906,-1387.1288,-1376.1383,3010.0722,3010.0722,666.1442,0.2603,3.5751,13.7347,0.0,9.29,class2_2026_04_27_15_18_47.csv,1,126.35,break,199.737
66.366,207,0.332267,-2.627,-5.7977,3.5672,-13.1806,-9.7513,-3.4293,11.174,1894.8568,-2397.616,-4292.4727,-106.5831,14832.2884,-2813.4796,3.4742,3.659,1.0532,3.51,11.859,class3_2026_05_22_11_06_12.csv,0,66.37,connector,199.737
127.947,400,0.640577,-3.411,-5.3856,2.1625,-13.4217,-11.3759,-2.0458,12.235,2553.5772,-2638.464,-5192.0413,-2095.6113,15685.8388,-3242.9467,4.3289,4.283,0.9894,3.509,7.471,class3_2026_05_22_11_06_12.csv,1,127.95,connector,199.737
72.429,226,0.362622,-14.732,-14.6189,0.4969,-9.7513,-15.2852,5.5339,1.196,-2057.8087,-122.1948,1935.6138,-695.9248,-402.8213,-695.9248,3.659,0.1977,0.054,0.0,1.554,class3_2026_05_22_11_06_12.csv,2,72.43,bend,199.737
133.371,417,0.667733,-16.675,-17.3651,1.9251,-9.7621,-27.1526,17.3905,3.0245,-2617.3499,-3409.2633,-791.9133,-3352.6646,-1081.5031,-3388.7163,4.3125,12.2416,2.8386,0.0,5.488,class3_2026_05_22_11_06_12.csv,3,133.37,break,199.737
89.978,281,0.450482,-16.061,-15.9032,0.627,-14.876,-16.6102,1.7342,0.9885,-145.0515,-24.1905,120.861,-860.2857,-489.0282,-1078.3699,0.271,0.2522,0.9307,0.0,1.881,class2_2026_04_27_15_32_19.csv,0,89.98,bend,199.737
127.947,400,0.640577,-8.529,-10.4897,2.0363,-15.5979,-16.4779,0.88,8.6595,1650.3938,-2737.3891,-4387.7828,-1989.0282,9772.7273,-3150.4702,2.8602,4.2413,1.4829,2.871,6.973,class2_2026_04_27_15_32_19.csv,1,127.95,connector,199.737
131.138,410,0.656553,-16.849,-16.973,2.0727,-13.0998,-30.5091,17.4092,4.055,-664.9811,-3233.5425,-2568.5614,-1316.8812,-1316.8812,-7929.4671,3.1821,13.8291,4.3459,0.0,6.983,class2_2026_04_27_15_32_19.csv,2,131.14,break,199.737
104.017,325,0.52077,-16.296,-15.8433,0.6793,-14.8042,-16.6279,1.8237,1.087,-137.2445,-56.9583,80.2862,-858.9342,-103.4483,-858.9342,0.2534,0.2333,0.9207,0.0,1.798,class2_2026_04_27_15_26_18.csv,0,104.02,bend,199.737
132.414,414,0.662942,-20.201,-25.9911,12.9191,-12.8134,-37.3728,24.5594,3.037,-2526.2621,-1481.637,1044.6251,-4225.7038,-951.4107,-46550.1599,3.4197,14.0244,4.1011,0.0,33.644,class2_2026_04_27_15_26_18.csv,1,132.41,break,199.737
127.947,400,0.640577,-8.114,-10.0301,1.9939,-15.3609,-19.1685,3.8076,8.9235,1714.7819,-2607.6662,-4322.4482,-2021.9436,9462.3824,-3141.0658,2.9665,11.5071,3.879,2.871,6.839,class2_2026_04_27_15_26_18.csv,2,127.95,connector,199.737
131.457,411,0.65815,-15.66,-15.5494,2.1653,-10.759,-28.8204,18.0614,3.6905,-1386.3907,-3573.8768,-2187.4861,-3084.6395,-2563.4222,-3084.6395,3.1158,13.2957,4.2671,0.0,6.726,class1_2026_04_27_14_49_30.csv,0,131.46,break,199.737
127.628,399,0.63898,-5.87,-8.7558,2.8523,-13.8649,-13.7503,-0.1146,8.839,1162.8296,-2655.999,-3818.8286,611.2853,9749.2163,-2733.5423,2.2371,5.0821,2.2717,2.871,8.72,class1_2026_04_27_14_49_30.csv,1,127.63,connector,199.737
132.414,414,0.662942,-18.51,-17.7574,1.716,-11.0786,-30.6899,19.6114,3.315,-2628.3776,-4244.9713,-1616.5937,-2388.7147,-2388.7147,-48106.5862,3.5457,13.7192,3.8692,0.0,5.392,class1_2026_04_27_14_47_19.csv,0,132.41,break,199.737
127.628,399,0.63898,-5.897,-8.796,2.8882,-13.8958,-13.3672,-0.5286,8.85,1146.6167,-2692.6199,-3839.2366,623.8245,9692.79,-2749.2163,2.2386,4.2249,1.8873,2.871,8.894,class1_2026_04_27_14_47_19.csv,1,127.63,connector,199.737
35.736,111,0.178915,-10.603,-12.2663,1.2747,-14.0994,-13.7644,-0.3351,3.7455,416.4384,-702.2785,-1118.7169,-283.6991,4752.3511,-1833.8558,0.9116,1.0426,1.1437,2.233,3.996,class3_2026_05_14_14_36_30.csv,0,35.74,connector,199.737
96.997,303,0.485624,-0.518,-4.0836,4.4836,-13.0369,-7.7799,-5.2569,12.0115,2033.6515,-2654.7964,-4688.4479,1735.1097,16169.279,-5410.6583,3.809,4.1326,1.0849,3.51,14.035,class3_2026_05_14_14_36_30.csv,1,97.0,connector,199.737
127.628,399,0.63898,-1.422,-4.9332,4.3549,-13.8129,-8.861,-4.9519,12.373,2110.8025,-2648.5769,-4759.3793,393.4169,17410.8528,-2818.1818,4.0438,4.3572,1.0775,3.828,14.091,class3_2026_05_14_14_36_30.csv,2,127.63,connector,199.737
133.69,418,0.66933,-16.238,-16.3168,1.7224,-8.861,-24.9981,16.1371,3.166,-2621.7298,-4673.7969,-2052.0672,-2388.7147,-1434.1708,-4012.5376,4.3572,11.2513,2.5823,0.0,5.441,class3_2026_05_14_14_36_30.csv,3,133.69,break,199.737
102.74,321,0.514376,-19.615,-20.4891,2.966,-11.9336,-36.1738,24.2402,2.7815,-2671.1168,-5102.8516,-2431.7348,-10995.2978,-1976.4875,-44847.9639,4.374,13.7852,3.1516,0.0,9.442,class3_2026_05_14_13_21_55.csv,0,102.74,break,199.737
96.997,303,0.485624,-5.04,-7.9552,2.9536,-13.5774,-12.7433,-0.8342,9.52,1357.0815,-2684.0984,-4041.1799,36.0502,11009.4044,-2752.3511,2.606,4.372,1.6777,3.191,9.504,class3_2026_05_14_13_21_55.csv,1,97.0,connector,199.737
67.962,212,0.340257,-14.6,-14.9649,2.1216,-13.8348,-27.1422,13.3073,2.916,552.218,-4677.4416,-5229.6595,-1855.7994,-1749.2163,-5963.9514,1.1972,14.3307,11.9698,0.0,7.108,class3_2026_05_14_13_11_09.csv,0,67.96,break,199.737
66.366,207,0.332267,-11.186,-13.0209,1.2395,-14.3817,-22.4252,8.0435,3.491,345.3989,-5311.767,-5657.1659,-380.8777,4865.2038,-2634.6655,0.7841,12.7142,16.2153,1.596,3.475,class3_2026_05_14_13_11_09.csv,1,66.37,connector,199.737
10.21,31,0.051117,-17.597,-17.4264,1.5326,-10.5811,-29.2979,18.7168,2.347,-2505.4807,-1661.9072,843.5735,-2949.8433,-1716.3009,-48055.0952,3.8615,12.9039,3.3417,0.0,4.752,class3_2026_05_14_14_40_57.csv,0,10.21,break,199.737
127.628,399,0.63898,-5.953,-8.8418,2.8896,-14.0001,-13.5785,-0.4216,8.8825,1156.8891,-2747.641,-3904.5301,581.5047,9520.3762,-2771.1599,2.279,4.4252,1.9417,2.871,8.989,class1_2026_04_27_14_38_20.csv,0,127.63,connector,199.737
132.095,413,0.661345,-17.345,-17.4154,2.2091,-10.9903,-33.9938,23.0035,3.992,-2464.1332,-861.9563,1602.1769,-4340.1238,-2302.0506,-48057.9969,3.3364,14.3098,4.289,0.0,6.571,class1_2026_04_27_14_38_20.csv,1,132.09,break,199.737
131.776,412,0.659748,-17.649,-16.5477,2.1165,-10.8736,-27.0057,16.1321,3.359,-2081.6095,-3504.1799,-1422.5704,-3514.1082,-2034.8502,-3514.1082,3.1778,12.3241,3.8782,0.0,6.681,class1_2026_04_27_14_38_26.csv,0,131.78,break,199.737
127.309,398,0.637383,-6.704,-9.4996,3.4237,-14.4031,-12.7321,-1.671,8.84,598.2653,-2712.8218,-3311.0871,4595.6113,9600.3135,-2655.1724,1.4241,4.359,3.0608,2.871,8.941,class1_2026_04_27_14_38_26.csv,1,127.31,connector,199.737
110.079,344,0.55112,-15.836,-15.8089,0.4408,-14.9179,-16.3253,1.4074,0.6425,-181.8919,-71.6157,110.2762,-250.7853,-62.6959,-967.0831,0.3178,0.2302,0.7244,0.0,1.239,class2_2026_04_27_15_21_50.csv,0,110.08,bend,199.737
127.947,400,0.640577,-7.762,-9.732,2.0434,-14.9518,-15.5816,0.6298,8.8185,1703.1277,-2631.2009,-4334.3286,-1968.652,9746.0815,-3327.5862,2.9046,4.0319,1.3881,2.871,7.018,class2_2026_04_27_15_21_50.csv,1,127.95,connector,199.737
131.776,412,0.659748,-18.504,-17.8816,1.9555,-12.3463,-29.353,17.0067,3.6325,-2128.6417,-6195.9603,-4067.3186,-1703.7618,-1703.7618,-2865.2053,3.2145,12.8466,3.9965,0.0,6.133,class2_2026_04_27_15_21_50.csv,2,131.78,break,199.737
127.947,400,0.640577,-6.337,-8.2576,1.9916,-13.4064,-14.1525,0.7461,8.811,1667.8679,-2615.2226,-4283.0905,-2004.7022,9509.4044,-3175.5486,2.8743,4.0659,1.4146,2.871,6.806,class1_2026_04_27_14_38_09.csv,0,127.95,connector,199.737
132.414,414,0.662942,-18.183,-17.7267,1.6193,-11.1404,-35.5004,24.3599,2.9185,-2651.85,-2092.4316,559.4184,-967.0846,-967.0846,-46826.0219,3.5764,14.5612,4.0715,0.0,4.985,class1_2026_04_27_14_38_09.csv,1,132.41,break,199.737
108.803,340,0.544731,-16.06,-15.7314,0.6538,-14.8399,-16.8079,1.968,1.0555,-70.1627,-249.0814,-178.9187,-813.4796,-166.1442,-813.4796,0.1913,0.4085,2.1357,0.0,1.664,class2_2026_04_27_15_24_02.csv,0,108.8,bend,199.737
127.628,399,0.63898,-7.928,-10.8461,2.9206,-16.0117,-17.3389,1.3272,8.8615,1131.5322,-2675.1061,-3806.6383,623.8245,9985.8934,-2708.4639,2.2798,9.1251,4.0025,2.871,8.905,class2_2026_04_27_15_24_02.csv,1,127.63,connector,199.737
131.776,412,0.659748,-18.354,-19.111,3.0879,-12.8924,-33.3314,20.439,3.4425,-2094.9883,-2593.3024,-498.3141,-2763.3245,-2297.2268,-40587.779,3.2145,13.3535,4.1541,0.0,9.166,class2_2026_04_27_15_24_02.csv,2,131.78,break,199.737
127.628,399,0.63898,-5.884,-8.7549,2.839,-13.8804,-13.6513,-0.2291,8.858,1197.5726,-2611.4154,-3808.9881,608.1505,9498.4326,-2700.627,2.2494,4.7167,2.0968,2.871,8.771,class1_2026_04_27_14_49_22.csv,0,127.63,connector,199.737
131.776,412,0.659748,-16.927,-16.7814,2.8559,-10.8158,-30.6492,19.8334,3.1725,-2096.627,-4984.3839,-2887.7569,-2631.663,-2131.7132,-9686.5204,3.1803,13.7364,4.3193,0.0,10.192,class1_2026_04_27_14_49_22.csv,1,131.78,break,199.737
100.507,314,0.503197,-17.604,-20.9709,10.3849,-12.9769,-37.1397,24.1628,3.673,-1073.0632,-1218.3214,-145.2582,-3341.6928,-2181.8182,-47423.2022,2.4081,14.3325,5.9518,0.0,35.437,class3_2026_05_14_13_00_09.csv,0,100.51,break,199.737
96.678,302,0.484026,-9.421,-11.4277,2.1539,-14.4549,-18.8306,4.3757,5.9395,375.2078,-2593.6663,-2968.8741,3631.6614,6725.7053,-2573.6677,0.8551,11.6005,13.5661,2.233,5.868,class3_2026_05_14_13_00_09.csv,1,96.68,connector,199.737
23.611,73,0.11821,-14.652,-14.8639,0.1984,-14.7186,-15.5894,0.8708,0.468,-139.5419,-247.3645,-107.8226,-95.6113,1105.0157,-636.3636,0.3324,0.3845,1.1568,2.233,0.519,class2_2026_04_27_16_06_20.csv,0,23.61,bend,199.737
127.628,399,0.63898,-7.713,-10.6239,2.9066,-15.5203,-15.2801,-0.2402,8.458,1150.1051,-2551.4163,-3701.5214,628.5266,9554.6668,-2835.4232,2.1842,4.4281,2.0273,2.871,9.051,class2_2026_04_27_16_06_20.csv,1,127.63,connector,199.737
132.095,413,0.661345,-19.381,-19.041,2.464,-12.7473,-30.0637,17.3164,2.4905,-2431.105,-3948.2484,-1517.1434,-490.5956,-490.5956,-7478.0549,3.3059,12.4721,3.7727,0.0,8.064,class2_2026_04_27_16_06_20.csv,2,132.09,break,199.737
35.736,111,0.178915,-10.881,-12.4212,1.1589,-14.1273,-13.7853,-0.342,3.506,407.4064,-647.2027,-1054.6091,-257.0533,4358.9342,-1871.4734,0.8491,0.945,1.113,2.233,3.624,class3_2026_05_14_13_43_30.csv,0,35.74,connector,199.737
127.628,399,0.63898,-1.531,-5.0507,4.1046,-13.2114,-9.0434,-4.168,12.2795,1967.1087,-2638.704,-4605.8127,697.4922,15950.4946,-2830.721,3.6751,4.2825,1.1653,3.828,13.271,class3_2026_05_14_13_43_30.csv,1,127.63,connector,199.737
134.328,420,0.672524,-17.525,-17.5999,1.8469,-10.6205,-27.0492,16.4287,2.362,-2444.3402,-3020.3908,-576.0505,-1457.6771,-1343.2602,-5940.4404,4.143,12.3337,2.977,0.0,6.617,class3_2026_05_14_13_43_30.csv,2,134.33,break,199.737
115.822,362,0.579873,-15.797,-15.7742,0.7433,-14.8253,-16.7149,1.8897,1.146,-89.5776,-115.8868,-26.3092,-1771.1599,89.3417,-1771.1599,0.1896,0.2344,1.2361,0.0,1.973,class2_2026_04_27_15_18_09.csv,0,115.82,bend,199.737
127.628,399,0.63898,-7.795,-10.6864,2.8614,-15.9299,-15.1812,-0.7487,8.7965,1161.9336,-2700.4035,-3862.337,653.605,9866.7712,-2647.3354,2.2969,4.1209,1.7942,2.871,8.688,class2_2026_04_27_15_18_09.csv,1,127.63,connector,199.737
131.457,411,0.65815,-17.711,-17.5118,2.2085,-12.6939,-31.456,18.7621,3.747,-1376.8514,-5440.9438,-4064.0924,-2927.8997,-2472.0957,-4548.5909,3.1346,13.2995,4.2428,0.0,6.69,class2_2026_04_27_15_18_09.csv,2,131.46,break,199.737
134.328,420,0.672524,-18.113,-18.2333,1.7814,-11.0575,-26.431,15.3735,2.018,-2479.3252,-2439.6447,39.6805,-4003.1364,-1352.663,-8272.2871,4.205,10.6886,2.5419,0.0,5.911,class3_2026_05_14_13_42_19.csv,0,134.33,break,199.737
127.628,399,0.63898,-1.94,-5.4732,4.1861,-13.5808,-9.4683,-4.1126,12.3545,1935.5101,-2635.1088,-4570.6189,673.9812,16374.3887,-2746.0815,3.6563,4.3374,1.1863,3.828,13.57,class3_2026_05_14_13_42_19.csv,1,127.63,connector,199.737
35.417,110,0.177318,-7.216,-9.8179,2.8092,-13.9914,-11.9402,-2.0512,7.509,604.2952,-1799.8138,-2404.109,3260.1881,8593.291,-2443.5737,1.3482,2.6007,1.929,2.552,7.568,class3_2026_05_14_13_42_19.csv,2,35.42,connector,199.737
127.628,399,0.63898,-5.9,-8.8109,2.9333,-13.8946,-13.3883,-0.5063,8.832,1124.9186,-2653.0624,-3777.981,587.7743,9634.3667,-2705.3292,2.2474,4.2736,1.9015,2.871,9.122,class1_2026_04_27_14_47_25.csv,0,127.63,connector,199.737
132.733,415,0.664539,-18.819,-18.4393,1.6404,-11.3571,-29.7166,18.3594,3.228,-2653.0624,-489.8958,2163.1665,-2631.663,-2326.0172,-6532.9154,3.8712,12.6532,3.2685,0.0,5.166,class1_2026_04_27_14_47_25.csv,1,132.73,break,199.737
19.782,61,0.09904,-15.873,-16.1741,0.3239,-16.108,-17.1247,1.0167,0.397,48.745,433.9253,385.1802,-454.547,537.6176,-1150.9947,0.1981,2.2457,11.3389,1.595,0.937,class2_2026_04_27_15_58_04.csv,0,19.78,bend,199.737
131.138,410,0.656553,-17.199,-17.1341,2.7157,-12.671,-33.9547,21.2837,3.8305,-657.3246,-2860.6046,-2203.28,-2922.0512,-2214.7335,-5457.6818,3.061,14.3751,4.6961,0.0,7.992,class2_2026_04_27_15_58_04.csv,1,131.14,break,199.737
127.628,399,0.63898,-7.815,-10.6543,2.7522,-15.6542,-18.6671,3.0129,8.6355,1101.725,-2911.8411,-4013.5661,625.3918,9452.9781,-2769.5925,2.1876,11.7104,5.3531,2.871,8.413,class2_2026_04_27_15_58_04.csv,2,127.63,connector,199.737
90.935,284,0.455274,-15.783,-15.8527,1.1128,-14.7446,-17.7203,2.9757,1.489,5.2453,-274.4342,-279.6795,-2529.7806,312.7261,-2529.7806,0.1381,0.6452,4.6738,0.0,3.045,class2_2026_04_27_15_30_46.csv,0,90.94,bend,199.737
127.628,399,0.63898,-9.003,-11.8481,2.7953,-17.1494,-18.0321,0.8827,8.7075,1310.3765,-2688.4938,-3998.8703,605.0157,9235.1097,-2661.442,2.3803,8.7911,3.6932,2.871,8.7,class2_2026_04_27_15_30_46.csv,1,127.63,connector,199.737
130.818,409,0.654951,-16.939,-17.1377,2.5481,-13.9126,-32.267,18.3544,4.1095,109.3906,-7619.8729,-7729.2635,-1749.0059,-1749.0059,-7177.1176,3.148,14.1755,4.503,0.0,8.743,class2_2026_04_27_15_30_46.csv,2,130.82,break,199.737
134.328,420,0.672524,-18.012,-18.0912,1.9294,-10.8596,-27.7523,16.8927,2.8595,-2501.325,-5950.5632,-3449.2381,-1493.7288,-1493.7288,-3882.4436,4.225,11.956,2.8298,0.0,6.827,class3_2026_05_14_13_43_49.csv,0,134.33,break,199.737
35.417,110,0.177318,-8.897,-11.0866,2.2429,-14.1444,-12.7346,-1.4098,5.827,390.9882,-1385.4986,-1776.4868,3059.5611,6741.3793,-2294.6708,0.939,1.9783,2.1068,2.552,6.051,class3_2026_05_14_13_43_49.csv,1,35.42,connector,199.737
127.947,400,0.640577,-2.108,-4.1808,2.2476,-12.6258,-10.0461,-2.5797,12.4915,2650.8879,-2629.6443,-5280.5323,-1918.4953,15751.1823,-3236.6771,4.4817,4.2511,0.9485,3.828,7.782,class3_2026_05_14_13_43_49.csv,2,127.95,connector,199.737
127.628,399,0.63898,-5.879,-8.7768,2.8957,-13.8492,-13.3797,-0.4695,8.813,1125.0358,-2613.4018,-3738.4376,628.5266,9733.5423,-2744.5141,2.2327,4.3469,1.9469,2.871,8.909,class1_2026_04_27_14_48_38.csv,0,127.63,connector,199.737
132.095,413,0.661345,-17.466,-17.1244,2.2437,-10.8756,-32.2516,21.3759,3.109,-2417.6279,-4830.1358,-2412.5079,-2191.2241,-1829.2487,-11697.4937,3.2836,14.1823,4.3192,0.0,7.486,class1_2026_04_27_14_48_38.csv,1,132.09,break,199.737
66.366,207,0.332267,-9.828,-11.9171,1.5673,-14.2048,-17.0381,2.8332,4.8645,566.0032,-2344.6255,-2910.6287,-305.6426,5744.5141,-2945.1411,1.154,3.6923,3.1996,2.234,4.862,class3_2026_05_14_13_10_25.csv,0,66.37,connector,199.737
69.876,218,0.34984,-19.255,-18.5119,1.6033,-13.8198,-35.5606,21.7408,3.1155,-1359.8364,-8796.8554,-7437.019,1072.1003,1072.1003,-4051.0802,2.5025,14.4046,5.756,0.0,4.835,class3_2026_05_14_13_10_25.csv,1,69.88,break,199.737
107.526,336,0.538338,-16.321,-16.387,0.5075,-15.0615,-16.9027,1.8412,1.1485,-324.1094,-21.9087,302.2007,-581.5016,-526.6442,-704.9528,0.5105,0.2098,0.4109,0.0,1.779,class2_2026_04_27_15_24_13.csv,0,107.53,bend,199.737
131.776,412,0.659748,-18.49,-18.1669,2.0902,-12.9357,-27.6342,14.6985,2.9155,-2047.4657,-983.5214,1063.9443,-1584.6426,-1584.6426,-4680.2508,3.1981,12.0098,3.7552,0.0,7.403,class2_2026_04_27_15_24_13.csv,1,131.78,break,199.737
127.628,399,0.63898,-7.985,-10.9376,2.9854,-16.1442,-15.2293,-0.9149,8.927,1194.7305,-2505.533,-3700.2635,669.279,9926.5182,-2810.3448,2.306,4.0183,1.7426,2.871,9.327,class2_2026_04_27_15_24_13.csv,2,127.63,connector,199.737
47.541,148,0.238018,-15.876,-15.6003,0.8634,-14.6553,-16.8821,2.2268,1.248,-26.9528,-169.5161,-142.5632,-1545.4545,-73.6677,-1545.4545,0.1728,0.3508,2.0296,0.0,2.557,class2_2026_04_27_15_46_41.csv,0,47.54,bend,199.737
127.628,399,0.63898,-8.431,-11.3119,2.8301,-16.493,-17.4849,0.9919,8.677,1219.6472,-2760.6801,-3980.3273,605.0157,9637.931,-2699.0596,2.2918,8.823,3.8498,2.871,8.683,class2_2026_04_27_15_46_41.csv,1,127.63,connector,199.737
131.138,410,0.656553,-17.026,-17.5002,2.5974,-13.3621,-29.0282,15.6661,3.8895,-643.1115,-2878.1965,-2235.085,-2129.4193,-1793.4712,-7749.2163,3.1501,13.0481,4.1422,0.0,8.993,class2_2026_04_27_15_46_41.csv,2,131.14,break,199.737
36.055,112,0.180512,-13.437,-13.8711,0.3998,-14.3331,-14.4604,0.1273,1.289,205.4502,-137.6491,-343.0993,-1092.4765,1495.2978,-1092.4765,0.3882,0.2338,0.6023,1.276,1.193,class3_2026_05_14_13_18_55.csv,0,36.05,connector,199.737
96.678,302,0.484026,-6.424,-11.8998,2.7984,-14.6962,-16.4532,1.7571,8.2865,19.4329,-1690.583,-1710.016,8081.5047,12890.2821,-5554.8589,0.097,8.6542,89.257,1.276,8.314,class3_2026_05_14_13_18_55.csv,1,96.68,connector,199.737
99.55,311,0.498405,-15.699,-15.5599,2.5164,-12.9834,-21.5175,8.5341,3.6445,496.0345,-1083.6886,-1579.7231,-8296.2398,5762.2153,-8296.2398,2.4327,10.3952,4.273,0.0,8.56,class3_2026_05_14_13_18_55.csv,2,99.55,break,199.737
35.417,110,0.177318,-9.53,-11.5964,1.933,-14.2643,-21.2223,6.958,5.3275,373.9101,-5066.5341,-5440.4442,2873.0408,6148.9028,-2697.4922,0.8264,13.4852,16.3187,2.233,5.274,class3_2026_04_27_16_18_00.csv,0,35.42,connector,199.737
37.331,116,0.186901,-13.349,-13.2852,2.2173,-12.9404,-29.3184,16.378,4.8285,1113.1738,-7149.2534,-8262.4273,-2929.4671,-2326.0188,-3166.1426,1.9823,14.8102,7.4713,0.0,7.103,class3_2026_04_27_16_18_00.csv,1,37.33,break,199.737
11.486,35,0.057506,-18.721,-19.617,1.8313,-14.1284,-27.9398,13.8113,1.8395,-1800.0151,-2702.5712,-902.5561,-4856.1713,-178.685,-4856.1713,3.3336,11.7788,3.5334,0.0,5.564,class3_2026_05_14_13_17_52.csv,0,11.49,break,199.737
65.728,205,0.329073,-16.035,-15.8304,0.9178,-14.6622,-17.2953,2.6332,1.3125,-110.2104,-336.4482,-226.2379,-1260.1897,173.9812,-1492.3886,0.2404,0.5062,2.1061,0.0,2.698,class2_2026_04_27_15_51_56.csv,0,65.73,bend,199.737
130.818,409,0.654951,-17.125,-16.9703,2.5693,-13.5929,-29.4268,15.8339,4.458,34.1269,-3964.006,-3998.1329,-1899.9899,-1899.9899,-5537.6191,3.1867,12.9026,4.0488,0.0,8.468,class2_2026_04_27_15_51_56.csv,1,130.82,break,199.737
127.628,399,0.63898,-8.631,-11.4908,2.7961,-16.7676,-19.2936,2.5259,8.803,1294.7292,-2694.3593,-3989.0885,586.2069,9382.4451,-2741.3793,2.3388,11.4547,4.8976,2.871,8.655,class2_2026_04_27_15_51_56.csv,2,127.63,connector,199.737
12.125,37,0.060705,-14.232,-14.5662,0.4793,-13.5937,-16.1557,2.5621,0.28,-257.3056,-449.6074,-192.3018,-145.768,159.995,-1489.0282,0.8388,0.7237,0.8628,0.638,1.458,class2_2026_04_27_16_00_46.csv,0,12.12,bend,199.737
131.138,410,0.656553,-16.776,-17.0624,2.1138,-13.1693,-32.1382,18.9689,3.834,-627.3951,-5843.3947,-5215.9995,-2720.186,-1877.1729,-7114.4232,3.061,14.2329,4.6498,0.0,6.293,class2_2026_04_27_16_00_46.csv,1,131.14,break,199.737
127.947,400,0.640577,-8.725,-10.6498,1.9903,-15.7026,-16.5782,0.8756,8.4865,1721.2204,-2722.9844,-4444.2048,-2029.7806,9484.326,-3213.1661,2.849,4.2004,1.4744,2.871,6.817,class2_2026_04_27_16_00_46.csv,2,127.95,connector,199.737
104.655,327,0.523964,-15.819,-15.9497,0.6513,-14.8968,-16.8511,1.9543,1.372,-182.701,-116.0026,66.6984,-973.3558,-203.7618,-1194.3558,0.3726,0.355,0.9528,0.0,1.945,class2_2026_04_27_15_26_06.csv,0,104.66,bend,199.737
127.628,399,0.63898,-7.963,-10.8904,2.9082,-15.9495,-15.3426,-0.6069,8.7465,1172.209,-2651.9691,-3824.1781,626.9592,9559.5611,-2684.953,2.2415,4.1417,1.8478,2.871,9.051,class2_2026_04_27_15_26_06.csv,1,127.63,connector,199.737
131.776,412,0.659748,-18.757,-18.5721,2.2181,-12.8908,-33.9298,21.0391,2.857,-2061.6428,-4931.6656,-2870.0228,-4568.9671,-1752.2991,-4568.9671,3.1629,14.3433,4.5349,0.0,6.782,class2_2026_04_27_15_26_06.csv,2,131.78,break,199.737
62.538,195,0.313102,-15.551,-15.5422,0.6438,-14.6419,-16.4682,1.8263,0.9165,-94.653,-74.8946,19.7584,-1083.0721,-371.4734,-1390.2821,0.1842,0.31,1.6836,0.0,1.825,class2_2026_04_27_15_53_40.csv,0,62.54,bend,199.737
131.457,411,0.65815,-17.922,-20.9166,10.4412,-12.7471,-32.647,19.8999,3.661,-1375.5683,-4233.2246,-2857.6563,-4047.0219,-1611.6272,-48885.5831,3.0769,13.8942,4.5157,0.0,35.841,class2_2026_04_27_15_53_40.csv,1,131.46,break,199.737
127.628,399,0.63898,-7.887,-10.7451,2.8178,-15.9291,-17.1206,1.1915,8.695,1235.181,-5079.249,-6314.43,608.1505,9581.5047,-2888.7147,2.278,8.9956,3.949,2.871,8.639,class2_2026_04_27_15_53_40.csv,2,127.63,connector,199.737
132.095,413,0.661345,-17.392,-17.3263,2.1191,-10.9676,-29.0333,18.0658,3.7775,-2472.2293,-3154.5339,-682.3046,-3368.3386,-2491.9732,-3368.3386,3.3488,13.0151,3.8865,0.0,6.558,class1_2026_04_27_14_39_28.csv,0,132.09,break,199.737
127.628,399,0.63898,-5.927,-8.8199,2.8946,-13.9174,-13.5112,-0.4063,8.85,1150.4725,-2722.863,-3873.3355,594.0439,9562.183,-2768.0251,2.2548,4.3778,1.9416,2.871,9.028,class1_2026_04_27_14_39_28.csv,1,127.63,connector,199.737
35.736,111,0.178915,-9.346,-11.3738,1.6506,-14.0247,-13.4571,-0.5677,5.0845,627.6757,-1018.6772,-1646.353,-358.9342,6183.3856,-2233.5423,1.2978,1.4787,1.1394,2.552,5.154,class3_2026_05_14_13_12_07.csv,0,35.74,connector,199.737
127.947,400,0.640577,-0.157,-1.4353,2.0306,-12.1034,-6.828,-5.2754,10.767,3258.4014,-2605.1636,-5863.565,0.0,20765.8547,-5120.6897,5.4957,4.2477,0.7729,3.828,6.223,class3_2026_05_14_13_12_07.csv,1,127.95,connector,199.737
136.562,427,0.683709,-17.849,-17.4591,0.9498,-12.5661,-25.6717,13.1057,1.832,-1825.1406,-3838.7524,-2013.6118,-1065.8323,-1065.8323,-1684.9545,3.3883,11.3569,3.3518,0.0,2.799,class3_2026_05_14_13_12_07.csv,2,136.56,break,199.737
133.371,417,0.667733,-18.38,-18.1531,2.245,-10.2235,-31.1819,20.9584,2.787,-2655.663,-3991.9292,-1336.2662,-4000.0,-1874.6066,-8130.094,4.3601,13.3618,3.0645,0.0,7.926,class3_2026_05_14_13_42_54.csv,0,133.37,break,199.737
37.969,118,0.190095,-14.856,-14.4593,1.2703,-13.1639,-16.2242,3.0603,2.745,447.0742,-241.9646,-689.0388,-1460.815,-1460.815,-1460.815,1.5461,0.4007,0.2592,0.0,3.686,class3_2026_05_14_13_42_54.csv,1,37.97,bend,199.737
35.736,111,0.178915,-10.127,-11.9828,1.3806,-14.0373,-14.8393,0.802,4.3215,532.5804,-1260.602,-1793.1824,-362.069,5065.8307,-2228.8401,1.0552,1.8387,1.7425,2.233,4.298,class3_2026_05_14_13_42_54.csv,2,35.74,connector,199.737
127.628,399,0.63898,-3.469,-6.9587,4.0932,-15.0976,-11.0519,-4.0457,12.49,1931.8673,-2677.2286,-4609.0959,771.1599,15834.933,-2763.3229,3.6533,4.4143,1.2083,3.828,13.202,class3_2026_05_14_13_42_54.csv,3,127.63,connector,199.737
131.776,412,0.659748,-16.707,-16.3736,2.1953,-10.8399,-28.5933,17.7534,3.0765,-2065.6684,-4767.0014,-2701.333,-2553.2915,-1982.0924,-4205.3292,3.1898,13.2952,4.168,0.0,7.449,class1_2026_04_27_14_45_33.csv,0,131.78,break,199.737
127.628,399,0.63898,-5.91,-8.801,2.8957,-13.933,-13.4468,-0.4862,8.8685,1147.5282,-2616.7712,-3764.2995,594.0439,9680.2508,-2750.7837,2.2597,4.3833,1.9398,2.871,8.936,class1_2026_04_27_14_45_33.csv,1,127.63,connector,199.737
131.776,412,0.659748,-17.062,-16.6098,2.411,-10.8288,-29.3778,18.549,3.3705,-2068.7634,-3005.1505,-936.3871,-3095.6113,-2368.0725,-5073.6708,3.1874,12.8947,4.0456,0.0,7.877,class1_2026_04_27_14_47_57.csv,0,131.78,break,199.737
127.628,399,0.63898,-5.893,-8.8061,2.9146,-13.8877,-13.4799,-0.4078,8.8015,1121.8511,-2656.7155,-3778.5666,598.7461,9615.9875,-2700.627,2.2434,4.402,1.9622,2.871,9.051,class1_2026_04_27_14_47_57.csv,1,127.63,connector,199.737
132.414,414,0.662942,-18.122,-17.9022,1.7498,-11.1704,-28.2282,17.0578,3.3265,-2663.1358,-6748.4019,-4085.2661,-2001.569,-1652.0361,-2786.8339,3.5933,11.8267,3.2913,0.0,5.743,class1_2026_04_27_14_37_11.csv,0,132.41,break,199.737
127.947,400,0.640577,-6.36,-8.2891,2.0147,-13.4618,-14.2454,0.7837,8.8465,1686.8379,-2654.6996,-4341.5375,-2039.185,9617.5549,-3257.0533,2.8914,4.159,1.4384,2.871,6.904,class1_2026_04_27_14_37_11.csv,1,127.95,connector,199.737
96.997,303,0.485624,-8.567,-10.978,2.0336,-14.1344,-16.0083,1.8738,6.17,707.8945,-2416.5173,-3124.4117,152.0376,7463.9498,-2821.3166,1.4715,4.1392,2.813,2.552,6.21,class3_2026_05_14_13_18_31.csv,0,97.0,connector,199.737
35.736,111,0.178915,-13.152,-13.8534,0.4479,-14.3492,-14.3874,0.0382,1.273,134.5139,-224.1762,-358.6901,-114.4201,1601.8809,-1089.3417,0.2936,0.3399,1.1576,1.276,1.424,class3_2026_05_14_13_18_31.csv,1,35.74,connector,199.737
100.826,315,0.504794,-18.115,-17.991,1.8,-12.9757,-22.4454,9.4697,3.074,-1605.1598,271.0146,1876.1745,-3161.442,-1327.5862,-8131.6614,2.682,6.9127,2.5774,0.0,6.305,class3_2026_05_14_13_18_31.csv,2,100.83,break,199.737
50.732,158,0.253994,-15.809,-15.5176,0.5704,-14.6423,-16.4567,1.8144,1.047,-118.8113,-168.0601,-49.2488,-909.0909,-122.2571,-1427.9013,0.2494,0.3626,1.4538,0.0,1.644,class2_2026_04_27_15_47_51.csv,0,50.73,bend,199.737
131.457,411,0.65815,-17.48,-17.385,2.0662,-12.7561,-35.6707,22.9147,3.1335,-1414.0515,-5438.0449,-4023.9934,-1333.8558,-1333.8558,-5517.2414,3.1172,14.4113,4.6231,0.0,6.968,class2_2026_04_27_15_47_51.csv,1,131.46,break,199.737
127.628,399,0.63898,-7.855,-10.7439,2.8518,-15.9375,-16.7737,0.8362,8.8595,1227.4113,-2688.7517,-3916.163,636.3636,9684.953,-2874.6082,2.2781,8.8787,3.8973,2.871,8.733,class2_2026_04_27_15_47_51.csv,2,127.63,connector,199.737
37.969,118,0.190095,-15.322,-15.5489,0.9632,-14.5617,-17.2406,2.6789,1.027,-23.2326,-243.5051,-220.2725,-1470.2194,130.094,-1998.4326,0.1339,0.5073,3.7882,0.0,2.485,class2_2026_04_27_15_42_56.csv,0,37.97,bend,199.737
127.628,399,0.63898,-8.845,-11.7892,2.9865,-16.9864,-18.1315,1.1451,8.737,1289.0794,-2857.1698,-4146.2492,557.9937,10057.1694,-2764.8903,2.3414,8.9215,3.8104,2.871,9.372,class2_2026_04_27_15_42_56.csv,1,127.63,connector,199.737
131.138,410,0.656553,-18.068,-18.0107,2.7509,-13.7721,-29.8691,16.0969,3.582,-581.7342,-1465.0289,-883.2947,-1178.6994,-1178.6994,-42909.094,3.1648,12.6853,4.0082,0.0,8.13,class2_2026_04_27_15_42_56.csv,2,131.14,break,199.737
82.958,259,0.415336,-15.29,-15.3694,0.6432,-14.6899,-16.3353,1.6454,0.833,-0.3231,-118.4691,-118.146,-1178.6834,402.8213,-1178.6834,0.1202,0.273,2.2705,0.0,1.925,class2_2026_04_27_15_34_55.csv,0,82.96,bend,199.737
131.457,411,0.65815,-17.586,-17.9238,2.858,-12.5197,-31.027,18.5073,4.4565,-1359.2192,-4262.309,-2903.0898,-6089.3433,-2431.7825,-46318.1834,3.0597,13.384,4.3743,0.0,8.701,class2_2026_04_27_15_34_55.csv,1,131.46,break,199.737
127.947,400,0.640577,-8.087,-10.0079,1.9782,-15.288,-17.8014,2.5134,8.882,1691.4215,-2975.3553,-4666.7768,-1978.0564,9393.4169,-3275.8621,2.9345,8.8755,3.0245,2.871,6.761,class2_2026_04_27_15_34_55.csv,2,127.95,connector,199.737
10.21,31,0.051117,-14.286,-14.3251,0.3625,-11.875,-15.7291,3.8541,0.3395,-1008.6264,-452.1116,556.5148,-272.7273,105.0157,-1363.6299,2.2076,0.6762,0.3063,0.0,1.241,class2_2026_04_27_16_00_02.csv,0,10.21,bend,199.737
127.628,399,0.63898,-8.066,-10.8382,2.6901,-15.8439,-15.4496,-0.3943,8.6015,1142.8912,-2760.8467,-3903.738,575.2351,9300.9404,-2799.373,2.1947,4.0744,1.8565,2.871,8.205,class2_2026_04_27_16_00_02.csv,1,127.63,connector,199.737
131.138,410,0.656553,-16.861,-17.1291,2.366,-12.8866,-27.1823,14.2957,3.7245,-708.1629,-2051.4143,-1343.2514,-2388.9762,-2023.511,-3985.8918,3.052,12.2211,4.0042,0.0,7.426,class2_2026_04_27_16_00_02.csv,2,131.14,break,199.737
103.059,322,0.515974,-16.056,-16.1476,0.4891,-14.958,-16.6433,1.6853,0.546,-227.2148,-13.6426,213.5722,-1432.6019,-261.7555,-1432.6019,0.4024,0.3159,0.7851,0.0,1.296,class2_2026_04_27_15_25_41.csv,0,103.06,bend,199.737
127.628,399,0.63898,-7.724,-10.5767,2.8275,-15.6794,-15.0276,-0.6518,8.5815,1142.0739,-2721.4329,-3863.5068,677.116,9793.1034,-2716.3009,2.2361,4.0017,1.7896,2.871,8.555,class2_2026_04_27_15_25_41.csv,1,127.63,connector,199.737
131.776,412,0.659748,-18.61,-17.9699,1.6604,-12.6553,-30.7557,18.1004,3.539,-2141.849,-4776.3183,-2634.4693,-2332.29,-2332.29,-2332.29,3.2058,13.624,4.2498,0.0,4.928,class2_2026_04_27_15_25_41.csv,2,131.78,break,199.737
134.647,421,0.674121,-18.271,-18.783,1.2761,-12.3089,-34.6086,22.2997,1.888,-2413.7676,-5952.4286,-3538.6609,-3230.406,-175.5486,-6351.2703,4.1017,13.8426,3.3748,0.0,4.007,class3_2026_05_14_13_23_04.csv,0,134.65,break,199.737
127.309,398,0.637383,-3.189,-7.054,5.0669,-14.6127,-9.1364,-5.4763,12.32,1151.1149,-2631.0722,-3782.1871,4804.0752,16205.5207,-2691.2226,2.5294,4.2856,1.6943,3.828,13.423,class3_2026_05_14_13_23_04.csv,1,127.31,connector,199.737
127.628,399,0.63898,-5.91,-8.801,2.8957,-13.933,-13.4468,-0.4862,8.8685,1147.5282,-2616.7712,-3764.2995,594.0439,9680.2508,-2750.7837,2.2597,4.3833,1.9398,2.871,8.936,class1_2026_04_27_14_44_55.csv,0,127.63,connector,199.737
132.414,414,0.662942,-17.912,-17.8602,2.0627,-11.0536,-30.6062,19.5526,2.9195,-2593.7949,-4497.3791,-1903.5842,-1785.2665,-1785.2665,-4205.3292,3.5047,13.679,3.903,0.0,6.172,class1_2026_04_27_14_44_55.csv,1,132.41,break,199.737
118.056,369,0.591057,-16.182,-15.9138,0.7601,-14.8468,-16.8377,1.9908,1.4215,-134.2358,-142.9453,-8.7095,-1155.1708,-197.4922,-1155.1708,0.2716,0.3344,1.2312,0.0,2.271,class2_2026_04_27_15_16_58.csv,0,118.06,bend,199.737
126.032,394,0.63099,-17.112,-15.4061,3.039,-17.0422,-13.1509,-3.8913,7.8385,-114.0623,-600.1028,-486.0405,194.3558,677.1176,194.3558,0.3428,3.3435,9.7537,0.0,8.748,class2_2026_04_27_15_16_58.csv,1,126.03,break,199.737
66.047,206,0.33067,-16.008,-15.7198,0.7866,-14.6634,-17.1249,2.4615,1.271,-104.387,-283.1387,-178.7517,-1122.2571,-43.8871,-1122.2571,0.2409,0.4784,1.9858,0.0,2.105,class2_2026_04_27_15_51_44.csv,0,66.05,bend,199.737
127.628,399,0.63898,-8.484,-11.3596,2.8646,-16.4586,-19.1361,2.6775,8.7555,1139.025,-2732.7236,-3871.7487,570.5329,9426.3323,-2700.627,2.2582,11.508,5.0962,2.871,8.922,class2_2026_04_27_15_51_44.csv,1,127.63,connector,199.737
131.776,412,0.659748,-18.143,-25.3589,13.2327,-13.4351,-36.3416,22.9065,3.2985,-2124.7224,484.7531,2609.4755,-3147.3354,-1485.8934,-46141.069,3.2066,13.7256,4.2804,0.0,34.381,class2_2026_04_27_15_51_44.csv,2,131.78,break,199.737
38.607,120,0.193289,-17.502,-20.3311,10.599,-13.1851,-31.3087,18.1236,3.0865,-283.5816,376.9357,660.5173,-2221.0031,-2221.0031,-49410.663,2.0219,13.3521,6.6039,0.0,36.126,class3_2026_05_14_12_58_49.csv,0,38.61,break,199.737
35.417,110,0.177318,-9.801,-11.8251,1.8977,-14.2899,-22.8093,8.5193,5.096,304.1607,-4759.4559,-5063.6165,2838.558,5967.0846,-2598.7461,0.7694,14.8518,19.3021,2.233,5.329,class3_2026_05_14_12_58_49.csv,1,35.42,connector,199.737
107.526,336,0.538338,-16.084,-15.945,0.6224,-14.9109,-16.7626,1.8517,1.0525,-165.2389,-142.4036,22.8354,-451.4107,-451.4107,-1391.8495,0.3191,0.3438,1.0773,0.0,1.977,class2_2026_04_27_15_24_25.csv,0,107.53,bend,199.737
127.947,400,0.640577,-8.246,-10.1938,2.0049,-15.4501,-17.8142,2.3641,8.87,1711.955,-2479.7061,-4191.6611,-1987.4608,9518.8088,-3224.1379,2.9169,8.8689,3.0405,2.871,6.865,class2_2026_04_27_15_24_25.csv,1,127.95,connector,199.737
131.776,412,0.659748,-18.926,-18.3294,2.4741,-12.7711,-35.8112,23.0401,2.985,-2040.1609,-3577.532,-1537.3711,-2341.6912,-2200.9964,-7478.0564,3.1423,14.19,4.5158,0.0,8.826,class2_2026_04_27_15_24_25.csv,2,131.78,break,199.737
20.42,63,0.102234,-16.227,-16.7248,1.0083,-16.2106,-16.8476,0.6369,0.3445,36.5238,592.1182,555.5944,-438.6023,443.5737,-5755.4843,0.1709,1.4143,8.2756,0.0,3.475,class2_2026_04_27_15_57_16.csv,0,20.42,bend,199.737
127.628,399,0.63898,-8.085,-10.9596,2.8782,-15.8068,-15.4828,-0.324,8.457,1091.8713,-2680.8148,-3772.6861,645.768,9487.008,-2705.3292,2.1609,4.0917,1.8935,2.871,8.969,class2_2026_04_27_15_57_16.csv,1,127.63,connector,199.737
131.138,410,0.656553,-17.047,-17.0342,2.186,-12.9419,-27.3127,14.3707,4.005,-651.5978,-5218.6972,-4567.0995,-2112.484,-2062.6959,-2957.6787,3.0946,12.1492,3.926,0.0,6.805,class2_2026_04_27_15_57_16.csv,2,131.14,break,199.737
127.628,399,0.63898,-5.91,-8.801,2.8957,-13.933,-13.4468,-0.4862,8.8685,1147.5282,-2616.7712,-3764.2995,594.0439,9680.2508,-2750.7837,2.2597,4.3833,1.9398,2.871,8.936,class1_2026_04_27_14_45_40.csv,0,127.63,connector,199.737
132.095,413,0.661345,-16.973,-17.2306,2.2479,-10.9354,-28.8291,17.8937,3.2315,-2461.6792,-3437.6475,-975.9683,-1888.7147,-1888.7147,-4205.3292,3.3349,13.1235,3.9352,0.0,6.717,class1_2026_04_27_14_45_40.csv,1,132.09,break,199.737
121.246,379,0.607028,-16.651,-16.3329,0.9349,-14.8586,-17.0139,2.1553,1.342,-170.5232,-87.1727,83.3506,-1893.4169,-1247.6473,-1893.4169,0.4461,1.3633,3.0558,0.0,2.926,class2_2026_04_27_15_13_34.csv,0,121.25,bend,199.737
131.457,411,0.65815,-18.03,-18.297,2.0454,-13.6628,-32.3987,18.7358,3.754,-1364.4425,-1720.1324,-355.6899,-4833.8558,-1953.3665,-46274.2962,3.1077,14.0257,4.5132,0.0,5.486,class2_2026_04_27_15_13_34.csv,1,131.46,break,199.737
127.947,400,0.640577,-9.164,-11.1224,2.0586,-16.1267,-18.5141,2.3874,8.4925,1607.2881,-2529.4245,-4136.7126,-1989.0282,9904.3887,-3250.7837,2.8188,8.5983,3.0504,2.871,7.077,class2_2026_04_27_15_13_34.csv,2,127.95,connector,199.737
127.628,399,0.63898,-5.974,-8.8658,2.8784,-13.9979,-13.5111,-0.4868,8.8785,1145.7939,-2611.1539,-3756.9479,579.9373,9655.1724,-2695.9248,2.2627,4.3753,1.9337,2.871,8.891,class1_2026_04_27_14_36_42.csv,0,127.63,connector,199.737
132.095,413,0.661345,-17.207,-17.2667,2.2963,-11.0201,-27.7734,16.7533,3.338,-2481.9748,-4997.247,-2515.2722,-695.9263,-695.9263,-5324.4498,3.3578,11.9686,3.5644,0.0,7.924,class1_2026_04_27_14_36_42.csv,1,132.09,break,199.737
20.74,64,0.103837,-17.26,-17.3382,1.6074,-16.2878,-17.0323,0.7445,0.452,44.3458,723.3923,679.0465,-618.6478,-23.5094,-5782.1317,0.2373,1.579,6.655,0.0,4.97,class2_2026_04_27_15_59_08.csv,0,20.74,bend,199.737
127.628,399,0.63898,-8.105,-10.9561,2.8221,-15.898,-18.6777,2.7797,8.57,1057.5467,-4596.5573,-5654.104,622.2571,9296.2382,-2836.9906,2.1972,11.6014,5.2801,2.871,8.783,class2_2026_04_27_15_59_08.csv,1,127.63,connector,199.737
131.138,410,0.656553,-16.766,-20.2077,10.6476,-13.0105,-35.0428,22.0323,4.1905,-625.7112,-5994.5245,-5368.8133,-3494.8141,-2034.4828,-49641.069,3.1416,14.8843,4.7378,0.0,36.274,class2_2026_04_27_15_59_08.csv,2,131.14,break,199.737
99.55,311,0.498405,-16.013,-15.7821,0.5381,-14.8171,-16.7923,1.9752,1.248,-183.7012,-202.4874,-18.7862,-594.0439,-581.5047,-764.8918,0.3204,0.3687,1.1508,0.0,1.676,class2_2026_04_27_15_23_25.csv,0,99.55,bend,199.737
131.457,411,0.65815,-17.296,-20.6782,10.4887,-12.8121,-36.0816,23.2695,4.1565,-1350.412,-3060.9544,-1710.5424,-5297.8072,-2028.3317,-48724.1426,3.1814,14.0195,4.4066,0.0,35.844,class2_2026_04_27_15_23_25.csv,1,131.46,break,199.737
127.309,398,0.637383,-8.653,-11.487,3.4772,-16.4096,-17.7551,1.3455,8.6765,504.4035,-2656.7194,-3161.1229,4728.8401,9757.0533,-2595.6113,1.4624,11.9159,8.1483,2.871,8.984,class2_2026_04_27_15_23_25.csv,2,127.31,connector,199.737
132.414,414,0.662942,-18.416,-18.6928,2.9611,-11.0869,-34.0467,22.9598,3.825,-2644.2596,-6702.9518,-4058.6922,-4289.9671,-2599.7027,-7990.5987,3.5632,14.2796,4.0075,0.0,10.495,class1_2026_04_27_14_47_07.csv,0,132.41,break,199.737
127.628,399,0.63898,-5.896,-8.8027,2.9004,-13.8879,-13.5644,-0.3234,8.8115,1134.8882,-2698.7633,-3833.6515,636.3636,9567.3981,-2736.6771,2.2359,4.4967,2.0112,2.871,9.0,class1_2026_04_27_14_47_07.csv,1,127.63,connector,199.737
67.962,212,0.340257,-15.149,-15.35,0.688,-14.6427,-16.6216,1.9789,0.7015,9.3692,-200.3055,-209.6747,-1487.4608,267.5653,-1832.29,0.0979,0.4303,4.3953,0.0,1.758,class2_2026_04_27_15_39_46.csv,0,67.96,bend,199.737
131.138,410,0.656553,-17.066,-17.7641,3.1987,-13.1308,-27.6571,14.5263,4.374,-594.6136,-4570.1256,-3975.512,-3064.7419,-2131.6614,-8711.6003,3.2413,12.0325,3.7123,0.0,10.198,class2_2026_04_27_15_39_46.csv,1,131.14,break,199.737
127.947,400,0.640577,-8.524,-10.474,2.0133,-15.6849,-16.6329,0.948,8.8485,1607.1098,-2864.7016,-4471.8114,-2006.2696,9676.1845,-3227.2727,2.9047,4.4546,1.5336,2.871,6.891,class2_2026_04_27_15_39_46.csv,2,127.95,connector,199.737
52.008,162,0.260382,-15.922,-15.748,0.88,-14.6661,-17.0053,2.3392,1.0715,-86.776,-241.7601,-154.9841,-1352.663,175.5486,-1432.6019,0.1713,0.452,2.6382,0.0,2.45,class2_2026_04_27_15_49_13.csv,0,52.01,bend,199.737
131.457,411,0.65815,-18.174,-19.3263,3.6244,-13.2482,-32.3004,19.0522,4.217,-1403.9476,-3518.2281,-2114.2805,-11783.6991,-2605.0157,-11783.6991,3.1482,12.5839,3.9971,0.0,10.338,class2_2026_04_27_15_49_13.csv,1,131.46,break,199.737
127.947,400,0.640577,-8.713,-10.6817,2.0494,-15.8662,-19.1158,3.2496,8.777,1723.7842,-3291.107,-5014.8912,-2012.5392,9857.3557,-3197.4922,2.9068,9.0626,3.1177,2.871,7.027,class2_2026_04_27_15_49_13.csv,2,127.95,connector,199.737
52.646,164,0.263577,-15.166,-15.3972,0.9057,-14.5962,-17.0233,2.4271,0.8845,14.5428,-294.8724,-309.4152,-2196.1236,280.5643,-2196.1236,0.1054,0.4729,4.4873,0.0,2.361,class2_2026_04_27_15_48_35.csv,0,52.65,bend,199.737
127.309,398,0.637383,-9.474,-12.2724,3.4657,-17.2731,-17.6322,0.3591,8.6575,653.4431,-4665.1973,-5318.6403,4581.5047,9271.9271,-2634.7962,1.5339,9.4419,6.1555,2.871,9.241,class2_2026_04_27_15_48_35.csv,1,127.31,connector,199.737
131.457,411,0.65815,-19.069,-22.5912,10.4879,-13.6069,-30.3004,16.6936,4.1195,-1422.2152,-259.8395,1162.3757,-51105.0188,-1798.6485,-51105.0188,3.173,12.4087,3.9106,0.0,35.337,class2_2026_04_27_15_48_35.csv,2,131.46,break,199.737
111.674,349,0.559105,-15.896,-15.7423,0.5254,-14.9087,-16.5588,1.6502,1.0085,-114.8235,-117.2719,-2.4484,-355.7994,-355.7994,-427.9013,0.2488,0.2869,1.1533,0.0,1.516,class2_2026_04_27_15_20_40.csv,0,111.67,bend,199.737
127.947,400,0.640577,-8.047,-9.9727,1.9726,-15.1946,-15.9637,0.7691,8.7925,1689.9928,-2728.1644,-4418.1573,-1990.5956,9400.1553,-3260.1881,2.9041,4.201,1.4466,2.871,6.728,class2_2026_04_27_15_20_40.csv,1,127.95,connector,199.737
130.818,409,0.654951,-15.874,-15.9827,2.5432,-12.6367,-24.1999,11.5632,4.4395,140.1544,-4473.9925,-4614.1469,-2719.0603,-2073.6677,-6169.2806,3.2302,9.392,2.9076,0.0,7.954,class2_2026_04_27_15_20_40.csv,2,130.82,break,199.737
98.912,309,0.495211,-16.064,-15.8164,0.6971,-14.8188,-16.9347,2.1159,1.068,-109.8932,-216.8093,-106.9161,-717.5762,-275.8621,-763.326,0.2559,0.3979,1.5545,0.0,2.046,class2_2026_04_27_15_25_30.csv,0,98.91,bend,199.737
131.457,411,0.65815,-17.908,-20.8567,10.4174,-13.0295,-30.7134,17.6839,3.4795,-1330.4332,-1998.3503,-667.9171,-3112.8527,-1348.5265,-50144.2022,3.096,13.6651,4.4137,0.0,35.585,class2_2026_04_27_15_25_30.csv,1,131.46,break,199.737
127.628,399,0.63898,-8.137,-11.0904,2.9532,-16.2111,-18.7384,2.5273,8.6915,1151.2545,-4594.072,-5745.3265,633.2288,9826.0188,-2791.5361,2.2775,11.6126,5.0989,2.871,9.125,class2_2026_04_27_15_25_30.csv,2,127.63,connector,199.737
75.619,236,0.378593,-15.498,-15.6542,0.8757,-14.7176,-17.0411,2.3235,1.327,-37.3046,-212.752,-175.4475,-2106.3556,498.4326,-2106.3556,0.1707,0.411,2.4074,0.0,2.175,class2_2026_04_27_15_37_57.csv,0,75.62,bend,199.737
131.138,410,0.656553,-17.286,-17.2472,2.017,-13.3868,-26.388,13.0012,3.871,-624.1605,-1789.6058,-1165.4453,-3426.9416,-1915.3605,-3426.9416,3.0579,10.6998,3.4991,0.0,6.105,class2_2026_04_27_15_37_57.csv,1,131.14,break,199.737
127.628,399,0.63898,-8.532,-11.4161,2.8223,-16.5482,-15.9611,-0.5871,8.7065,1188.1763,-2541.3361,-3729.5124,622.2571,9603.4483,-2716.3009,2.2793,4.2249,1.8536,2.871,8.659,class2_2026_04_27_15_37_57.csv,2,127.63,connector,199.737
